pathway	freq	padj	stability	overlap
KEGG_LYSOSOME	1	3.1669758794037326e-05	1.0	0.2605042016806723
KEGG_OXIDATIVE_PHOSPHORYLATION	1	3.1669758794037326e-05	1.0	0.26851851851851855
KEGG_PARKINSONS_DISEASE	1	3.1669758794037326e-05	1.0	0.2761904761904762
KEGG_HUNTINGTONS_DISEASE	1	0.0077164715379205474	1.0	0.19736842105263158
KEGG_OTHER_GLYCAN_DEGRADATION	1	0.0077164715379205474	1.0	0.5
