pathway	freq	padj	stability	overlap
KEGG_RIBOSOME	1	2.2877998459497574e-05	1.0	0.21176470588235294
KEGG_CYTOKINE_CYTOKINE_RECEPTOR_INTERACTION	1	3.339105370191294e-05	1.0	0.1407766990291262
KEGG_PRIMARY_IMMUNODEFICIENCY	1	7.057238400215653e-05	1.0	0.3225806451612903
KEGG_CHEMOKINE_SIGNALING_PATHWAY	1	0.0006911510828110728	1.0	0.13218390804597702
KEGG_HEMATOPOIETIC_CELL_LINEAGE	1	0.0016061249245339498	1.0	0.1780821917808219
KEGG_T_CELL_RECEPTOR_SIGNALING_PATHWAY	1	0.041436599553876546	1.0	0.1262135922330097
KEGG_B_CELL_RECEPTOR_SIGNALING_PATHWAY	1	0.06922202987249727	1.0	0.13513513513513514
