pathway	freq	padj	stability	overlap
KEGG_SPLICEOSOME	1	1.2468676373611952e-23	1.0	0.3492063492063492
KEGG_UBIQUITIN_MEDIATED_PROTEOLYSIS	1	0.0014414624549573998	1.0	0.14615384615384616
KEGG_CELL_CYCLE	1	0.004128016085033862	1.0	0.14049586776859505
KEGG_LYSINE_DEGRADATION	1	0.007595173545399205	1.0	0.20454545454545456
KEGG_BASAL_TRANSCRIPTION_FACTORS	1	0.022879839674131847	1.0	0.21212121212121213
KEGG_DNA_REPLICATION	1	0.027497630362272523	1.0	0.2
KEGG_HOMOLOGOUS_RECOMBINATION	1	0.0288102814257168	1.0	0.2222222222222222
KEGG_BASE_EXCISION_REPAIR	1	0.08493421959135514	1.0	0.17647058823529413
