pathway	freq	mean_padj	mean_NES
GOBP_FLAVONOID_GLUCURONIDATION	1.0	0.0	3.248624341377356
GOBP_XENOBIOTIC_GLUCURONIDATION	1.0	0.0031048690523312206	2.9658383739873857
GOBP_FLAVONE_METABOLIC_PROCESS	1.0	0.011729505308806835	2.7815421990524403
GOBP_PHAGOCYTOSIS_RECOGNITION	1.0	0.025701416044297327	2.6564988621677434
GOBP_POSITIVE_REGULATION_OF_ATP_DEPENDENT_ACTIVITY	1.0	0.14075406370568203	2.416279740472742
GOBP_EPOXYGENASE_P450_PATHWAY	1.0	0.159268282869583	2.3796850905152382
