pathway	freq	mean_padj	mean_NES
KEGG_METABOLISM_OF_XENOBIOTICS_BY_CYTOCHROME_P450	1.0	0.11189442462279156	2.222617435246624
KEGG_RETINOL_METABOLISM	1.0	0.09351760306065426	2.1335855573388627
KEGG_PROTEASOME	1.0	0.08630299903996332	2.072917978962986
KEGG_PENTOSE_AND_GLUCURONATE_INTERCONVERSIONS	1.0	0.22276791471435328	1.8611120347209187
