pathway	freq	mean_padj	mean_NES
KEGG_STEROID_BIOSYNTHESIS	1.0	0.06518774240293228	2.1715779078189144
KEGG_GLYCEROPHOSPHOLIPID_METABOLISM	1.0	0.05506542215402975	2.101933349541576
KEGG_RIG_I_LIKE_RECEPTOR_SIGNALING_PATHWAY	1.0	0.10284277372884969	1.9253837465628068
