pathway	freq	padj	NES	stability	overlap
Amino sugar and nucleotide sugar metabolism  sce00520	1	0.24983211167788302	1.6879431692841007	1.0	30.54
Butanoate metabolism  sce00650	1	0.23069998714046894	1.7387522447525476	1.0	25.44
Purine metabolism  sce00230	1	0.04346521496849414	2.1139307149626188	1.0	31.18
Translation factors  sce03012	1	0.013373912297998199	2.4541832669322705	1.0	37.72
