pathway	freq	padj	stability	overlap
transcription from RNA polymerase II promoter (GO:0006366)	2	0.03654990048091403	0.07407407407407407	0.42857142857142855
purine-containing compound biosynthetic process (GO:0072522)	1	0.069834692399586	0.037037037037037035	0.7142857142857143
