pathway	freq	padj	NES	stability	overlap
Transcription machinery  sce03021	1	0.21960483406867445	1.755788765273717	1.0	39.71
Meiosis - yeast  sce04113	1	0.18846402512237923	1.7490668416201314	1.0	46.57
Purine metabolism  sce00230	1	0.164122660382012	1.7462388061614962	1.0	20.33
mRNA surveillance pathway  sce03015	1	0.16191714446078534	1.9056982382026777	1.0	37.32
Butanoate metabolism  sce00650	1	0.1349937123004455	1.8846313485774653	1.0	21.69
Glycine, serine and threonine metabolism  sce00260	1	0.1090116588869706	2.028329800155409	1.0	43.7
Translation factors  sce03012	1	0.07229788775923439	2.1842294839066962	1.0	33.41
