pathway	freq	padj	stability	overlap
Purine metabolism  sce00230	2	0.01571671249483857	0.07407407407407407	0.3666666666666667
Protein export  sce03060	1	0.01777286512965388	0.037037037037037035	0.8
mRNA surveillance pathway  sce03015	2	0.03721814604286417	0.07407407407407407	0.5
Transcription machinery  sce03021	5	0.04132918083437111	0.18518518518518517	0.31999999999999995
N-Glycan biosynthesis  sce00510	1	0.0726455198094413	0.037037037037037035	0.75
Secretion system  sce02044	1	0.0726455198094413	0.037037037037037035	0.75
Protein processing in endoplasmic reticulum  sce04141	1	0.09161701805141269	0.037037037037037035	0.27586206896551724
