pathway	freq	mean_padj	mean_NES
KEGG_UBIQUITIN_MEDIATED_PROTEOLYSIS	0.7083333333333334	0.13422749587092744	-2.02883591613816
KEGG_LONG_TERM_POTENTIATION	0.08333333333333333	0.07621480910142692	-2.17309859248838
KEGG_O_GLYCAN_BIOSYNTHESIS	0.16666666666666666	0.10301839924964364	-2.109269537205315
KEGG_ALZHEIMERS_DISEASE	0.3333333333333333	0.16983962392921248	-1.9326827921167131
