pathway	freq	mean_padj	mean_NES
GOBP_PROTEIN_MODIFICATION_BY_SMALL_PROTEIN_CONJUGATION_OR_REMOVAL	1.0	0.17537942664418213	-2.461502697821333
GOBP_REGULATION_OF_LEUKOCYTE_CHEMOTAXIS	1.0	0.23891676311888638	2.3451102911470807
GOBP_EMBRYO_DEVELOPMENT	1.0	0.18173567230735246	2.3279223292867917
