pathway	freq	padj	NES	stability	overlap
KEGG_SPLICEOSOME	1	0.030258946755891768	2.222197905849682	1.0	59.41
