pathway	freq	padj	NES	stability	overlap
GOBP_RNA_SPLICING_VIA_TRANSESTERIFICATION_REACTIONS	1	0.22212312862346004	2.2549770730640466	1.0	60.28
GOBP_INTRACELLULAR_TRANSPORT	1	0.06903734554968687	2.4667712696086976	1.0	81.33
GOBP_RNA_SPLICING	1	0.0682782424931227	2.4385523268447016	1.0	60.28
GOBP_MRNA_METABOLIC_PROCESS	1	0.011899453319113932	2.770704639797944	1.0	66.86
GOBP_MRNA_PROCESSING	1	0.010394924738536308	2.7387012121564283	1.0	63.33
GOBP_RNA_PROCESSING	1	0.0	3.220966773831169	1.0	63.38
