pathway	freq	padj	stability	overlap
KEGG_PROTEASOME	1	0.004886965094832649	1.0	0.23809523809523808
KEGG_APOPTOSIS	1	0.010147717624017914	1.0	0.15853658536585366
KEGG_PEROXISOME	1	0.010147717624017914	1.0	0.1643835616438356
KEGG_UBIQUITIN_MEDIATED_PROTEOLYSIS	1	0.010147717624017914	1.0	0.13076923076923078
KEGG_RIG_I_LIKE_RECEPTOR_SIGNALING_PATHWAY	1	0.026433513084209645	1.0	0.17647058823529413
