scenario,num_graphs,frac_changed,replicate,comparison,method,spearman_with_degree,frac_p_below_0.05_unchanged,num_false_q_0.1,seconds,elbow,auroc,precision_at_k,power_q_0.1,fdp_q_0.1
switch,2,0.0,1,1.0,DeDi,0.11765125246033765,,,,,,,,
switch,2,0.0,1,1.0,UASE Borda (default),0.07535487865575269,,,,,,,,
switch,2,0.0,1,1.0,UASE elbow,-0.07755045712945753,,,,,,,,
switch,2,0.0,1,1.0,UASE degree-adjusted z,-0.0009269128626899101,0.029,0.0,,,,,,
switch,2,0.0,1,1.0,OMNI Borda (default),-0.06807408773562072,,,,,,,,
switch,2,0.0,1,1.0,OMNI elbow,-0.08199299241599307,,,,,,,,
switch,2,0.0,1,1.0,OMNI degree-adjusted z,-0.016097344711173252,0.024,0.0,,,,,,
switch,2,0.0,1,1.0,ASE+Procrustes Borda,0.18702000565823576,,,,,,,,
switch,2,0.0,1,1.0,raw rows Borda,0.36023205135210706,,,,,,,,
switch,2,0.0,1,1.0,raw rows degree-adjusted z,0.03080029964952194,0.024,0.0,,,,,,
switch,2,0.0,1,,time UASE,,,,0.31775945900000124,2.0,,,,
switch,2,0.0,1,,time OMNI,,,,0.6293805829999997,2.0,,,,
switch,2,0.0,1,,time ASE+Procrustes,,,,0.1785006199999657,,,,,
switch,2,0.0,0,1.0,DeDi,0.19465495783838666,,,,,,,,
switch,2,0.0,0,1.0,UASE Borda (default),0.15027903742444537,,,,,,,,
switch,2,0.0,0,1.0,UASE elbow,0.017611464009643318,,,,,,,,
switch,2,0.0,0,1.0,UASE degree-adjusted z,-0.0022040995623157644,0.029,0.0,,,,,,
switch,2,0.0,0,1.0,OMNI Borda (default),-0.054334632800067284,,,,,,,,
switch,2,0.0,0,1.0,OMNI elbow,0.0110279329134155,,,,,,,,
switch,2,0.0,0,1.0,OMNI degree-adjusted z,-0.017518623643150804,0.022,0.0,,,,,,
switch,2,0.0,0,1.0,ASE+Procrustes Borda,0.2764972606359902,,,,,,,,
switch,2,0.0,0,1.0,raw rows Borda,0.37676136090687623,,,,,,,,
switch,2,0.0,0,1.0,raw rows degree-adjusted z,0.009028930464960339,0.036,0.0,,,,,,
switch,2,0.0,0,,time UASE,,,,0.3275826739999843,2.0,,,,
switch,2,0.0,0,,time OMNI,,,,0.6749373680000303,2.0,,,,
switch,2,0.0,0,,time ASE+Procrustes,,,,0.20450138199998946,,,,,
switch,2,0.0,2,1.0,DeDi,0.1550622336587437,,,,,,,,
switch,2,0.0,2,1.0,UASE Borda (default),0.07811532095276877,,,,,,,,
switch,2,0.0,2,1.0,UASE elbow,0.006663762134978251,,,,,,,,
switch,2,0.0,2,1.0,UASE degree-adjusted z,0.0016901461670023733,0.016,0.0,,,,,,
switch,2,0.0,2,1.0,OMNI Borda (default),-0.055932918559158426,,,,,,,,
switch,2,0.0,2,1.0,OMNI elbow,-0.003089936273991837,,,,,,,,
switch,2,0.0,2,1.0,OMNI degree-adjusted z,-0.009589568104748314,0.03,0.0,,,,,,
switch,2,0.0,2,1.0,ASE+Procrustes Borda,0.23726943911821674,,,,,,,,
switch,2,0.0,2,1.0,raw rows Borda,0.35461785990040917,,,,,,,,
switch,2,0.0,2,1.0,raw rows degree-adjusted z,0.007616505247545552,0.026,0.0,,,,,,
switch,2,0.0,2,,time UASE,,,,0.30773971799999345,2.0,,,,
switch,2,0.0,2,,time OMNI,,,,0.6247889509999709,2.0,,,,
switch,2,0.0,2,,time ASE+Procrustes,,,,0.18340222000000495,,,,,
switch,2,0.0,3,1.0,DeDi,0.22406797585830016,,,,,,,,
switch,2,0.0,3,1.0,UASE Borda (default),0.170080797828893,,,,,,,,
switch,2,0.0,3,1.0,UASE elbow,0.003475673982766772,,,,,,,,
switch,2,0.0,3,1.0,UASE degree-adjusted z,0.012995906161902097,0.023,0.0,,,,,,
switch,2,0.0,3,1.0,OMNI Borda (default),0.00714351206127987,,,,,,,,
switch,2,0.0,3,1.0,OMNI elbow,-0.0024349411992168413,,,,,,,,
switch,2,0.0,3,1.0,OMNI degree-adjusted z,-0.01499192707374304,0.026,0.0,,,,,,
switch,2,0.0,3,1.0,ASE+Procrustes Borda,0.30299977236160863,,,,,,,,
switch,2,0.0,3,1.0,raw rows Borda,0.3638120774300192,,,,,,,,
switch,2,0.0,3,1.0,raw rows degree-adjusted z,0.0274487073444996,0.024,0.0,,,,,,
switch,2,0.0,3,,time UASE,,,,0.3573879310000052,2.0,,,,
switch,2,0.0,3,,time OMNI,,,,0.6841101369999478,2.0,,,,
switch,2,0.0,3,,time ASE+Procrustes,,,,0.17047315700000354,,,,,
switch,2,0.0,5,1.0,DeDi,0.11298710736678103,,,,,,,,
switch,2,0.0,5,1.0,UASE Borda (default),0.12462721993346668,,,,,,,,
switch,2,0.0,5,1.0,UASE elbow,0.009778306232179748,,,,,,,,
switch,2,0.0,5,1.0,UASE degree-adjusted z,7.2193318022723e-05,0.014,0.0,,,,,,
switch,2,0.0,5,1.0,OMNI Borda (default),-0.007243353041165642,,,,,,,,
switch,2,0.0,5,1.0,OMNI elbow,0.0018415131988806673,,,,,,,,
switch,2,0.0,5,1.0,OMNI degree-adjusted z,-0.015377860808182084,0.021,0.0,,,,,,
switch,2,0.0,5,1.0,ASE+Procrustes Borda,0.26353478119875884,,,,,,,,
switch,2,0.0,5,1.0,raw rows Borda,0.3589172085247095,,,,,,,,
switch,2,0.0,5,1.0,raw rows degree-adjusted z,0.05214523852267918,0.035,0.0,,,,,,
switch,2,0.0,5,,time UASE,,,,0.26479081000002225,2.0,,,,
switch,2,0.0,5,,time OMNI,,,,0.4277359629999751,2.0,,,,
switch,2,0.0,5,,time ASE+Procrustes,,,,0.20204371400001264,,,,,
switch,2,0.0,6,1.0,DeDi,0.1557743350227259,,,,,,,,
switch,2,0.0,6,1.0,UASE Borda (default),0.09186373324605487,,,,,,,,
switch,2,0.0,6,1.0,UASE elbow,0.010297112472054844,,,,,,,,
switch,2,0.0,6,1.0,UASE degree-adjusted z,-0.004739414892587477,0.026,0.0,,,,,,
switch,2,0.0,6,1.0,OMNI Borda (default),-0.06805902551217831,,,,,,,,
switch,2,0.0,6,1.0,OMNI elbow,-0.0010113612032589226,,,,,,,,
switch,2,0.0,6,1.0,OMNI degree-adjusted z,-0.012593027259026545,0.019,0.0,,,,,,
switch,2,0.0,6,1.0,ASE+Procrustes Borda,0.18995673079511277,,,,,,,,
switch,2,0.0,6,1.0,raw rows Borda,0.3476919639232047,,,,,,,,
switch,2,0.0,6,1.0,raw rows degree-adjusted z,0.0003985952957824483,0.044,0.0,,,,,,
switch,2,0.0,6,,time UASE,,,,0.24892806700000847,2.0,,,,
switch,2,0.0,6,,time OMNI,,,,0.4610916329999668,2.0,,,,
switch,2,0.0,6,,time ASE+Procrustes,,,,0.19706788199999892,,,,,
switch,2,0.0,4,1.0,DeDi,0.11026565175446658,,,,,,,,
switch,2,0.0,4,1.0,UASE Borda (default),0.13178482921204238,,,,,,,,
switch,2,0.0,4,1.0,UASE elbow,-0.04715769020813001,,,,,,,,
switch,2,0.0,4,1.0,UASE degree-adjusted z,0.004575479337604017,0.014,0.0,,,,,,
switch,2,0.0,4,1.0,OMNI Borda (default),-0.026733795665764126,,,,,,,,
switch,2,0.0,4,1.0,OMNI elbow,-0.05603036718651962,,,,,,,,
switch,2,0.0,4,1.0,OMNI degree-adjusted z,-0.003813624515405778,0.025,0.0,,,,,,
switch,2,0.0,4,1.0,ASE+Procrustes Borda,0.25171780717277414,,,,,,,,
switch,2,0.0,4,1.0,raw rows Borda,0.38420868114979717,,,,,,,,
switch,2,0.0,4,1.0,raw rows degree-adjusted z,0.042237196479624525,0.019,0.0,,,,,,
switch,2,0.0,4,,time UASE,,,,0.27167845499997156,2.0,,,,
switch,2,0.0,4,,time OMNI,,,,0.4858300980000081,2.0,,,,
switch,2,0.0,4,,time ASE+Procrustes,,,,0.19708081300001368,,,,,
switch,2,0.0,7,1.0,DeDi,0.15302748769482216,,,,,,,,
switch,2,0.0,7,1.0,UASE Borda (default),0.09498671729774719,,,,,,,,
switch,2,0.0,7,1.0,UASE elbow,0.005081879232092487,,,,,,,,
switch,2,0.0,7,1.0,UASE degree-adjusted z,-0.009258898263091623,0.026,0.0,,,,,,
switch,2,0.0,7,1.0,OMNI Borda (default),-0.04987370181048918,,,,,,,,
switch,2,0.0,7,1.0,OMNI elbow,0.006288655122113256,,,,,,,,
switch,2,0.0,7,1.0,OMNI degree-adjusted z,-0.012986124880396672,0.037,0.0,,,,,,
switch,2,0.0,7,1.0,ASE+Procrustes Borda,0.20510078655170327,,,,,,,,
switch,2,0.0,7,1.0,raw rows Borda,0.3532866165547177,,,,,,,,
switch,2,0.0,7,1.0,raw rows degree-adjusted z,0.007945109453699771,0.04,0.0,,,,,,
switch,2,0.0,7,,time UASE,,,,0.25737616999998636,2.0,,,,
switch,2,0.0,7,,time OMNI,,,,0.5337109110000142,2.0,,,,
switch,2,0.0,7,,time ASE+Procrustes,,,,0.1717925590000391,,,,,
switch,2,0.05,0,1.0,DeDi,0.22485671116563,,,,,0.45373684210526316,0.02,,
switch,2,0.05,0,1.0,UASE Borda (default),0.11653051245906275,,,,,0.8343052631578948,0.32,,
switch,2,0.05,0,1.0,UASE elbow,-0.008413248432517754,,,,,0.766621052631579,0.36,,
switch,2,0.05,0,1.0,UASE degree-adjusted z,-0.01786739402551611,0.02631578947368421,0.0,,,0.8451157894736843,0.32,0.04,0.0
switch,2,0.05,0,1.0,OMNI Borda (default),-0.006751282369846843,,,,,0.8804421052631579,0.42,,
switch,2,0.05,0,1.0,OMNI elbow,-0.013145082733449269,,,,,0.7706736842105263,0.36,,
switch,2,0.05,0,1.0,OMNI degree-adjusted z,-0.014309970420474985,0.03368421052631579,0.0,,,0.8803368421052632,0.44,0.06,0.0
switch,2,0.05,0,1.0,ASE+Procrustes Borda,0.2976148513661036,,,,,0.8886315789473684,0.5,,
switch,2,0.05,0,1.0,raw rows Borda,0.3374300672695149,,,,,0.6371473684210527,0.2,,
switch,2,0.05,0,1.0,raw rows degree-adjusted z,-0.01357834761250364,0.042105263157894736,0.0,,,0.6649263157894737,0.16,0.0,0.0
switch,2,0.05,0,,time UASE,,,,0.23569746699996585,2.0,,,,
switch,2,0.05,0,,time OMNI,,,,0.4040171629999918,2.0,,,,
switch,2,0.05,0,,time ASE+Procrustes,,,,0.1914125669999862,,,,,
switch,2,0.0,8,1.0,DeDi,0.2296064766646361,,,,,,,,
switch,2,0.0,8,1.0,UASE Borda (default),-0.02583431679903794,,,,,,,,
switch,2,0.0,8,1.0,UASE elbow,-0.04994308828939828,,,,,,,,
switch,2,0.0,8,1.0,UASE degree-adjusted z,-0.019649426166297626,0.008,0.0,,,,,,
switch,2,0.0,8,1.0,OMNI Borda (default),-0.1571162977037895,,,,,,,,
switch,2,0.0,8,1.0,OMNI elbow,-0.057444209384381446,,,,,,,,
switch,2,0.0,8,1.0,OMNI degree-adjusted z,-0.01714535945052954,0.021,0.0,,,,,,
switch,2,0.0,8,1.0,ASE+Procrustes Borda,0.15551563113112685,,,,,,,,
switch,2,0.0,8,1.0,raw rows Borda,0.3391248197725935,,,,,,,,
switch,2,0.0,8,1.0,raw rows degree-adjusted z,0.03211388904405498,0.039,0.0,,,,,,
switch,2,0.0,8,,time UASE,,,,0.2507712670000046,2.0,,,,
switch,2,0.0,8,,time OMNI,,,,0.39202009799998905,2.0,,,,
switch,2,0.0,8,,time ASE+Procrustes,,,,0.19774893300001395,,,,,
switch,2,0.0,9,1.0,DeDi,0.19679285539594651,,,,,,,,
switch,2,0.0,9,1.0,UASE Borda (default),0.08170585164291923,,,,,,,,
switch,2,0.0,9,1.0,UASE elbow,-0.011540728528297663,,,,,,,,
switch,2,0.0,9,1.0,UASE degree-adjusted z,-0.0005686985760171977,0.027,0.0,,,,,,
switch,2,0.0,9,1.0,OMNI Borda (default),-0.07446156374061907,,,,,,,,
switch,2,0.0,9,1.0,OMNI elbow,-0.012816306930746217,,,,,,,,
switch,2,0.0,9,1.0,OMNI degree-adjusted z,-0.01322784342995985,0.03,0.0,,,,,,
switch,2,0.0,9,1.0,ASE+Procrustes Borda,0.2101900573824317,,,,,,,,
switch,2,0.0,9,1.0,raw rows Borda,0.3424836441809162,,,,,,,,
switch,2,0.0,9,1.0,raw rows degree-adjusted z,0.02537725171228025,0.035,0.0,,,,,,
switch,2,0.0,9,,time UASE,,,,0.24981745299999147,2.0,,,,
switch,2,0.0,9,,time OMNI,,,,0.4136615900000038,2.0,,,,
switch,2,0.0,9,,time ASE+Procrustes,,,,0.18522125800001277,,,,,
switch,2,0.05,1,1.0,DeDi,0.20096189233361908,,,,,0.5348631578947368,0.06,,
switch,2,0.05,1,1.0,UASE Borda (default),0.2284723491511774,,,,,0.8716631578947368,0.42,,
switch,2,0.05,1,1.0,UASE elbow,-0.0033825567069822034,,,,,0.7537473684210526,0.42,,
switch,2,0.05,1,1.0,UASE degree-adjusted z,-0.004620975320270921,0.011578947368421053,0.0,,,0.8867368421052632,0.4,0.0,0.0
switch,2,0.05,1,1.0,OMNI Borda (default),0.04186837403966838,,,,,0.9157368421052632,0.44,,
switch,2,0.05,1,1.0,OMNI elbow,0.011531040059727458,,,,,0.7938842105263157,0.4,,
switch,2,0.05,1,1.0,OMNI degree-adjusted z,-0.018967078228019615,0.021052631578947368,0.0,,,0.9326736842105263,0.52,0.0,0.0
switch,2,0.05,1,1.0,ASE+Procrustes Borda,0.3545171775428034,,,,,0.9057684210526316,0.48,,
switch,2,0.05,1,1.0,raw rows Borda,0.37093709242710415,,,,,0.6230210526315789,0.1,,
switch,2,0.05,1,1.0,raw rows degree-adjusted z,0.05176736422947883,0.021052631578947368,0.0,,,0.6672,0.16,0.0,0.0
switch,2,0.05,1,,time UASE,,,,0.26836665299998685,2.0,,,,
switch,2,0.05,1,,time OMNI,,,,0.4814212299999667,2.0,,,,
switch,2,0.05,1,,time ASE+Procrustes,,,,0.195134338999992,,,,,
switch,2,0.05,2,1.0,DeDi,0.12913270403579188,,,,,0.49666315789473686,0.06,,
switch,2,0.05,2,1.0,UASE Borda (default),0.04061164402009158,,,,,0.7910421052631579,0.3,,
switch,2,0.05,2,1.0,UASE elbow,-0.04589907703196532,,,,,0.7536,0.42,,
switch,2,0.05,2,1.0,UASE degree-adjusted z,-0.018913189938379447,0.015789473684210527,0.0,,,0.8026736842105263,0.32,0.02,0.0
switch,2,0.05,2,1.0,OMNI Borda (default),-0.09951894376998144,,,,,0.8276631578947369,0.3,,
switch,2,0.05,2,1.0,OMNI elbow,-0.05079307766045509,,,,,0.7669894736842106,0.46,,
switch,2,0.05,2,1.0,OMNI degree-adjusted z,-0.02765891751928775,0.024210526315789474,0.0,,,0.8328210526315789,0.36,0.0,0.0
switch,2,0.05,2,1.0,ASE+Procrustes Borda,0.15375430148822697,,,,,0.8062842105263158,0.32,,
switch,2,0.05,2,1.0,raw rows Borda,0.355674727366073,,,,,0.5923578947368421,0.16,,
switch,2,0.05,2,1.0,raw rows degree-adjusted z,0.020968300200619665,0.031578947368421054,0.0,,,0.590978947368421,0.12,0.0,0.0
switch,2,0.05,2,,time UASE,,,,0.27192876899999874,2.0,,,,
switch,2,0.05,2,,time OMNI,,,,0.6045335000000023,2.0,,,,
switch,2,0.05,2,,time ASE+Procrustes,,,,0.19774961199999552,,,,,
switch,2,0.05,3,1.0,DeDi,0.12579989978267933,,,,,0.4725157894736842,0.06,,
switch,2,0.05,3,1.0,UASE Borda (default),0.13690601235291314,,,,,0.8508210526315789,0.38,,
switch,2,0.05,3,1.0,UASE elbow,0.002118758086399379,,,,,0.7858,0.32,,
switch,2,0.05,3,1.0,UASE degree-adjusted z,-0.006672806331332772,0.022105263157894735,0.0,,,0.8561684210526316,0.4,0.0,0.0
switch,2,0.05,3,1.0,OMNI Borda (default),-0.025265743084382942,,,,,0.8846526315789474,0.36,,
switch,2,0.05,3,1.0,OMNI elbow,-0.0015898385922139381,,,,,0.7905684210526316,0.34,,
switch,2,0.05,3,1.0,OMNI degree-adjusted z,-0.019266025717404135,0.030526315789473683,0.0,,,0.8930526315789473,0.38,0.0,0.0
switch,2,0.05,3,1.0,ASE+Procrustes Borda,0.26360795233784146,,,,,0.8857052631578948,0.38,,
switch,2,0.05,3,1.0,raw rows Borda,0.40675353012241944,,,,,0.574178947368421,0.06,,
switch,2,0.05,3,1.0,raw rows degree-adjusted z,0.0402836253038594,0.02631578947368421,0.0,,,0.599,0.14,0.0,0.0
switch,2,0.05,3,,time UASE,,,,0.25797797199999195,2.0,,,,
switch,2,0.05,3,,time OMNI,,,,0.6524437539999894,2.0,,,,
switch,2,0.05,3,,time ASE+Procrustes,,,,0.18287570699999378,,,,,
switch,2,0.05,4,1.0,DeDi,0.18216783754061305,,,,,0.542821052631579,0.1,,
switch,2,0.05,4,1.0,UASE Borda (default),0.1724716719372839,,,,,0.7833684210526316,0.16,,
switch,2,0.05,4,1.0,UASE elbow,-0.020731372914098434,,,,,0.7823684210526316,0.46,,
switch,2,0.05,4,1.0,UASE degree-adjusted z,-0.011711977079620009,0.008421052631578947,0.0,,,0.7992210526315789,0.26,0.0,0.0
switch,2,0.05,4,1.0,OMNI Borda (default),0.01273750346428175,,,,,0.8542842105263158,0.26,,
switch,2,0.05,4,1.0,OMNI elbow,-0.03431204637470075,,,,,0.7868736842105263,0.44,,
switch,2,0.05,4,1.0,OMNI degree-adjusted z,-0.01097432826824424,0.022105263157894735,0.0,,,0.8715157894736842,0.4,0.0,0.0
switch,2,0.05,4,1.0,ASE+Procrustes Borda,0.27924633642500785,,,,,0.8964421052631579,0.4,,
switch,2,0.05,4,1.0,raw rows Borda,0.37481542923390804,,,,,0.5661052631578948,0.08,,
switch,2,0.05,4,1.0,raw rows degree-adjusted z,0.031370698361618626,0.022105263157894735,0.0,,,0.5941263157894737,0.1,0.0,0.0
switch,2,0.05,4,,time UASE,,,,0.28600178399995,2.0,,,,
switch,2,0.05,4,,time OMNI,,,,0.6404041389999975,2.0,,,,
switch,2,0.05,4,,time ASE+Procrustes,,,,0.19095269500002132,,,,,
switch,2,0.05,5,1.0,DeDi,0.15474627469928656,,,,,0.4792105263157895,0.06,,
switch,2,0.05,5,1.0,UASE Borda (default),0.21476525984138553,,,,,0.8103684210526316,0.4,,
switch,2,0.05,5,1.0,UASE elbow,-0.0009540813814264198,,,,,0.7867052631578947,0.4,,
switch,2,0.05,5,1.0,UASE degree-adjusted z,-0.021601966955992563,0.017894736842105262,0.0,,,0.8116,0.44,0.0,0.0
switch,2,0.05,5,1.0,OMNI Borda (default),0.04574991100691961,,,,,0.8697263157894737,0.44,,
switch,2,0.05,5,1.0,OMNI elbow,-0.00802066705553288,,,,,0.7916421052631579,0.38,,
switch,2,0.05,5,1.0,OMNI degree-adjusted z,-0.043099659115181536,0.024210526315789474,0.0,,,0.8814526315789474,0.5,0.0,0.0
switch,2,0.05,5,1.0,ASE+Procrustes Borda,0.32705643205754686,,,,,0.8752631578947369,0.42,,
switch,2,0.05,5,1.0,raw rows Borda,0.367836767097407,,,,,0.6482105263157895,0.12,,
switch,2,0.05,5,1.0,raw rows degree-adjusted z,0.021215816473259694,0.024210526315789474,0.0,,,0.6441789473684211,0.16,0.0,0.0
switch,2,0.05,5,,time UASE,,,,0.2991649070000335,2.0,,,,
switch,2,0.05,5,,time OMNI,,,,0.564009642999963,2.0,,,,
switch,2,0.05,5,,time ASE+Procrustes,,,,0.20842146699999375,,,,,
switch,2,0.05,8,1.0,DeDi,0.15700187283145614,,,,,0.5259368421052631,0.08,,
switch,2,0.05,8,1.0,UASE Borda (default),0.043385208189200476,,,,,0.7835263157894737,0.34,,
switch,2,0.05,8,1.0,UASE elbow,0.0222169656375808,,,,,0.7320842105263158,0.32,,
switch,2,0.05,8,1.0,UASE degree-adjusted z,-0.02182248951090464,0.01368421052631579,0.0,,,0.7943157894736842,0.4,0.0,0.0
switch,2,0.05,8,1.0,OMNI Borda (default),-0.08930329039725786,,,,,0.8149263157894737,0.34,,
switch,2,0.05,8,1.0,OMNI elbow,0.01827161309464086,,,,,0.7359368421052631,0.36,,
switch,2,0.05,8,1.0,OMNI degree-adjusted z,-0.026690853536207537,0.028421052631578948,0.0,,,0.8254315789473684,0.38,0.0,0.0
switch,2,0.05,8,1.0,ASE+Procrustes Borda,0.183031189009225,,,,,0.8436947368421053,0.36,,
switch,2,0.05,8,1.0,raw rows Borda,0.3681158192499981,,,,,0.5688,0.1,,
switch,2,0.05,8,1.0,raw rows degree-adjusted z,0.02144468538521247,0.034736842105263156,0.0,,,0.6239157894736842,0.12,0.0,0.0
switch,2,0.05,8,,time UASE,,,,0.22128096000000141,2.0,,,,
switch,2,0.05,8,,time OMNI,,,,0.368498819000024,2.0,,,,
switch,2,0.05,8,,time ASE+Procrustes,,,,0.17032265799997504,,,,,
switch,2,0.05,6,1.0,DeDi,0.1878365099178274,,,,,0.5273894736842105,0.06,,
switch,2,0.05,6,1.0,UASE Borda (default),0.1429418165890936,,,,,0.8080631578947368,0.42,,
switch,2,0.05,6,1.0,UASE elbow,0.032939439761795905,,,,,0.7275684210526315,0.42,,
switch,2,0.05,6,1.0,UASE degree-adjusted z,-0.01926299337090642,0.014736842105263158,0.0,,,0.8267789473684211,0.44,0.0,0.0
switch,2,0.05,6,1.0,OMNI Borda (default),-0.03158326438706848,,,,,0.8291368421052632,0.42,,
switch,2,0.05,6,1.0,OMNI elbow,0.03007050476228782,,,,,0.7394736842105263,0.42,,
switch,2,0.05,6,1.0,OMNI degree-adjusted z,-0.033328910009049834,0.023157894736842106,0.0,,,0.8372631578947368,0.5,0.02,0.0
switch,2,0.05,6,1.0,ASE+Procrustes Borda,0.2589483130957455,,,,,0.8680842105263158,0.42,,
switch,2,0.05,6,1.0,raw rows Borda,0.38947902984348204,,,,,0.5900315789473685,0.1,,
switch,2,0.05,6,1.0,raw rows degree-adjusted z,0.0321646074338398,0.029473684210526315,0.0,,,0.6088947368421053,0.18,0.0,0.0
switch,2,0.05,6,,time UASE,,,,0.25924881600002436,2.0,,,,
switch,2,0.05,6,,time OMNI,,,,0.40314451299997245,2.0,,,,
switch,2,0.05,6,,time ASE+Procrustes,,,,0.17774778599999763,,,,,
switch,2,0.05,7,1.0,DeDi,0.16856577025436303,,,,,0.529778947368421,0.06,,
switch,2,0.05,7,1.0,UASE Borda (default),0.012299675074492155,,,,,0.8156210526315789,0.4,,
switch,2,0.05,7,1.0,UASE elbow,-0.014811828076220952,,,,,0.8170105263157895,0.48,,
switch,2,0.05,7,1.0,UASE degree-adjusted z,-0.05331693295035538,0.016842105263157894,0.0,,,0.8246947368421053,0.38,0.0,0.0
switch,2,0.05,7,1.0,OMNI Borda (default),-0.10191897701271597,,,,,0.8487578947368422,0.4,,
switch,2,0.05,7,1.0,OMNI elbow,-0.014865172617129632,,,,,0.8156947368421053,0.5,,
switch,2,0.05,7,1.0,OMNI degree-adjusted z,-0.05330698763251084,0.017894736842105262,0.0,,,0.8622526315789474,0.5,0.0,0.0
switch,2,0.05,7,1.0,ASE+Procrustes Borda,0.170119945818965,,,,,0.8883368421052632,0.46,,
switch,2,0.05,7,1.0,raw rows Borda,0.34244900911497894,,,,,0.6432631578947369,0.08,,
switch,2,0.05,7,1.0,raw rows degree-adjusted z,0.015915558010729237,0.05157894736842105,0.0,,,0.6838526315789474,0.14,0.0,0.0
switch,2,0.05,7,,time UASE,,,,0.23130795400004445,2.0,,,,
switch,2,0.05,7,,time OMNI,,,,0.4176486430000068,2.0,,,,
switch,2,0.05,7,,time ASE+Procrustes,,,,0.16575192800002014,,,,,
switch,2,0.05,9,1.0,DeDi,0.11386351392969137,,,,,0.5858631578947369,0.12,,
switch,2,0.05,9,1.0,UASE Borda (default),0.11245130783734981,,,,,0.848,0.34,,
switch,2,0.05,9,1.0,UASE elbow,0.026126008093023387,,,,,0.7668421052631579,0.4,,
switch,2,0.05,9,1.0,UASE degree-adjusted z,-0.0236664889618272,0.011578947368421053,0.0,,,0.8590947368421052,0.38,0.02,0.0
switch,2,0.05,9,1.0,OMNI Borda (default),-0.018910961388726714,,,,,0.8902736842105263,0.36,,
switch,2,0.05,9,1.0,OMNI elbow,0.016691343540827075,,,,,0.7772947368421053,0.42,,
switch,2,0.05,9,1.0,OMNI degree-adjusted z,-0.015953396410633664,0.018947368421052633,0.0,,,0.9024421052631579,0.4,0.0,0.0
switch,2,0.05,9,1.0,ASE+Procrustes Borda,0.23712801429828986,,,,,0.8874,0.48,,
switch,2,0.05,9,1.0,raw rows Borda,0.3668773519271243,,,,,0.6479684210526315,0.2,,
switch,2,0.05,9,1.0,raw rows degree-adjusted z,-0.0009668683581155863,0.029473684210526315,0.0,,,0.6852947368421053,0.2,0.0,0.0
switch,2,0.05,9,,time UASE,,,,0.23315630499996587,2.0,,,,
switch,2,0.05,9,,time OMNI,,,,0.4218932189999691,2.0,,,,
switch,2,0.05,9,,time ASE+Procrustes,,,,0.1649604609999642,,,,,
switch,4,0.0,1,1.0,DeDi,0.14688123355420238,,,,,,,,
switch,4,0.0,1,1.0,UASE Borda (default),-0.057143381562168215,,,,,,,,
switch,4,0.0,1,1.0,UASE elbow,0.009367694274515953,,,,,,,,
switch,4,0.0,1,1.0,UASE degree-adjusted z,-0.010943197278720746,0.02,0.0,,,,,,
switch,4,0.0,1,1.0,OMNI Borda (default),-0.1432802006405603,,,,,,,,
switch,4,0.0,1,1.0,OMNI elbow,0.028609248943316692,,,,,,,,
switch,4,0.0,1,1.0,OMNI degree-adjusted z,-0.010718218899276375,0.036,0.0,,,,,,
switch,4,0.0,1,1.0,ASE+Procrustes Borda,0.19372087070378818,,,,,,,,
switch,4,0.0,1,1.0,raw rows Borda,0.3669408391853278,,,,,,,,
switch,4,0.0,1,1.0,raw rows degree-adjusted z,0.02918824147179739,0.048,0.0,,,,,,
switch,4,0.0,1,2.0,DeDi,0.20991758074800718,,,,,,,,
switch,4,0.0,1,2.0,UASE Borda (default),-0.003160622953741198,,,,,,,,
switch,4,0.0,1,2.0,UASE elbow,0.04239774692692897,,,,,,,,
switch,4,0.0,1,2.0,UASE degree-adjusted z,-7.528399407096178e-05,0.011,0.0,,,,,,
switch,4,0.0,1,2.0,OMNI Borda (default),-0.10265824044226142,,,,,,,,
switch,4,0.0,1,2.0,OMNI elbow,0.051617937542326686,,,,,,,,
switch,4,0.0,1,2.0,OMNI degree-adjusted z,-0.00984525742389727,0.021,0.0,,,,,,
switch,4,0.0,1,2.0,ASE+Procrustes Borda,0.21857340018143603,,,,,,,,
switch,4,0.0,1,2.0,raw rows Borda,0.3531185052607084,,,,,,,,
switch,4,0.0,1,2.0,raw rows degree-adjusted z,0.031177672013005243,0.026,0.0,,,,,,
switch,4,0.0,1,3.0,DeDi,0.14270785656562043,,,,,,,,
switch,4,0.0,1,3.0,UASE Borda (default),0.0036405806257474565,,,,,,,,
switch,4,0.0,1,3.0,UASE elbow,0.00034983882962403754,,,,,,,,
switch,4,0.0,1,3.0,UASE degree-adjusted z,-0.00021934437977413193,0.024,0.0,,,,,,
switch,4,0.0,1,3.0,OMNI Borda (default),-0.08072810265025081,,,,,,,,
switch,4,0.0,1,3.0,OMNI elbow,0.0054324746809719235,,,,,,,,
switch,4,0.0,1,3.0,OMNI degree-adjusted z,-0.008378152432774977,0.032,0.0,,,,,,
switch,4,0.0,1,3.0,ASE+Procrustes Borda,0.21031118940659385,,,,,,,,
switch,4,0.0,1,3.0,raw rows Borda,0.34710112612433464,,,,,,,,
switch,4,0.0,1,3.0,raw rows degree-adjusted z,0.05085458259016857,0.04,0.0,,,,,,
switch,4,0.0,1,,time UASE,,,,0.5274149279999847,2.0,,,,
switch,4,0.0,1,,time OMNI,,,,3.664840480999999,2.0,,,,
switch,4,0.0,1,,time ASE+Procrustes,,,,0.35088680600000544,,,,,
switch,4,0.0,0,1.0,DeDi,0.1479988044763485,,,,,,,,
switch,4,0.0,0,1.0,UASE Borda (default),-0.057064923125814564,,,,,,,,
switch,4,0.0,0,1.0,UASE elbow,-0.23105179368097278,,,,,,,,
switch,4,0.0,0,1.0,UASE degree-adjusted z,-0.011411139387430162,0.012,0.0,,,,,,
switch,4,0.0,0,1.0,OMNI Borda (default),-0.14602621613045938,,,,,,,,
switch,4,0.0,0,1.0,OMNI elbow,-0.2363655178382858,,,,,,,,
switch,4,0.0,0,1.0,OMNI degree-adjusted z,-0.019817540524542595,0.016,0.0,,,,,,
switch,4,0.0,0,1.0,ASE+Procrustes Borda,0.16577987392032362,,,,,,,,
switch,4,0.0,0,1.0,raw rows Borda,0.3512279339007232,,,,,,,,
switch,4,0.0,0,1.0,raw rows degree-adjusted z,0.027167992094959757,0.034,0.0,,,,,,
switch,4,0.0,0,2.0,DeDi,0.21845022244866102,,,,,,,,
switch,4,0.0,0,2.0,UASE Borda (default),0.036228066635221184,,,,,,,,
switch,4,0.0,0,2.0,UASE elbow,-0.17842687422313067,,,,,,,,
switch,4,0.0,0,2.0,UASE degree-adjusted z,-0.007371243858051589,0.009,0.0,,,,,,
switch,4,0.0,0,2.0,OMNI Borda (default),-0.08859843966756031,,,,,,,,
switch,4,0.0,0,2.0,OMNI elbow,-0.19120327614001567,,,,,,,,
switch,4,0.0,0,2.0,OMNI degree-adjusted z,-0.018738284366737402,0.012,0.0,,,,,,
switch,4,0.0,0,2.0,ASE+Procrustes Borda,0.22449543776700606,,,,,,,,
switch,4,0.0,0,2.0,raw rows Borda,0.3927930346894243,,,,,,,,
switch,4,0.0,0,2.0,raw rows degree-adjusted z,0.02335681436674753,0.049,0.0,,,,,,
switch,4,0.0,0,3.0,DeDi,0.16895186932345901,,,,,,,,
switch,4,0.0,0,3.0,UASE Borda (default),0.0077648939705778006,,,,,,,,
switch,4,0.0,0,3.0,UASE elbow,-0.1821784786303511,,,,,,,,
switch,4,0.0,0,3.0,UASE degree-adjusted z,-0.01161112133959414,0.017,0.0,,,,,,
switch,4,0.0,0,3.0,OMNI Borda (default),-0.080391999014832,,,,,,,,
switch,4,0.0,0,3.0,OMNI elbow,-0.20652903070915024,,,,,,,,
switch,4,0.0,0,3.0,OMNI degree-adjusted z,-0.015060871498716091,0.012,0.0,,,,,,
switch,4,0.0,0,3.0,ASE+Procrustes Borda,0.25627260386817596,,,,,,,,
switch,4,0.0,0,3.0,raw rows Borda,0.39379580646574175,,,,,,,,
switch,4,0.0,0,3.0,raw rows degree-adjusted z,0.02269537269991571,0.035,0.0,,,,,,
switch,4,0.0,0,,time UASE,,,,0.46911776000001737,2.0,,,,
switch,4,0.0,0,,time OMNI,,,,3.791157664000025,2.0,,,,
switch,4,0.0,0,,time ASE+Procrustes,,,,0.3565596560000017,,,,,
switch,4,0.0,3,1.0,DeDi,0.12537627811478555,,,,,,,,
switch,4,0.0,3,1.0,UASE Borda (default),0.00532527669939511,,,,,,,,
switch,4,0.0,3,1.0,UASE elbow,-0.08703797791506897,,,,,,,,
switch,4,0.0,3,1.0,UASE degree-adjusted z,-0.0021486679698939433,0.019,0.0,,,,,,
switch,4,0.0,3,1.0,OMNI Borda (default),-0.049708318181444264,,,,,,,,
switch,4,0.0,3,1.0,OMNI elbow,-0.08235512581454238,,,,,,,,
switch,4,0.0,3,1.0,OMNI degree-adjusted z,-0.012800552797164032,0.033,0.0,,,,,,
switch,4,0.0,3,1.0,ASE+Procrustes Borda,0.23200624179230178,,,,,,,,
switch,4,0.0,3,1.0,raw rows Borda,0.3614280788277077,,,,,,,,
switch,4,0.0,3,1.0,raw rows degree-adjusted z,0.018351451045781328,0.041,0.0,,,,,,
switch,4,0.0,3,2.0,DeDi,0.19035465739750662,,,,,,,,
switch,4,0.0,3,2.0,UASE Borda (default),-0.00578108479245342,,,,,,,,
switch,4,0.0,3,2.0,UASE elbow,-0.0017141686298664436,,,,,,,,
switch,4,0.0,3,2.0,UASE degree-adjusted z,-0.0021658592867884623,0.01,0.0,,,,,,
switch,4,0.0,3,2.0,OMNI Borda (default),-0.05394608372378442,,,,,,,,
switch,4,0.0,3,2.0,OMNI elbow,0.0012566919759052241,,,,,,,,
switch,4,0.0,3,2.0,OMNI degree-adjusted z,-0.0028162717336667094,0.02,0.0,,,,,,
switch,4,0.0,3,2.0,ASE+Procrustes Borda,0.2294456909062006,,,,,,,,
switch,4,0.0,3,2.0,raw rows Borda,0.3450234193413428,,,,,,,,
switch,4,0.0,3,2.0,raw rows degree-adjusted z,0.04088098740735641,0.014,0.0,,,,,,
switch,4,0.0,3,3.0,DeDi,0.20551373001177417,,,,,,,,
switch,4,0.0,3,3.0,UASE Borda (default),0.03419759309767759,,,,,,,,
switch,4,0.0,3,3.0,UASE elbow,0.0036733755972583357,,,,,,,,
switch,4,0.0,3,3.0,UASE degree-adjusted z,-0.005002296478244084,0.006,0.0,,,,,,
switch,4,0.0,3,3.0,OMNI Borda (default),-0.059548405340609845,,,,,,,,
switch,4,0.0,3,3.0,OMNI elbow,0.009588518367448694,,,,,,,,
switch,4,0.0,3,3.0,OMNI degree-adjusted z,-0.005692535744224748,0.02,0.0,,,,,,
switch,4,0.0,3,3.0,ASE+Procrustes Borda,0.2679196617698716,,,,,,,,
switch,4,0.0,3,3.0,raw rows Borda,0.36406527589653187,,,,,,,,
switch,4,0.0,3,3.0,raw rows degree-adjusted z,0.038696167079677164,0.022,0.0,,,,,,
switch,4,0.0,3,,time UASE,,,,0.45878263299999844,2.0,,,,
switch,4,0.0,3,,time OMNI,,,,3.6100941789999865,2.0,,,,
switch,4,0.0,3,,time ASE+Procrustes,,,,0.36238458299999365,,,,,
switch,4,0.0,2,1.0,DeDi,0.1497206759125233,,,,,,,,
switch,4,0.0,2,1.0,UASE Borda (default),0.03790430988385868,,,,,,,,
switch,4,0.0,2,1.0,UASE elbow,0.0002638819207429502,,,,,,,,
switch,4,0.0,2,1.0,UASE degree-adjusted z,-0.004984835526203182,0.016,0.0,,,,,,
switch,4,0.0,2,1.0,OMNI Borda (default),-0.03093579104280036,,,,,,,,
switch,4,0.0,2,1.0,OMNI elbow,0.012623232318299113,,,,,,,,
switch,4,0.0,2,1.0,OMNI degree-adjusted z,-0.016992557086046665,0.03,0.0,,,,,,
switch,4,0.0,2,1.0,ASE+Procrustes Borda,0.27983080375943653,,,,,,,,
switch,4,0.0,2,1.0,raw rows Borda,0.36229384850274127,,,,,,,,
switch,4,0.0,2,1.0,raw rows degree-adjusted z,0.03697278234895155,0.025,0.0,,,,,,
switch,4,0.0,2,2.0,DeDi,0.18723200857546277,,,,,,,,
switch,4,0.0,2,2.0,UASE Borda (default),0.04604643431580272,,,,,,,,
switch,4,0.0,2,2.0,UASE elbow,0.043499229056640554,,,,,,,,
switch,4,0.0,2,2.0,UASE degree-adjusted z,-0.0072836266450491275,0.009,0.0,,,,,,
switch,4,0.0,2,2.0,OMNI Borda (default),-0.041164876157856606,,,,,,,,
switch,4,0.0,2,2.0,OMNI elbow,0.035522652634258904,,,,,,,,
switch,4,0.0,2,2.0,OMNI degree-adjusted z,-0.01597711291088326,0.018,0.0,,,,,,
switch,4,0.0,2,2.0,ASE+Procrustes Borda,0.28766494154443223,,,,,,,,
switch,4,0.0,2,2.0,raw rows Borda,0.37192614301529087,,,,,,,,
switch,4,0.0,2,2.0,raw rows degree-adjusted z,0.02469022150696843,0.032,0.0,,,,,,
switch,4,0.0,2,3.0,DeDi,0.1613824791177466,,,,,,,,
switch,4,0.0,2,3.0,UASE Borda (default),0.04911604331541209,,,,,,,,
switch,4,0.0,2,3.0,UASE elbow,0.01665046668984456,,,,,,,,
switch,4,0.0,2,3.0,UASE degree-adjusted z,-0.004297969970855376,0.02,0.0,,,,,,
switch,4,0.0,2,3.0,OMNI Borda (default),-0.0425557129135123,,,,,,,,
switch,4,0.0,2,3.0,OMNI elbow,0.016430712180724474,,,,,,,,
switch,4,0.0,2,3.0,OMNI degree-adjusted z,-0.011289159560829773,0.027,0.0,,,,,,
switch,4,0.0,2,3.0,ASE+Procrustes Borda,0.26577414806935395,,,,,,,,
switch,4,0.0,2,3.0,raw rows Borda,0.3631548782487416,,,,,,,,
switch,4,0.0,2,3.0,raw rows degree-adjusted z,0.04031938316741148,0.028,0.0,,,,,,
switch,4,0.0,2,,time UASE,,,,0.46779530499998145,2.0,,,,
switch,4,0.0,2,,time OMNI,,,,3.8497710020000113,2.0,,,,
switch,4,0.0,2,,time ASE+Procrustes,,,,0.3769427660000133,,,,,
switch,4,0.0,5,1.0,DeDi,0.2158008570431249,,,,,,,,
switch,4,0.0,5,1.0,UASE Borda (default),0.0393721498035909,,,,,,,,
switch,4,0.0,5,1.0,UASE elbow,0.0006087840994238854,,,,,,,,
switch,4,0.0,5,1.0,UASE degree-adjusted z,-0.0023881741970287634,0.01,0.0,,,,,,
switch,4,0.0,5,1.0,OMNI Borda (default),-0.0610617499920081,,,,,,,,
switch,4,0.0,5,1.0,OMNI elbow,-0.0002566368421418376,,,,,,,,
switch,4,0.0,5,1.0,OMNI degree-adjusted z,-0.012702187993058571,0.022,0.0,,,,,,
switch,4,0.0,5,1.0,ASE+Procrustes Borda,0.2581266182208463,,,,,,,,
switch,4,0.0,5,1.0,raw rows Borda,0.37478629554920817,,,,,,,,
switch,4,0.0,5,1.0,raw rows degree-adjusted z,0.02498676397181152,0.054,0.0,,,,,,
switch,4,0.0,5,2.0,DeDi,0.1527914458055614,,,,,,,,
switch,4,0.0,5,2.0,UASE Borda (default),0.01111376454778307,,,,,,,,
switch,4,0.0,5,2.0,UASE elbow,-0.03521520995245267,,,,,,,,
switch,4,0.0,5,2.0,UASE degree-adjusted z,-0.0054199760425124996,0.019,0.0,,,,,,
switch,4,0.0,5,2.0,OMNI Borda (default),-0.08436528265958813,,,,,,,,
switch,4,0.0,5,2.0,OMNI elbow,-0.04069541516758973,,,,,,,,
switch,4,0.0,5,2.0,OMNI degree-adjusted z,-0.01684279900044372,0.022,0.0,,,,,,
switch,4,0.0,5,2.0,ASE+Procrustes Borda,0.22162442856808087,,,,,,,,
switch,4,0.0,5,2.0,raw rows Borda,0.37493236763638216,,,,,,,,
switch,4,0.0,5,2.0,raw rows degree-adjusted z,0.036005838191475355,0.039,0.0,,,,,,
switch,4,0.0,5,3.0,DeDi,0.10924949095487962,,,,,,,,
switch,4,0.0,5,3.0,UASE Borda (default),0.003926944494177808,,,,,,,,
switch,4,0.0,5,3.0,UASE elbow,-0.05506922116463221,,,,,,,,
switch,4,0.0,5,3.0,UASE degree-adjusted z,-0.015017981928772926,0.023,0.0,,,,,,
switch,4,0.0,5,3.0,OMNI Borda (default),-0.0980112401406934,,,,,,,,
switch,4,0.0,5,3.0,OMNI elbow,-0.05345762232948894,,,,,,,,
switch,4,0.0,5,3.0,OMNI degree-adjusted z,-0.015656933531319604,0.033,0.0,,,,,,
switch,4,0.0,5,3.0,ASE+Procrustes Borda,0.18052532779708705,,,,,,,,
switch,4,0.0,5,3.0,raw rows Borda,0.37305832583495757,,,,,,,,
switch,4,0.0,5,3.0,raw rows degree-adjusted z,0.01579381039681684,0.043,0.0,,,,,,
switch,4,0.0,5,,time UASE,,,,0.4894839499999648,2.0,,,,
switch,4,0.0,5,,time OMNI,,,,2.75072807600003,2.0,,,,
switch,4,0.0,5,,time ASE+Procrustes,,,,0.342568564999965,,,,,
switch,4,0.0,4,1.0,DeDi,0.1867313849879072,,,,,,,,
switch,4,0.0,4,1.0,UASE Borda (default),-0.06680228090680708,,,,,,,,
switch,4,0.0,4,1.0,UASE elbow,-0.1512471461144544,,,,,,,,
switch,4,0.0,4,1.0,UASE degree-adjusted z,-0.006347564298562954,0.014,0.0,,,,,,
switch,4,0.0,4,1.0,OMNI Borda (default),-0.15202513785916882,,,,,,,,
switch,4,0.0,4,1.0,OMNI elbow,-0.014838122580416824,,,,,,,,
switch,4,0.0,4,1.0,OMNI degree-adjusted z,-0.007438928822785921,0.02,0.0,,,,,,
switch,4,0.0,4,1.0,ASE+Procrustes Borda,0.22348956004991452,,,,,,,,
switch,4,0.0,4,1.0,raw rows Borda,0.34326792610415224,,,,,,,,
switch,4,0.0,4,1.0,raw rows degree-adjusted z,0.02295492163953364,0.04,0.0,,,,,,
switch,4,0.0,4,2.0,DeDi,0.26326906580689585,,,,,,,,
switch,4,0.0,4,2.0,UASE Borda (default),-0.06100633066629496,,,,,,,,
switch,4,0.0,4,2.0,UASE elbow,-0.12108787989140998,,,,,,,,
switch,4,0.0,4,2.0,UASE degree-adjusted z,-0.005204248255584812,0.01,0.0,,,,,,
switch,4,0.0,4,2.0,OMNI Borda (default),-0.19639357890771197,,,,,,,,
switch,4,0.0,4,2.0,OMNI elbow,-0.043404814739969766,,,,,,,,
switch,4,0.0,4,2.0,OMNI degree-adjusted z,-0.007714137375552159,0.023,0.0,,,,,,
switch,4,0.0,4,2.0,ASE+Procrustes Borda,0.1886031920647399,,,,,,,,
switch,4,0.0,4,2.0,raw rows Borda,0.35852032551774976,,,,,,,,
switch,4,0.0,4,2.0,raw rows degree-adjusted z,0.016107968668951023,0.034,0.0,,,,,,
switch,4,0.0,4,3.0,DeDi,0.20695093211656201,,,,,,,,
switch,4,0.0,4,3.0,UASE Borda (default),-0.11121820715553245,,,,,,,,
switch,4,0.0,4,3.0,UASE elbow,-0.21983894644117605,,,,,,,,
switch,4,0.0,4,3.0,UASE degree-adjusted z,-0.010440238161257156,0.012,0.0,,,,,,
switch,4,0.0,4,3.0,OMNI Borda (default),-0.22475193830458814,,,,,,,,
switch,4,0.0,4,3.0,OMNI elbow,-0.06600378123095424,,,,,,,,
switch,4,0.0,4,3.0,OMNI degree-adjusted z,-0.017919843384454494,0.023,0.0,,,,,,
switch,4,0.0,4,3.0,ASE+Procrustes Borda,0.17902613902148254,,,,,,,,
switch,4,0.0,4,3.0,raw rows Borda,0.34232230057596585,,,,,,,,
switch,4,0.0,4,3.0,raw rows degree-adjusted z,0.019229186607370833,0.036,0.0,,,,,,
switch,4,0.0,4,,time UASE,,,,0.5221561590000192,2.0,,,,
switch,4,0.0,4,,time OMNI,,,,2.746566692999977,2.0,,,,
switch,4,0.0,4,,time ASE+Procrustes,,,,0.376140759000009,,,,,
switch,4,0.0,6,1.0,DeDi,0.21758863015263008,,,,,,,,
switch,4,0.0,6,1.0,UASE Borda (default),0.08579708084510893,,,,,,,,
switch,4,0.0,6,1.0,UASE elbow,0.0418535308259874,,,,,,,,
switch,4,0.0,6,1.0,UASE degree-adjusted z,-0.006003774230249711,0.014,0.0,,,,,,
switch,4,0.0,6,1.0,OMNI Borda (default),-0.02348782507114289,,,,,,,,
switch,4,0.0,6,1.0,OMNI elbow,0.03324949261677534,,,,,,,,
switch,4,0.0,6,1.0,OMNI degree-adjusted z,-0.01300426307231998,0.02,0.0,,,,,,
switch,4,0.0,6,1.0,ASE+Procrustes Borda,0.3180590643617845,,,,,,,,
switch,4,0.0,6,1.0,raw rows Borda,0.3559046331983026,,,,,,,,
switch,4,0.0,6,1.0,raw rows degree-adjusted z,0.022030456911844687,0.015,0.0,,,,,,
switch,4,0.0,6,2.0,DeDi,0.1529355067920611,,,,,,,,
switch,4,0.0,6,2.0,UASE Borda (default),0.047282063081384246,,,,,,,,
switch,4,0.0,6,2.0,UASE elbow,-0.03401584538261031,,,,,,,,
switch,4,0.0,6,2.0,UASE degree-adjusted z,-0.008809434360168731,0.016,0.0,,,,,,
switch,4,0.0,6,2.0,OMNI Borda (default),-0.040216598546283136,,,,,,,,
switch,4,0.0,6,2.0,OMNI elbow,-0.05147846922167422,,,,,,,,
switch,4,0.0,6,2.0,OMNI degree-adjusted z,-0.013807760018063001,0.031,0.0,,,,,,
switch,4,0.0,6,2.0,ASE+Procrustes Borda,0.3100117886788475,,,,,,,,
switch,4,0.0,6,2.0,raw rows Borda,0.3702586318302721,,,,,,,,
switch,4,0.0,6,2.0,raw rows degree-adjusted z,0.023766270493713212,0.022,0.0,,,,,,
switch,4,0.0,6,3.0,DeDi,0.16471593400370277,,,,,,,,
switch,4,0.0,6,3.0,UASE Borda (default),0.08983966039344868,,,,,,,,
switch,4,0.0,6,3.0,UASE elbow,-0.027480511264033315,,,,,,,,
switch,4,0.0,6,3.0,UASE degree-adjusted z,-0.00010515387766298882,0.012,0.0,,,,,,
switch,4,0.0,6,3.0,OMNI Borda (default),-0.019525856514709453,,,,,,,,
switch,4,0.0,6,3.0,OMNI elbow,-0.022377031936587015,,,,,,,,
switch,4,0.0,6,3.0,OMNI degree-adjusted z,-0.01475812830948308,0.022,0.0,,,,,,
switch,4,0.0,6,3.0,ASE+Procrustes Borda,0.30678572690556166,,,,,,,,
switch,4,0.0,6,3.0,raw rows Borda,0.3541507007846067,,,,,,,,
switch,4,0.0,6,3.0,raw rows degree-adjusted z,0.035005223628497874,0.034,0.0,,,,,,
switch,4,0.0,6,,time UASE,,,,0.47552283300001363,2.0,,,,
switch,4,0.0,6,,time OMNI,,,,3.0191196859999536,2.0,,,,
switch,4,0.0,6,,time ASE+Procrustes,,,,0.38562479800003757,,,,,
switch,4,0.0,7,1.0,DeDi,0.19484394148062706,,,,,,,,
switch,4,0.0,7,1.0,UASE Borda (default),0.03282339226078361,,,,,,,,
switch,4,0.0,7,1.0,UASE elbow,-0.02013110801812451,,,,,,,,
switch,4,0.0,7,1.0,UASE degree-adjusted z,-0.00503270045319576,0.009,0.0,,,,,,
switch,4,0.0,7,1.0,OMNI Borda (default),-0.04306091992041012,,,,,,,,
switch,4,0.0,7,1.0,OMNI elbow,-0.021736049300396017,,,,,,,,
switch,4,0.0,7,1.0,OMNI degree-adjusted z,-0.009540567845376841,0.027,0.0,,,,,,
switch,4,0.0,7,1.0,ASE+Procrustes Borda,0.2363270884972329,,,,,,,,
switch,4,0.0,7,1.0,raw rows Borda,0.33989147055727675,,,,,,,,
switch,4,0.0,7,1.0,raw rows degree-adjusted z,0.04315145061931552,0.031,0.0,,,,,,
switch,4,0.0,7,2.0,DeDi,0.22283830225279272,,,,,,,,
switch,4,0.0,7,2.0,UASE Borda (default),0.031844342219698625,,,,,,,,
switch,4,0.0,7,2.0,UASE elbow,-0.018075260962418696,,,,,,,,
switch,4,0.0,7,2.0,UASE degree-adjusted z,-0.002682323247812473,0.015,0.0,,,,,,
switch,4,0.0,7,2.0,OMNI Borda (default),-0.04968866204557727,,,,,,,,
switch,4,0.0,7,2.0,OMNI elbow,-0.009928327692345695,,,,,,,,
switch,4,0.0,7,2.0,OMNI degree-adjusted z,-0.007498749940203944,0.017,0.0,,,,,,
switch,4,0.0,7,2.0,ASE+Procrustes Borda,0.2405130120546197,,,,,,,,
switch,4,0.0,7,2.0,raw rows Borda,0.3549258490316983,,,,,,,,
switch,4,0.0,7,2.0,raw rows degree-adjusted z,0.038777244280219975,0.026,0.0,,,,,,
switch,4,0.0,7,3.0,DeDi,0.1645158397432026,,,,,,,,
switch,4,0.0,7,3.0,UASE Borda (default),0.035635383076639264,,,,,,,,
switch,4,0.0,7,3.0,UASE elbow,-0.0190719438683697,,,,,,,,
switch,4,0.0,7,3.0,UASE degree-adjusted z,-0.006160940782407122,0.009,0.0,,,,,,
switch,4,0.0,7,3.0,OMNI Borda (default),-0.046299673783535646,,,,,,,,
switch,4,0.0,7,3.0,OMNI elbow,-0.009550807914952233,,,,,,,,
switch,4,0.0,7,3.0,OMNI degree-adjusted z,-0.010022473874250818,0.022,0.0,,,,,,
switch,4,0.0,7,3.0,ASE+Procrustes Borda,0.25233681619663767,,,,,,,,
switch,4,0.0,7,3.0,raw rows Borda,0.337757696684588,,,,,,,,
switch,4,0.0,7,3.0,raw rows degree-adjusted z,0.0353226948705116,0.022,0.0,,,,,,
switch,4,0.0,7,,time UASE,,,,0.4584373970000115,2.0,,,,
switch,4,0.0,7,,time OMNI,,,,3.1626806460000125,2.0,,,,
switch,4,0.0,7,,time ASE+Procrustes,,,,0.3627276459999962,,,,,
switch,4,0.0,8,1.0,DeDi,0.16491957347160985,,,,,,,,
switch,4,0.0,8,1.0,UASE Borda (default),0.028265324449784687,,,,,,,,
switch,4,0.0,8,1.0,UASE elbow,-0.061440175028898716,,,,,,,,
switch,4,0.0,8,1.0,UASE degree-adjusted z,-0.007273988119246224,0.025,0.0,,,,,,
switch,4,0.0,8,1.0,OMNI Borda (default),-0.06485099140570386,,,,,,,,
switch,4,0.0,8,1.0,OMNI elbow,-0.04923311596621025,,,,,,,,
switch,4,0.0,8,1.0,OMNI degree-adjusted z,-0.01453154052550775,0.025,0.0,,,,,,
switch,4,0.0,8,1.0,ASE+Procrustes Borda,0.25231206732069933,,,,,,,,
switch,4,0.0,8,1.0,raw rows Borda,0.3714035590101911,,,,,,,,
switch,4,0.0,8,1.0,raw rows degree-adjusted z,0.016714637581509945,0.048,0.0,,,,,,
switch,4,0.0,8,2.0,DeDi,0.2118188112586811,,,,,,,,
switch,4,0.0,8,2.0,UASE Borda (default),0.0025278935970052116,,,,,,,,
switch,4,0.0,8,2.0,UASE elbow,-0.056814616432357724,,,,,,,,
switch,4,0.0,8,2.0,UASE degree-adjusted z,-0.006633514985280443,0.012,0.0,,,,,,
switch,4,0.0,8,2.0,OMNI Borda (default),-0.08657724968384085,,,,,,,,
switch,4,0.0,8,2.0,OMNI elbow,-0.04571075157654409,,,,,,,,
switch,4,0.0,8,2.0,OMNI degree-adjusted z,-0.011182052557300187,0.022,0.0,,,,,,
switch,4,0.0,8,2.0,ASE+Procrustes Borda,0.22904420200695336,,,,,,,,
switch,4,0.0,8,2.0,raw rows Borda,0.35819163529498993,,,,,,,,
switch,4,0.0,8,2.0,raw rows degree-adjusted z,0.0007804244893739336,0.054,0.0,,,,,,
switch,4,0.0,8,3.0,DeDi,0.18017215250206528,,,,,,,,
switch,4,0.0,8,3.0,UASE Borda (default),0.003897798548061258,,,,,,,,
switch,4,0.0,8,3.0,UASE elbow,-0.031682175158110594,,,,,,,,
switch,4,0.0,8,3.0,UASE degree-adjusted z,-0.014725055857562695,0.025,0.0,,,,,,
switch,4,0.0,8,3.0,OMNI Borda (default),-0.0775561764733771,,,,,,,,
switch,4,0.0,8,3.0,OMNI elbow,-0.024092508509939964,,,,,,,,
switch,4,0.0,8,3.0,OMNI degree-adjusted z,-0.015559732154778152,0.024,0.0,,,,,,
switch,4,0.0,8,3.0,ASE+Procrustes Borda,0.22118266331855788,,,,,,,,
switch,4,0.0,8,3.0,raw rows Borda,0.39246644118280816,,,,,,,,
switch,4,0.0,8,3.0,raw rows degree-adjusted z,-0.00814303518415456,0.055,0.0,,,,,,
switch,4,0.0,8,,time UASE,,,,0.41365782200000467,2.0,,,,
switch,4,0.0,8,,time OMNI,,,,2.4992440739999893,2.0,,,,
switch,4,0.0,8,,time ASE+Procrustes,,,,0.41644696100001966,,,,,
switch,4,0.0,9,1.0,DeDi,0.12344035876305572,,,,,,,,
switch,4,0.0,9,1.0,UASE Borda (default),-0.005219939710209473,,,,,,,,
switch,4,0.0,9,1.0,UASE elbow,-0.049134400228960526,,,,,,,,
switch,4,0.0,9,1.0,UASE degree-adjusted z,0.002559534231886613,0.018,0.0,,,,,,
switch,4,0.0,9,1.0,OMNI Borda (default),-0.09591276535884809,,,,,,,,
switch,4,0.0,9,1.0,OMNI elbow,-0.03180480379936856,,,,,,,,
switch,4,0.0,9,1.0,OMNI degree-adjusted z,-0.01544029035807497,0.014,0.0,,,,,,
switch,4,0.0,9,1.0,ASE+Procrustes Borda,0.2149015401631027,,,,,,,,
switch,4,0.0,9,1.0,raw rows Borda,0.3471224798663077,,,,,,,,
switch,4,0.0,9,1.0,raw rows degree-adjusted z,0.03554506005808252,0.031,0.0,,,,,,
switch,4,0.0,9,2.0,DeDi,0.1307865170484814,,,,,,,,
switch,4,0.0,9,2.0,UASE Borda (default),-0.03911273463958457,,,,,,,,
switch,4,0.0,9,2.0,UASE elbow,-0.07747412603371187,,,,,,,,
switch,4,0.0,9,2.0,UASE degree-adjusted z,-0.013856375111175693,0.021,0.0,,,,,,
switch,4,0.0,9,2.0,OMNI Borda (default),-0.1226699589504535,,,,,,,,
switch,4,0.0,9,2.0,OMNI elbow,-0.055296240241507325,,,,,,,,
switch,4,0.0,9,2.0,OMNI degree-adjusted z,-0.019365463352779055,0.017,0.0,,,,,,
switch,4,0.0,9,2.0,ASE+Procrustes Borda,0.1768529627092445,,,,,,,,
switch,4,0.0,9,2.0,raw rows Borda,0.3414498814672665,,,,,,,,
switch,4,0.0,9,2.0,raw rows degree-adjusted z,0.013906847669446403,0.045,0.0,,,,,,
switch,4,0.0,9,3.0,DeDi,0.19598279670963403,,,,,,,,
switch,4,0.0,9,3.0,UASE Borda (default),-0.040266017131064626,,,,,,,,
switch,4,0.0,9,3.0,UASE elbow,-0.05415607489746679,,,,,,,,
switch,4,0.0,9,3.0,UASE degree-adjusted z,-0.007532137905929803,0.013,0.0,,,,,,
switch,4,0.0,9,3.0,OMNI Borda (default),-0.13054875854446982,,,,,,,,
switch,4,0.0,9,3.0,OMNI elbow,-0.047375135257170894,,,,,,,,
switch,4,0.0,9,3.0,OMNI degree-adjusted z,-0.018462855201466333,0.026,0.0,,,,,,
switch,4,0.0,9,3.0,ASE+Procrustes Borda,0.18390805122792694,,,,,,,,
switch,4,0.0,9,3.0,raw rows Borda,0.36009520143438467,,,,,,,,
switch,4,0.0,9,3.0,raw rows degree-adjusted z,0.0070826600624938505,0.036,0.0,,,,,,
switch,4,0.0,9,,time UASE,,,,0.4722437399999535,2.0,,,,
switch,4,0.0,9,,time OMNI,,,,2.892367684999954,2.0,,,,
switch,4,0.0,9,,time ASE+Procrustes,,,,0.3843951439999955,,,,,
switch,4,0.05,0,1.0,DeDi,0.172740420675647,,,,,0.4633473684210526,0.1,,
switch,4,0.05,0,1.0,UASE Borda (default),-0.07623682227495036,,,,,0.8029052631578948,0.26,,
switch,4,0.05,0,1.0,UASE elbow,-0.2280591322839362,,,,,0.5643052631578948,0.08,,
switch,4,0.05,0,1.0,UASE degree-adjusted z,-0.021691520430848175,0.01263157894736842,0.0,,,0.8022315789473684,0.3,0.0,0.0
switch,4,0.05,0,1.0,OMNI Borda (default),-0.1283598831925887,,,,,0.8488842105263158,0.36,,
switch,4,0.05,0,1.0,OMNI elbow,-0.20831834352134024,,,,,0.5792526315789474,0.02,,
switch,4,0.05,0,1.0,OMNI degree-adjusted z,-0.01984806650180305,0.016842105263157894,0.0,,,0.8484842105263158,0.36,0.0,0.0
switch,4,0.05,0,1.0,ASE+Procrustes Borda,0.17938180685948152,,,,,0.8316210526315789,0.44,,
switch,4,0.05,0,1.0,raw rows Borda,0.35889769030107144,,,,,0.5967052631578947,0.08,,
switch,4,0.05,0,1.0,raw rows degree-adjusted z,0.011330411925707372,0.02,0.0,,,0.6335368421052632,0.1,0.0,0.0
switch,4,0.05,0,2.0,DeDi,0.14759754823670268,,,,,0.43649473684210527,0.06,,
switch,4,0.05,0,2.0,UASE Borda (default),-0.10013899384220909,,,,,0.848978947368421,0.36,,
switch,4,0.05,0,2.0,UASE elbow,-0.24651903752724033,,,,,0.6538526315789474,0.16,,
switch,4,0.05,0,2.0,UASE degree-adjusted z,-0.011375997585191686,0.009473684210526316,0.0,,,0.8466315789473684,0.38,0.0,0.0
switch,4,0.05,0,2.0,OMNI Borda (default),-0.12959274368583662,,,,,0.8749789473684211,0.32,,
switch,4,0.05,0,2.0,OMNI elbow,-0.23171550200619515,,,,,0.6243368421052632,0.14,,
switch,4,0.05,0,2.0,OMNI degree-adjusted z,-0.010362153604144594,0.015789473684210527,0.0,,,0.8699157894736842,0.36,0.0,0.0
switch,4,0.05,0,2.0,ASE+Procrustes Borda,0.1759048761539234,,,,,0.869178947368421,0.42,,
switch,4,0.05,0,2.0,raw rows Borda,0.35594469042456556,,,,,0.6163473684210526,0.14,,
switch,4,0.05,0,2.0,raw rows degree-adjusted z,0.013181338355354297,0.03263157894736842,0.0,,,0.6702,0.16,0.0,0.0
switch,4,0.05,0,3.0,DeDi,0.11944816160217976,,,,,0.471821052631579,0.1,,
switch,4,0.05,0,3.0,UASE Borda (default),-0.10534018450263827,,,,,0.8379368421052632,0.38,,
switch,4,0.05,0,3.0,UASE elbow,-0.21322071614697993,,,,,0.6011157894736842,0.08,,
switch,4,0.05,0,3.0,UASE degree-adjusted z,-0.03594506756398366,0.00631578947368421,0.0,,,0.8314105263157895,0.38,0.0,0.0
switch,4,0.05,0,3.0,OMNI Borda (default),-0.15422553825168464,,,,,0.8573473684210526,0.36,,
switch,4,0.05,0,3.0,OMNI elbow,-0.21113766300039588,,,,,0.5885789473684211,0.02,,
switch,4,0.05,0,3.0,OMNI degree-adjusted z,-0.04268459450713812,0.02736842105263158,0.0,,,0.8542105263157894,0.4,0.02,0.0
switch,4,0.05,0,3.0,ASE+Procrustes Borda,0.1578299305328254,,,,,0.880421052631579,0.46,,
switch,4,0.05,0,3.0,raw rows Borda,0.3635268873774271,,,,,0.6681578947368421,0.18,,
switch,4,0.05,0,3.0,raw rows degree-adjusted z,-0.000562978326819527,0.02526315789473684,0.0,,,0.6361578947368421,0.12,0.0,0.0
switch,4,0.05,0,,time UASE,,,,0.4242082979999964,2.0,,,,
switch,4,0.05,0,,time OMNI,,,,2.9915389230000073,2.0,,,,
switch,4,0.05,0,,time ASE+Procrustes,,,,0.3383579399999803,,,,,
switch,4,0.05,1,1.0,DeDi,0.08345557464093786,,,,,0.4780526315789474,0.0,,
switch,4,0.05,1,1.0,UASE Borda (default),0.041646365028194465,,,,,0.8286526315789474,0.36,,
switch,4,0.05,1,1.0,UASE elbow,-0.05682213472341291,,,,,0.8293052631578948,0.42,,
switch,4,0.05,1,1.0,UASE degree-adjusted z,-0.03539512746834583,0.004210526315789474,0.0,,,0.8448842105263158,0.38,0.0,0.0
switch,4,0.05,1,1.0,OMNI Borda (default),-0.03995872566914083,,,,,0.8245157894736842,0.3,,
switch,4,0.05,1,1.0,OMNI elbow,-0.054271666999339746,,,,,0.8405157894736842,0.42,,
switch,4,0.05,1,1.0,OMNI degree-adjusted z,-0.033512472923768355,0.017894736842105262,0.0,,,0.8537684210526316,0.4,0.0,0.0
switch,4,0.05,1,1.0,ASE+Procrustes Borda,0.23125308664393038,,,,,0.846378947368421,0.52,,
switch,4,0.05,1,1.0,raw rows Borda,0.3781514865681722,,,,,0.5818526315789474,0.12,,
switch,4,0.05,1,1.0,raw rows degree-adjusted z,0.014530712796943563,0.022105263157894735,0.0,,,0.5748736842105263,0.08,0.0,0.0
switch,4,0.05,1,2.0,DeDi,0.13661640700784075,,,,,0.4666315789473684,0.04,,
switch,4,0.05,1,2.0,UASE Borda (default),0.07970415236157026,,,,,0.8397684210526316,0.3,,
switch,4,0.05,1,2.0,UASE elbow,-0.024266478150536386,,,,,0.8096526315789474,0.54,,
switch,4,0.05,1,2.0,UASE degree-adjusted z,-0.02992862865667431,0.011578947368421053,0.0,,,0.8474526315789473,0.38,0.02,0.0
switch,4,0.05,1,2.0,OMNI Borda (default),-0.012727263451064461,,,,,0.8294526315789473,0.3,,
switch,4,0.05,1,2.0,OMNI elbow,-0.04641333733648082,,,,,0.8100526315789474,0.56,,
switch,4,0.05,1,2.0,OMNI degree-adjusted z,-0.03218424952888283,0.031578947368421054,0.0,,,0.8406736842105264,0.42,0.02,0.0
switch,4,0.05,1,2.0,ASE+Procrustes Borda,0.2967007815883875,,,,,0.8511052631578947,0.42,,
switch,4,0.05,1,2.0,raw rows Borda,0.3780679874583717,,,,,0.6210947368421053,0.1,,
switch,4,0.05,1,2.0,raw rows degree-adjusted z,-0.0020661482726995663,0.024210526315789474,0.0,,,0.6917473684210527,0.2,0.0,0.0
switch,4,0.05,1,3.0,DeDi,0.14669214932966568,,,,,0.5242421052631578,0.08,,
switch,4,0.05,1,3.0,UASE Borda (default),0.0858062327401814,,,,,0.8190842105263157,0.3,,
switch,4,0.05,1,3.0,UASE elbow,-0.034861678344291734,,,,,0.7646,0.3,,
switch,4,0.05,1,3.0,UASE degree-adjusted z,-0.01977629643543443,0.009473684210526316,0.0,,,0.8232,0.34,0.0,0.0
switch,4,0.05,1,3.0,OMNI Borda (default),-0.009142424934254028,,,,,0.8391894736842105,0.26,,
switch,4,0.05,1,3.0,OMNI elbow,-0.03922819858620773,,,,,0.7904526315789474,0.34,,
switch,4,0.05,1,3.0,OMNI degree-adjusted z,-0.016231268715245894,0.02526315789473684,0.0,,,0.8416,0.3,0.0,0.0
switch,4,0.05,1,3.0,ASE+Procrustes Borda,0.268326181665287,,,,,0.8333578947368421,0.38,,
switch,4,0.05,1,3.0,raw rows Borda,0.3714913494751068,,,,,0.5885157894736842,0.16,,
switch,4,0.05,1,3.0,raw rows degree-adjusted z,0.031661423686671596,0.022105263157894735,0.0,,,0.6014421052631579,0.06,0.0,0.0
switch,4,0.05,1,,time UASE,,,,0.5087257150000255,2.0,,,,
switch,4,0.05,1,,time OMNI,,,,3.499072760000047,2.0,,,,
switch,4,0.05,1,,time ASE+Procrustes,,,,0.3676137170000402,,,,,
switch,4,0.05,2,1.0,DeDi,0.12660091539299187,,,,,0.5112315789473684,0.04,,
switch,4,0.05,2,1.0,UASE Borda (default),-0.025790787463328663,,,,,0.7706105263157895,0.26,,
switch,4,0.05,2,1.0,UASE elbow,-0.0248666155041729,,,,,0.757578947368421,0.4,,
switch,4,0.05,2,1.0,UASE degree-adjusted z,-0.005936207736790299,0.010526315789473684,0.0,,,0.7795157894736842,0.34,0.0,0.0
switch,4,0.05,2,1.0,OMNI Borda (default),-0.0931078785038345,,,,,0.786021052631579,0.3,,
switch,4,0.05,2,1.0,OMNI elbow,-0.018559666380574737,,,,,0.7801684210526316,0.42,,
switch,4,0.05,2,1.0,OMNI degree-adjusted z,-0.013828304913734218,0.022105263157894735,0.0,,,0.7971368421052631,0.38,0.0,0.0
switch,4,0.05,2,1.0,ASE+Procrustes Borda,0.24316463535672034,,,,,0.8297789473684211,0.36,,
switch,4,0.05,2,1.0,raw rows Borda,0.3624446874437081,,,,,0.5575578947368421,0.06,,
switch,4,0.05,2,1.0,raw rows degree-adjusted z,0.009340765950363525,0.04105263157894737,0.0,,,0.6121684210526316,0.12,0.0,0.0
switch,4,0.05,2,2.0,DeDi,0.1446541759079751,,,,,0.45756842105263157,0.02,,
switch,4,0.05,2,2.0,UASE Borda (default),-0.057477157927461206,,,,,0.8529684210526316,0.32,,
switch,4,0.05,2,2.0,UASE elbow,-0.07250327146978697,,,,,0.7273684210526316,0.22,,
switch,4,0.05,2,2.0,UASE degree-adjusted z,-0.027450766564620806,0.008421052631578947,0.0,,,0.8554105263157895,0.44,0.0,0.0
switch,4,0.05,2,2.0,OMNI Borda (default),-0.12142091352476535,,,,,0.855421052631579,0.38,,
switch,4,0.05,2,2.0,OMNI elbow,-0.06557790725509904,,,,,0.7515684210526316,0.24,,
switch,4,0.05,2,2.0,OMNI degree-adjusted z,-0.03104975530509158,0.015789473684210527,0.0,,,0.8645894736842106,0.48,0.0,0.0
switch,4,0.05,2,2.0,ASE+Procrustes Borda,0.2310299930014853,,,,,0.8654842105263157,0.44,,
switch,4,0.05,2,2.0,raw rows Borda,0.343674812477029,,,,,0.6526526315789474,0.08,,
switch,4,0.05,2,2.0,raw rows degree-adjusted z,-0.013756571134882744,0.03894736842105263,0.0,,,0.6876421052631579,0.1,0.0,0.0
switch,4,0.05,2,3.0,DeDi,0.19666962622200362,,,,,0.5243263157894736,0.04,,
switch,4,0.05,2,3.0,UASE Borda (default),-0.05154006370458359,,,,,0.7791578947368422,0.34,,
switch,4,0.05,2,3.0,UASE elbow,-0.010216023123958912,,,,,0.6794210526315789,0.32,,
switch,4,0.05,2,3.0,UASE degree-adjusted z,-0.017578938678899127,0.02,0.0,,,0.7689473684210526,0.38,0.02,0.0
switch,4,0.05,2,3.0,OMNI Borda (default),-0.10689245182702817,,,,,0.8039684210526316,0.34,,
switch,4,0.05,2,3.0,OMNI elbow,-0.004994640099719292,,,,,0.7085157894736842,0.36,,
switch,4,0.05,2,3.0,OMNI degree-adjusted z,-0.016326463689074085,0.021052631578947368,0.0,,,0.7982105263157895,0.4,0.0,0.0
switch,4,0.05,2,3.0,ASE+Procrustes Borda,0.2546511067660578,,,,,0.8252526315789473,0.4,,
switch,4,0.05,2,3.0,raw rows Borda,0.3312496753929184,,,,,0.6477684210526315,0.14,,
switch,4,0.05,2,3.0,raw rows degree-adjusted z,-0.0028627127441056516,0.042105263157894736,0.0,,,0.6475157894736842,0.16,0.0,0.0
switch,4,0.05,2,,time UASE,,,,0.45944703200001413,2.0,,,,
switch,4,0.05,2,,time OMNI,,,,2.4844712439999626,2.0,,,,
switch,4,0.05,2,,time ASE+Procrustes,,,,0.36546231599999146,,,,,
switch,4,0.05,3,1.0,DeDi,0.18458211770167066,,,,,0.5017263157894737,0.04,,
switch,4,0.05,3,1.0,UASE Borda (default),-0.0017794890718117774,,,,,0.8164947368421053,0.26,,
switch,4,0.05,3,1.0,UASE elbow,-0.015616991489253327,,,,,0.744,0.32,,
switch,4,0.05,3,1.0,UASE degree-adjusted z,0.0032421920336301135,0.02,0.0,,,0.8208631578947369,0.3,0.0,0.0
switch,4,0.05,3,1.0,OMNI Borda (default),-0.06260882914481317,,,,,0.8382,0.3,,
switch,4,0.05,3,1.0,OMNI elbow,0.004447676270599379,,,,,0.767621052631579,0.34,,
switch,4,0.05,3,1.0,OMNI degree-adjusted z,5.873376538037459e-05,0.02631578947368421,0.0,,,0.8467157894736842,0.34,0.0,0.0
switch,4,0.05,3,1.0,ASE+Procrustes Borda,0.2135818847857712,,,,,0.8228526315789474,0.3,,
switch,4,0.05,3,1.0,raw rows Borda,0.37407289675266003,,,,,0.5870421052631579,0.1,,
switch,4,0.05,3,1.0,raw rows degree-adjusted z,0.019784540703278213,0.06947368421052631,0.0,,,0.608178947368421,0.04,0.0,0.0
switch,4,0.05,3,2.0,DeDi,0.20674471851751305,,,,,0.5169789473684211,0.08,,
switch,4,0.05,3,2.0,UASE Borda (default),-0.07072693558042593,,,,,0.8869789473684211,0.4,,
switch,4,0.05,3,2.0,UASE elbow,-0.06438730710900914,,,,,0.7776421052631579,0.42,,
switch,4,0.05,3,2.0,UASE degree-adjusted z,-0.04271114023205293,0.008421052631578947,0.0,,,0.8968842105263158,0.5,0.0,0.0
switch,4,0.05,3,2.0,OMNI Borda (default),-0.1415246788355185,,,,,0.8882210526315789,0.42,,
switch,4,0.05,3,2.0,OMNI elbow,-0.047008944666501046,,,,,0.8030526315789474,0.38,,
switch,4,0.05,3,2.0,OMNI degree-adjusted z,-0.04827912009643632,0.017894736842105262,0.0,,,0.9060421052631579,0.56,0.0,0.0
switch,4,0.05,3,2.0,ASE+Procrustes Borda,0.1673454885395463,,,,,0.8876947368421053,0.52,,
switch,4,0.05,3,2.0,raw rows Borda,0.35354618064394094,,,,,0.6866947368421052,0.18,,
switch,4,0.05,3,2.0,raw rows degree-adjusted z,-0.020163059015274397,0.029473684210526315,0.0,,,0.7046842105263158,0.14,0.0,0.0
switch,4,0.05,3,3.0,DeDi,0.134847686496716,,,,,0.5409157894736842,0.06,,
switch,4,0.05,3,3.0,UASE Borda (default),-0.012763872132500778,,,,,0.8562631578947368,0.44,,
switch,4,0.05,3,3.0,UASE elbow,-0.07387250448424566,,,,,0.7002947368421053,0.4,,
switch,4,0.05,3,3.0,UASE degree-adjusted z,-0.013726123450904966,0.004210526315789474,0.0,,,0.8597052631578948,0.44,0.0,0.0
switch,4,0.05,3,3.0,OMNI Borda (default),-0.09550718734548307,,,,,0.8785263157894737,0.38,,
switch,4,0.05,3,3.0,OMNI elbow,-0.06458593103381384,,,,,0.7172947368421053,0.42,,
switch,4,0.05,3,3.0,OMNI degree-adjusted z,-0.024417422624741204,0.02,0.0,,,0.8830736842105263,0.44,0.0,0.0
switch,4,0.05,3,3.0,ASE+Procrustes Borda,0.20118796669007227,,,,,0.8489368421052632,0.44,,
switch,4,0.05,3,3.0,raw rows Borda,0.3688789833156718,,,,,0.640578947368421,0.08,,
switch,4,0.05,3,3.0,raw rows degree-adjusted z,0.014419287589901802,0.045263157894736845,0.0,,,0.6597263157894737,0.06,0.0,0.0
switch,4,0.05,3,,time UASE,,,,0.5050732039999843,2.0,,,,
switch,4,0.05,3,,time OMNI,,,,3.0116761440000346,2.0,,,,
switch,4,0.05,3,,time ASE+Procrustes,,,,0.3365046859999552,,,,,
switch,4,0.05,4,1.0,DeDi,0.1413593197024433,,,,,0.4952736842105263,0.04,,
switch,4,0.05,4,1.0,UASE Borda (default),-0.0420102534171437,,,,,0.7709473684210526,0.22,,
switch,4,0.05,4,1.0,UASE elbow,-0.036019722636933905,,,,,0.7699789473684211,0.4,,
switch,4,0.05,4,1.0,UASE degree-adjusted z,-0.02118558814997053,0.014736842105263158,0.0,,,0.7594315789473685,0.2,0.0,0.0
switch,4,0.05,4,1.0,OMNI Borda (default),-0.09976104645022658,,,,,0.7943789473684211,0.28,,
switch,4,0.05,4,1.0,OMNI elbow,-0.01711316393982664,,,,,0.7920842105263158,0.42,,
switch,4,0.05,4,1.0,OMNI degree-adjusted z,-0.0270555506639599,0.015789473684210527,0.0,,,0.7885684210526316,0.26,0.0,0.0
switch,4,0.05,4,1.0,ASE+Procrustes Borda,0.1964040222401269,,,,,0.7876421052631579,0.34,,
switch,4,0.05,4,1.0,raw rows Borda,0.35901095085415324,,,,,0.6152315789473685,0.04,,
switch,4,0.05,4,1.0,raw rows degree-adjusted z,0.011084014016571534,0.029473684210526315,0.0,,,0.6387894736842106,0.16,0.0,0.0
switch,4,0.05,4,2.0,DeDi,0.1857258802047954,,,,,0.48347368421052633,0.0,,
switch,4,0.05,4,2.0,UASE Borda (default),-0.07025549474106432,,,,,0.8533473684210526,0.36,,
switch,4,0.05,4,2.0,UASE elbow,-0.024899857009807375,,,,,0.7457157894736842,0.38,,
switch,4,0.05,4,2.0,UASE degree-adjusted z,-0.020590386278935925,0.010526315789473684,0.0,,,0.8475368421052631,0.34,0.0,0.0
switch,4,0.05,4,2.0,OMNI Borda (default),-0.13363175612499964,,,,,0.892578947368421,0.32,,
switch,4,0.05,4,2.0,OMNI elbow,-0.007668566050259788,,,,,0.7537578947368421,0.42,,
switch,4,0.05,4,2.0,OMNI degree-adjusted z,-0.01941797247072227,0.01368421052631579,0.0,,,0.8941894736842105,0.4,0.0,0.0
switch,4,0.05,4,2.0,ASE+Procrustes Borda,0.16976675287980064,,,,,0.8422736842105263,0.42,,
switch,4,0.05,4,2.0,raw rows Borda,0.3430185019477362,,,,,0.6468526315789473,0.1,,
switch,4,0.05,4,2.0,raw rows degree-adjusted z,0.003270527881753947,0.04421052631578947,0.0,,,0.6959157894736843,0.14,0.0,0.0
switch,4,0.05,4,3.0,DeDi,0.13656504523568297,,,,,0.5157473684210526,0.1,,
switch,4,0.05,4,3.0,UASE Borda (default),-0.033641506006478916,,,,,0.8602736842105263,0.34,,
switch,4,0.05,4,3.0,UASE elbow,-0.037014362504753935,,,,,0.7337052631578947,0.42,,
switch,4,0.05,4,3.0,UASE degree-adjusted z,-0.005030345090844363,0.010526315789473684,0.0,,,0.8616842105263158,0.42,0.0,0.0
switch,4,0.05,4,3.0,OMNI Borda (default),-0.12111971077851746,,,,,0.8997263157894737,0.46,,
switch,4,0.05,4,3.0,OMNI elbow,-0.010989496930654936,,,,,0.7379157894736842,0.42,,
switch,4,0.05,4,3.0,OMNI degree-adjusted z,-0.010327836214000215,0.01368421052631579,0.0,,,0.8998105263157895,0.58,0.0,0.0
switch,4,0.05,4,3.0,ASE+Procrustes Borda,0.1922957270862657,,,,,0.9073894736842105,0.5,,
switch,4,0.05,4,3.0,raw rows Borda,0.35910768621350286,,,,,0.6156,0.16,,
switch,4,0.05,4,3.0,raw rows degree-adjusted z,0.006214140759533753,0.04105263157894737,0.0,,,0.6451263157894737,0.08,0.0,0.0
switch,4,0.05,4,,time UASE,,,,0.49566133999996964,2.0,,,,
switch,4,0.05,4,,time OMNI,,,,3.101938711999992,2.0,,,,
switch,4,0.05,4,,time ASE+Procrustes,,,,0.34828578999997717,,,,,
switch,4,0.05,5,1.0,DeDi,0.1412204486870783,,,,,0.49637894736842103,0.02,,
switch,4,0.05,5,1.0,UASE Borda (default),-0.046096409575956954,,,,,0.8686631578947368,0.36,,
switch,4,0.05,5,1.0,UASE elbow,-0.0981267252496177,,,,,0.7853789473684211,0.4,,
switch,4,0.05,5,1.0,UASE degree-adjusted z,-0.013090737533131223,0.011578947368421053,0.0,,,0.8704421052631579,0.42,0.0,0.0
switch,4,0.05,5,1.0,OMNI Borda (default),-0.10825120279702641,,,,,0.876421052631579,0.4,,
switch,4,0.05,5,1.0,OMNI elbow,-0.08230219628689128,,,,,0.7975473684210527,0.4,,
switch,4,0.05,5,1.0,OMNI degree-adjusted z,-0.014009089006122721,0.014736842105263158,0.0,,,0.8807578947368421,0.42,0.0,0.0
switch,4,0.05,5,1.0,ASE+Procrustes Borda,0.23839896176728084,,,,,0.8704526315789474,0.38,,
switch,4,0.05,5,1.0,raw rows Borda,0.37769576805048727,,,,,0.5916421052631579,0.12,,
switch,4,0.05,5,1.0,raw rows degree-adjusted z,0.060114401775022024,0.03894736842105263,0.0,,,0.6098842105263158,0.16,0.0,0.0
switch,4,0.05,5,2.0,DeDi,0.17270568735112435,,,,,0.519242105263158,0.08,,
switch,4,0.05,5,2.0,UASE Borda (default),-0.07183545996059536,,,,,0.8679894736842105,0.42,,
switch,4,0.05,5,2.0,UASE elbow,-0.08795291764892271,,,,,0.7264526315789473,0.34,,
switch,4,0.05,5,2.0,UASE degree-adjusted z,-0.009282072440423493,0.015789473684210527,0.0,,,0.8694105263157895,0.5,0.0,0.0
switch,4,0.05,5,2.0,OMNI Borda (default),-0.1243387937267531,,,,,0.9018526315789474,0.5,,
switch,4,0.05,5,2.0,OMNI elbow,-0.06963649413239342,,,,,0.7458631578947369,0.38,,
switch,4,0.05,5,2.0,OMNI degree-adjusted z,-0.022153735755930836,0.01263157894736842,0.0,,,0.9022315789473684,0.56,0.0,0.0
switch,4,0.05,5,2.0,ASE+Procrustes Borda,0.1720574348250012,,,,,0.8955894736842105,0.5,,
switch,4,0.05,5,2.0,raw rows Borda,0.38970911922781726,,,,,0.6623684210526316,0.14,,
switch,4,0.05,5,2.0,raw rows degree-adjusted z,0.023389074108203366,0.04631578947368421,0.0,,,0.6812421052631579,0.2,0.0,0.0
switch,4,0.05,5,3.0,DeDi,0.14014354525281264,,,,,0.49817894736842105,0.06,,
switch,4,0.05,5,3.0,UASE Borda (default),-0.032393198106278755,,,,,0.8517157894736842,0.36,,
switch,4,0.05,5,3.0,UASE elbow,-0.09552106606184864,,,,,0.6894526315789473,0.32,,
switch,4,0.05,5,3.0,UASE degree-adjusted z,-0.0304146757203403,0.005263157894736842,0.0,,,0.8564842105263157,0.44,0.0,0.0
switch,4,0.05,5,3.0,OMNI Borda (default),-0.10498603778437926,,,,,0.8778,0.38,,
switch,4,0.05,5,3.0,OMNI elbow,-0.08595848755553695,,,,,0.7024,0.38,,
switch,4,0.05,5,3.0,OMNI degree-adjusted z,-0.03669564664064178,0.010526315789473684,0.0,,,0.8934526315789474,0.46,0.0,0.0
switch,4,0.05,5,3.0,ASE+Procrustes Borda,0.17660660707594109,,,,,0.8955368421052632,0.5,,
switch,4,0.05,5,3.0,raw rows Borda,0.37180871063489607,,,,,0.6447894736842106,0.16,,
switch,4,0.05,5,3.0,raw rows degree-adjusted z,0.03201216456223362,0.04105263157894737,0.0,,,0.6550421052631579,0.12,0.0,0.0
switch,4,0.05,5,,time UASE,,,,0.6309052280000174,2.0,,,,
switch,4,0.05,5,,time OMNI,,,,2.7367323380000244,2.0,,,,
switch,4,0.05,5,,time ASE+Procrustes,,,,0.3412225069999977,,,,,
switch,4,0.05,6,1.0,DeDi,0.16569780186023655,,,,,0.4397052631578947,0.04,,
switch,4,0.05,6,1.0,UASE Borda (default),0.03523420609599513,,,,,0.8134526315789473,0.34,,
switch,4,0.05,6,1.0,UASE elbow,0.025207792691328078,,,,,0.7796842105263158,0.42,,
switch,4,0.05,6,1.0,UASE degree-adjusted z,-0.024459210180643357,0.007368421052631579,0.0,,,0.8243157894736842,0.44,0.0,0.0
switch,4,0.05,6,1.0,OMNI Borda (default),-0.04709378364670605,,,,,0.8352526315789474,0.34,,
switch,4,0.05,6,1.0,OMNI elbow,0.03919748627029285,,,,,0.7860421052631579,0.38,,
switch,4,0.05,6,1.0,OMNI degree-adjusted z,-0.02869268468693166,0.015789473684210527,0.0,,,0.8561684210526316,0.42,0.0,0.0
switch,4,0.05,6,1.0,ASE+Procrustes Borda,0.1818889406571905,,,,,0.8359157894736842,0.4,,
switch,4,0.05,6,1.0,raw rows Borda,0.37808057693053637,,,,,0.5853263157894737,0.08,,
switch,4,0.05,6,1.0,raw rows degree-adjusted z,-0.0026716448877151123,0.03894736842105263,0.0,,,0.6310315789473684,0.06,0.0,0.0
switch,4,0.05,6,2.0,DeDi,0.09434576843091814,,,,,0.5052105263157894,0.12,,
switch,4,0.05,6,2.0,UASE Borda (default),-0.013091125968422296,,,,,0.8380421052631579,0.4,,
switch,4,0.05,6,2.0,UASE elbow,0.017740216674854765,,,,,0.7397157894736842,0.38,,
switch,4,0.05,6,2.0,UASE degree-adjusted z,-0.034013536420368785,0.01368421052631579,0.0,,,0.8377473684210527,0.42,0.0,0.0
switch,4,0.05,6,2.0,OMNI Borda (default),-0.08284297420196522,,,,,0.8666736842105263,0.36,,
switch,4,0.05,6,2.0,OMNI elbow,0.01396094879766686,,,,,0.7465894736842106,0.42,,
switch,4,0.05,6,2.0,OMNI degree-adjusted z,-0.03423890444688196,0.011578947368421053,0.0,,,0.8682105263157894,0.42,0.0,0.0
switch,4,0.05,6,2.0,ASE+Procrustes Borda,0.2052805887555463,,,,,0.8559052631578947,0.46,,
switch,4,0.05,6,2.0,raw rows Borda,0.3557862330704344,,,,,0.6405052631578947,0.14,,
switch,4,0.05,6,2.0,raw rows degree-adjusted z,0.005331706414499172,0.045263157894736845,0.0,,,0.654021052631579,0.14,0.0,0.0
switch,4,0.05,6,3.0,DeDi,0.1434146531921174,,,,,0.4952526315789474,0.06,,
switch,4,0.05,6,3.0,UASE Borda (default),0.005845964935974562,,,,,0.8246947368421053,0.32,,
switch,4,0.05,6,3.0,UASE elbow,-0.05420887993422706,,,,,0.8349894736842105,0.46,,
switch,4,0.05,6,3.0,UASE degree-adjusted z,-0.034354329583631896,0.008421052631578947,0.0,,,0.8304,0.4,0.0,0.0
switch,4,0.05,6,3.0,OMNI Borda (default),-0.0687384081036371,,,,,0.8277473684210527,0.34,,
switch,4,0.05,6,3.0,OMNI elbow,-0.05330739177053106,,,,,0.8491052631578947,0.44,,
switch,4,0.05,6,3.0,OMNI degree-adjusted z,-0.041594694125418274,0.022105263157894735,0.0,,,0.8460842105263158,0.4,0.0,0.0
switch,4,0.05,6,3.0,ASE+Procrustes Borda,0.217957859638677,,,,,0.8776526315789474,0.42,,
switch,4,0.05,6,3.0,raw rows Borda,0.3648853600861801,,,,,0.6475052631578947,0.1,,
switch,4,0.05,6,3.0,raw rows degree-adjusted z,-0.015710637015719568,0.0431578947368421,0.0,,,0.6383684210526316,0.06,0.0,0.0
switch,4,0.05,6,,time UASE,,,,0.45923608399999694,2.0,,,,
switch,4,0.05,6,,time OMNI,,,,2.2874832979999837,2.0,,,,
switch,4,0.05,6,,time ASE+Procrustes,,,,0.33857517799998504,,,,,
switch,4,0.05,7,1.0,DeDi,0.12528291787761234,,,,,0.5300105263157895,0.1,,
switch,4,0.05,7,1.0,UASE Borda (default),-0.0616342515780177,,,,,0.7678421052631579,0.22,,
switch,4,0.05,7,1.0,UASE elbow,-0.13178636193159282,,,,,0.6654947368421053,0.2,,
switch,4,0.05,7,1.0,UASE degree-adjusted z,-0.026328577562361618,0.01368421052631579,0.0,,,0.7648,0.28,0.0,0.0
switch,4,0.05,7,1.0,OMNI Borda (default),-0.1436520522007923,,,,,0.8334631578947368,0.3,,
switch,4,0.05,7,1.0,OMNI elbow,-0.19279103216699006,,,,,0.5779578947368421,0.1,,
switch,4,0.05,7,1.0,OMNI degree-adjusted z,-0.02985944832642229,0.02631578947368421,0.0,,,0.8306526315789474,0.4,0.0,0.0
switch,4,0.05,7,1.0,ASE+Procrustes Borda,0.1727792052953476,,,,,0.8673473684210526,0.38,,
switch,4,0.05,7,1.0,raw rows Borda,0.3420844385182601,,,,,0.6045368421052632,0.12,,
switch,4,0.05,7,1.0,raw rows degree-adjusted z,0.008622737355724677,0.031578947368421054,0.0,,,0.6134526315789474,0.12,0.0,0.0
switch,4,0.05,7,2.0,DeDi,0.17703216102059458,,,,,0.5430526315789473,0.04,,
switch,4,0.05,7,2.0,UASE Borda (default),-0.06025205015222717,,,,,0.8072736842105264,0.38,,
switch,4,0.05,7,2.0,UASE elbow,-0.21564938568770367,,,,,0.6172421052631579,0.14,,
switch,4,0.05,7,2.0,UASE degree-adjusted z,-0.00817790248928423,0.010526315789473684,0.0,,,0.7992,0.4,0.0,0.0
switch,4,0.05,7,2.0,OMNI Borda (default),-0.14889085805269467,,,,,0.8409052631578947,0.42,,
switch,4,0.05,7,2.0,OMNI elbow,-0.258116197487931,,,,,0.5150842105263158,0.06,,
switch,4,0.05,7,2.0,OMNI degree-adjusted z,-0.02387415077461584,0.023157894736842106,0.0,,,0.8297263157894736,0.42,0.0,0.0
switch,4,0.05,7,2.0,ASE+Procrustes Borda,0.18951263526174217,,,,,0.8628947368421053,0.36,,
switch,4,0.05,7,2.0,raw rows Borda,0.37485645132676965,,,,,0.5757578947368421,0.12,,
switch,4,0.05,7,2.0,raw rows degree-adjusted z,0.04384983710723331,0.04,0.0,,,0.6205263157894737,0.14,0.0,0.0
switch,4,0.05,7,3.0,DeDi,0.21355145311437568,,,,,0.5246526315789474,0.06,,
switch,4,0.05,7,3.0,UASE Borda (default),-0.012713605776708617,,,,,0.8354,0.32,,
switch,4,0.05,7,3.0,UASE elbow,-0.12419747203825027,,,,,0.6286421052631579,0.12,,
switch,4,0.05,7,3.0,UASE degree-adjusted z,-0.0332910880651892,0.007368421052631579,0.0,,,0.8397052631578947,0.4,0.0,0.0
switch,4,0.05,7,3.0,OMNI Borda (default),-0.09379980477722041,,,,,0.8584736842105263,0.3,,
switch,4,0.05,7,3.0,OMNI elbow,-0.18574365108946955,,,,,0.5230947368421053,0.02,,
switch,4,0.05,7,3.0,OMNI degree-adjusted z,-0.03522275308304124,0.011578947368421053,0.0,,,0.8741894736842105,0.48,0.0,0.0
switch,4,0.05,7,3.0,ASE+Procrustes Borda,0.24338686684374228,,,,,0.8228315789473685,0.32,,
switch,4,0.05,7,3.0,raw rows Borda,0.38574571759553533,,,,,0.6755052631578947,0.14,,
switch,4,0.05,7,3.0,raw rows degree-adjusted z,0.021053693893729682,0.03684210526315789,0.0,,,0.6714105263157895,0.12,0.0,0.0
switch,4,0.05,7,,time UASE,,,,0.5325332219999837,2.0,,,,
switch,4,0.05,7,,time OMNI,,,,2.7850576220000107,2.0,,,,
switch,4,0.05,7,,time ASE+Procrustes,,,,0.36099569599997494,,,,,
switch,4,0.05,8,1.0,DeDi,0.1494387525785633,,,,,0.5440421052631579,0.04,,
switch,4,0.05,8,1.0,UASE Borda (default),0.0006017796568112433,,,,,0.8565052631578948,0.36,,
switch,4,0.05,8,1.0,UASE elbow,-0.038061861970052256,,,,,0.7009684210526316,0.42,,
switch,4,0.05,8,1.0,UASE degree-adjusted z,-0.025692402860588305,0.007368421052631579,0.0,,,0.8688421052631579,0.46,0.0,0.0
switch,4,0.05,8,1.0,OMNI Borda (default),-0.077939991881857,,,,,0.8606736842105264,0.34,,
switch,4,0.05,8,1.0,OMNI elbow,-0.015867883050855434,,,,,0.7176210526315789,0.42,,
switch,4,0.05,8,1.0,OMNI degree-adjusted z,-0.029152471110363804,0.021052631578947368,0.0,,,0.8730947368421053,0.46,0.0,0.0
switch,4,0.05,8,1.0,ASE+Procrustes Borda,0.2532686291998405,,,,,0.8388315789473684,0.42,,
switch,4,0.05,8,1.0,raw rows Borda,0.3890460235238676,,,,,0.5861368421052632,0.14,,
switch,4,0.05,8,1.0,raw rows degree-adjusted z,0.006299708039450342,0.05368421052631579,0.0,,,0.6170842105263158,0.04,0.0,0.0
switch,4,0.05,8,2.0,DeDi,0.17100036756588008,,,,,0.5905473684210526,0.08,,
switch,4,0.05,8,2.0,UASE Borda (default),-0.016161960180720508,,,,,0.8263684210526315,0.32,,
switch,4,0.05,8,2.0,UASE elbow,-0.03427955002385592,,,,,0.764578947368421,0.38,,
switch,4,0.05,8,2.0,UASE degree-adjusted z,-0.03175034819849539,0.015789473684210527,0.0,,,0.8349894736842105,0.36,0.0,0.0
switch,4,0.05,8,2.0,OMNI Borda (default),-0.07463388062893414,,,,,0.8565894736842106,0.38,,
switch,4,0.05,8,2.0,OMNI elbow,-0.03211355051229534,,,,,0.7306,0.42,,
switch,4,0.05,8,2.0,OMNI degree-adjusted z,-0.035758742890478735,0.014736842105263158,0.0,,,0.8677263157894737,0.46,0.0,0.0
switch,4,0.05,8,2.0,ASE+Procrustes Borda,0.2179252436212859,,,,,0.8571894736842105,0.28,,
switch,4,0.05,8,2.0,raw rows Borda,0.39725005675687175,,,,,0.6398105263157895,0.06,,
switch,4,0.05,8,2.0,raw rows degree-adjusted z,0.03540502776046821,0.04421052631578947,0.0,,,0.6729263157894737,0.1,0.0,0.0
switch,4,0.05,8,3.0,DeDi,0.22514008769237248,,,,,0.44982105263157895,0.06,,
switch,4,0.05,8,3.0,UASE Borda (default),0.01380572392922978,,,,,0.8048421052631579,0.34,,
switch,4,0.05,8,3.0,UASE elbow,0.007137589941083261,,,,,0.7369368421052631,0.4,,
switch,4,0.05,8,3.0,UASE degree-adjusted z,-0.024628785573425904,0.01263157894736842,0.0,,,0.8046736842105263,0.36,0.0,0.0
switch,4,0.05,8,3.0,OMNI Borda (default),-0.05177391237133987,,,,,0.8146,0.36,,
switch,4,0.05,8,3.0,OMNI elbow,0.0016427897580882352,,,,,0.7359368421052631,0.42,,
switch,4,0.05,8,3.0,OMNI degree-adjusted z,-0.03439769935029587,0.02526315789473684,0.0,,,0.8110736842105263,0.42,0.0,0.0
switch,4,0.05,8,3.0,ASE+Procrustes Borda,0.20566256869639943,,,,,0.8485684210526315,0.42,,
switch,4,0.05,8,3.0,raw rows Borda,0.3619594798826439,,,,,0.6308421052631579,0.14,,
switch,4,0.05,8,3.0,raw rows degree-adjusted z,-0.0018993216043622398,0.035789473684210524,0.0,,,0.6097473684210526,0.04,0.0,0.0
switch,4,0.05,8,,time UASE,,,,0.4451019339999789,2.0,,,,
switch,4,0.05,8,,time OMNI,,,,2.9261817570000517,2.0,,,,
switch,4,0.05,8,,time ASE+Procrustes,,,,0.40355611700005056,,,,,
switch,4,0.05,9,1.0,DeDi,0.20338206856670807,,,,,0.43569473684210525,0.0,,
switch,4,0.05,9,1.0,UASE Borda (default),-0.003220814780649338,,,,,0.8161578947368421,0.3,,
switch,4,0.05,9,1.0,UASE elbow,-0.04233051994600326,,,,,0.7418421052631579,0.44,,
switch,4,0.05,9,1.0,UASE degree-adjusted z,-0.028185828172569136,0.008421052631578947,0.0,,,0.8212,0.3,0.0,0.0
switch,4,0.05,9,1.0,OMNI Borda (default),-0.09606282387610295,,,,,0.835557894736842,0.3,,
switch,4,0.05,9,1.0,OMNI elbow,-0.028520178455519136,,,,,0.7249368421052632,0.42,,
switch,4,0.05,9,1.0,OMNI degree-adjusted z,-0.02650949023877526,0.017894736842105262,0.0,,,0.8425473684210526,0.4,0.0,0.0
switch,4,0.05,9,1.0,ASE+Procrustes Borda,0.19629054763643033,,,,,0.8080842105263157,0.4,,
switch,4,0.05,9,1.0,raw rows Borda,0.35811983263809455,,,,,0.582557894736842,0.1,,
switch,4,0.05,9,1.0,raw rows degree-adjusted z,-0.00758483605282073,0.023157894736842106,0.0,,,0.5927473684210526,0.08,0.0,0.0
switch,4,0.05,9,2.0,DeDi,0.19910651262837184,,,,,0.421,0.06,,
switch,4,0.05,9,2.0,UASE Borda (default),-0.006402011914117377,,,,,0.7440105263157895,0.36,,
switch,4,0.05,9,2.0,UASE elbow,0.005531502213557031,,,,,0.7496736842105263,0.34,,
switch,4,0.05,9,2.0,UASE degree-adjusted z,-0.03258476308957836,0.008421052631578947,0.0,,,0.7560631578947369,0.4,0.0,0.0
switch,4,0.05,9,2.0,OMNI Borda (default),-0.10347125972822523,,,,,0.7888,0.34,,
switch,4,0.05,9,2.0,OMNI elbow,0.04050693693051854,,,,,0.7342631578947368,0.42,,
switch,4,0.05,9,2.0,OMNI degree-adjusted z,-0.03566449688076365,0.011578947368421053,0.0,,,0.7969263157894737,0.38,0.0,0.0
switch,4,0.05,9,2.0,ASE+Procrustes Borda,0.1936763408025476,,,,,0.8056631578947369,0.4,,
switch,4,0.05,9,2.0,raw rows Borda,0.33967444197236013,,,,,0.5043894736842105,0.14,,
switch,4,0.05,9,2.0,raw rows degree-adjusted z,-0.00762202709651323,0.02631578947368421,0.0,,,0.5282210526315789,0.04,0.0,0.0
switch,4,0.05,9,3.0,DeDi,0.18983484513772508,,,,,0.5273789473684211,0.06,,
switch,4,0.05,9,3.0,UASE Borda (default),0.036389036082130566,,,,,0.837378947368421,0.44,,
switch,4,0.05,9,3.0,UASE elbow,0.023590660298036872,,,,,0.6804105263157895,0.3,,
switch,4,0.05,9,3.0,UASE degree-adjusted z,-0.023935440696191013,0.004210526315789474,0.0,,,0.8450947368421052,0.42,0.0,0.0
switch,4,0.05,9,3.0,OMNI Borda (default),-0.06583657500154484,,,,,0.8647157894736842,0.38,,
switch,4,0.05,9,3.0,OMNI elbow,0.0395775733002261,,,,,0.7261473684210527,0.34,,
switch,4,0.05,9,3.0,OMNI degree-adjusted z,-0.03005249592668736,0.015789473684210527,0.0,,,0.8769473684210526,0.48,0.0,0.0
switch,4,0.05,9,3.0,ASE+Procrustes Borda,0.2128169350216167,,,,,0.8934315789473685,0.42,,
switch,4,0.05,9,3.0,raw rows Borda,0.37767397686054127,,,,,0.6211157894736842,0.14,,
switch,4,0.05,9,3.0,raw rows degree-adjusted z,0.0018075371869434925,0.049473684210526316,0.0,,,0.6178736842105264,0.1,0.0,0.0
switch,4,0.05,9,,time UASE,,,,0.6423163780000323,2.0,,,,
switch,4,0.05,9,,time OMNI,,,,2.876973440000029,2.0,,,,
switch,4,0.05,9,,time ASE+Procrustes,,,,0.38076471300001913,,,,,
switch,8,0.0,0,1.0,DeDi,0.16473815525839178,,,,,,,,
switch,8,0.0,0,1.0,UASE Borda (default),-0.1164591904986449,,,,,,,,
switch,8,0.0,0,1.0,UASE elbow,-0.06939834493071373,,,,,,,,
switch,8,0.0,0,1.0,UASE degree-adjusted z,-0.009772567551613631,0.007,0.0,,,,,,
switch,8,0.0,0,1.0,OMNI Borda (default),-0.19392983358242694,,,,,,,,
switch,8,0.0,0,1.0,OMNI elbow,-0.030706805856135697,,,,,,,,
switch,8,0.0,0,1.0,OMNI degree-adjusted z,-0.022705073899057265,0.025,0.0,,,,,,
switch,8,0.0,0,1.0,ASE+Procrustes Borda,0.1775695480684989,,,,,,,,
switch,8,0.0,0,1.0,raw rows Borda,0.3830242083393155,,,,,,,,
switch,8,0.0,0,1.0,raw rows degree-adjusted z,0.04742076773659719,0.034,0.0,,,,,,
switch,8,0.0,0,2.0,DeDi,0.2052401470833907,,,,,,,,
switch,8,0.0,0,2.0,UASE Borda (default),-0.05634457286004643,,,,,,,,
switch,8,0.0,0,2.0,UASE elbow,-0.03675304213337223,,,,,,,,
switch,8,0.0,0,2.0,UASE degree-adjusted z,-0.0016233119255274159,0.008,0.0,,,,,,
switch,8,0.0,0,2.0,OMNI Borda (default),-0.14647131740734565,,,,,,,,
switch,8,0.0,0,2.0,OMNI elbow,0.014403171995757694,,,,,,,,
switch,8,0.0,0,2.0,OMNI degree-adjusted z,-0.006074290362544972,0.017,0.0,,,,,,
switch,8,0.0,0,2.0,ASE+Procrustes Borda,0.22081544262215327,,,,,,,,
switch,8,0.0,0,2.0,raw rows Borda,0.3890810915522386,,,,,,,,
switch,8,0.0,0,2.0,raw rows degree-adjusted z,0.024110455248944097,0.037,0.0,,,,,,
switch,8,0.0,0,3.0,DeDi,0.23124827079814306,,,,,,,,
switch,8,0.0,0,3.0,UASE Borda (default),-0.0812097299723339,,,,,,,,
switch,8,0.0,0,3.0,UASE elbow,-0.04106902872526925,,,,,,,,
switch,8,0.0,0,3.0,UASE degree-adjusted z,-0.006923911349557726,0.013,0.0,,,,,,
switch,8,0.0,0,3.0,OMNI Borda (default),-0.1537291605242428,,,,,,,,
switch,8,0.0,0,3.0,OMNI elbow,0.0031555422119842144,,,,,,,,
switch,8,0.0,0,3.0,OMNI degree-adjusted z,-0.01661835814177221,0.02,0.0,,,,,,
switch,8,0.0,0,3.0,ASE+Procrustes Borda,0.22780832035034793,,,,,,,,
switch,8,0.0,0,3.0,raw rows Borda,0.3718048686666483,,,,,,,,
switch,8,0.0,0,3.0,raw rows degree-adjusted z,0.04940379693215757,0.037,0.0,,,,,,
switch,8,0.0,0,4.0,DeDi,0.09991580760537155,,,,,,,,
switch,8,0.0,0,4.0,UASE Borda (default),-0.06360721687751951,,,,,,,,
switch,8,0.0,0,4.0,UASE elbow,-0.007531306456346205,,,,,,,,
switch,8,0.0,0,4.0,UASE degree-adjusted z,-0.006147565717235152,0.012,0.0,,,,,,
switch,8,0.0,0,4.0,OMNI Borda (default),-0.11060413847302167,,,,,,,,
switch,8,0.0,0,4.0,OMNI elbow,0.03604221006241545,,,,,,,,
switch,8,0.0,0,4.0,OMNI degree-adjusted z,-0.017988969427277603,0.015,0.0,,,,,,
switch,8,0.0,0,4.0,ASE+Procrustes Borda,0.22364225401428203,,,,,,,,
switch,8,0.0,0,4.0,raw rows Borda,0.3973011897825607,,,,,,,,
switch,8,0.0,0,4.0,raw rows degree-adjusted z,0.0828711747284119,0.047,0.0,,,,,,
switch,8,0.0,0,5.0,DeDi,0.1585457033926601,,,,,,,,
switch,8,0.0,0,5.0,UASE Borda (default),-0.07203715151969808,,,,,,,,
switch,8,0.0,0,5.0,UASE elbow,-0.061841830215107994,,,,,,,,
switch,8,0.0,0,5.0,UASE degree-adjusted z,-0.006721672242171833,0.012,0.0,,,,,,
switch,8,0.0,0,5.0,OMNI Borda (default),-0.13939977370631568,,,,,,,,
switch,8,0.0,0,5.0,OMNI elbow,-0.03488988171085059,,,,,,,,
switch,8,0.0,0,5.0,OMNI degree-adjusted z,-0.01654558043446084,0.013,0.0,,,,,,
switch,8,0.0,0,5.0,ASE+Procrustes Borda,0.21434943421790867,,,,,,,,
switch,8,0.0,0,5.0,raw rows Borda,0.3668397014380491,,,,,,,,
switch,8,0.0,0,5.0,raw rows degree-adjusted z,0.055740971597851054,0.032,0.0,,,,,,
switch,8,0.0,0,6.0,DeDi,0.15469336356675234,,,,,,,,
switch,8,0.0,0,6.0,UASE Borda (default),-0.0600233825011475,,,,,,,,
switch,8,0.0,0,6.0,UASE elbow,-0.04279023299894706,,,,,,,,
switch,8,0.0,0,6.0,UASE degree-adjusted z,-0.005629942241292051,0.009,0.0,,,,,,
switch,8,0.0,0,6.0,OMNI Borda (default),-0.1439188407157029,,,,,,,,
switch,8,0.0,0,6.0,OMNI elbow,-0.0046256634573397706,,,,,,,,
switch,8,0.0,0,6.0,OMNI degree-adjusted z,-0.01321881820166893,0.021,0.0,,,,,,
switch,8,0.0,0,6.0,ASE+Procrustes Borda,0.22617173278014127,,,,,,,,
switch,8,0.0,0,6.0,raw rows Borda,0.37879662756655524,,,,,,,,
switch,8,0.0,0,6.0,raw rows degree-adjusted z,0.040687168164874554,0.046,0.0,,,,,,
switch,8,0.0,0,7.0,DeDi,0.1612548785717153,,,,,,,,
switch,8,0.0,0,7.0,UASE Borda (default),-0.0737408415685138,,,,,,,,
switch,8,0.0,0,7.0,UASE elbow,-0.008515857539303257,,,,,,,,
switch,8,0.0,0,7.0,UASE degree-adjusted z,-0.0033593226139372032,0.011,0.0,,,,,,
switch,8,0.0,0,7.0,OMNI Borda (default),-0.11148435543155362,,,,,,,,
switch,8,0.0,0,7.0,OMNI elbow,0.002354614086404375,,,,,,,,
switch,8,0.0,0,7.0,OMNI degree-adjusted z,-0.009828546849099676,0.017,0.0,,,,,,
switch,8,0.0,0,7.0,ASE+Procrustes Borda,0.2590592353531214,,,,,,,,
switch,8,0.0,0,7.0,raw rows Borda,0.3749863320345973,,,,,,,,
switch,8,0.0,0,7.0,raw rows degree-adjusted z,0.050829746276955946,0.032,0.0,,,,,,
switch,8,0.0,0,,time UASE,,,,0.7897288949999961,2.0,,,,
switch,8,0.0,0,,time OMNI,,,,13.200046450999992,2.0,,,,
switch,8,0.0,0,,time ASE+Procrustes,,,,0.6815154459999917,,,,,
switch,8,0.0,3,1.0,DeDi,0.15760420338831843,,,,,,,,
switch,8,0.0,3,1.0,UASE Borda (default),-0.004015439801612118,,,,,,,,
switch,8,0.0,3,1.0,UASE elbow,-0.026608077891019592,,,,,,,,
switch,8,0.0,3,1.0,UASE degree-adjusted z,-0.0013375717411529759,0.009,0.0,,,,,,
switch,8,0.0,3,1.0,OMNI Borda (default),-0.05277624155982922,,,,,,,,
switch,8,0.0,3,1.0,OMNI elbow,0.0042351742013194155,,,,,,,,
switch,8,0.0,3,1.0,OMNI degree-adjusted z,-0.01188879450388034,0.016,0.0,,,,,,
switch,8,0.0,3,1.0,ASE+Procrustes Borda,0.31483010177994664,,,,,,,,
switch,8,0.0,3,1.0,raw rows Borda,0.40794199697643413,,,,,,,,
switch,8,0.0,3,1.0,raw rows degree-adjusted z,0.008923571702441575,0.02702702702702703,0.0,,,,,,
switch,8,0.0,3,2.0,DeDi,0.18356590409157839,,,,,,,,
switch,8,0.0,3,2.0,UASE Borda (default),0.02318577266200595,,,,,,,,
switch,8,0.0,3,2.0,UASE elbow,-0.027308536641229553,,,,,,,,
switch,8,0.0,3,2.0,UASE degree-adjusted z,-0.0008310611308627124,0.015,0.0,,,,,,
switch,8,0.0,3,2.0,OMNI Borda (default),-0.017267064809762787,,,,,,,,
switch,8,0.0,3,2.0,OMNI elbow,-0.008112103651288723,,,,,,,,
switch,8,0.0,3,2.0,OMNI degree-adjusted z,-0.009042840888481786,0.025,0.0,,,,,,
switch,8,0.0,3,2.0,ASE+Procrustes Borda,0.3292713623088237,,,,,,,,
switch,8,0.0,3,2.0,raw rows Borda,0.43603080430614083,,,,,,,,
switch,8,0.0,3,2.0,raw rows degree-adjusted z,0.038259311848719835,0.031031031031031032,0.0,,,,,,
switch,8,0.0,3,3.0,DeDi,0.21113923753303232,,,,,,,,
switch,8,0.0,3,3.0,UASE Borda (default),-0.03595676871918385,,,,,,,,
switch,8,0.0,3,3.0,UASE elbow,-0.009399471901651732,,,,,,,,
switch,8,0.0,3,3.0,UASE degree-adjusted z,-0.002631208555422913,0.01,0.0,,,,,,
switch,8,0.0,3,3.0,OMNI Borda (default),-0.09324209218640722,,,,,,,,
switch,8,0.0,3,3.0,OMNI elbow,0.018526408118119182,,,,,,,,
switch,8,0.0,3,3.0,OMNI degree-adjusted z,-0.011560793942889475,0.029,0.0,,,,,,
switch,8,0.0,3,3.0,ASE+Procrustes Borda,0.2691593855932596,,,,,,,,
switch,8,0.0,3,3.0,raw rows Borda,0.45517350795210604,,,,,,,,
switch,8,0.0,3,3.0,raw rows degree-adjusted z,0.017189687602422617,0.037037037037037035,0.0,,,,,,
switch,8,0.0,3,4.0,DeDi,0.19277893910013352,,,,,,,,
switch,8,0.0,3,4.0,UASE Borda (default),-0.058026200814991734,,,,,,,,
switch,8,0.0,3,4.0,UASE elbow,-0.03323321252525153,,,,,,,,
switch,8,0.0,3,4.0,UASE degree-adjusted z,-0.008459734176828377,0.018,0.0,,,,,,
switch,8,0.0,3,4.0,OMNI Borda (default),-0.11917206475126113,,,,,,,,
switch,8,0.0,3,4.0,OMNI elbow,-0.010279045707272203,,,,,,,,
switch,8,0.0,3,4.0,OMNI degree-adjusted z,-0.01250522568229814,0.017,0.0,,,,,,
switch,8,0.0,3,4.0,ASE+Procrustes Borda,0.2710907115674672,,,,,,,,
switch,8,0.0,3,4.0,raw rows Borda,0.4170075144165085,,,,,,,,
switch,8,0.0,3,4.0,raw rows degree-adjusted z,0.011460287882590788,0.01701701701701702,0.0,,,,,,
switch,8,0.0,3,5.0,DeDi,0.10797029583003853,,,,,,,,
switch,8,0.0,3,5.0,UASE Borda (default),-0.00458850050058795,,,,,,,,
switch,8,0.0,3,5.0,UASE elbow,-0.09659635649111166,,,,,,,,
switch,8,0.0,3,5.0,UASE degree-adjusted z,-0.00039406114982602254,0.013,0.0,,,,,,
switch,8,0.0,3,5.0,OMNI Borda (default),-0.07448019278170481,,,,,,,,
switch,8,0.0,3,5.0,OMNI elbow,-0.07789809836174566,,,,,,,,
switch,8,0.0,3,5.0,OMNI degree-adjusted z,-0.011525669058278473,0.017,0.0,,,,,,
switch,8,0.0,3,5.0,ASE+Procrustes Borda,0.27804410145680686,,,,,,,,
switch,8,0.0,3,5.0,raw rows Borda,0.40754652941067093,,,,,,,,
switch,8,0.0,3,5.0,raw rows degree-adjusted z,0.010222547301872812,0.03003003003003003,0.0,,,,,,
switch,8,0.0,3,6.0,DeDi,0.14330990557404452,,,,,,,,
switch,8,0.0,3,6.0,UASE Borda (default),-0.014697025839245498,,,,,,,,
switch,8,0.0,3,6.0,UASE elbow,-0.007220353574293725,,,,,,,,
switch,8,0.0,3,6.0,UASE degree-adjusted z,-0.007737155537278531,0.007,0.0,,,,,,
switch,8,0.0,3,6.0,OMNI Borda (default),-0.06623939130053697,,,,,,,,
switch,8,0.0,3,6.0,OMNI elbow,0.013246032916480951,,,,,,,,
switch,8,0.0,3,6.0,OMNI degree-adjusted z,-0.014625168449620942,0.02,0.0,,,,,,
switch,8,0.0,3,6.0,ASE+Procrustes Borda,0.3212058488573979,,,,,,,,
switch,8,0.0,3,6.0,raw rows Borda,0.414130498408172,,,,,,,,
switch,8,0.0,3,6.0,raw rows degree-adjusted z,0.010831956624883168,0.02002002002002002,0.0,,,,,,
switch,8,0.0,3,7.0,DeDi,0.19986949248438893,,,,,,,,
switch,8,0.0,3,7.0,UASE Borda (default),0.017357604432559084,,,,,,,,
switch,8,0.0,3,7.0,UASE elbow,-0.03341975518692187,,,,,,,,
switch,8,0.0,3,7.0,UASE degree-adjusted z,-0.0042916096277373856,0.024,0.0,,,,,,
switch,8,0.0,3,7.0,OMNI Borda (default),-0.054222486581500244,,,,,,,,
switch,8,0.0,3,7.0,OMNI elbow,-0.016353896375305144,,,,,,,,
switch,8,0.0,3,7.0,OMNI degree-adjusted z,-0.014315818642751263,0.026,0.0,,,,,,
switch,8,0.0,3,7.0,ASE+Procrustes Borda,0.3101171370577793,,,,,,,,
switch,8,0.0,3,7.0,raw rows Borda,0.4260967751867363,,,,,,,,
switch,8,0.0,3,7.0,raw rows degree-adjusted z,0.0095220102331877,0.03403403403403404,0.0,,,,,,
switch,8,0.0,3,,time UASE,,,,0.828288305000001,2.0,,,,
switch,8,0.0,3,,time OMNI,,,,13.148701956000025,2.0,,,,
switch,8,0.0,3,,time ASE+Procrustes,,,,0.6578252809999867,,,,,
switch,8,0.0,1,1.0,DeDi,0.1535505106294164,,,,,,,,
switch,8,0.0,1,1.0,UASE Borda (default),-0.1427873872743449,,,,,,,,
switch,8,0.0,1,1.0,UASE elbow,-0.09196316978515426,,,,,,,,
switch,8,0.0,1,1.0,UASE degree-adjusted z,-0.001530103356113309,0.016,0.0,,,,,,
switch,8,0.0,1,1.0,OMNI Borda (default),-0.1828677017359408,,,,,,,,
switch,8,0.0,1,1.0,OMNI elbow,-0.06565002610000191,,,,,,,,
switch,8,0.0,1,1.0,OMNI degree-adjusted z,-0.009409747700201039,0.021,0.0,,,,,,
switch,8,0.0,1,1.0,ASE+Procrustes Borda,0.15558746537900053,,,,,,,,
switch,8,0.0,1,1.0,raw rows Borda,0.3361861264922566,,,,,,,,
switch,8,0.0,1,1.0,raw rows degree-adjusted z,0.056073670435671435,0.046,0.0,,,,,,
switch,8,0.0,1,2.0,DeDi,0.27954003825296847,,,,,,,,
switch,8,0.0,1,2.0,UASE Borda (default),-0.11061907006244985,,,,,,,,
switch,8,0.0,1,2.0,UASE elbow,-0.052912852216427865,,,,,,,,
switch,8,0.0,1,2.0,UASE degree-adjusted z,-0.0039627915478074515,0.009,0.0,,,,,,
switch,8,0.0,1,2.0,OMNI Borda (default),-0.14024290450995813,,,,,,,,
switch,8,0.0,1,2.0,OMNI elbow,-0.027107313070184217,,,,,,,,
switch,8,0.0,1,2.0,OMNI degree-adjusted z,-0.006958581693533168,0.011,0.0,,,,,,
switch,8,0.0,1,2.0,ASE+Procrustes Borda,0.1448390355055408,,,,,,,,
switch,8,0.0,1,2.0,raw rows Borda,0.34742958488967784,,,,,,,,
switch,8,0.0,1,2.0,raw rows degree-adjusted z,0.022451416115426965,0.048,0.0,,,,,,
switch,8,0.0,1,3.0,DeDi,0.21219613084219088,,,,,,,,
switch,8,0.0,1,3.0,UASE Borda (default),-0.09230632034052252,,,,,,,,
switch,8,0.0,1,3.0,UASE elbow,-0.018587875561864586,,,,,,,,
switch,8,0.0,1,3.0,UASE degree-adjusted z,-0.0032800647455584484,0.01,0.0,,,,,,
switch,8,0.0,1,3.0,OMNI Borda (default),-0.1490207800163109,,,,,,,,
switch,8,0.0,1,3.0,OMNI elbow,0.0004929708797792653,,,,,,,,
switch,8,0.0,1,3.0,OMNI degree-adjusted z,-0.012577479962903954,0.022,0.0,,,,,,
switch,8,0.0,1,3.0,ASE+Procrustes Borda,0.16301481574098783,,,,,,,,
switch,8,0.0,1,3.0,raw rows Borda,0.36303996264753785,,,,,,,,
switch,8,0.0,1,3.0,raw rows degree-adjusted z,0.022746728906731066,0.04,0.0,,,,,,
switch,8,0.0,1,4.0,DeDi,0.13468729657474038,,,,,,,,
switch,8,0.0,1,4.0,UASE Borda (default),-0.08951360677342095,,,,,,,,
switch,8,0.0,1,4.0,UASE elbow,-0.039742000637504715,,,,,,,,
switch,8,0.0,1,4.0,UASE degree-adjusted z,-0.006435819465217362,0.014,0.0,,,,,,
switch,8,0.0,1,4.0,OMNI Borda (default),-0.13573360960998498,,,,,,,,
switch,8,0.0,1,4.0,OMNI elbow,-0.023336766781646413,,,,,,,,
switch,8,0.0,1,4.0,OMNI degree-adjusted z,-0.02102723609989669,0.018,0.0,,,,,,
switch,8,0.0,1,4.0,ASE+Procrustes Borda,0.1544167808698071,,,,,,,,
switch,8,0.0,1,4.0,raw rows Borda,0.3713157299187764,,,,,,,,
switch,8,0.0,1,4.0,raw rows degree-adjusted z,0.017294786483663095,0.041,0.0,,,,,,
switch,8,0.0,1,5.0,DeDi,0.21525157292747596,,,,,,,,
switch,8,0.0,1,5.0,UASE Borda (default),-0.10114749490880827,,,,,,,,
switch,8,0.0,1,5.0,UASE elbow,-0.017695432558704847,,,,,,,,
switch,8,0.0,1,5.0,UASE degree-adjusted z,-0.006338302374361488,0.013,0.0,,,,,,
switch,8,0.0,1,5.0,OMNI Borda (default),-0.1271153582105436,,,,,,,,
switch,8,0.0,1,5.0,OMNI elbow,-0.011618962486747271,,,,,,,,
switch,8,0.0,1,5.0,OMNI degree-adjusted z,-0.010873300849417194,0.033,0.0,,,,,,
switch,8,0.0,1,5.0,ASE+Procrustes Borda,0.20229092147056485,,,,,,,,
switch,8,0.0,1,5.0,raw rows Borda,0.3540344514306331,,,,,,,,
switch,8,0.0,1,5.0,raw rows degree-adjusted z,0.024850592615378007,0.043,0.0,,,,,,
switch,8,0.0,1,6.0,DeDi,0.22591759464398825,,,,,,,,
switch,8,0.0,1,6.0,UASE Borda (default),-0.12189022715107993,,,,,,,,
switch,8,0.0,1,6.0,UASE elbow,-0.08666537936658159,,,,,,,,
switch,8,0.0,1,6.0,UASE degree-adjusted z,-0.000418660949131259,0.023,0.0,,,,,,
switch,8,0.0,1,6.0,OMNI Borda (default),-0.16587055684114335,,,,,,,,
switch,8,0.0,1,6.0,OMNI elbow,-0.06471503198049303,,,,,,,,
switch,8,0.0,1,6.0,OMNI degree-adjusted z,-0.012049291221689814,0.022,0.0,,,,,,
switch,8,0.0,1,6.0,ASE+Procrustes Borda,0.21693188812168082,,,,,,,,
switch,8,0.0,1,6.0,raw rows Borda,0.35143982778814997,,,,,,,,
switch,8,0.0,1,6.0,raw rows degree-adjusted z,0.04332914055630431,0.041,0.0,,,,,,
switch,8,0.0,1,7.0,DeDi,0.19479071750051494,,,,,,,,
switch,8,0.0,1,7.0,UASE Borda (default),-0.07800442313986178,,,,,,,,
switch,8,0.0,1,7.0,UASE elbow,-0.0867461646466222,,,,,,,,
switch,8,0.0,1,7.0,UASE degree-adjusted z,-0.00853960286559636,0.015,0.0,,,,,,
switch,8,0.0,1,7.0,OMNI Borda (default),-0.12866258475668918,,,,,,,,
switch,8,0.0,1,7.0,OMNI elbow,-0.06470541600056948,,,,,,,,
switch,8,0.0,1,7.0,OMNI degree-adjusted z,-0.014310495324432035,0.028,0.0,,,,,,
switch,8,0.0,1,7.0,ASE+Procrustes Borda,0.23489129568560774,,,,,,,,
switch,8,0.0,1,7.0,raw rows Borda,0.36582900626894493,,,,,,,,
switch,8,0.0,1,7.0,raw rows degree-adjusted z,0.022833408910780544,0.054,0.0,,,,,,
switch,8,0.0,1,,time UASE,,,,1.6369040349999864,2.0,,,,
switch,8,0.0,1,,time OMNI,,,,14.525302609999983,2.0,,,,
switch,8,0.0,1,,time ASE+Procrustes,,,,0.701696701000003,,,,,
switch,8,0.0,2,1.0,DeDi,0.1980324226602627,,,,,,,,
switch,8,0.0,2,1.0,UASE Borda (default),-0.1129198515453354,,,,,,,,
switch,8,0.0,2,1.0,UASE elbow,-0.01986582443329592,,,,,,,,
switch,8,0.0,2,1.0,UASE degree-adjusted z,-0.003480514781217815,0.015,0.0,,,,,,
switch,8,0.0,2,1.0,OMNI Borda (default),-0.16458209134086327,,,,,,,,
switch,8,0.0,2,1.0,OMNI elbow,-0.008457417040972444,,,,,,,,
switch,8,0.0,2,1.0,OMNI degree-adjusted z,-0.01544061689769388,0.014,0.0,,,,,,
switch,8,0.0,2,1.0,ASE+Procrustes Borda,0.1613635757065425,,,,,,,,
switch,8,0.0,2,1.0,raw rows Borda,0.3589690534125423,,,,,,,,
switch,8,0.0,2,1.0,raw rows degree-adjusted z,0.025437096325947862,0.033,0.0,,,,,,
switch,8,0.0,2,2.0,DeDi,0.20189116852723596,,,,,,,,
switch,8,0.0,2,2.0,UASE Borda (default),-0.05088385839332721,,,,,,,,
switch,8,0.0,2,2.0,UASE elbow,-0.05113946323430956,,,,,,,,
switch,8,0.0,2,2.0,UASE degree-adjusted z,-0.0008981422357686814,0.007,0.0,,,,,,
switch,8,0.0,2,2.0,OMNI Borda (default),-0.11699347331009032,,,,,,,,
switch,8,0.0,2,2.0,OMNI elbow,-0.024331487179420106,,,,,,,,
switch,8,0.0,2,2.0,OMNI degree-adjusted z,-0.01732528524045673,0.015,0.0,,,,,,
switch,8,0.0,2,2.0,ASE+Procrustes Borda,0.23669745932358058,,,,,,,,
switch,8,0.0,2,2.0,raw rows Borda,0.36993327478134014,,,,,,,,
switch,8,0.0,2,2.0,raw rows degree-adjusted z,0.029044076306677262,0.04,0.0,,,,,,
switch,8,0.0,2,3.0,DeDi,0.15501600675928212,,,,,,,,
switch,8,0.0,2,3.0,UASE Borda (default),-0.033255558893995014,,,,,,,,
switch,8,0.0,2,3.0,UASE elbow,-0.1001405804006407,,,,,,,,
switch,8,0.0,2,3.0,UASE degree-adjusted z,0.0033925494851173733,0.005,0.0,,,,,,
switch,8,0.0,2,3.0,OMNI Borda (default),-0.11980066023903783,,,,,,,,
switch,8,0.0,2,3.0,OMNI elbow,-0.06438795006545651,,,,,,,,
switch,8,0.0,2,3.0,OMNI degree-adjusted z,-0.009329308564045815,0.019,0.0,,,,,,
switch,8,0.0,2,3.0,ASE+Procrustes Borda,0.215512555816821,,,,,,,,
switch,8,0.0,2,3.0,raw rows Borda,0.38229724456624403,,,,,,,,
switch,8,0.0,2,3.0,raw rows degree-adjusted z,0.04144065087783227,0.038,0.0,,,,,,
switch,8,0.0,2,4.0,DeDi,0.13835388558956235,,,,,,,,
switch,8,0.0,2,4.0,UASE Borda (default),-0.0782745662556155,,,,,,,,
switch,8,0.0,2,4.0,UASE elbow,-0.10289596604254399,,,,,,,,
switch,8,0.0,2,4.0,UASE degree-adjusted z,-0.003481024281326276,0.008,0.0,,,,,,
switch,8,0.0,2,4.0,OMNI Borda (default),-0.16748771472973406,,,,,,,,
switch,8,0.0,2,4.0,OMNI elbow,-0.09802828875998568,,,,,,,,
switch,8,0.0,2,4.0,OMNI degree-adjusted z,-0.011595997533293882,0.016,0.0,,,,,,
switch,8,0.0,2,4.0,ASE+Procrustes Borda,0.21497050199903112,,,,,,,,
switch,8,0.0,2,4.0,raw rows Borda,0.3851444827645508,,,,,,,,
switch,8,0.0,2,4.0,raw rows degree-adjusted z,0.02203813391910869,0.034,0.0,,,,,,
switch,8,0.0,2,5.0,DeDi,0.14694257331030972,,,,,,,,
switch,8,0.0,2,5.0,UASE Borda (default),-0.10726683517979514,,,,,,,,
switch,8,0.0,2,5.0,UASE elbow,-0.1009828614244369,,,,,,,,
switch,8,0.0,2,5.0,UASE degree-adjusted z,-0.002692302462724594,0.012,0.0,,,,,,
switch,8,0.0,2,5.0,OMNI Borda (default),-0.18261803739807222,,,,,,,,
switch,8,0.0,2,5.0,OMNI elbow,-0.08475828250428928,,,,,,,,
switch,8,0.0,2,5.0,OMNI degree-adjusted z,-0.009806987910142187,0.017,0.0,,,,,,
switch,8,0.0,2,5.0,ASE+Procrustes Borda,0.201033724031877,,,,,,,,
switch,8,0.0,2,5.0,raw rows Borda,0.3825125457112347,,,,,,,,
switch,8,0.0,2,5.0,raw rows degree-adjusted z,0.017885636535922393,0.05,0.0,,,,,,
switch,8,0.0,2,6.0,DeDi,0.16496499032139256,,,,,,,,
switch,8,0.0,2,6.0,UASE Borda (default),-0.08281975952683486,,,,,,,,
switch,8,0.0,2,6.0,UASE elbow,-0.09491094022454537,,,,,,,,
switch,8,0.0,2,6.0,UASE degree-adjusted z,-0.008587998869208491,0.005,0.0,,,,,,
switch,8,0.0,2,6.0,OMNI Borda (default),-0.15857257084320195,,,,,,,,
switch,8,0.0,2,6.0,OMNI elbow,-0.0685355081569878,,,,,,,,
switch,8,0.0,2,6.0,OMNI degree-adjusted z,-0.015937149960922433,0.02,0.0,,,,,,
switch,8,0.0,2,6.0,ASE+Procrustes Borda,0.18785124941017958,,,,,,,,
switch,8,0.0,2,6.0,raw rows Borda,0.3894431222780305,,,,,,,,
switch,8,0.0,2,6.0,raw rows degree-adjusted z,0.008046435577887255,0.043,0.0,,,,,,
switch,8,0.0,2,7.0,DeDi,0.17762526334987053,,,,,,,,
switch,8,0.0,2,7.0,UASE Borda (default),-0.12161935020078322,,,,,,,,
switch,8,0.0,2,7.0,UASE elbow,0.00798606498839146,,,,,,,,
switch,8,0.0,2,7.0,UASE degree-adjusted z,-0.00012954014041107896,0.008,0.0,,,,,,
switch,8,0.0,2,7.0,OMNI Borda (default),-0.17684238492811127,,,,,,,,
switch,8,0.0,2,7.0,OMNI elbow,0.0206369716635833,,,,,,,,
switch,8,0.0,2,7.0,OMNI degree-adjusted z,-0.015535455972034623,0.02,0.0,,,,,,
switch,8,0.0,2,7.0,ASE+Procrustes Borda,0.19630750217836393,,,,,,,,
switch,8,0.0,2,7.0,raw rows Borda,0.36376077308059235,,,,,,,,
switch,8,0.0,2,7.0,raw rows degree-adjusted z,0.013648352278722858,0.045,0.0,,,,,,
switch,8,0.0,2,,time UASE,,,,1.5721572360000096,2.0,,,,
switch,8,0.0,2,,time OMNI,,,,14.660166955000022,2.0,,,,
switch,8,0.0,2,,time ASE+Procrustes,,,,0.6401062189999607,,,,,
switch,8,0.0,4,1.0,DeDi,0.2098425716116998,,,,,,,,
switch,8,0.0,4,1.0,UASE Borda (default),-0.026640108171250242,,,,,,,,
switch,8,0.0,4,1.0,UASE elbow,0.008130073795301253,,,,,,,,
switch,8,0.0,4,1.0,UASE degree-adjusted z,0.00049584881332529,0.015,0.0,,,,,,
switch,8,0.0,4,1.0,OMNI Borda (default),-0.0704914036426714,,,,,,,,
switch,8,0.0,4,1.0,OMNI elbow,0.013371227644837594,,,,,,,,
switch,8,0.0,4,1.0,OMNI degree-adjusted z,-0.008365530051460335,0.025,0.0,,,,,,
switch,8,0.0,4,1.0,ASE+Procrustes Borda,0.26550704402915837,,,,,,,,
switch,8,0.0,4,1.0,raw rows Borda,0.3600860106485022,,,,,,,,
switch,8,0.0,4,1.0,raw rows degree-adjusted z,0.029755981752586078,0.031,0.0,,,,,,
switch,8,0.0,4,2.0,DeDi,0.16535267391336403,,,,,,,,
switch,8,0.0,4,2.0,UASE Borda (default),-0.0437684029520282,,,,,,,,
switch,8,0.0,4,2.0,UASE elbow,-0.05747764176008995,,,,,,,,
switch,8,0.0,4,2.0,UASE degree-adjusted z,-0.001237184144255173,0.019,0.0,,,,,,
switch,8,0.0,4,2.0,OMNI Borda (default),-0.07966194209508934,,,,,,,,
switch,8,0.0,4,2.0,OMNI elbow,-0.05043109272158059,,,,,,,,
switch,8,0.0,4,2.0,OMNI degree-adjusted z,-0.010635115247616359,0.032,0.0,,,,,,
switch,8,0.0,4,2.0,ASE+Procrustes Borda,0.25399483751365626,,,,,,,,
switch,8,0.0,4,2.0,raw rows Borda,0.3624594452773608,,,,,,,,
switch,8,0.0,4,2.0,raw rows degree-adjusted z,0.012932746922051357,0.022,0.0,,,,,,
switch,8,0.0,4,3.0,DeDi,0.18406274196203282,,,,,,,,
switch,8,0.0,4,3.0,UASE Borda (default),-0.04482902711022609,,,,,,,,
switch,8,0.0,4,3.0,UASE elbow,-0.02712342854062205,,,,,,,,
switch,8,0.0,4,3.0,UASE degree-adjusted z,0.003170364011295227,0.012,0.0,,,,,,
switch,8,0.0,4,3.0,OMNI Borda (default),-0.0994447987618303,,,,,,,,
switch,8,0.0,4,3.0,OMNI elbow,-0.018932222080337575,,,,,,,,
switch,8,0.0,4,3.0,OMNI degree-adjusted z,-0.01707284742640719,0.018,0.0,,,,,,
switch,8,0.0,4,3.0,ASE+Procrustes Borda,0.24138473959962806,,,,,,,,
switch,8,0.0,4,3.0,raw rows Borda,0.3583285299987823,,,,,,,,
switch,8,0.0,4,3.0,raw rows degree-adjusted z,0.019898544460232093,0.036,0.0,,,,,,
switch,8,0.0,4,4.0,DeDi,0.2015246603739322,,,,,,,,
switch,8,0.0,4,4.0,UASE Borda (default),-0.06985234292173423,,,,,,,,
switch,8,0.0,4,4.0,UASE elbow,-0.04671249542488255,,,,,,,,
switch,8,0.0,4,4.0,UASE degree-adjusted z,-0.001045688215898366,0.016,0.0,,,,,,
switch,8,0.0,4,4.0,OMNI Borda (default),-0.11703451178243524,,,,,,,,
switch,8,0.0,4,4.0,OMNI elbow,-0.045531379597589045,,,,,,,,
switch,8,0.0,4,4.0,OMNI degree-adjusted z,-0.0160532876880831,0.019,0.0,,,,,,
switch,8,0.0,4,4.0,ASE+Procrustes Borda,0.20766221586909164,,,,,,,,
switch,8,0.0,4,4.0,raw rows Borda,0.33508985948278863,,,,,,,,
switch,8,0.0,4,4.0,raw rows degree-adjusted z,-0.012378158316025194,0.054,0.0,,,,,,
switch,8,0.0,4,5.0,DeDi,0.18756906158048472,,,,,,,,
switch,8,0.0,4,5.0,UASE Borda (default),-0.030075145585308768,,,,,,,,
switch,8,0.0,4,5.0,UASE elbow,-0.005106673828595407,,,,,,,,
switch,8,0.0,4,5.0,UASE degree-adjusted z,-8.157191285146642e-05,0.01,0.0,,,,,,
switch,8,0.0,4,5.0,OMNI Borda (default),-0.09544227507060492,,,,,,,,
switch,8,0.0,4,5.0,OMNI elbow,0.002609178559955973,,,,,,,,
switch,8,0.0,4,5.0,OMNI degree-adjusted z,-0.012965043668984606,0.023,0.0,,,,,,
switch,8,0.0,4,5.0,ASE+Procrustes Borda,0.2731355146221422,,,,,,,,
switch,8,0.0,4,5.0,raw rows Borda,0.3569270457376752,,,,,,,,
switch,8,0.0,4,5.0,raw rows degree-adjusted z,-0.002348894094182793,0.024,0.0,,,,,,
switch,8,0.0,4,6.0,DeDi,0.12041292081125939,,,,,,,,
switch,8,0.0,4,6.0,UASE Borda (default),-0.01714730986631924,,,,,,,,
switch,8,0.0,4,6.0,UASE elbow,-0.02318568214423961,,,,,,,,
switch,8,0.0,4,6.0,UASE degree-adjusted z,0.011005374544929447,0.01,0.0,,,,,,
switch,8,0.0,4,6.0,OMNI Borda (default),-0.07241705195677912,,,,,,,,
switch,8,0.0,4,6.0,OMNI elbow,-0.01034480248883265,,,,,,,,
switch,8,0.0,4,6.0,OMNI degree-adjusted z,-0.004301821820452968,0.017,0.0,,,,,,
switch,8,0.0,4,6.0,ASE+Procrustes Borda,0.2669296375553576,,,,,,,,
switch,8,0.0,4,6.0,raw rows Borda,0.3714167495026921,,,,,,,,
switch,8,0.0,4,6.0,raw rows degree-adjusted z,0.005612391294963313,0.032,0.0,,,,,,
switch,8,0.0,4,7.0,DeDi,0.18898955318811195,,,,,,,,
switch,8,0.0,4,7.0,UASE Borda (default),-0.030121061477115952,,,,,,,,
switch,8,0.0,4,7.0,UASE elbow,-0.05729330618684005,,,,,,,,
switch,8,0.0,4,7.0,UASE degree-adjusted z,0.00026622867369559467,0.013,0.0,,,,,,
switch,8,0.0,4,7.0,OMNI Borda (default),-0.09022226081814186,,,,,,,,
switch,8,0.0,4,7.0,OMNI elbow,-0.05320100051682166,,,,,,,,
switch,8,0.0,4,7.0,OMNI degree-adjusted z,-0.012746939127551033,0.021,0.0,,,,,,
switch,8,0.0,4,7.0,ASE+Procrustes Borda,0.23469548429292209,,,,,,,,
switch,8,0.0,4,7.0,raw rows Borda,0.3720125050493186,,,,,,,,
switch,8,0.0,4,7.0,raw rows degree-adjusted z,0.014353157289301002,0.026,0.0,,,,,,
switch,8,0.0,4,,time UASE,,,,0.8002231720000168,2.0,,,,
switch,8,0.0,4,,time OMNI,,,,11.049133673000028,2.0,,,,
switch,8,0.0,4,,time ASE+Procrustes,,,,0.7302994739999917,,,,,
switch,8,0.0,5,1.0,DeDi,0.19613652137095536,,,,,,,,
switch,8,0.0,5,1.0,UASE Borda (default),-0.08748972870274566,,,,,,,,
switch,8,0.0,5,1.0,UASE elbow,-0.07761591175151165,,,,,,,,
switch,8,0.0,5,1.0,UASE degree-adjusted z,-0.006159118357675522,0.009,0.0,,,,,,
switch,8,0.0,5,1.0,OMNI Borda (default),-0.15092525095755954,,,,,,,,
switch,8,0.0,5,1.0,OMNI elbow,-0.06955843067989301,,,,,,,,
switch,8,0.0,5,1.0,OMNI degree-adjusted z,-0.009324003740284848,0.016,0.0,,,,,,
switch,8,0.0,5,1.0,ASE+Procrustes Borda,0.19814320144304653,,,,,,,,
switch,8,0.0,5,1.0,raw rows Borda,0.3672681025463139,,,,,,,,
switch,8,0.0,5,1.0,raw rows degree-adjusted z,0.04392818740496971,0.054,0.0,,,,,,
switch,8,0.0,5,2.0,DeDi,0.17990696722167288,,,,,,,,
switch,8,0.0,5,2.0,UASE Borda (default),-0.06090143576587856,,,,,,,,
switch,8,0.0,5,2.0,UASE elbow,-0.06794874748652699,,,,,,,,
switch,8,0.0,5,2.0,UASE degree-adjusted z,0.00011530670544554354,0.011,0.0,,,,,,
switch,8,0.0,5,2.0,OMNI Borda (default),-0.1166043023626979,,,,,,,,
switch,8,0.0,5,2.0,OMNI elbow,-0.05675524630899031,,,,,,,,
switch,8,0.0,5,2.0,OMNI degree-adjusted z,-0.013367141048384944,0.015,0.0,,,,,,
switch,8,0.0,5,2.0,ASE+Procrustes Borda,0.18448203748836572,,,,,,,,
switch,8,0.0,5,2.0,raw rows Borda,0.37136169131798213,,,,,,,,
switch,8,0.0,5,2.0,raw rows degree-adjusted z,0.03275412930881682,0.02,0.0,,,,,,
switch,8,0.0,5,3.0,DeDi,0.22950881490117384,,,,,,,,
switch,8,0.0,5,3.0,UASE Borda (default),-0.09824588156672372,,,,,,,,
switch,8,0.0,5,3.0,UASE elbow,0.015151323478238951,,,,,,,,
switch,8,0.0,5,3.0,UASE degree-adjusted z,-0.0039601032772923995,0.018,0.0,,,,,,
switch,8,0.0,5,3.0,OMNI Borda (default),-0.15476134825391727,,,,,,,,
switch,8,0.0,5,3.0,OMNI elbow,0.035796118317662926,,,,,,,,
switch,8,0.0,5,3.0,OMNI degree-adjusted z,-0.015597430733194105,0.015,0.0,,,,,,
switch,8,0.0,5,3.0,ASE+Procrustes Borda,0.20420864388839804,,,,,,,,
switch,8,0.0,5,3.0,raw rows Borda,0.352140964407594,,,,,,,,
switch,8,0.0,5,3.0,raw rows degree-adjusted z,0.02943472051745589,0.02,0.0,,,,,,
switch,8,0.0,5,4.0,DeDi,0.17882236672350887,,,,,,,,
switch,8,0.0,5,4.0,UASE Borda (default),-0.06096193956302917,,,,,,,,
switch,8,0.0,5,4.0,UASE elbow,-0.0015471772609746387,,,,,,,,
switch,8,0.0,5,4.0,UASE degree-adjusted z,0.003919323145293256,0.011,0.0,,,,,,
switch,8,0.0,5,4.0,OMNI Borda (default),-0.1478840209319911,,,,,,,,
switch,8,0.0,5,4.0,OMNI elbow,0.0009780989200154793,,,,,,,,
switch,8,0.0,5,4.0,OMNI degree-adjusted z,-0.009931368617888339,0.024,0.0,,,,,,
switch,8,0.0,5,4.0,ASE+Procrustes Borda,0.2575575073974474,,,,,,,,
switch,8,0.0,5,4.0,raw rows Borda,0.3798758664128141,,,,,,,,
switch,8,0.0,5,4.0,raw rows degree-adjusted z,0.04502304412774812,0.049,0.0,,,,,,
switch,8,0.0,5,5.0,DeDi,0.16880500593347272,,,,,,,,
switch,8,0.0,5,5.0,UASE Borda (default),-0.07077058243300688,,,,,,,,
switch,8,0.0,5,5.0,UASE elbow,-0.02862548779798631,,,,,,,,
switch,8,0.0,5,5.0,UASE degree-adjusted z,0.0026619293606826512,0.004,0.0,,,,,,
switch,8,0.0,5,5.0,OMNI Borda (default),-0.1357652837165492,,,,,,,,
switch,8,0.0,5,5.0,OMNI elbow,-0.021921007927801245,,,,,,,,
switch,8,0.0,5,5.0,OMNI degree-adjusted z,-0.010021218047244856,0.027,0.0,,,,,,
switch,8,0.0,5,5.0,ASE+Procrustes Borda,0.2162469733337082,,,,,,,,
switch,8,0.0,5,5.0,raw rows Borda,0.3472267227458445,,,,,,,,
switch,8,0.0,5,5.0,raw rows degree-adjusted z,0.03186785914397016,0.03,0.0,,,,,,
switch,8,0.0,5,6.0,DeDi,0.2164681199879126,,,,,,,,
switch,8,0.0,5,6.0,UASE Borda (default),-0.10724418885507027,,,,,,,,
switch,8,0.0,5,6.0,UASE elbow,-0.04894966022705727,,,,,,,,
switch,8,0.0,5,6.0,UASE degree-adjusted z,-0.0057835749267049884,0.005,0.0,,,,,,
switch,8,0.0,5,6.0,OMNI Borda (default),-0.17926176960517848,,,,,,,,
switch,8,0.0,5,6.0,OMNI elbow,-0.03068035228880205,,,,,,,,
switch,8,0.0,5,6.0,OMNI degree-adjusted z,-0.017758935194113597,0.018,0.0,,,,,,
switch,8,0.0,5,6.0,ASE+Procrustes Borda,0.24965352529171705,,,,,,,,
switch,8,0.0,5,6.0,raw rows Borda,0.3690670048432045,,,,,,,,
switch,8,0.0,5,6.0,raw rows degree-adjusted z,0.017954008880295438,0.021,0.0,,,,,,
switch,8,0.0,5,7.0,DeDi,0.15823363538902283,,,,,,,,
switch,8,0.0,5,7.0,UASE Borda (default),-0.07385847929010583,,,,,,,,
switch,8,0.0,5,7.0,UASE elbow,-0.020482693729752633,,,,,,,,
switch,8,0.0,5,7.0,UASE degree-adjusted z,0.00802228840885029,0.007,0.0,,,,,,
switch,8,0.0,5,7.0,OMNI Borda (default),-0.12923677045479812,,,,,,,,
switch,8,0.0,5,7.0,OMNI elbow,-0.023018759903098252,,,,,,,,
switch,8,0.0,5,7.0,OMNI degree-adjusted z,-0.008155480653151663,0.015,0.0,,,,,,
switch,8,0.0,5,7.0,ASE+Procrustes Borda,0.24327091707343487,,,,,,,,
switch,8,0.0,5,7.0,raw rows Borda,0.35942929905048865,,,,,,,,
switch,8,0.0,5,7.0,raw rows degree-adjusted z,0.031028671561875613,0.016,0.0,,,,,,
switch,8,0.0,5,,time UASE,,,,0.8526890189999676,2.0,,,,
switch,8,0.0,5,,time OMNI,,,,11.339582997000036,2.0,,,,
switch,8,0.0,5,,time ASE+Procrustes,,,,0.6938498340000478,,,,,
switch,8,0.0,7,1.0,DeDi,0.16791920446031172,,,,,,,,
switch,8,0.0,7,1.0,UASE Borda (default),0.020513050715806502,,,,,,,,
switch,8,0.0,7,1.0,UASE elbow,-0.0011789712109975124,,,,,,,,
switch,8,0.0,7,1.0,UASE degree-adjusted z,-0.004704041563264559,0.009,0.0,,,,,,
switch,8,0.0,7,1.0,OMNI Borda (default),-0.008837790624990557,,,,,,,,
switch,8,0.0,7,1.0,OMNI elbow,0.011230664720352713,,,,,,,,
switch,8,0.0,7,1.0,OMNI degree-adjusted z,-0.008069670779299702,0.022,0.0,,,,,,
switch,8,0.0,7,1.0,ASE+Procrustes Borda,0.32388479368775597,,,,,,,,
switch,8,0.0,7,1.0,raw rows Borda,0.4375080743578951,,,,,,,,
switch,8,0.0,7,1.0,raw rows degree-adjusted z,0.02197307872350514,0.031031031031031032,0.0,,,,,,
switch,8,0.0,7,2.0,DeDi,0.1526192413381352,,,,,,,,
switch,8,0.0,7,2.0,UASE Borda (default),0.037397120548615805,,,,,,,,
switch,8,0.0,7,2.0,UASE elbow,0.04505054875086455,,,,,,,,
switch,8,0.0,7,2.0,UASE degree-adjusted z,-0.0007414085766557322,0.015,0.0,,,,,,
switch,8,0.0,7,2.0,OMNI Borda (default),0.015515682828388423,,,,,,,,
switch,8,0.0,7,2.0,OMNI elbow,0.06140135729322714,,,,,,,,
switch,8,0.0,7,2.0,OMNI degree-adjusted z,-0.009882067275763651,0.015,0.0,,,,,,
switch,8,0.0,7,2.0,ASE+Procrustes Borda,0.3088806227433951,,,,,,,,
switch,8,0.0,7,2.0,raw rows Borda,0.45289578784329637,,,,,,,,
switch,8,0.0,7,2.0,raw rows degree-adjusted z,0.02420773878033987,0.03203203203203203,0.0,,,,,,
switch,8,0.0,7,3.0,DeDi,0.18342359124143318,,,,,,,,
switch,8,0.0,7,3.0,UASE Borda (default),0.00036779931207624314,,,,,,,,
switch,8,0.0,7,3.0,UASE elbow,0.040996842069966725,,,,,,,,
switch,8,0.0,7,3.0,UASE degree-adjusted z,-0.0012715498351149766,0.006,0.0,,,,,,
switch,8,0.0,7,3.0,OMNI Borda (default),-0.03343578235591562,,,,,,,,
switch,8,0.0,7,3.0,OMNI elbow,0.06162119442309725,,,,,,,,
switch,8,0.0,7,3.0,OMNI degree-adjusted z,-0.006085329932810911,0.021,0.0,,,,,,
switch,8,0.0,7,3.0,ASE+Procrustes Borda,0.3116714860322245,,,,,,,,
switch,8,0.0,7,3.0,raw rows Borda,0.4229863778964299,,,,,,,,
switch,8,0.0,7,3.0,raw rows degree-adjusted z,0.035428785491218834,0.044044044044044044,0.0,,,,,,
switch,8,0.0,7,4.0,DeDi,0.19997419105157965,,,,,,,,
switch,8,0.0,7,4.0,UASE Borda (default),0.006753240349344449,,,,,,,,
switch,8,0.0,7,4.0,UASE elbow,0.01648699862085693,,,,,,,,
switch,8,0.0,7,4.0,UASE degree-adjusted z,-0.0025854722767932443,0.009,0.0,,,,,,
switch,8,0.0,7,4.0,OMNI Borda (default),-0.029960346794354314,,,,,,,,
switch,8,0.0,7,4.0,OMNI elbow,0.03791734899924004,,,,,,,,
switch,8,0.0,7,4.0,OMNI degree-adjusted z,-0.015307612492630854,0.02,0.0,,,,,,
switch,8,0.0,7,4.0,ASE+Procrustes Borda,0.34569545798498863,,,,,,,,
switch,8,0.0,7,4.0,raw rows Borda,0.43726293099261787,,,,,,,,
switch,8,0.0,7,4.0,raw rows degree-adjusted z,0.03378107590780569,0.03303303303303303,0.0,,,,,,
switch,8,0.0,7,5.0,DeDi,0.14653462964152889,,,,,,,,
switch,8,0.0,7,5.0,UASE Borda (default),0.026552735317095736,,,,,,,,
switch,8,0.0,7,5.0,UASE elbow,0.03533331910667866,,,,,,,,
switch,8,0.0,7,5.0,UASE degree-adjusted z,-0.0006550405932117518,0.023,0.0,,,,,,
switch,8,0.0,7,5.0,OMNI Borda (default),-0.03684877302122048,,,,,,,,
switch,8,0.0,7,5.0,OMNI elbow,0.046163449390441515,,,,,,,,
switch,8,0.0,7,5.0,OMNI degree-adjusted z,-0.010115552571525539,0.029,0.0,,,,,,
switch,8,0.0,7,5.0,ASE+Procrustes Borda,0.3057940815257941,,,,,,,,
switch,8,0.0,7,5.0,raw rows Borda,0.43796702318260095,,,,,,,,
switch,8,0.0,7,5.0,raw rows degree-adjusted z,0.04449031030921347,0.055055055055055056,0.0,,,,,,
switch,8,0.0,7,6.0,DeDi,0.18368084098387635,,,,,,,,
switch,8,0.0,7,6.0,UASE Borda (default),0.018811710374041647,,,,,,,,
switch,8,0.0,7,6.0,UASE elbow,0.010690276572333375,,,,,,,,
switch,8,0.0,7,6.0,UASE degree-adjusted z,-0.0034626259904260606,0.01,0.0,,,,,,
switch,8,0.0,7,6.0,OMNI Borda (default),-0.04203684604055561,,,,,,,,
switch,8,0.0,7,6.0,OMNI elbow,0.032732650044363036,,,,,,,,
switch,8,0.0,7,6.0,OMNI degree-adjusted z,-0.010832415836262148,0.019,0.0,,,,,,
switch,8,0.0,7,6.0,ASE+Procrustes Borda,0.2915524766621821,,,,,,,,
switch,8,0.0,7,6.0,raw rows Borda,0.44444805210632704,,,,,,,,
switch,8,0.0,7,6.0,raw rows degree-adjusted z,0.04705363725738505,0.028028028028028028,0.0,,,,,,
switch,8,0.0,7,7.0,DeDi,0.22195989530916613,,,,,,,,
switch,8,0.0,7,7.0,UASE Borda (default),0.026845026673788804,,,,,,,,
switch,8,0.0,7,7.0,UASE elbow,0.06198514304297119,,,,,,,,
switch,8,0.0,7,7.0,UASE degree-adjusted z,0.0011592941960122296,0.017,0.0,,,,,,
switch,8,0.0,7,7.0,OMNI Borda (default),-0.030673314253264007,,,,,,,,
switch,8,0.0,7,7.0,OMNI elbow,0.08810349004250197,,,,,,,,
switch,8,0.0,7,7.0,OMNI degree-adjusted z,-0.00910452673758031,0.028,0.0,,,,,,
switch,8,0.0,7,7.0,ASE+Procrustes Borda,0.31611262405111196,,,,,,,,
switch,8,0.0,7,7.0,raw rows Borda,0.4224921450339595,,,,,,,,
switch,8,0.0,7,7.0,raw rows degree-adjusted z,0.04850801743934545,0.04504504504504504,0.0,,,,,,
switch,8,0.0,7,,time UASE,,,,0.9289135559999977,2.0,,,,
switch,8,0.0,7,,time OMNI,,,,11.974466698000015,2.0,,,,
switch,8,0.0,7,,time ASE+Procrustes,,,,0.7071474530000046,,,,,
switch,8,0.0,6,1.0,DeDi,0.19025581795541227,,,,,,,,
switch,8,0.0,6,1.0,UASE Borda (default),-0.11516290627485748,,,,,,,,
switch,8,0.0,6,1.0,UASE elbow,-0.027370716339804063,,,,,,,,
switch,8,0.0,6,1.0,UASE degree-adjusted z,-0.00742184841398974,0.012,0.0,,,,,,
switch,8,0.0,6,1.0,OMNI Borda (default),-0.18619892653927328,,,,,,,,
switch,8,0.0,6,1.0,OMNI elbow,0.017717207775103404,,,,,,,,
switch,8,0.0,6,1.0,OMNI degree-adjusted z,-0.014281481225535252,0.016,0.0,,,,,,
switch,8,0.0,6,1.0,ASE+Procrustes Borda,0.1700764153525014,,,,,,,,
switch,8,0.0,6,1.0,raw rows Borda,0.37036537892141136,,,,,,,,
switch,8,0.0,6,1.0,raw rows degree-adjusted z,0.013907854579828434,0.037,0.0,,,,,,
switch,8,0.0,6,2.0,DeDi,0.21114044622084505,,,,,,,,
switch,8,0.0,6,2.0,UASE Borda (default),-0.09674564028377472,,,,,,,,
switch,8,0.0,6,2.0,UASE elbow,-0.05594709519768841,,,,,,,,
switch,8,0.0,6,2.0,UASE degree-adjusted z,-0.0077384044558951775,0.011,0.0,,,,,,
switch,8,0.0,6,2.0,OMNI Borda (default),-0.18306655733853885,,,,,,,,
switch,8,0.0,6,2.0,OMNI elbow,-0.03027379321245945,,,,,,,,
switch,8,0.0,6,2.0,OMNI degree-adjusted z,-0.014647654715988027,0.031,0.0,,,,,,
switch,8,0.0,6,2.0,ASE+Procrustes Borda,0.1791293602828334,,,,,,,,
switch,8,0.0,6,2.0,raw rows Borda,0.3704167677293245,,,,,,,,
switch,8,0.0,6,2.0,raw rows degree-adjusted z,-0.005611720807752431,0.037,0.0,,,,,,
switch,8,0.0,6,3.0,DeDi,0.18572486326921925,,,,,,,,
switch,8,0.0,6,3.0,UASE Borda (default),-0.06723156510868994,,,,,,,,
switch,8,0.0,6,3.0,UASE elbow,-0.016158144630339835,,,,,,,,
switch,8,0.0,6,3.0,UASE degree-adjusted z,0.002296861646910017,0.016,0.0,,,,,,
switch,8,0.0,6,3.0,OMNI Borda (default),-0.14432814151508871,,,,,,,,
switch,8,0.0,6,3.0,OMNI elbow,0.010001762320361672,,,,,,,,
switch,8,0.0,6,3.0,OMNI degree-adjusted z,-0.0093831511772169,0.024,0.0,,,,,,
switch,8,0.0,6,3.0,ASE+Procrustes Borda,0.19470103260474442,,,,,,,,
switch,8,0.0,6,3.0,raw rows Borda,0.3714137750352633,,,,,,,,
switch,8,0.0,6,3.0,raw rows degree-adjusted z,-0.004056302760848275,0.042,0.0,,,,,,
switch,8,0.0,6,4.0,DeDi,0.16596514549733535,,,,,,,,
switch,8,0.0,6,4.0,UASE Borda (default),-0.12374333748421487,,,,,,,,
switch,8,0.0,6,4.0,UASE elbow,-0.019447901263862977,,,,,,,,
switch,8,0.0,6,4.0,UASE degree-adjusted z,-0.010390006885902773,0.015,0.0,,,,,,
switch,8,0.0,6,4.0,OMNI Borda (default),-0.1938405058158192,,,,,,,,
switch,8,0.0,6,4.0,OMNI elbow,0.03516153122130913,,,,,,,,
switch,8,0.0,6,4.0,OMNI degree-adjusted z,-0.00932692818050714,0.016,0.0,,,,,,
switch,8,0.0,6,4.0,ASE+Procrustes Borda,0.16240715954846308,,,,,,,,
switch,8,0.0,6,4.0,raw rows Borda,0.35199931528673006,,,,,,,,
switch,8,0.0,6,4.0,raw rows degree-adjusted z,0.0012135444525633895,0.047,0.0,,,,,,
switch,8,0.0,6,5.0,DeDi,0.1614611219476609,,,,,,,,
switch,8,0.0,6,5.0,UASE Borda (default),-0.08594503844484816,,,,,,,,
switch,8,0.0,6,5.0,UASE elbow,-0.0877118623921394,,,,,,,,
switch,8,0.0,6,5.0,UASE degree-adjusted z,-0.001996103051731901,0.01,0.0,,,,,,
switch,8,0.0,6,5.0,OMNI Borda (default),-0.1699564793910774,,,,,,,,
switch,8,0.0,6,5.0,OMNI elbow,-0.06261256005281407,,,,,,,,
switch,8,0.0,6,5.0,OMNI degree-adjusted z,-0.007439316757598499,0.02,0.0,,,,,,
switch,8,0.0,6,5.0,ASE+Procrustes Borda,0.2040099842496091,,,,,,,,
switch,8,0.0,6,5.0,raw rows Borda,0.38446398306332547,,,,,,,,
switch,8,0.0,6,5.0,raw rows degree-adjusted z,0.009545936945934409,0.048,0.0,,,,,,
switch,8,0.0,6,6.0,DeDi,0.14595128966435864,,,,,,,,
switch,8,0.0,6,6.0,UASE Borda (default),-0.12393521299143362,,,,,,,,
switch,8,0.0,6,6.0,UASE elbow,-0.04208065450709084,,,,,,,,
switch,8,0.0,6,6.0,UASE degree-adjusted z,-0.008451345768711064,0.013,0.0,,,,,,
switch,8,0.0,6,6.0,OMNI Borda (default),-0.18941201625169454,,,,,,,,
switch,8,0.0,6,6.0,OMNI elbow,-0.01127946645958346,,,,,,,,
switch,8,0.0,6,6.0,OMNI degree-adjusted z,-0.010199217236953472,0.018,0.0,,,,,,
switch,8,0.0,6,6.0,ASE+Procrustes Borda,0.16125895276960078,,,,,,,,
switch,8,0.0,6,6.0,raw rows Borda,0.3768514590300968,,,,,,,,
switch,8,0.0,6,6.0,raw rows degree-adjusted z,0.0030580836863252857,0.052,0.0,,,,,,
switch,8,0.0,6,7.0,DeDi,0.19151741928342217,,,,,,,,
switch,8,0.0,6,7.0,UASE Borda (default),-0.08555671037061144,,,,,,,,
switch,8,0.0,6,7.0,UASE elbow,-0.06370307481013025,,,,,,,,
switch,8,0.0,6,7.0,UASE degree-adjusted z,-0.0009729126976376298,0.007,0.0,,,,,,
switch,8,0.0,6,7.0,OMNI Borda (default),-0.16993982056516507,,,,,,,,
switch,8,0.0,6,7.0,OMNI elbow,-0.04111006082140156,,,,,,,,
switch,8,0.0,6,7.0,OMNI degree-adjusted z,-0.006218250030877423,0.02,0.0,,,,,,
switch,8,0.0,6,7.0,ASE+Procrustes Borda,0.18929097442275283,,,,,,,,
switch,8,0.0,6,7.0,raw rows Borda,0.36051992736035493,,,,,,,,
switch,8,0.0,6,7.0,raw rows degree-adjusted z,0.00878191881132676,0.043,0.0,,,,,,
switch,8,0.0,6,,time UASE,,,,0.8831303110000022,2.0,,,,
switch,8,0.0,6,,time OMNI,,,,13.470988836000004,2.0,,,,
switch,8,0.0,6,,time ASE+Procrustes,,,,0.6952190900000232,,,,,
switch,8,0.0,8,1.0,DeDi,0.1775784866914079,,,,,,,,
switch,8,0.0,8,1.0,UASE Borda (default),0.08031200827722133,,,,,,,,
switch,8,0.0,8,1.0,UASE elbow,0.0021205379489920807,,,,,,,,
switch,8,0.0,8,1.0,UASE degree-adjusted z,0.005357908493079832,0.014,0.0,,,,,,
switch,8,0.0,8,1.0,OMNI Borda (default),-0.022338944941052204,,,,,,,,
switch,8,0.0,8,1.0,OMNI elbow,0.007370291852614324,,,,,,,,
switch,8,0.0,8,1.0,OMNI degree-adjusted z,-0.006812582920164013,0.021,0.0,,,,,,
switch,8,0.0,8,1.0,ASE+Procrustes Borda,0.29223355489462643,,,,,,,,
switch,8,0.0,8,1.0,raw rows Borda,0.3818566939883455,,,,,,,,
switch,8,0.0,8,1.0,raw rows degree-adjusted z,0.035454451718417414,0.021,0.0,,,,,,
switch,8,0.0,8,2.0,DeDi,0.16295028875152934,,,,,,,,
switch,8,0.0,8,2.0,UASE Borda (default),0.04921760601071181,,,,,,,,
switch,8,0.0,8,2.0,UASE elbow,-0.04805443663981957,,,,,,,,
switch,8,0.0,8,2.0,UASE degree-adjusted z,0.003201263629320325,0.021,0.0,,,,,,
switch,8,0.0,8,2.0,OMNI Borda (default),-0.02449019739233362,,,,,,,,
switch,8,0.0,8,2.0,OMNI elbow,-0.04783359738569339,,,,,,,,
switch,8,0.0,8,2.0,OMNI degree-adjusted z,-0.012995488698311061,0.026,0.0,,,,,,
switch,8,0.0,8,2.0,ASE+Procrustes Borda,0.2912089902280496,,,,,,,,
switch,8,0.0,8,2.0,raw rows Borda,0.3553223380468439,,,,,,,,
switch,8,0.0,8,2.0,raw rows degree-adjusted z,0.037424783879910634,0.03,0.0,,,,,,
switch,8,0.0,8,3.0,DeDi,0.11791682149488197,,,,,,,,
switch,8,0.0,8,3.0,UASE Borda (default),0.09509336300088113,,,,,,,,
switch,8,0.0,8,3.0,UASE elbow,0.0015694123447258746,,,,,,,,
switch,8,0.0,8,3.0,UASE degree-adjusted z,0.003911120898766288,0.01,0.0,,,,,,
switch,8,0.0,8,3.0,OMNI Borda (default),0.0022010115450024114,,,,,,,,
switch,8,0.0,8,3.0,OMNI elbow,0.01677050699068527,,,,,,,,
switch,8,0.0,8,3.0,OMNI degree-adjusted z,-0.009447680096766702,0.015,0.0,,,,,,
switch,8,0.0,8,3.0,ASE+Procrustes Borda,0.30675149311653127,,,,,,,,
switch,8,0.0,8,3.0,raw rows Borda,0.37439891090193594,,,,,,,,
switch,8,0.0,8,3.0,raw rows degree-adjusted z,0.018030553111754794,0.027,0.0,,,,,,
switch,8,0.0,8,4.0,DeDi,0.19062985196559715,,,,,,,,
switch,8,0.0,8,4.0,UASE Borda (default),0.06317580166368718,,,,,,,,
switch,8,0.0,8,4.0,UASE elbow,-0.013025819914682909,,,,,,,,
switch,8,0.0,8,4.0,UASE degree-adjusted z,0.0025445962575850597,0.005,0.0,,,,,,
switch,8,0.0,8,4.0,OMNI Borda (default),-0.02771771820760251,,,,,,,,
switch,8,0.0,8,4.0,OMNI elbow,0.0007996597821380631,,,,,,,,
switch,8,0.0,8,4.0,OMNI degree-adjusted z,-0.015790318545513948,0.02,0.0,,,,,,
switch,8,0.0,8,4.0,ASE+Procrustes Borda,0.3109738671546207,,,,,,,,
switch,8,0.0,8,4.0,raw rows Borda,0.38390442991290585,,,,,,,,
switch,8,0.0,8,4.0,raw rows degree-adjusted z,0.018815442045171795,0.026,0.0,,,,,,
switch,8,0.0,8,5.0,DeDi,0.1376310777181493,,,,,,,,
switch,8,0.0,8,5.0,UASE Borda (default),0.025507316588737495,,,,,,,,
switch,8,0.0,8,5.0,UASE elbow,0.0015723100583845114,,,,,,,,
switch,8,0.0,8,5.0,UASE degree-adjusted z,-0.003794795425404461,0.017,0.0,,,,,,
switch,8,0.0,8,5.0,OMNI Borda (default),-0.03631283932599083,,,,,,,,
switch,8,0.0,8,5.0,OMNI elbow,0.00915910584581253,,,,,,,,
switch,8,0.0,8,5.0,OMNI degree-adjusted z,-0.01023220696886422,0.026,0.0,,,,,,
switch,8,0.0,8,5.0,ASE+Procrustes Borda,0.2577463493503737,,,,,,,,
switch,8,0.0,8,5.0,raw rows Borda,0.3637839322078611,,,,,,,,
switch,8,0.0,8,5.0,raw rows degree-adjusted z,0.027356292168333612,0.024,0.0,,,,,,
switch,8,0.0,8,6.0,DeDi,0.15356344717137288,,,,,,,,
switch,8,0.0,8,6.0,UASE Borda (default),0.03487700279410684,,,,,,,,
switch,8,0.0,8,6.0,UASE elbow,-0.046863448182508406,,,,,,,,
switch,8,0.0,8,6.0,UASE degree-adjusted z,-0.004601671739113119,0.021,0.0,,,,,,
switch,8,0.0,8,6.0,OMNI Borda (default),-0.03318816565246354,,,,,,,,
switch,8,0.0,8,6.0,OMNI elbow,-0.04856352627499918,,,,,,,,
switch,8,0.0,8,6.0,OMNI degree-adjusted z,-0.012999501392715336,0.02,0.0,,,,,,
switch,8,0.0,8,6.0,ASE+Procrustes Borda,0.2837657456703556,,,,,,,,
switch,8,0.0,8,6.0,raw rows Borda,0.3570067710271302,,,,,,,,
switch,8,0.0,8,6.0,raw rows degree-adjusted z,0.04819535607255322,0.024,0.0,,,,,,
switch,8,0.0,8,7.0,DeDi,0.1529847893328234,,,,,,,,
switch,8,0.0,8,7.0,UASE Borda (default),0.03185950909876649,,,,,,,,
switch,8,0.0,8,7.0,UASE elbow,-0.026168522517929123,,,,,,,,
switch,8,0.0,8,7.0,UASE degree-adjusted z,-0.011068112222480326,0.013,0.0,,,,,,
switch,8,0.0,8,7.0,OMNI Borda (default),-0.04615898336535866,,,,,,,,
switch,8,0.0,8,7.0,OMNI elbow,-0.026282888798294074,,,,,,,,
switch,8,0.0,8,7.0,OMNI degree-adjusted z,-0.01825361618115309,0.024,0.0,,,,,,
switch,8,0.0,8,7.0,ASE+Procrustes Borda,0.30950661968863863,,,,,,,,
switch,8,0.0,8,7.0,raw rows Borda,0.37838785672296066,,,,,,,,
switch,8,0.0,8,7.0,raw rows degree-adjusted z,0.05253462483994889,0.016,0.0,,,,,,
switch,8,0.0,8,,time UASE,,,,1.3327351969999768,2.0,,,,
switch,8,0.0,8,,time OMNI,,,,12.339085511999997,2.0,,,,
switch,8,0.0,8,,time ASE+Procrustes,,,,0.7759984190000182,,,,,
switch,8,0.0,9,1.0,DeDi,0.1748783539941307,,,,,,,,
switch,8,0.0,9,1.0,UASE Borda (default),-0.09941386869773017,,,,,,,,
switch,8,0.0,9,1.0,UASE elbow,-0.02406505826537032,,,,,,,,
switch,8,0.0,9,1.0,UASE degree-adjusted z,-0.004103914654078705,0.015,0.0,,,,,,
switch,8,0.0,9,1.0,OMNI Borda (default),-0.15091159710888483,,,,,,,,
switch,8,0.0,9,1.0,OMNI elbow,-0.012647183000735326,,,,,,,,
switch,8,0.0,9,1.0,OMNI degree-adjusted z,-0.010602369090938086,0.019,0.0,,,,,,
switch,8,0.0,9,1.0,ASE+Procrustes Borda,0.1724495360009283,,,,,,,,
switch,8,0.0,9,1.0,raw rows Borda,0.36327804799694685,,,,,,,,
switch,8,0.0,9,1.0,raw rows degree-adjusted z,0.018866936459757868,0.051,0.0,,,,,,
switch,8,0.0,9,2.0,DeDi,0.13627190398108385,,,,,,,,
switch,8,0.0,9,2.0,UASE Borda (default),-0.0536158643377226,,,,,,,,
switch,8,0.0,9,2.0,UASE elbow,-0.03942889928003322,,,,,,,,
switch,8,0.0,9,2.0,UASE degree-adjusted z,-0.01014596043864126,0.012,0.0,,,,,,
switch,8,0.0,9,2.0,OMNI Borda (default),-0.11541684186175608,,,,,,,,
switch,8,0.0,9,2.0,OMNI elbow,-0.02151983743703922,,,,,,,,
switch,8,0.0,9,2.0,OMNI degree-adjusted z,-0.010131084939592932,0.018,0.0,,,,,,
switch,8,0.0,9,2.0,ASE+Procrustes Borda,0.2163228480492309,,,,,,,,
switch,8,0.0,9,2.0,raw rows Borda,0.3794329470701291,,,,,,,,
switch,8,0.0,9,2.0,raw rows degree-adjusted z,-0.008829059968186974,0.052,0.0,,,,,,
switch,8,0.0,9,3.0,DeDi,0.19645242922505607,,,,,,,,
switch,8,0.0,9,3.0,UASE Borda (default),-0.03135988686551752,,,,,,,,
switch,8,0.0,9,3.0,UASE elbow,-0.04257276950678133,,,,,,,,
switch,8,0.0,9,3.0,UASE degree-adjusted z,0.0017989373160946815,0.012,0.0,,,,,,
switch,8,0.0,9,3.0,OMNI Borda (default),-0.08848608187876396,,,,,,,,
switch,8,0.0,9,3.0,OMNI elbow,-0.018195101690819893,,,,,,,,
switch,8,0.0,9,3.0,OMNI degree-adjusted z,-0.008917452624278932,0.019,0.0,,,,,,
switch,8,0.0,9,3.0,ASE+Procrustes Borda,0.21163542276942818,,,,,,,,
switch,8,0.0,9,3.0,raw rows Borda,0.3623677158204694,,,,,,,,
switch,8,0.0,9,3.0,raw rows degree-adjusted z,-0.0024414544858539066,0.054,0.0,,,,,,
switch,8,0.0,9,4.0,DeDi,0.16565648814958187,,,,,,,,
switch,8,0.0,9,4.0,UASE Borda (default),-0.04852477495881154,,,,,,,,
switch,8,0.0,9,4.0,UASE elbow,-0.0032769699319674665,,,,,,,,
switch,8,0.0,9,4.0,UASE degree-adjusted z,-0.0030107561880652733,0.022,0.0,,,,,,
switch,8,0.0,9,4.0,OMNI Borda (default),-0.11399333900630354,,,,,,,,
switch,8,0.0,9,4.0,OMNI elbow,0.0028513240402122243,,,,,,,,
switch,8,0.0,9,4.0,OMNI degree-adjusted z,-0.0055174624275692585,0.042,0.0,,,,,,
switch,8,0.0,9,4.0,ASE+Procrustes Borda,0.22024093379429022,,,,,,,,
switch,8,0.0,9,4.0,raw rows Borda,0.38027387240903804,,,,,,,,
switch,8,0.0,9,4.0,raw rows degree-adjusted z,0.0067575694216568845,0.031,0.0,,,,,,
switch,8,0.0,9,5.0,DeDi,0.15529861366023331,,,,,,,,
switch,8,0.0,9,5.0,UASE Borda (default),-0.046743567730177134,,,,,,,,
switch,8,0.0,9,5.0,UASE elbow,-0.026157935128486208,,,,,,,,
switch,8,0.0,9,5.0,UASE degree-adjusted z,-0.009414726533505868,0.007,0.0,,,,,,
switch,8,0.0,9,5.0,OMNI Borda (default),-0.09340787843571073,,,,,,,,
switch,8,0.0,9,5.0,OMNI elbow,-0.013181963118494634,,,,,,,,
switch,8,0.0,9,5.0,OMNI degree-adjusted z,-0.00952404135829544,0.012,0.0,,,,,,
switch,8,0.0,9,5.0,ASE+Procrustes Borda,0.25563569625893034,,,,,,,,
switch,8,0.0,9,5.0,raw rows Borda,0.3808134046548547,,,,,,,,
switch,8,0.0,9,5.0,raw rows degree-adjusted z,0.007781933433133252,0.052,0.0,,,,,,
switch,8,0.0,9,6.0,DeDi,0.1814465089928823,,,,,,,,
switch,8,0.0,9,6.0,UASE Borda (default),-0.10275677839732489,,,,,,,,
switch,8,0.0,9,6.0,UASE elbow,0.00011382938447731711,,,,,,,,
switch,8,0.0,9,6.0,UASE degree-adjusted z,-0.0023213322389261386,0.014,0.0,,,,,,
switch,8,0.0,9,6.0,OMNI Borda (default),-0.15997758237197135,,,,,,,,
switch,8,0.0,9,6.0,OMNI elbow,0.0046782852892068676,,,,,,,,
switch,8,0.0,9,6.0,OMNI degree-adjusted z,-0.0014038453341102069,0.013,0.0,,,,,,
switch,8,0.0,9,6.0,ASE+Procrustes Borda,0.16630054409400016,,,,,,,,
switch,8,0.0,9,6.0,raw rows Borda,0.3525252286050329,,,,,,,,
switch,8,0.0,9,6.0,raw rows degree-adjusted z,-0.004042212040947956,0.032,0.0,,,,,,
switch,8,0.0,9,7.0,DeDi,0.16963498476952862,,,,,,,,
switch,8,0.0,9,7.0,UASE Borda (default),-0.045988097160661295,,,,,,,,
switch,8,0.0,9,7.0,UASE elbow,-0.04291919825307294,,,,,,,,
switch,8,0.0,9,7.0,UASE degree-adjusted z,-0.002430880288856261,0.01,0.0,,,,,,
switch,8,0.0,9,7.0,OMNI Borda (default),-0.12036450392362828,,,,,,,,
switch,8,0.0,9,7.0,OMNI elbow,-0.034787285956490256,,,,,,,,
switch,8,0.0,9,7.0,OMNI degree-adjusted z,-0.01635190234922959,0.023,0.0,,,,,,
switch,8,0.0,9,7.0,ASE+Procrustes Borda,0.18818403108803475,,,,,,,,
switch,8,0.0,9,7.0,raw rows Borda,0.36492852352250843,,,,,,,,
switch,8,0.0,9,7.0,raw rows degree-adjusted z,-0.011891063058534252,0.038,0.0,,,,,,
switch,8,0.0,9,,time UASE,,,,0.8861757729999908,2.0,,,,
switch,8,0.0,9,,time OMNI,,,,10.23684388199996,2.0,,,,
switch,8,0.0,9,,time ASE+Procrustes,,,,0.7210765770000194,,,,,
switch,8,0.05,0,1.0,DeDi,0.2009196346073035,,,,,0.43607368421052634,0.08,,
switch,8,0.05,0,1.0,UASE Borda (default),-0.13165270424854944,,,,,0.7934842105263158,0.24,,
switch,8,0.05,0,1.0,UASE elbow,-0.2083204235262322,,,,,0.4910842105263158,0.06,,
switch,8,0.05,0,1.0,UASE degree-adjusted z,-0.01588591510973868,0.00631578947368421,0.0,,,0.7971157894736842,0.34,0.0,0.0
switch,8,0.05,0,1.0,OMNI Borda (default),-0.19058647149115576,,,,,0.7918,0.3,,
switch,8,0.05,0,1.0,OMNI elbow,-0.20556839553386644,,,,,0.47685263157894736,0.06,,
switch,8,0.05,0,1.0,OMNI degree-adjusted z,-0.013198888677207164,0.015789473684210527,0.0,,,0.8027368421052632,0.36,0.0,0.0
switch,8,0.05,0,1.0,ASE+Procrustes Borda,0.1982248450403671,,,,,0.8231894736842105,0.4,,
switch,8,0.05,0,1.0,raw rows Borda,0.3771742755747543,,,,,0.5778842105263158,0.14,,
switch,8,0.05,0,1.0,raw rows degree-adjusted z,0.020388891227206746,0.031578947368421054,0.0,,,0.5964947368421053,0.1,0.0,0.0
switch,8,0.05,0,2.0,DeDi,0.1710725640930247,,,,,0.41968421052631577,0.04,,
switch,8,0.05,0,2.0,UASE Borda (default),-0.1537640662915854,,,,,0.8061578947368421,0.32,,
switch,8,0.05,0,2.0,UASE elbow,-0.26854667776490465,,,,,0.5987684210526316,0.06,,
switch,8,0.05,0,2.0,UASE degree-adjusted z,-0.021265281184423123,0.018947368421052633,0.0,,,0.8072631578947368,0.36,0.02,0.0
switch,8,0.05,0,2.0,OMNI Borda (default),-0.20359157956837387,,,,,0.8481368421052632,0.34,,
switch,8,0.05,0,2.0,OMNI elbow,-0.264366508396914,,,,,0.5924736842105263,0.06,,
switch,8,0.05,0,2.0,OMNI degree-adjusted z,-0.01997921856202616,0.017894736842105262,0.0,,,0.8562526315789474,0.44,0.0,0.0
switch,8,0.05,0,2.0,ASE+Procrustes Borda,0.19302658362588604,,,,,0.8795894736842105,0.42,,
switch,8,0.05,0,2.0,raw rows Borda,0.37171446008643,,,,,0.599221052631579,0.2,,
switch,8,0.05,0,2.0,raw rows degree-adjusted z,0.011710453306703644,0.02736842105263158,0.0,,,0.6127894736842106,0.12,0.0,0.0
switch,8,0.05,0,3.0,DeDi,0.2033199351948713,,,,,0.5539368421052632,0.02,,
switch,8,0.05,0,3.0,UASE Borda (default),-0.13489790974775984,,,,,0.8535368421052631,0.36,,
switch,8,0.05,0,3.0,UASE elbow,-0.19324767965684087,,,,,0.6456842105263157,0.1,,
switch,8,0.05,0,3.0,UASE degree-adjusted z,-0.0006307794297361936,0.01368421052631579,0.0,,,0.845178947368421,0.4,0.0,0.0
switch,8,0.05,0,3.0,OMNI Borda (default),-0.1778018751792919,,,,,0.8892105263157895,0.42,,
switch,8,0.05,0,3.0,OMNI elbow,-0.1896342974231168,,,,,0.6337052631578948,0.1,,
switch,8,0.05,0,3.0,OMNI degree-adjusted z,-0.004873769482365514,0.01368421052631579,0.0,,,0.8839789473684211,0.46,0.0,0.0
switch,8,0.05,0,3.0,ASE+Procrustes Borda,0.26006467454764914,,,,,0.8342526315789474,0.46,,
switch,8,0.05,0,3.0,raw rows Borda,0.3788266562964467,,,,,0.6493473684210527,0.1,,
switch,8,0.05,0,3.0,raw rows degree-adjusted z,0.01952301452341726,0.016842105263157894,0.0,,,0.6672842105263158,0.08,0.0,0.0
switch,8,0.05,0,4.0,DeDi,0.16245175578062962,,,,,0.49969473684210525,0.02,,
switch,8,0.05,0,4.0,UASE Borda (default),-0.1430057907247693,,,,,0.7327894736842105,0.26,,
switch,8,0.05,0,4.0,UASE elbow,-0.22640011312656066,,,,,0.5709157894736843,0.06,,
switch,8,0.05,0,4.0,UASE degree-adjusted z,-0.019448310313711952,0.009473684210526316,0.0,,,0.7349684210526316,0.3,0.0,0.0
switch,8,0.05,0,4.0,OMNI Borda (default),-0.20304505956288005,,,,,0.7695157894736843,0.26,,
switch,8,0.05,0,4.0,OMNI elbow,-0.22846750804444882,,,,,0.5730315789473684,0.08,,
switch,8,0.05,0,4.0,OMNI degree-adjusted z,-0.0223528891392216,0.02736842105263158,0.0,,,0.7689263157894737,0.26,0.0,0.0
switch,8,0.05,0,4.0,ASE+Procrustes Borda,0.2042507683288928,,,,,0.8017473684210527,0.42,,
switch,8,0.05,0,4.0,raw rows Borda,0.3762394102275902,,,,,0.5232526315789474,0.06,,
switch,8,0.05,0,4.0,raw rows degree-adjusted z,0.02013448794407678,0.035789473684210524,0.0,,,0.49032631578947367,0.06,0.0,0.0
switch,8,0.05,0,5.0,DeDi,0.15595936982289615,,,,,0.3931157894736842,0.06,,
switch,8,0.05,0,5.0,UASE Borda (default),-0.20424443371724185,,,,,0.7694421052631579,0.22,,
switch,8,0.05,0,5.0,UASE elbow,-0.1901814571590905,,,,,0.541578947368421,0.06,,
switch,8,0.05,0,5.0,UASE degree-adjusted z,-0.02588789680617531,0.01368421052631579,0.0,,,0.7622105263157894,0.3,0.0,0.0
switch,8,0.05,0,5.0,OMNI Borda (default),-0.2429325482991589,,,,,0.8004210526315789,0.26,,
switch,8,0.05,0,5.0,OMNI elbow,-0.18866156754898292,,,,,0.5372210526315789,0.02,,
switch,8,0.05,0,5.0,OMNI degree-adjusted z,-0.01997590082478121,0.016842105263157894,0.0,,,0.8045263157894736,0.38,0.0,0.0
switch,8,0.05,0,5.0,ASE+Procrustes Borda,0.1952872327706467,,,,,0.8079578947368421,0.3,,
switch,8,0.05,0,5.0,raw rows Borda,0.3915808677441062,,,,,0.5865789473684211,0.08,,
switch,8,0.05,0,5.0,raw rows degree-adjusted z,0.02860260125059079,0.018947368421052633,0.0,,,0.5709052631578947,0.12,0.0,0.0
switch,8,0.05,0,6.0,DeDi,0.20832776080380147,,,,,0.4966,0.04,,
switch,8,0.05,0,6.0,UASE Borda (default),-0.1191440197102647,,,,,0.834378947368421,0.3,,
switch,8,0.05,0,6.0,UASE elbow,-0.15833086729205606,,,,,0.4208421052631579,0.06,,
switch,8,0.05,0,6.0,UASE degree-adjusted z,-0.028760145693398163,0.017894736842105262,0.0,,,0.8383368421052632,0.28,0.0,0.0
switch,8,0.05,0,6.0,OMNI Borda (default),-0.17280566419693752,,,,,0.8518210526315789,0.3,,
switch,8,0.05,0,6.0,OMNI elbow,-0.1618789550257176,,,,,0.4228842105263158,0.08,,
switch,8,0.05,0,6.0,OMNI degree-adjusted z,-0.03400184911501119,0.015789473684210527,0.0,,,0.8604,0.32,0.0,0.0
switch,8,0.05,0,6.0,ASE+Procrustes Borda,0.25979067546081924,,,,,0.8957368421052632,0.52,,
switch,8,0.05,0,6.0,raw rows Borda,0.3965762052388366,,,,,0.6421578947368421,0.12,,
switch,8,0.05,0,6.0,raw rows degree-adjusted z,0.02034384065997449,0.029473684210526315,0.0,,,0.6421684210526316,0.08,0.0,0.0
switch,8,0.05,0,7.0,DeDi,0.1533200910212457,,,,,0.48951578947368424,0.06,,
switch,8,0.05,0,7.0,UASE Borda (default),-0.16203703555924331,,,,,0.758778947368421,0.32,,
switch,8,0.05,0,7.0,UASE elbow,-0.23238858557313247,,,,,0.5356631578947368,0.06,,
switch,8,0.05,0,7.0,UASE degree-adjusted z,-0.03465863295880147,0.01368421052631579,0.0,,,0.7558947368421053,0.4,0.0,0.0
switch,8,0.05,0,7.0,OMNI Borda (default),-0.2473910507318208,,,,,0.7655263157894737,0.34,,
switch,8,0.05,0,7.0,OMNI elbow,-0.23230000723491112,,,,,0.5269263157894737,0.06,,
switch,8,0.05,0,7.0,OMNI degree-adjusted z,-0.03826499294276887,0.02,0.0,,,0.7670315789473684,0.44,0.0,0.0
switch,8,0.05,0,7.0,ASE+Procrustes Borda,0.16304400802167213,,,,,0.8178,0.52,,
switch,8,0.05,0,7.0,raw rows Borda,0.36090728401504507,,,,,0.6438315789473684,0.12,,
switch,8,0.05,0,7.0,raw rows degree-adjusted z,0.01804573084172,0.02736842105263158,0.0,,,0.6567684210526316,0.1,0.0,0.0
switch,8,0.05,0,,time UASE,,,,0.8197574889999828,2.0,,,,
switch,8,0.05,0,,time OMNI,,,,12.048660874000007,2.0,,,,
switch,8,0.05,0,,time ASE+Procrustes,,,,0.6759618759999739,,,,,
switch,8,0.05,1,1.0,DeDi,0.14920649142892192,,,,,0.5485894736842105,0.04,,
switch,8,0.05,1,1.0,UASE Borda (default),-0.03971580761020057,,,,,0.8341894736842105,0.34,,
switch,8,0.05,1,1.0,UASE elbow,-0.030939412381361938,,,,,0.7114736842105264,0.34,,
switch,8,0.05,1,1.0,UASE degree-adjusted z,-0.021987388315401066,0.005263157894736842,0.0,,,0.8416,0.34,0.0,0.0
switch,8,0.05,1,1.0,OMNI Borda (default),-0.12035785959061364,,,,,0.81,0.32,,
switch,8,0.05,1,1.0,OMNI elbow,-0.21731820997143123,,,,,0.545821052631579,0.02,,
switch,8,0.05,1,1.0,OMNI degree-adjusted z,-0.032445272183748715,0.02736842105263158,0.0,,,0.8198105263157894,0.38,0.0,0.0
switch,8,0.05,1,1.0,ASE+Procrustes Borda,0.21817466105297043,,,,,0.8395263157894737,0.38,,
switch,8,0.05,1,1.0,raw rows Borda,0.3835944501932947,,,,,0.5660736842105263,0.12,,
switch,8,0.05,1,1.0,raw rows degree-adjusted z,-0.004882797250279339,0.03894736842105263,0.0,,,0.5823368421052632,0.08,0.0,0.0
switch,8,0.05,1,2.0,DeDi,0.1456442051831181,,,,,0.6091684210526316,0.04,,
switch,8,0.05,1,2.0,UASE Borda (default),-0.05938024717240615,,,,,0.8172736842105263,0.26,,
switch,8,0.05,1,2.0,UASE elbow,-0.058100181055385905,,,,,0.6779473684210526,0.3,,
switch,8,0.05,1,2.0,UASE degree-adjusted z,-0.024133280170974106,0.004210526315789474,0.0,,,0.8126947368421052,0.34,0.0,0.0
switch,8,0.05,1,2.0,OMNI Borda (default),-0.12157807606772841,,,,,0.8432,0.3,,
switch,8,0.05,1,2.0,OMNI elbow,-0.18934660261900857,,,,,0.5448736842105263,0.0,,
switch,8,0.05,1,2.0,OMNI degree-adjusted z,-0.02974461929235481,0.010526315789473684,0.0,,,0.8493052631578948,0.38,0.0,0.0
switch,8,0.05,1,2.0,ASE+Procrustes Borda,0.2385292043478917,,,,,0.863,0.46,,
switch,8,0.05,1,2.0,raw rows Borda,0.39797191301246726,,,,,0.6687473684210526,0.1,,
switch,8,0.05,1,2.0,raw rows degree-adjusted z,0.017360806656749914,0.03263157894736842,0.0,,,0.6662631578947369,0.12,0.0,0.0
switch,8,0.05,1,3.0,DeDi,0.13281719614301352,,,,,0.47002105263157895,0.04,,
switch,8,0.05,1,3.0,UASE Borda (default),-0.0070888770114572895,,,,,0.8208736842105263,0.28,,
switch,8,0.05,1,3.0,UASE elbow,0.0055117172993433185,,,,,0.7357894736842105,0.32,,
switch,8,0.05,1,3.0,UASE degree-adjusted z,-0.006044787043952026,0.009473684210526316,0.0,,,0.8224631578947369,0.3,0.0,0.0
switch,8,0.05,1,3.0,OMNI Borda (default),-0.09841777580162345,,,,,0.8449052631578947,0.34,,
switch,8,0.05,1,3.0,OMNI elbow,-0.2069081760712152,,,,,0.5187473684210526,0.1,,
switch,8,0.05,1,3.0,OMNI degree-adjusted z,-0.01672998718726918,0.018947368421052633,0.0,,,0.8535789473684211,0.36,0.0,0.0
switch,8,0.05,1,3.0,ASE+Procrustes Borda,0.2604462575333143,,,,,0.8346315789473684,0.36,,
switch,8,0.05,1,3.0,raw rows Borda,0.3953786830458177,,,,,0.6105263157894737,0.16,,
switch,8,0.05,1,3.0,raw rows degree-adjusted z,0.011858528393081356,0.05263157894736842,0.0,,,0.6477684210526315,0.08,0.0,0.0
switch,8,0.05,1,4.0,DeDi,0.1582270140121349,,,,,0.5985052631578948,0.06,,
switch,8,0.05,1,4.0,UASE Borda (default),-0.04241410768456539,,,,,0.7586315789473684,0.32,,
switch,8,0.05,1,4.0,UASE elbow,0.002825349112221135,,,,,0.7635578947368421,0.44,,
switch,8,0.05,1,4.0,UASE degree-adjusted z,-0.015522356897498254,0.010526315789473684,0.0,,,0.7559368421052631,0.36,0.0,0.0
switch,8,0.05,1,4.0,OMNI Borda (default),-0.10042673850425547,,,,,0.7824315789473684,0.26,,
switch,8,0.05,1,4.0,OMNI elbow,-0.18185956250698207,,,,,0.5523684210526316,0.02,,
switch,8,0.05,1,4.0,OMNI degree-adjusted z,-0.0249912466318467,0.016842105263157894,0.0,,,0.7776,0.32,0.0,0.0
switch,8,0.05,1,4.0,ASE+Procrustes Borda,0.2764979559873016,,,,,0.8482315789473684,0.38,,
switch,8,0.05,1,4.0,raw rows Borda,0.3755638733181984,,,,,0.6546,0.1,,
switch,8,0.05,1,4.0,raw rows degree-adjusted z,-0.0019667064450930053,0.0431578947368421,0.0,,,0.6380315789473684,0.14,0.0,0.0
switch,8,0.05,1,5.0,DeDi,0.21728096482041043,,,,,0.5029473684210526,0.04,,
switch,8,0.05,1,5.0,UASE Borda (default),0.02064950370427528,,,,,0.7424105263157895,0.32,,
switch,8,0.05,1,5.0,UASE elbow,-0.015958173154041085,,,,,0.7474105263157895,0.32,,
switch,8,0.05,1,5.0,UASE degree-adjusted z,-0.013704625868668984,0.014736842105263158,0.0,,,0.742421052631579,0.36,0.0,0.0
switch,8,0.05,1,5.0,OMNI Borda (default),-0.06466543261197959,,,,,0.7690210526315789,0.28,,
switch,8,0.05,1,5.0,OMNI elbow,-0.12098352616413868,,,,,0.46446315789473686,0.02,,
switch,8,0.05,1,5.0,OMNI degree-adjusted z,-0.02145128565705381,0.010526315789473684,0.0,,,0.7692842105263158,0.36,0.0,0.0
switch,8,0.05,1,5.0,ASE+Procrustes Borda,0.2515909779387702,,,,,0.7712842105263158,0.36,,
switch,8,0.05,1,5.0,raw rows Borda,0.39672359076229446,,,,,0.6392526315789474,0.12,,
switch,8,0.05,1,5.0,raw rows degree-adjusted z,0.04421555058105781,0.04421052631578947,0.0,,,0.6632526315789473,0.14,0.0,0.0
switch,8,0.05,1,6.0,DeDi,0.22141182920134309,,,,,0.4728421052631579,0.04,,
switch,8,0.05,1,6.0,UASE Borda (default),-0.013456754847677907,,,,,0.7978947368421052,0.28,,
switch,8,0.05,1,6.0,UASE elbow,-0.02058377031488553,,,,,0.7383473684210526,0.36,,
switch,8,0.05,1,6.0,UASE degree-adjusted z,-0.008813119047604772,0.010526315789473684,0.0,,,0.7976631578947369,0.28,0.0,0.0
switch,8,0.05,1,6.0,OMNI Borda (default),-0.09383552390999612,,,,,0.8419368421052632,0.28,,
switch,8,0.05,1,6.0,OMNI elbow,-0.1541408487910777,,,,,0.5979684210526316,0.1,,
switch,8,0.05,1,6.0,OMNI degree-adjusted z,-0.018722606101276195,0.010526315789473684,0.0,,,0.851621052631579,0.32,0.0,0.0
switch,8,0.05,1,6.0,ASE+Procrustes Borda,0.2622997968632269,,,,,0.8082736842105264,0.26,,
switch,8,0.05,1,6.0,raw rows Borda,0.3933422993718046,,,,,0.6277157894736842,0.1,,
switch,8,0.05,1,6.0,raw rows degree-adjusted z,0.01598841168411761,0.04631578947368421,0.0,,,0.6047789473684211,0.1,0.0,0.0
switch,8,0.05,1,7.0,DeDi,0.17560587750393652,,,,,0.5356421052631579,0.04,,
switch,8,0.05,1,7.0,UASE Borda (default),-0.03188211267317393,,,,,0.7729157894736842,0.3,,
switch,8,0.05,1,7.0,UASE elbow,-0.0349760439129181,,,,,0.7613894736842105,0.28,,
switch,8,0.05,1,7.0,UASE degree-adjusted z,-0.03876329651274087,0.003157894736842105,0.0,,,0.7696842105263157,0.34,0.0,0.0
switch,8,0.05,1,7.0,OMNI Borda (default),-0.12452671632666171,,,,,0.7617368421052632,0.18,,
switch,8,0.05,1,7.0,OMNI elbow,-0.17435833281426835,,,,,0.46502105263157895,0.02,,
switch,8,0.05,1,7.0,OMNI degree-adjusted z,-0.03700332601427866,0.022105263157894735,0.0,,,0.7678315789473684,0.32,0.0,0.0
switch,8,0.05,1,7.0,ASE+Procrustes Borda,0.27205951470922957,,,,,0.8185052631578947,0.36,,
switch,8,0.05,1,7.0,raw rows Borda,0.4022304281382214,,,,,0.6460105263157895,0.1,,
switch,8,0.05,1,7.0,raw rows degree-adjusted z,-0.011395872333559336,0.05157894736842105,0.0,,,0.6663368421052631,0.16,0.0,0.0
switch,8,0.05,1,,time UASE,,,,0.8724279550000347,2.0,,,,
switch,8,0.05,1,,time OMNI,,,,13.137328545000003,2.0,,,,
switch,8,0.05,1,,time ASE+Procrustes,,,,0.7103254429999879,,,,,
switch,8,0.05,2,1.0,DeDi,0.19364193467094404,,,,,0.4872736842105263,0.06,,
switch,8,0.05,2,1.0,UASE Borda (default),-0.11523445191751738,,,,,0.8156842105263158,0.24,,
switch,8,0.05,2,1.0,UASE elbow,-0.08770772234362638,,,,,0.6385052631578947,0.26,,
switch,8,0.05,2,1.0,UASE degree-adjusted z,-0.0351231021556622,0.010526315789473684,0.0,,,0.8220421052631579,0.34,0.0,0.0
switch,8,0.05,2,1.0,OMNI Borda (default),-0.18007000842669568,,,,,0.7985263157894736,0.18,,
switch,8,0.05,2,1.0,OMNI elbow,-0.04691970739249712,,,,,0.6662947368421053,0.22,,
switch,8,0.05,2,1.0,OMNI degree-adjusted z,-0.03685551429165293,0.010526315789473684,0.0,,,0.8190947368421052,0.28,0.0,0.0
switch,8,0.05,2,1.0,ASE+Procrustes Borda,0.18644387205967297,,,,,0.8405263157894737,0.34,,
switch,8,0.05,2,1.0,raw rows Borda,0.37167412055352217,,,,,0.6334631578947368,0.1,,
switch,8,0.05,2,1.0,raw rows degree-adjusted z,0.0182124416408926,0.03894736842105263,0.0,,,0.6896105263157895,0.14,0.0,0.0
switch,8,0.05,2,2.0,DeDi,0.16145286163474235,,,,,0.5044842105263158,0.06,,
switch,8,0.05,2,2.0,UASE Borda (default),-0.1339905650570273,,,,,0.8407052631578947,0.42,,
switch,8,0.05,2,2.0,UASE elbow,-0.07122024454615979,,,,,0.8058631578947368,0.4,,
switch,8,0.05,2,2.0,UASE degree-adjusted z,-0.015852872852502815,0.009473684210526316,0.0,,,0.8348842105263158,0.44,0.0,0.0
switch,8,0.05,2,2.0,OMNI Borda (default),-0.21463684706214706,,,,,0.8635578947368421,0.44,,
switch,8,0.05,2,2.0,OMNI elbow,-0.03561202883510242,,,,,0.8089578947368421,0.5,,
switch,8,0.05,2,2.0,OMNI degree-adjusted z,-0.018628778192919082,0.014736842105263158,0.0,,,0.8601894736842105,0.46,0.0,0.0
switch,8,0.05,2,2.0,ASE+Procrustes Borda,0.21749963294943786,,,,,0.8222736842105263,0.46,,
switch,8,0.05,2,2.0,raw rows Borda,0.3816511067001318,,,,,0.6072947368421052,0.14,,
switch,8,0.05,2,2.0,raw rows degree-adjusted z,0.04270521433633759,0.04842105263157895,0.0,,,0.6247368421052631,0.12,0.0,0.0
switch,8,0.05,2,3.0,DeDi,0.13815064184997988,,,,,0.5111578947368421,0.1,,
switch,8,0.05,2,3.0,UASE Borda (default),-0.13779368029901842,,,,,0.8472105263157895,0.28,,
switch,8,0.05,2,3.0,UASE elbow,-0.03225375419557996,,,,,0.7959684210526315,0.4,,
switch,8,0.05,2,3.0,UASE degree-adjusted z,-0.020282631191341258,0.007368421052631579,0.0,,,0.8435578947368421,0.34,0.0,0.0
switch,8,0.05,2,3.0,OMNI Borda (default),-0.18693408919427096,,,,,0.8518631578947369,0.32,,
switch,8,0.05,2,3.0,OMNI elbow,-0.035132357209254034,,,,,0.7977894736842105,0.46,,
switch,8,0.05,2,3.0,OMNI degree-adjusted z,-0.02116152484316305,0.017894736842105262,0.0,,,0.8540842105263158,0.42,0.0,0.0
switch,8,0.05,2,3.0,ASE+Procrustes Borda,0.23607263734005587,,,,,0.8399684210526316,0.4,,
switch,8,0.05,2,3.0,raw rows Borda,0.37734141753239814,,,,,0.6183368421052632,0.08,,
switch,8,0.05,2,3.0,raw rows degree-adjusted z,0.020514528850236118,0.0431578947368421,0.0,,,0.6480947368421053,0.06,0.0,0.0
switch,8,0.05,2,4.0,DeDi,0.18900961869224414,,,,,0.5230315789473684,0.02,,
switch,8,0.05,2,4.0,UASE Borda (default),-0.097621717567564,,,,,0.8190421052631579,0.38,,
switch,8,0.05,2,4.0,UASE elbow,-0.06019929058630503,,,,,0.7736526315789474,0.4,,
switch,8,0.05,2,4.0,UASE degree-adjusted z,-0.009961439333738262,0.002105263157894737,0.0,,,0.8204210526315789,0.44,0.0,0.0
switch,8,0.05,2,4.0,OMNI Borda (default),-0.1655906927550917,,,,,0.8318736842105263,0.36,,
switch,8,0.05,2,4.0,OMNI elbow,-0.05477584685527297,,,,,0.7924210526315789,0.4,,
switch,8,0.05,2,4.0,OMNI degree-adjusted z,-0.01548877564266288,0.009473684210526316,0.0,,,0.8350105263157894,0.44,0.0,0.0
switch,8,0.05,2,4.0,ASE+Procrustes Borda,0.21269780200038538,,,,,0.8833578947368421,0.54,,
switch,8,0.05,2,4.0,raw rows Borda,0.3789782716179012,,,,,0.6109894736842105,0.14,,
switch,8,0.05,2,4.0,raw rows degree-adjusted z,0.0245636227177072,0.03368421052631579,0.0,,,0.6114421052631579,0.16,0.0,0.0
switch,8,0.05,2,5.0,DeDi,0.1534545743729324,,,,,0.528578947368421,0.04,,
switch,8,0.05,2,5.0,UASE Borda (default),-0.1127670305680095,,,,,0.7986315789473685,0.4,,
switch,8,0.05,2,5.0,UASE elbow,-0.08225306455721862,,,,,0.7531157894736842,0.34,,
switch,8,0.05,2,5.0,UASE degree-adjusted z,-0.02741705190668185,0.009473684210526316,0.0,,,0.8106947368421052,0.46,0.0,0.0
switch,8,0.05,2,5.0,OMNI Borda (default),-0.1874169876844392,,,,,0.7821052631578947,0.34,,
switch,8,0.05,2,5.0,OMNI elbow,-0.05602558943491472,,,,,0.7872631578947369,0.42,,
switch,8,0.05,2,5.0,OMNI degree-adjusted z,-0.022933062197186757,0.014736842105263158,0.0,,,0.7974947368421053,0.44,0.0,0.0
switch,8,0.05,2,5.0,ASE+Procrustes Borda,0.2322018216242665,,,,,0.8245263157894737,0.4,,
switch,8,0.05,2,5.0,raw rows Borda,0.37028153719255447,,,,,0.6026842105263158,0.16,,
switch,8,0.05,2,5.0,raw rows degree-adjusted z,0.011331108528753247,0.01368421052631579,0.0,,,0.6071157894736842,0.0,0.0,0.0
switch,8,0.05,2,6.0,DeDi,0.167018553617534,,,,,0.527,0.04,,
switch,8,0.05,2,6.0,UASE Borda (default),-0.11803467984398625,,,,,0.8644842105263157,0.36,,
switch,8,0.05,2,6.0,UASE elbow,-0.07505935061624579,,,,,0.7783368421052631,0.34,,
switch,8,0.05,2,6.0,UASE degree-adjusted z,-0.023518725350053594,0.005263157894736842,0.0,,,0.8670105263157895,0.42,0.0,0.0
switch,8,0.05,2,6.0,OMNI Borda (default),-0.20024404788578323,,,,,0.8732947368421052,0.32,,
switch,8,0.05,2,6.0,OMNI elbow,-0.04708792301642683,,,,,0.8030842105263158,0.4,,
switch,8,0.05,2,6.0,OMNI degree-adjusted z,-0.028874769119667174,0.015789473684210527,0.0,,,0.8837263157894737,0.42,0.0,0.0
switch,8,0.05,2,6.0,ASE+Procrustes Borda,0.18204568834139262,,,,,0.8783473684210527,0.4,,
switch,8,0.05,2,6.0,raw rows Borda,0.37677636277750876,,,,,0.5771473684210526,0.08,,
switch,8,0.05,2,6.0,raw rows degree-adjusted z,0.004917497431189502,0.015789473684210527,0.0,,,0.6056947368421053,0.14,0.0,0.0
switch,8,0.05,2,7.0,DeDi,0.18732882603588488,,,,,0.5185368421052632,0.04,,
switch,8,0.05,2,7.0,UASE Borda (default),-0.0858458135078767,,,,,0.8178105263157894,0.3,,
switch,8,0.05,2,7.0,UASE elbow,-0.09879389137784983,,,,,0.6979052631578947,0.32,,
switch,8,0.05,2,7.0,UASE degree-adjusted z,-0.01672914037402646,0.005263157894736842,0.0,,,0.8256842105263158,0.38,0.0,0.0
switch,8,0.05,2,7.0,OMNI Borda (default),-0.18049606017781522,,,,,0.8132105263157895,0.38,,
switch,8,0.05,2,7.0,OMNI elbow,-0.04632998049698468,,,,,0.7383157894736843,0.44,,
switch,8,0.05,2,7.0,OMNI degree-adjusted z,-0.03178977732665767,0.00631578947368421,0.0,,,0.8251368421052632,0.42,0.0,0.0
switch,8,0.05,2,7.0,ASE+Procrustes Borda,0.1883387774983201,,,,,0.8527789473684211,0.44,,
switch,8,0.05,2,7.0,raw rows Borda,0.37310718997463826,,,,,0.6221157894736842,0.1,,
switch,8,0.05,2,7.0,raw rows degree-adjusted z,0.006040335345622302,0.05052631578947368,0.0,,,0.649578947368421,0.08,0.0,0.0
switch,8,0.05,2,,time UASE,,,,1.0607704490000174,2.0,,,,
switch,8,0.05,2,,time OMNI,,,,9.679095877999998,2.0,,,,
switch,8,0.05,2,,time ASE+Procrustes,,,,0.6971259299999701,,,,,
switch,8,0.05,3,1.0,DeDi,0.15478471670849434,,,,,0.5244526315789474,0.1,,
switch,8,0.05,3,1.0,UASE Borda (default),-0.046146341315052936,,,,,0.7935368421052632,0.3,,
switch,8,0.05,3,1.0,UASE elbow,-0.006937582997868059,,,,,0.8053263157894737,0.34,,
switch,8,0.05,3,1.0,UASE degree-adjusted z,-0.031026048834093555,0.017894736842105262,0.0,,,0.7875368421052632,0.4,0.0,0.0
switch,8,0.05,3,1.0,OMNI Borda (default),-0.0968755105422907,,,,,0.7923157894736842,0.34,,
switch,8,0.05,3,1.0,OMNI elbow,0.010536237404883268,,,,,0.8169684210526316,0.36,,
switch,8,0.05,3,1.0,OMNI degree-adjusted z,-0.04064382302068876,0.02,0.0,,,0.7898947368421053,0.38,0.0,0.0
switch,8,0.05,3,1.0,ASE+Procrustes Borda,0.2530667207455177,,,,,0.8220631578947368,0.44,,
switch,8,0.05,3,1.0,raw rows Borda,0.3722425816827739,,,,,0.6322947368421052,0.18,,
switch,8,0.05,3,1.0,raw rows degree-adjusted z,0.012055955242284503,0.05157894736842105,0.0,,,0.6294421052631579,0.08,0.0,0.0
switch,8,0.05,3,2.0,DeDi,0.17374935503561997,,,,,0.4449578947368421,0.1,,
switch,8,0.05,3,2.0,UASE Borda (default),-0.10642258985551561,,,,,0.8180947368421052,0.4,,
switch,8,0.05,3,2.0,UASE elbow,-0.056860585655203306,,,,,0.7418315789473684,0.4,,
switch,8,0.05,3,2.0,UASE degree-adjusted z,-0.04990344226663928,0.009473684210526316,0.0,,,0.814,0.46,0.0,0.0
switch,8,0.05,3,2.0,OMNI Borda (default),-0.16355640575558203,,,,,0.8302526315789474,0.4,,
switch,8,0.05,3,2.0,OMNI elbow,-0.04767116472583869,,,,,0.7422210526315789,0.44,,
switch,8,0.05,3,2.0,OMNI degree-adjusted z,-0.05165090386570931,0.015789473684210527,0.0,,,0.8361684210526316,0.44,0.0,0.0
switch,8,0.05,3,2.0,ASE+Procrustes Borda,0.20127280263429903,,,,,0.8461684210526316,0.44,,
switch,8,0.05,3,2.0,raw rows Borda,0.38509493560045605,,,,,0.6970526315789474,0.14,,
switch,8,0.05,3,2.0,raw rows degree-adjusted z,0.019725134192509132,0.034736842105263156,0.0,,,0.6388315789473684,0.14,0.0,0.0
switch,8,0.05,3,3.0,DeDi,0.17536429020628314,,,,,0.4013894736842105,0.04,,
switch,8,0.05,3,3.0,UASE Borda (default),-0.11247685929286907,,,,,0.8364736842105264,0.34,,
switch,8,0.05,3,3.0,UASE elbow,-0.05478149520037336,,,,,0.7198526315789474,0.34,,
switch,8,0.05,3,3.0,UASE degree-adjusted z,-0.009511624438585706,0.005263157894736842,0.0,,,0.8370736842105263,0.32,0.0,0.0
switch,8,0.05,3,3.0,OMNI Borda (default),-0.1700775682766786,,,,,0.8624,0.4,,
switch,8,0.05,3,3.0,OMNI elbow,-0.025087787281028288,,,,,0.7582210526315789,0.32,,
switch,8,0.05,3,3.0,OMNI degree-adjusted z,-0.012493174645448095,0.009473684210526316,0.0,,,0.8612842105263158,0.36,0.0,0.0
switch,8,0.05,3,3.0,ASE+Procrustes Borda,0.23369900128396043,,,,,0.8412105263157895,0.4,,
switch,8,0.05,3,3.0,raw rows Borda,0.3743363190377622,,,,,0.5988526315789474,0.18,,
switch,8,0.05,3,3.0,raw rows degree-adjusted z,0.014748276158880691,0.01263157894736842,0.0,,,0.6148105263157895,0.12,0.0,0.0
switch,8,0.05,3,4.0,DeDi,0.1869887742996462,,,,,0.5652631578947368,0.04,,
switch,8,0.05,3,4.0,UASE Borda (default),-0.08920337956613135,,,,,0.8370526315789474,0.32,,
switch,8,0.05,3,4.0,UASE elbow,-0.028482968494217224,,,,,0.7600526315789473,0.32,,
switch,8,0.05,3,4.0,UASE degree-adjusted z,-0.019090805027170137,0.004210526315789474,0.0,,,0.8422736842105263,0.4,0.0,0.0
switch,8,0.05,3,4.0,OMNI Borda (default),-0.145647127780233,,,,,0.8450947368421052,0.34,,
switch,8,0.05,3,4.0,OMNI elbow,-0.019646986354574836,,,,,0.7795578947368421,0.38,,
switch,8,0.05,3,4.0,OMNI degree-adjusted z,-0.019613873090790615,0.010526315789473684,0.0,,,0.8595578947368421,0.46,0.0,0.0
switch,8,0.05,3,4.0,ASE+Procrustes Borda,0.21765110888482972,,,,,0.8364526315789473,0.38,,
switch,8,0.05,3,4.0,raw rows Borda,0.39343541284432515,,,,,0.6522421052631578,0.1,,
switch,8,0.05,3,4.0,raw rows degree-adjusted z,0.023872534582992905,0.014736842105263158,0.0,,,0.6974842105263158,0.14,0.0,0.0
switch,8,0.05,3,5.0,DeDi,0.19565680590435316,,,,,0.5525473684210527,0.08,,
switch,8,0.05,3,5.0,UASE Borda (default),-0.07574105161213113,,,,,0.8113052631578948,0.38,,
switch,8,0.05,3,5.0,UASE elbow,-0.0007473275199665308,,,,,0.688,0.28,,
switch,8,0.05,3,5.0,UASE degree-adjusted z,-0.03215826807921715,0.005263157894736842,0.0,,,0.8160842105263157,0.44,0.0,0.0
switch,8,0.05,3,5.0,OMNI Borda (default),-0.12587346505118552,,,,,0.8138421052631579,0.32,,
switch,8,0.05,3,5.0,OMNI elbow,0.015630838519283714,,,,,0.7032421052631579,0.32,,
switch,8,0.05,3,5.0,OMNI degree-adjusted z,-0.029104200758220056,0.016842105263157894,0.0,,,0.8297052631578947,0.42,0.0,0.0
switch,8,0.05,3,5.0,ASE+Procrustes Borda,0.25401114452084733,,,,,0.861378947368421,0.46,,
switch,8,0.05,3,5.0,raw rows Borda,0.36950394561403865,,,,,0.6564947368421052,0.18,,
switch,8,0.05,3,5.0,raw rows degree-adjusted z,0.01380620453960077,0.01263157894736842,0.0,,,0.6566526315789474,0.12,0.0,0.0
switch,8,0.05,3,6.0,DeDi,0.16386940704957997,,,,,0.42013684210526314,0.06,,
switch,8,0.05,3,6.0,UASE Borda (default),-0.0331821000538242,,,,,0.8159157894736843,0.32,,
switch,8,0.05,3,6.0,UASE elbow,-0.03866887625118659,,,,,0.7438842105263158,0.32,,
switch,8,0.05,3,6.0,UASE degree-adjusted z,-0.006603056771078838,0.011578947368421053,0.0,,,0.817642105263158,0.3,0.0,0.0
switch,8,0.05,3,6.0,OMNI Borda (default),-0.09802262753480004,,,,,0.8333263157894737,0.36,,
switch,8,0.05,3,6.0,OMNI elbow,-0.00481446991217557,,,,,0.7816105263157894,0.4,,
switch,8,0.05,3,6.0,OMNI degree-adjusted z,-0.015436758498030296,0.018947368421052633,0.0,,,0.8346736842105263,0.38,0.0,0.0
switch,8,0.05,3,6.0,ASE+Procrustes Borda,0.22817936427794414,,,,,0.8271157894736842,0.4,,
switch,8,0.05,3,6.0,raw rows Borda,0.3757865238264163,,,,,0.6008315789473684,0.12,,
switch,8,0.05,3,6.0,raw rows degree-adjusted z,-0.000683946755680775,0.034736842105263156,0.0,,,0.6100736842105263,0.06,0.0,0.0
switch,8,0.05,3,7.0,DeDi,0.17166365955662002,,,,,0.4674105263157895,0.02,,
switch,8,0.05,3,7.0,UASE Borda (default),-0.09878825556321805,,,,,0.7237473684210526,0.26,,
switch,8,0.05,3,7.0,UASE elbow,-0.08284474436495227,,,,,0.640378947368421,0.24,,
switch,8,0.05,3,7.0,UASE degree-adjusted z,-0.05137152633105585,0.009473684210526316,0.0,,,0.7354526315789474,0.38,0.0,0.0
switch,8,0.05,3,7.0,OMNI Borda (default),-0.15294618434430196,,,,,0.7367263157894737,0.22,,
switch,8,0.05,3,7.0,OMNI elbow,-0.05871731629818518,,,,,0.6635157894736842,0.3,,
switch,8,0.05,3,7.0,OMNI degree-adjusted z,-0.05222950862632477,0.02,0.0,,,0.7553894736842105,0.36,0.0,0.0
switch,8,0.05,3,7.0,ASE+Procrustes Borda,0.1872760325008179,,,,,0.7670736842105264,0.38,,
switch,8,0.05,3,7.0,raw rows Borda,0.35615227792455617,,,,,0.5919684210526316,0.12,,
switch,8,0.05,3,7.0,raw rows degree-adjusted z,0.0152041136591786,0.05157894736842105,0.0,,,0.5987052631578947,0.08,0.0,0.0
switch,8,0.05,3,,time UASE,,,,1.092372943999976,2.0,,,,
switch,8,0.05,3,,time OMNI,,,,9.94011026100003,2.0,,,,
switch,8,0.05,3,,time ASE+Procrustes,,,,0.7134298900000431,,,,,
switch,8,0.05,4,1.0,DeDi,0.19934064300951257,,,,,0.5231263157894737,0.06,,
switch,8,0.05,4,1.0,UASE Borda (default),-0.12800171754219322,,,,,0.7612526315789474,0.24,,
switch,8,0.05,4,1.0,UASE elbow,-0.15251504153082027,,,,,0.5564631578947369,0.14,,
switch,8,0.05,4,1.0,UASE degree-adjusted z,-0.009860195036230686,0.01263157894736842,0.0,,,0.7606736842105263,0.28,0.0,0.0
switch,8,0.05,4,1.0,OMNI Borda (default),-0.21596580479558672,,,,,0.7738736842105263,0.28,,
switch,8,0.05,4,1.0,OMNI elbow,-0.14457629625099255,,,,,0.5213052631578947,0.08,,
switch,8,0.05,4,1.0,OMNI degree-adjusted z,-0.006918636999383518,0.021052631578947368,0.0,,,0.7773684210526316,0.3,0.0,0.0
switch,8,0.05,4,1.0,ASE+Procrustes Borda,0.12134588548884874,,,,,0.8372421052631579,0.36,,
switch,8,0.05,4,1.0,raw rows Borda,0.384868171036993,,,,,0.658778947368421,0.06,,
switch,8,0.05,4,1.0,raw rows degree-adjusted z,0.04983145000472556,0.034736842105263156,0.0,,,0.7001473684210526,0.18,0.0,0.0
switch,8,0.05,4,2.0,DeDi,0.13237071209975237,,,,,0.4882947368421053,0.04,,
switch,8,0.05,4,2.0,UASE Borda (default),-0.1773693212498989,,,,,0.8479157894736842,0.44,,
switch,8,0.05,4,2.0,UASE elbow,-0.12944866486645182,,,,,0.5017473684210526,0.04,,
switch,8,0.05,4,2.0,UASE degree-adjusted z,-0.03268830024923952,0.007368421052631579,0.0,,,0.8466526315789473,0.44,0.0,0.0
switch,8,0.05,4,2.0,OMNI Borda (default),-0.24746063707609128,,,,,0.8618736842105263,0.38,,
switch,8,0.05,4,2.0,OMNI elbow,-0.13949607468261774,,,,,0.5065263157894737,0.04,,
switch,8,0.05,4,2.0,OMNI degree-adjusted z,-0.025060149508213746,0.014736842105263158,0.0,,,0.865578947368421,0.44,0.0,0.0
switch,8,0.05,4,2.0,ASE+Procrustes Borda,0.09883065202573363,,,,,0.8268842105263158,0.44,,
switch,8,0.05,4,2.0,raw rows Borda,0.3448139412230238,,,,,0.6515263157894737,0.16,,
switch,8,0.05,4,2.0,raw rows degree-adjusted z,0.01975652420890617,0.04,0.0,,,0.6277368421052631,0.1,0.0,0.0
switch,8,0.05,4,3.0,DeDi,0.1845994913764605,,,,,0.5269157894736842,0.02,,
switch,8,0.05,4,3.0,UASE Borda (default),-0.13896582569459096,,,,,0.8658315789473684,0.34,,
switch,8,0.05,4,3.0,UASE elbow,-0.11777488173122541,,,,,0.6013368421052632,0.06,,
switch,8,0.05,4,3.0,UASE degree-adjusted z,-0.018716372591107897,0.010526315789473684,0.0,,,0.8724,0.46,0.0,0.0
switch,8,0.05,4,3.0,OMNI Borda (default),-0.19279940486186062,,,,,0.8817894736842106,0.4,,
switch,8,0.05,4,3.0,OMNI elbow,-0.12900381200385416,,,,,0.5385052631578947,0.08,,
switch,8,0.05,4,3.0,OMNI degree-adjusted z,-0.02265891591214701,0.010526315789473684,0.0,,,0.8902526315789474,0.5,0.0,0.0
switch,8,0.05,4,3.0,ASE+Procrustes Borda,0.15841664820934576,,,,,0.9028315789473684,0.52,,
switch,8,0.05,4,3.0,raw rows Borda,0.37285688461264604,,,,,0.6601052631578948,0.16,,
switch,8,0.05,4,3.0,raw rows degree-adjusted z,0.026058019438299232,0.035789473684210524,0.0,,,0.685357894736842,0.14,0.0,0.0
switch,8,0.05,4,4.0,DeDi,0.18270645596851412,,,,,0.49286315789473684,0.02,,
switch,8,0.05,4,4.0,UASE Borda (default),-0.129008560397548,,,,,0.8059684210526316,0.34,,
switch,8,0.05,4,4.0,UASE elbow,-0.11260667723659298,,,,,0.5127157894736842,0.02,,
switch,8,0.05,4,4.0,UASE degree-adjusted z,-0.03628599733608651,0.008421052631578947,0.0,,,0.8029263157894737,0.36,0.0,0.0
switch,8,0.05,4,4.0,OMNI Borda (default),-0.19393045380351895,,,,,0.8549578947368421,0.4,,
switch,8,0.05,4,4.0,OMNI elbow,-0.08868424536938291,,,,,0.4736947368421053,0.04,,
switch,8,0.05,4,4.0,OMNI degree-adjusted z,-0.041621177947245215,0.01368421052631579,0.0,,,0.8562947368421052,0.46,0.0,0.0
switch,8,0.05,4,4.0,ASE+Procrustes Borda,0.2002837115198398,,,,,0.8248421052631579,0.44,,
switch,8,0.05,4,4.0,raw rows Borda,0.37061103225156544,,,,,0.6193157894736843,0.1,,
switch,8,0.05,4,4.0,raw rows degree-adjusted z,0.016567159241465217,0.03263157894736842,0.0,,,0.6298736842105264,0.12,0.0,0.0
switch,8,0.05,4,5.0,DeDi,0.1677235221239223,,,,,0.4810421052631579,0.1,,
switch,8,0.05,4,5.0,UASE Borda (default),-0.17245403617962232,,,,,0.8464631578947368,0.36,,
switch,8,0.05,4,5.0,UASE elbow,-0.160500966563257,,,,,0.5608105263157894,0.06,,
switch,8,0.05,4,5.0,UASE degree-adjusted z,-0.021930121174275716,0.018947368421052633,0.0,,,0.8598526315789474,0.4,0.0,0.0
switch,8,0.05,4,5.0,OMNI Borda (default),-0.22121233018646258,,,,,0.8644736842105263,0.4,,
switch,8,0.05,4,5.0,OMNI elbow,-0.14904924423319305,,,,,0.5003894736842105,0.06,,
switch,8,0.05,4,5.0,OMNI degree-adjusted z,-0.024965752530237632,0.021052631578947368,0.0,,,0.8850736842105263,0.46,0.0,0.0
switch,8,0.05,4,5.0,ASE+Procrustes Borda,0.2084043704902715,,,,,0.8948842105263158,0.46,,
switch,8,0.05,4,5.0,raw rows Borda,0.3520628768939489,,,,,0.5976947368421053,0.1,,
switch,8,0.05,4,5.0,raw rows degree-adjusted z,0.03145384821905302,0.02631578947368421,0.0,,,0.5836210526315789,0.04,0.0,0.0
switch,8,0.05,4,6.0,DeDi,0.1940311581205937,,,,,0.4863789473684211,0.04,,
switch,8,0.05,4,6.0,UASE Borda (default),-0.13539204794456666,,,,,0.7806842105263158,0.32,,
switch,8,0.05,4,6.0,UASE elbow,-0.18044957643659343,,,,,0.5109052631578948,0.06,,
switch,8,0.05,4,6.0,UASE degree-adjusted z,-0.02134010385135751,0.003157894736842105,0.0,,,0.7870947368421053,0.34,0.02,0.0
switch,8,0.05,4,6.0,OMNI Borda (default),-0.20957250055521331,,,,,0.7851684210526316,0.36,,
switch,8,0.05,4,6.0,OMNI elbow,-0.17663851494154184,,,,,0.42706315789473687,0.04,,
switch,8,0.05,4,6.0,OMNI degree-adjusted z,-0.024897194923446272,0.018947368421052633,0.0,,,0.7942736842105264,0.38,0.0,0.0
switch,8,0.05,4,6.0,ASE+Procrustes Borda,0.14871785875460689,,,,,0.827978947368421,0.4,,
switch,8,0.05,4,6.0,raw rows Borda,0.3752976554849166,,,,,0.6288947368421053,0.14,,
switch,8,0.05,4,6.0,raw rows degree-adjusted z,0.03223605986919832,0.037894736842105266,0.0,,,0.6229368421052631,0.1,0.0,0.0
switch,8,0.05,4,7.0,DeDi,0.15578261797217777,,,,,0.4432842105263158,0.04,,
switch,8,0.05,4,7.0,UASE Borda (default),-0.17516400219081615,,,,,0.814,0.3,,
switch,8,0.05,4,7.0,UASE elbow,-0.17505333155708339,,,,,0.5150631578947369,0.04,,
switch,8,0.05,4,7.0,UASE degree-adjusted z,-0.026253359239912944,0.010526315789473684,0.0,,,0.8188210526315789,0.32,0.0,0.0
switch,8,0.05,4,7.0,OMNI Borda (default),-0.23200437285961006,,,,,0.809821052631579,0.34,,
switch,8,0.05,4,7.0,OMNI elbow,-0.1742233348755638,,,,,0.5057473684210526,0.04,,
switch,8,0.05,4,7.0,OMNI degree-adjusted z,-0.02673645659809907,0.017894736842105262,0.0,,,0.8217473684210527,0.36,0.0,0.0
switch,8,0.05,4,7.0,ASE+Procrustes Borda,0.11559882349028178,,,,,0.8790421052631578,0.42,,
switch,8,0.05,4,7.0,raw rows Borda,0.3805442194252249,,,,,0.7090631578947368,0.1,,
switch,8,0.05,4,7.0,raw rows degree-adjusted z,0.022872854851305132,0.035789473684210524,0.0,,,0.7044947368421053,0.2,0.0,0.0
switch,8,0.05,4,,time UASE,,,,0.8049474660000442,2.0,,,,
switch,8,0.05,4,,time OMNI,,,,9.322814779999987,2.0,,,,
switch,8,0.05,4,,time ASE+Procrustes,,,,0.6860916750000001,,,,,
switch,8,0.05,5,1.0,DeDi,0.190477058135918,,,,,0.5046105263157895,0.04,,
switch,8,0.05,5,1.0,UASE Borda (default),-0.15713137947047512,,,,,0.8344421052631579,0.34,,
switch,8,0.05,5,1.0,UASE elbow,-0.15952958588339594,,,,,0.6342736842105263,0.26,,
switch,8,0.05,5,1.0,UASE degree-adjusted z,-0.028839619051906178,0.00631578947368421,0.0,,,0.8308631578947369,0.34,0.0,0.0
switch,8,0.05,5,1.0,OMNI Borda (default),-0.2014335332421711,,,,,0.8335789473684211,0.32,,
switch,8,0.05,5,1.0,OMNI elbow,-0.1842886219705937,,,,,0.5715578947368422,0.08,,
switch,8,0.05,5,1.0,OMNI degree-adjusted z,-0.03666318894527391,0.02526315789473684,0.0,,,0.8327157894736842,0.4,0.0,0.0
switch,8,0.05,5,1.0,ASE+Procrustes Borda,0.2021489607898545,,,,,0.8975473684210526,0.5,,
switch,8,0.05,5,1.0,raw rows Borda,0.356694441167064,,,,,0.6976315789473684,0.22,,
switch,8,0.05,5,1.0,raw rows degree-adjusted z,0.01350042341434689,0.037894736842105266,0.0,,,0.6837368421052632,0.08,0.0,0.0
switch,8,0.05,5,2.0,DeDi,0.18531222569963746,,,,,0.4731157894736842,0.04,,
switch,8,0.05,5,2.0,UASE Borda (default),-0.13827924160530758,,,,,0.8406,0.38,,
switch,8,0.05,5,2.0,UASE elbow,-0.13055815727676934,,,,,0.6740105263157895,0.18,,
switch,8,0.05,5,2.0,UASE degree-adjusted z,-0.023005784678226684,0.008421052631578947,0.0,,,0.8527578947368422,0.52,0.0,0.0
switch,8,0.05,5,2.0,OMNI Borda (default),-0.17467671311937782,,,,,0.8600210526315789,0.36,,
switch,8,0.05,5,2.0,OMNI elbow,-0.19072468781404506,,,,,0.539978947368421,0.1,,
switch,8,0.05,5,2.0,OMNI degree-adjusted z,-0.029216202004891695,0.015789473684210527,0.0,,,0.8722736842105263,0.44,0.0,0.0
switch,8,0.05,5,2.0,ASE+Procrustes Borda,0.24934003851329345,,,,,0.8734947368421052,0.44,,
switch,8,0.05,5,2.0,raw rows Borda,0.3572798747798459,,,,,0.6235052631578948,0.1,,
switch,8,0.05,5,2.0,raw rows degree-adjusted z,-0.00035550432325407404,0.05263157894736842,0.0,,,0.6395052631578947,0.12,0.0,0.0
switch,8,0.05,5,3.0,DeDi,0.2171010926893477,,,,,0.5497473684210527,0.06,,
switch,8,0.05,5,3.0,UASE Borda (default),-0.16663577106104288,,,,,0.8380105263157894,0.28,,
switch,8,0.05,5,3.0,UASE elbow,-0.25492223811611847,,,,,0.6700105263157895,0.12,,
switch,8,0.05,5,3.0,UASE degree-adjusted z,-0.03067287077008944,0.008421052631578947,0.0,,,0.833221052631579,0.32,0.0,0.0
switch,8,0.05,5,3.0,OMNI Borda (default),-0.2138164494147056,,,,,0.8588526315789474,0.3,,
switch,8,0.05,5,3.0,OMNI elbow,-0.22436685101938508,,,,,0.5479368421052632,0.02,,
switch,8,0.05,5,3.0,OMNI degree-adjusted z,-0.03361934061531329,0.016842105263157894,0.0,,,0.8649473684210527,0.42,0.0,0.0
switch,8,0.05,5,3.0,ASE+Procrustes Borda,0.19970821402034178,,,,,0.8397052631578947,0.32,,
switch,8,0.05,5,3.0,raw rows Borda,0.36610592581161133,,,,,0.6701894736842106,0.14,,
switch,8,0.05,5,3.0,raw rows degree-adjusted z,0.014197249140568701,0.04842105263157895,0.0,,,0.6827578947368421,0.18,0.0,0.0
switch,8,0.05,5,4.0,DeDi,0.19130608192248316,,,,,0.5272526315789474,0.06,,
switch,8,0.05,5,4.0,UASE Borda (default),-0.1874135743441955,,,,,0.8410947368421052,0.3,,
switch,8,0.05,5,4.0,UASE elbow,-0.15967934386657381,,,,,0.6909894736842105,0.16,,
switch,8,0.05,5,4.0,UASE degree-adjusted z,-0.02708114310692115,0.004210526315789474,0.0,,,0.8510526315789474,0.4,0.0,0.0
switch,8,0.05,5,4.0,OMNI Borda (default),-0.21447216159825833,,,,,0.8496842105263158,0.34,,
switch,8,0.05,5,4.0,OMNI elbow,-0.16368491141688146,,,,,0.5802736842105263,0.12,,
switch,8,0.05,5,4.0,OMNI degree-adjusted z,-0.033098992160500815,0.010526315789473684,0.0,,,0.8684,0.44,0.0,0.0
switch,8,0.05,5,4.0,ASE+Procrustes Borda,0.12721453184876994,,,,,0.855757894736842,0.42,,
switch,8,0.05,5,4.0,raw rows Borda,0.3558042326930399,,,,,0.6857368421052632,0.2,,
switch,8,0.05,5,4.0,raw rows degree-adjusted z,0.009434136430357643,0.05157894736842105,0.0,,,0.7555894736842105,0.12,0.0,0.0
switch,8,0.05,5,5.0,DeDi,0.18476142209071827,,,,,0.5143894736842105,0.02,,
switch,8,0.05,5,5.0,UASE Borda (default),-0.12883835051537676,,,,,0.7110526315789474,0.16,,
switch,8,0.05,5,5.0,UASE elbow,-0.13999707041920914,,,,,0.6052842105263158,0.08,,
switch,8,0.05,5,5.0,UASE degree-adjusted z,-0.014842764357063214,0.00631578947368421,0.0,,,0.7228631578947369,0.26,0.0,0.0
switch,8,0.05,5,5.0,OMNI Borda (default),-0.15931134049446913,,,,,0.7275368421052631,0.22,,
switch,8,0.05,5,5.0,OMNI elbow,-0.1358184318576567,,,,,0.5063368421052632,0.04,,
switch,8,0.05,5,5.0,OMNI degree-adjusted z,-0.014544796958784011,0.01368421052631579,0.0,,,0.7365684210526315,0.32,0.0,0.0
switch,8,0.05,5,5.0,ASE+Procrustes Borda,0.20741043775911128,,,,,0.7760315789473684,0.28,,
switch,8,0.05,5,5.0,raw rows Borda,0.33891245351985344,,,,,0.4848421052631579,0.1,,
switch,8,0.05,5,5.0,raw rows degree-adjusted z,0.026554856429424796,0.05263157894736842,0.0,,,0.5145578947368421,0.08,0.0,0.0
switch,8,0.05,5,6.0,DeDi,0.1969215997422541,,,,,0.5249684210526315,0.06,,
switch,8,0.05,5,6.0,UASE Borda (default),-0.17634405739406583,,,,,0.813978947368421,0.26,,
switch,8,0.05,5,6.0,UASE elbow,-0.11531356662215081,,,,,0.5936105263157895,0.06,,
switch,8,0.05,5,6.0,UASE degree-adjusted z,-0.016742880151116975,0.005263157894736842,0.0,,,0.8015157894736842,0.34,0.0,0.0
switch,8,0.05,5,6.0,OMNI Borda (default),-0.20114556562752145,,,,,0.8487684210526316,0.32,,
switch,8,0.05,5,6.0,OMNI elbow,-0.1390834491831864,,,,,0.46812631578947367,0.04,,
switch,8,0.05,5,6.0,OMNI degree-adjusted z,-0.01909847240098607,0.021052631578947368,0.0,,,0.8379578947368421,0.42,0.0,0.0
switch,8,0.05,5,6.0,ASE+Procrustes Borda,0.17042049385540853,,,,,0.8523684210526316,0.48,,
switch,8,0.05,5,6.0,raw rows Borda,0.3405248634426503,,,,,0.6199368421052631,0.04,,
switch,8,0.05,5,6.0,raw rows degree-adjusted z,0.006870009454104195,0.04842105263157895,0.0,,,0.641578947368421,0.22,0.0,0.0
switch,8,0.05,5,7.0,DeDi,0.1660829112049622,,,,,0.5729578947368421,0.12,,
switch,8,0.05,5,7.0,UASE Borda (default),-0.18625285967080188,,,,,0.8198526315789474,0.22,,
switch,8,0.05,5,7.0,UASE elbow,-0.19237982011358756,,,,,0.6530421052631579,0.22,,
switch,8,0.05,5,7.0,UASE degree-adjusted z,-0.016724209725643528,0.008421052631578947,0.0,,,0.8162315789473684,0.2,0.0,0.0
switch,8,0.05,5,7.0,OMNI Borda (default),-0.2129349585462802,,,,,0.8429684210526316,0.28,,
switch,8,0.05,5,7.0,OMNI elbow,-0.1683723481371093,,,,,0.6181578947368421,0.18,,
switch,8,0.05,5,7.0,OMNI degree-adjusted z,-0.020770041815587035,0.01368421052631579,0.0,,,0.837221052631579,0.32,0.0,0.0
switch,8,0.05,5,7.0,ASE+Procrustes Borda,0.1444204350125437,,,,,0.8785368421052632,0.42,,
switch,8,0.05,5,7.0,raw rows Borda,0.3729055637233488,,,,,0.5871368421052632,0.06,,
switch,8,0.05,5,7.0,raw rows degree-adjusted z,0.01686197521573882,0.034736842105263156,0.0,,,0.5738315789473685,0.1,0.0,0.0
switch,8,0.05,5,,time UASE,,,,0.9735683910000148,2.0,,,,
switch,8,0.05,5,,time OMNI,,,,13.496785576000036,2.0,,,,
switch,8,0.05,5,,time ASE+Procrustes,,,,0.6822970119999923,,,,,
switch,8,0.05,6,1.0,DeDi,0.15148480147288348,,,,,0.547021052631579,0.04,,
switch,8,0.05,6,1.0,UASE Borda (default),-0.06456364109102365,,,,,0.7872,0.34,,
switch,8,0.05,6,1.0,UASE elbow,-0.039000291221907644,,,,,0.7121157894736843,0.28,,
switch,8,0.05,6,1.0,UASE degree-adjusted z,-0.02499673885574776,0.00631578947368421,0.0,,,0.7828842105263157,0.36,0.0,0.0
switch,8,0.05,6,1.0,OMNI Borda (default),-0.11990509203554098,,,,,0.8082736842105264,0.34,,
switch,8,0.05,6,1.0,OMNI elbow,-0.019396518969330107,,,,,0.7280105263157894,0.28,,
switch,8,0.05,6,1.0,OMNI degree-adjusted z,-0.031025309395106407,0.016842105263157894,0.0,,,0.8089684210526316,0.34,0.0,0.0
switch,8,0.05,6,1.0,ASE+Procrustes Borda,0.2596593675970387,,,,,0.8110421052631579,0.48,,
switch,8,0.05,6,1.0,raw rows Borda,0.35600384042936417,,,,,0.6291052631578947,0.14,,
switch,8,0.05,6,1.0,raw rows degree-adjusted z,-0.007849990073758082,0.042105263157894736,0.0,,,0.6432105263157895,0.08,0.0,0.0
switch,8,0.05,6,2.0,DeDi,0.16337723958148997,,,,,0.5128105263157895,0.08,,
switch,8,0.05,6,2.0,UASE Borda (default),-0.06156865985136782,,,,,0.8356210526315789,0.34,,
switch,8,0.05,6,2.0,UASE elbow,-0.009454791095065036,,,,,0.7471157894736842,0.26,,
switch,8,0.05,6,2.0,UASE degree-adjusted z,-0.02120872719257451,0.005263157894736842,0.0,,,0.8353052631578948,0.4,0.04,0.0
switch,8,0.05,6,2.0,OMNI Borda (default),-0.10370305548340342,,,,,0.813821052631579,0.28,,
switch,8,0.05,6,2.0,OMNI elbow,0.0024448602435211777,,,,,0.7623684210526316,0.34,,
switch,8,0.05,6,2.0,OMNI degree-adjusted z,-0.02335591634857712,0.007368421052631579,0.0,,,0.8155789473684211,0.38,0.02,0.0
switch,8,0.05,6,2.0,ASE+Procrustes Borda,0.26909612052841153,,,,,0.8824526315789474,0.42,,
switch,8,0.05,6,2.0,raw rows Borda,0.34813474593777277,,,,,0.6111894736842105,0.12,,
switch,8,0.05,6,2.0,raw rows degree-adjusted z,0.0013181041686772515,0.042105263157894736,0.0,,,0.6078315789473684,0.16,0.0,0.0
switch,8,0.05,6,3.0,DeDi,0.24012340767741439,,,,,0.5288842105263157,0.0,,
switch,8,0.05,6,3.0,UASE Borda (default),-0.0413648710312882,,,,,0.852,0.36,,
switch,8,0.05,6,3.0,UASE elbow,-0.0061056860161451615,,,,,0.6907263157894736,0.28,,
switch,8,0.05,6,3.0,UASE degree-adjusted z,0.008276562393245474,0.01368421052631579,0.0,,,0.8596842105263158,0.38,0.0,0.0
switch,8,0.05,6,3.0,OMNI Borda (default),-0.09602870134214594,,,,,0.8654105263157895,0.4,,
switch,8,0.05,6,3.0,OMNI elbow,0.0007550261384114558,,,,,0.712378947368421,0.3,,
switch,8,0.05,6,3.0,OMNI degree-adjusted z,0.0064567132078023545,0.023157894736842106,0.0,,,0.8747157894736842,0.42,0.0,0.0
switch,8,0.05,6,3.0,ASE+Procrustes Borda,0.20068341267403778,,,,,0.808778947368421,0.38,,
switch,8,0.05,6,3.0,raw rows Borda,0.37703582376822165,,,,,0.6322210526315789,0.16,,
switch,8,0.05,6,3.0,raw rows degree-adjusted z,0.03390879958320671,0.016842105263157894,0.0,,,0.6822,0.14,0.0,0.0
switch,8,0.05,6,4.0,DeDi,0.14623152641866852,,,,,0.4940631578947368,0.02,,
switch,8,0.05,6,4.0,UASE Borda (default),-0.03514369657608097,,,,,0.7863157894736842,0.32,,
switch,8,0.05,6,4.0,UASE elbow,-0.059954277050115336,,,,,0.7312315789473685,0.4,,
switch,8,0.05,6,4.0,UASE degree-adjusted z,-0.016735567439703943,0.004210526315789474,0.0,,,0.7907368421052632,0.36,0.0,0.0
switch,8,0.05,6,4.0,OMNI Borda (default),-0.11466123246387615,,,,,0.8074,0.26,,
switch,8,0.05,6,4.0,OMNI elbow,-0.0568739745402831,,,,,0.7539578947368422,0.4,,
switch,8,0.05,6,4.0,OMNI degree-adjusted z,-0.020211799975827966,0.01263157894736842,0.0,,,0.8155789473684211,0.38,0.0,0.0
switch,8,0.05,6,4.0,ASE+Procrustes Borda,0.23080562933270538,,,,,0.8448105263157895,0.38,,
switch,8,0.05,6,4.0,raw rows Borda,0.3690077603045279,,,,,0.6496105263157895,0.18,,
switch,8,0.05,6,4.0,raw rows degree-adjusted z,0.012513263384552007,0.045263157894736845,0.0,,,0.6775473684210527,0.14,0.0,0.0
switch,8,0.05,6,5.0,DeDi,0.19798768068904068,,,,,0.4792421052631579,0.08,,
switch,8,0.05,6,5.0,UASE Borda (default),-0.08012288380624416,,,,,0.8168105263157894,0.36,,
switch,8,0.05,6,5.0,UASE elbow,-0.07171868044620092,,,,,0.7432736842105263,0.36,,
switch,8,0.05,6,5.0,UASE degree-adjusted z,-0.04106262519978649,0.005263157894736842,0.0,,,0.8231368421052632,0.44,0.0,0.0
switch,8,0.05,6,5.0,OMNI Borda (default),-0.13303205036342305,,,,,0.8371157894736843,0.38,,
switch,8,0.05,6,5.0,OMNI elbow,-0.06215440888799477,,,,,0.7620105263157895,0.44,,
switch,8,0.05,6,5.0,OMNI degree-adjusted z,-0.04002987296671634,0.009473684210526316,0.0,,,0.853621052631579,0.44,0.0,0.0
switch,8,0.05,6,5.0,ASE+Procrustes Borda,0.2376634683091223,,,,,0.8666526315789473,0.5,,
switch,8,0.05,6,5.0,raw rows Borda,0.3473427800157752,,,,,0.6168631578947369,0.12,,
switch,8,0.05,6,5.0,raw rows degree-adjusted z,-0.006571354209606232,0.017894736842105262,0.0,,,0.6435473684210526,0.12,0.0,0.0
switch,8,0.05,6,6.0,DeDi,0.23500322207381,,,,,0.5222842105263158,0.06,,
switch,8,0.05,6,6.0,UASE Borda (default),0.04746690631890321,,,,,0.8640842105263158,0.38,,
switch,8,0.05,6,6.0,UASE elbow,0.0028450346059738308,,,,,0.7326842105263158,0.3,,
switch,8,0.05,6,6.0,UASE degree-adjusted z,-0.013165584185127113,0.004210526315789474,0.0,,,0.8670947368421053,0.42,0.0,0.0
switch,8,0.05,6,6.0,OMNI Borda (default),-0.031627209405488105,,,,,0.8567684210526316,0.34,,
switch,8,0.05,6,6.0,OMNI elbow,0.005598363307177529,,,,,0.7561684210526316,0.34,,
switch,8,0.05,6,6.0,OMNI degree-adjusted z,-0.021037244625947304,0.010526315789473684,0.0,,,0.8661473684210527,0.46,0.0,0.0
switch,8,0.05,6,6.0,ASE+Procrustes Borda,0.28462966725470956,,,,,0.8934210526315789,0.52,,
switch,8,0.05,6,6.0,raw rows Borda,0.3779585101871967,,,,,0.6518,0.1,,
switch,8,0.05,6,6.0,raw rows degree-adjusted z,0.018853398459439372,0.02526315789473684,0.0,,,0.6393578947368421,0.08,0.0,0.0
switch,8,0.05,6,7.0,DeDi,0.1817318467477165,,,,,0.5041263157894736,0.02,,
switch,8,0.05,6,7.0,UASE Borda (default),0.022901140494327246,,,,,0.8187684210526316,0.32,,
switch,8,0.05,6,7.0,UASE elbow,0.01843948676265802,,,,,0.6569684210526315,0.3,,
switch,8,0.05,6,7.0,UASE degree-adjusted z,-0.008577212426525782,0.00631578947368421,0.0,,,0.8215789473684211,0.28,0.0,0.0
switch,8,0.05,6,7.0,OMNI Borda (default),-0.0459440920318094,,,,,0.836,0.24,,
switch,8,0.05,6,7.0,OMNI elbow,0.04094150921513616,,,,,0.6667473684210526,0.26,,
switch,8,0.05,6,7.0,OMNI degree-adjusted z,-0.015762413488839278,0.015789473684210527,0.0,,,0.8387789473684211,0.26,0.0,0.0
switch,8,0.05,6,7.0,ASE+Procrustes Borda,0.25987910858457813,,,,,0.8720421052631578,0.46,,
switch,8,0.05,6,7.0,raw rows Borda,0.38354793168036955,,,,,0.5647684210526316,0.04,,
switch,8,0.05,6,7.0,raw rows degree-adjusted z,0.018642805870382,0.02526315789473684,0.0,,,0.5841894736842105,0.12,0.0,0.0
switch,8,0.05,6,,time UASE,,,,0.9662714819999678,2.0,,,,
switch,8,0.05,6,,time OMNI,,,,10.69911849500005,2.0,,,,
switch,8,0.05,6,,time ASE+Procrustes,,,,0.8385225330000026,,,,,
switch,8,0.05,7,1.0,DeDi,0.13019042540294593,,,,,0.42862105263157896,0.04,,
switch,8,0.05,7,1.0,UASE Borda (default),-0.03857622908565719,,,,,0.8104736842105263,0.32,,
switch,8,0.05,7,1.0,UASE elbow,-0.03458768503227642,,,,,0.7737052631578948,0.4,,
switch,8,0.05,7,1.0,UASE degree-adjusted z,-0.015100717663249866,0.011578947368421053,0.0,,,0.8180631578947368,0.36,0.02,0.0
switch,8,0.05,7,1.0,OMNI Borda (default),-0.10972674558647048,,,,,0.8255894736842105,0.3,,
switch,8,0.05,7,1.0,OMNI elbow,-0.02380359593107094,,,,,0.7677473684210526,0.38,,
switch,8,0.05,7,1.0,OMNI degree-adjusted z,-0.022733343899287852,0.015789473684210527,0.0,,,0.8411578947368421,0.4,0.0,0.0
switch,8,0.05,7,1.0,ASE+Procrustes Borda,0.2712223525417643,,,,,0.8735052631578948,0.46,,
switch,8,0.05,7,1.0,raw rows Borda,0.3674611805339976,,,,,0.5902947368421053,0.08,,
switch,8,0.05,7,1.0,raw rows degree-adjusted z,-0.01946210108302858,0.034736842105263156,0.0,,,0.6151894736842105,0.08,0.0,0.0
switch,8,0.05,7,2.0,DeDi,0.13429674896217786,,,,,0.43496842105263156,0.02,,
switch,8,0.05,7,2.0,UASE Borda (default),-0.08456538963116365,,,,,0.7658947368421053,0.26,,
switch,8,0.05,7,2.0,UASE elbow,-0.04509548059556884,,,,,0.6562631578947369,0.3,,
switch,8,0.05,7,2.0,UASE degree-adjusted z,-0.018209099823476252,0.010526315789473684,0.0,,,0.7554736842105263,0.26,0.0,0.0
switch,8,0.05,7,2.0,OMNI Borda (default),-0.14079306753178392,,,,,0.7578842105263158,0.22,,
switch,8,0.05,7,2.0,OMNI elbow,-0.025321838350938652,,,,,0.6550105263157895,0.36,,
switch,8,0.05,7,2.0,OMNI degree-adjusted z,-0.02012858631629879,0.015789473684210527,0.0,,,0.7496421052631579,0.28,0.0,0.0
switch,8,0.05,7,2.0,ASE+Procrustes Borda,0.23349001836349786,,,,,0.7872842105263158,0.3,,
switch,8,0.05,7,2.0,raw rows Borda,0.36553794949114204,,,,,0.6127263157894737,0.1,,
switch,8,0.05,7,2.0,raw rows degree-adjusted z,0.025069814342272928,0.018947368421052633,0.0,,,0.6588105263157895,0.08,0.0,0.0
switch,8,0.05,7,3.0,DeDi,0.1197435049555612,,,,,0.4988105263157895,0.06,,
switch,8,0.05,7,3.0,UASE Borda (default),-0.03725497730375614,,,,,0.8340526315789474,0.32,,
switch,8,0.05,7,3.0,UASE elbow,-0.03522012304822438,,,,,0.7816842105263158,0.4,,
switch,8,0.05,7,3.0,UASE degree-adjusted z,-0.012115077481375278,0.01368421052631579,0.0,,,0.8330736842105263,0.36,0.0,0.0
switch,8,0.05,7,3.0,OMNI Borda (default),-0.08484422241582984,,,,,0.8506631578947368,0.38,,
switch,8,0.05,7,3.0,OMNI elbow,-0.023572370153666835,,,,,0.7869684210526315,0.4,,
switch,8,0.05,7,3.0,OMNI degree-adjusted z,-0.017138370369534004,0.015789473684210527,0.0,,,0.8473473684210526,0.42,0.0,0.0
switch,8,0.05,7,3.0,ASE+Procrustes Borda,0.2459422704168156,,,,,0.8269684210526316,0.38,,
switch,8,0.05,7,3.0,raw rows Borda,0.3836516382000651,,,,,0.566178947368421,0.16,,
switch,8,0.05,7,3.0,raw rows degree-adjusted z,0.002751460624021232,0.04,0.0,,,0.5828105263157894,0.06,0.0,0.0
switch,8,0.05,7,4.0,DeDi,0.1656682176138118,,,,,0.3926421052631579,0.02,,
switch,8,0.05,7,4.0,UASE Borda (default),-0.006144533992658743,,,,,0.7965473684210527,0.36,,
switch,8,0.05,7,4.0,UASE elbow,0.0067849879606179594,,,,,0.6946210526315789,0.32,,
switch,8,0.05,7,4.0,UASE degree-adjusted z,-0.01967614000709459,0.002105263157894737,0.0,,,0.7986315789473685,0.38,0.0,0.0
switch,8,0.05,7,4.0,OMNI Borda (default),-0.08475191551522089,,,,,0.8320842105263158,0.34,,
switch,8,0.05,7,4.0,OMNI elbow,0.022510866369683545,,,,,0.7302,0.34,,
switch,8,0.05,7,4.0,OMNI degree-adjusted z,-0.02610792099469343,0.008421052631578947,0.0,,,0.8394526315789473,0.5,0.0,0.0
switch,8,0.05,7,4.0,ASE+Procrustes Borda,0.25397697175044603,,,,,0.8694842105263157,0.4,,
switch,8,0.05,7,4.0,raw rows Borda,0.3850985194061153,,,,,0.6563263157894736,0.06,,
switch,8,0.05,7,4.0,raw rows degree-adjusted z,0.016071316071315143,0.045263157894736845,0.0,,,0.6665368421052632,0.02,0.0,0.0
switch,8,0.05,7,5.0,DeDi,0.20893398496229773,,,,,0.43838947368421055,0.04,,
switch,8,0.05,7,5.0,UASE Borda (default),-0.0056342040663285,,,,,0.7993263157894737,0.34,,
switch,8,0.05,7,5.0,UASE elbow,-0.05900110549102694,,,,,0.7377578947368421,0.4,,
switch,8,0.05,7,5.0,UASE degree-adjusted z,-0.024052443249091025,0.009473684210526316,0.0,,,0.8103157894736842,0.38,0.0,0.0
switch,8,0.05,7,5.0,OMNI Borda (default),-0.0972037337185294,,,,,0.8384842105263158,0.36,,
switch,8,0.05,7,5.0,OMNI elbow,-0.035764199778339105,,,,,0.7538421052631579,0.38,,
switch,8,0.05,7,5.0,OMNI degree-adjusted z,-0.031049496652564297,0.00631578947368421,0.0,,,0.8469684210526316,0.48,0.0,0.0
switch,8,0.05,7,5.0,ASE+Procrustes Borda,0.2305850403908001,,,,,0.8624947368421053,0.42,,
switch,8,0.05,7,5.0,raw rows Borda,0.3923584070868512,,,,,0.610757894736842,0.14,,
switch,8,0.05,7,5.0,raw rows degree-adjusted z,-0.008368239672239432,0.04,0.0,,,0.6218736842105264,0.08,0.0,0.0
switch,8,0.05,7,6.0,DeDi,0.212317331101155,,,,,0.5078105263157895,0.1,,
switch,8,0.05,7,6.0,UASE Borda (default),-0.005154803731867575,,,,,0.7754842105263158,0.38,,
switch,8,0.05,7,6.0,UASE elbow,-0.003229032168277935,,,,,0.7136526315789473,0.26,,
switch,8,0.05,7,6.0,UASE degree-adjusted z,-0.041763914302096486,0.00631578947368421,0.0,,,0.7925684210526316,0.4,0.0,0.0
switch,8,0.05,7,6.0,OMNI Borda (default),-0.08756811987425248,,,,,0.8029894736842105,0.34,,
switch,8,0.05,7,6.0,OMNI elbow,0.02583185491138409,,,,,0.7271052631578947,0.28,,
switch,8,0.05,7,6.0,OMNI degree-adjusted z,-0.04235636772963618,0.005263157894736842,0.0,,,0.8191368421052632,0.4,0.0,0.0
switch,8,0.05,7,6.0,ASE+Procrustes Borda,0.2575076763609511,,,,,0.8403894736842106,0.4,,
switch,8,0.05,7,6.0,raw rows Borda,0.3845755354480104,,,,,0.6090315789473684,0.08,,
switch,8,0.05,7,6.0,raw rows degree-adjusted z,-0.00599873970647563,0.02736842105263158,0.0,,,0.5988631578947369,0.12,0.0,0.0
switch,8,0.05,7,7.0,DeDi,0.14912095491214117,,,,,0.4762842105263158,0.02,,
switch,8,0.05,7,7.0,UASE Borda (default),-0.03501979388127744,,,,,0.8047368421052632,0.3,,
switch,8,0.05,7,7.0,UASE elbow,-0.11026181003989585,,,,,0.7802736842105263,0.44,,
switch,8,0.05,7,7.0,UASE degree-adjusted z,-0.00801269895504685,0.005263157894736842,0.0,,,0.806021052631579,0.36,0.0,0.0
switch,8,0.05,7,7.0,OMNI Borda (default),-0.10469670946661447,,,,,0.8023052631578947,0.34,,
switch,8,0.05,7,7.0,OMNI elbow,-0.08903182797168745,,,,,0.7815157894736842,0.46,,
switch,8,0.05,7,7.0,OMNI degree-adjusted z,-0.019698799443853072,0.015789473684210527,0.0,,,0.8119157894736843,0.4,0.0,0.0
switch,8,0.05,7,7.0,ASE+Procrustes Borda,0.2411507519936631,,,,,0.8415578947368421,0.52,,
switch,8,0.05,7,7.0,raw rows Borda,0.35643295216533416,,,,,0.605757894736842,0.14,,
switch,8,0.05,7,7.0,raw rows degree-adjusted z,0.005946931312499682,0.016842105263157894,0.0,,,0.6257473684210526,0.04,0.0,0.0
switch,8,0.05,7,,time UASE,,,,0.956576962999975,2.0,,,,
switch,8,0.05,7,,time OMNI,,,,11.101549175000002,2.0,,,,
switch,8,0.05,7,,time ASE+Procrustes,,,,0.748062751999953,,,,,
density,4,0.0,0,1.0,DeDi,0.5867856801537542,,,,,,,,
density,4,0.0,0,1.0,UASE Borda (default),0.09551513478807329,,,,,,,,
density,4,0.0,0,1.0,UASE elbow,0.22316765967001218,,,,,,,,
density,4,0.0,0,1.0,UASE degree-adjusted z,-0.010839365334397099,0.02,0.0,,,,,,
density,4,0.0,0,1.0,OMNI Borda (default),-0.012530266801582406,,,,,,,,
density,4,0.0,0,1.0,OMNI elbow,0.2322649588310381,,,,,,,,
density,4,0.0,0,1.0,OMNI degree-adjusted z,-0.015064217126710824,0.02,0.0,,,,,,
density,4,0.0,0,1.0,ASE+Procrustes Borda,0.30973965834464573,,,,,,,,
density,4,0.0,0,1.0,raw rows Borda,0.34669356372626847,,,,,,,,
density,4,0.0,0,1.0,raw rows degree-adjusted z,-0.022257723358588343,0.059,0.0,,,,,,
density,4,0.0,0,2.0,DeDi,0.7472614869637322,,,,,,,,
density,4,0.0,0,2.0,UASE Borda (default),0.1877749893985761,,,,,,,,
density,4,0.0,0,2.0,UASE elbow,0.3287869113006443,,,,,,,,
density,4,0.0,0,2.0,UASE degree-adjusted z,0.015064781102526185,0.025,0.0,,,,,,
density,4,0.0,0,2.0,OMNI Borda (default),0.12821401625662304,,,,,,,,
density,4,0.0,0,2.0,OMNI elbow,0.33555916716007794,,,,,,,,
density,4,0.0,0,2.0,OMNI degree-adjusted z,0.008368042721117916,0.042,0.0,,,,,,
density,4,0.0,0,2.0,ASE+Procrustes Borda,0.2950501683221458,,,,,,,,
density,4,0.0,0,2.0,raw rows Borda,0.3964799879190353,,,,,,,,
density,4,0.0,0,2.0,raw rows degree-adjusted z,0.01871748979725009,0.036,0.0,,,,,,
density,4,0.0,0,3.0,DeDi,0.6236608659074998,,,,,,,,
density,4,0.0,0,3.0,UASE Borda (default),0.11717414828523032,,,,,,,,
density,4,0.0,0,3.0,UASE elbow,0.2447115711897191,,,,,,,,
density,4,0.0,0,3.0,UASE degree-adjusted z,-0.0029489268014852477,0.022,0.0,,,,,,
density,4,0.0,0,3.0,OMNI Borda (default),0.02910479807114051,,,,,,,,
density,4,0.0,0,3.0,OMNI elbow,0.25654806604082814,,,,,,,,
density,4,0.0,0,3.0,OMNI degree-adjusted z,-0.011764281638091567,0.035,0.0,,,,,,
density,4,0.0,0,3.0,ASE+Procrustes Borda,0.2592544162354144,,,,,,,,
density,4,0.0,0,3.0,raw rows Borda,0.35869018993844315,,,,,,,,
density,4,0.0,0,3.0,raw rows degree-adjusted z,0.020919994537717552,0.036,0.0,,,,,,
density,4,0.0,0,,time UASE,,,,0.6279386709999812,2.0,,,,
density,4,0.0,0,,time OMNI,,,,3.5033820710000327,2.0,,,,
density,4,0.0,0,,time ASE+Procrustes,,,,0.37436799400001064,,,,,
density,4,0.0,1,1.0,DeDi,0.5915557782213565,,,,,,,,
density,4,0.0,1,1.0,UASE Borda (default),-0.019145082117906383,,,,,,,,
density,4,0.0,1,1.0,UASE elbow,0.14325700015154222,,,,,,,,
density,4,0.0,1,1.0,UASE degree-adjusted z,-0.029022264803720277,0.018,0.0,,,,,,
density,4,0.0,1,1.0,OMNI Borda (default),-0.025479877856806787,,,,,,,,
density,4,0.0,1,1.0,OMNI elbow,0.17090857532675838,,,,,,,,
density,4,0.0,1,1.0,OMNI degree-adjusted z,-0.01735727636467491,0.034,0.0,,,,,,
density,4,0.0,1,1.0,ASE+Procrustes Borda,0.23312933463986787,,,,,,,,
density,4,0.0,1,1.0,raw rows Borda,0.324402102955413,,,,,,,,
density,4,0.0,1,1.0,raw rows degree-adjusted z,0.012874498940160434,0.048,0.0,,,,,,
density,4,0.0,1,2.0,DeDi,0.8017712273560189,,,,,,,,
density,4,0.0,1,2.0,UASE Borda (default),0.16207632649775505,,,,,,,,
density,4,0.0,1,2.0,UASE elbow,0.30897259853622616,,,,,,,,
density,4,0.0,1,2.0,UASE degree-adjusted z,-0.009735748813067217,0.017,0.0,,,,,,
density,4,0.0,1,2.0,OMNI Borda (default),0.09489790456562253,,,,,,,,
density,4,0.0,1,2.0,OMNI elbow,0.33078416804053207,,,,,,,,
density,4,0.0,1,2.0,OMNI degree-adjusted z,-0.002541112258268293,0.035,0.0,,,,,,
density,4,0.0,1,2.0,ASE+Procrustes Borda,0.25945754570604335,,,,,,,,
density,4,0.0,1,2.0,raw rows Borda,0.3697370625177847,,,,,,,,
density,4,0.0,1,2.0,raw rows degree-adjusted z,-0.006101522383340034,0.039,0.0,,,,,,
density,4,0.0,1,3.0,DeDi,0.6715905619805842,,,,,,,,
density,4,0.0,1,3.0,UASE Borda (default),0.0649602799216741,,,,,,,,
density,4,0.0,1,3.0,UASE elbow,0.1922054119126277,,,,,,,,
density,4,0.0,1,3.0,UASE degree-adjusted z,-0.009501230617575414,0.021,0.0,,,,,,
density,4,0.0,1,3.0,OMNI Borda (default),0.009172854587407638,,,,,,,,
density,4,0.0,1,3.0,OMNI elbow,0.23757886845404572,,,,,,,,
density,4,0.0,1,3.0,OMNI degree-adjusted z,-0.017258851750919898,0.028,0.0,,,,,,
density,4,0.0,1,3.0,ASE+Procrustes Borda,0.21328680719169385,,,,,,,,
density,4,0.0,1,3.0,raw rows Borda,0.39137004848355894,,,,,,,,
density,4,0.0,1,3.0,raw rows degree-adjusted z,0.018867021550805288,0.022,0.0,,,,,,
density,4,0.0,1,,time UASE,,,,0.4729666299999735,2.0,,,,
density,4,0.0,1,,time OMNI,,,,2.419978852999975,2.0,,,,
density,4,0.0,1,,time ASE+Procrustes,,,,0.35595048499999393,,,,,
switch,8,0.05,8,1.0,DeDi,0.1783734574001642,,,,,0.5354,0.04,,
switch,8,0.05,8,1.0,UASE Borda (default),-0.06297267685693916,,,,,0.8200315789473684,0.34,,
switch,8,0.05,8,1.0,UASE elbow,-0.055642916366820866,,,,,0.7223684210526315,0.34,,
switch,8,0.05,8,1.0,UASE degree-adjusted z,-0.019028069912400105,0.007368421052631579,0.0,,,0.8230736842105263,0.42,0.0,0.0
switch,8,0.05,8,1.0,OMNI Borda (default),-0.13964217578206156,,,,,0.8039157894736843,0.3,,
switch,8,0.05,8,1.0,OMNI elbow,-0.0621009283971015,,,,,0.7398842105263158,0.38,,
switch,8,0.05,8,1.0,OMNI degree-adjusted z,-0.028413477575367736,0.009473684210526316,0.0,,,0.8143789473684211,0.38,0.0,0.0
switch,8,0.05,8,1.0,ASE+Procrustes Borda,0.22412834675837556,,,,,0.8715578947368421,0.44,,
switch,8,0.05,8,1.0,raw rows Borda,0.35655335787745035,,,,,0.6524947368421052,0.14,,
switch,8,0.05,8,1.0,raw rows degree-adjusted z,0.03452736825967882,0.04,0.0,,,0.6916105263157895,0.1,0.0,0.0
switch,8,0.05,8,2.0,DeDi,0.17179813087655207,,,,,0.5066421052631579,0.08,,
switch,8,0.05,8,2.0,UASE Borda (default),-0.1364477734190043,,,,,0.7910736842105263,0.24,,
switch,8,0.05,8,2.0,UASE elbow,-0.08191101466650887,,,,,0.7123157894736842,0.28,,
switch,8,0.05,8,2.0,UASE degree-adjusted z,-0.01583556587753762,0.010526315789473684,0.0,,,0.780778947368421,0.3,0.0,0.0
switch,8,0.05,8,2.0,OMNI Borda (default),-0.19070665308102455,,,,,0.8015157894736842,0.24,,
switch,8,0.05,8,2.0,OMNI elbow,-0.06415083872389563,,,,,0.7002526315789473,0.3,,
switch,8,0.05,8,2.0,OMNI degree-adjusted z,-0.02377523749145766,0.02,0.0,,,0.7932,0.28,0.0,0.0
switch,8,0.05,8,2.0,ASE+Procrustes Borda,0.210169858483126,,,,,0.7864842105263158,0.36,,
switch,8,0.05,8,2.0,raw rows Borda,0.36085806474654564,,,,,0.6578842105263157,0.1,,
switch,8,0.05,8,2.0,raw rows degree-adjusted z,0.059372950409628145,0.015789473684210527,0.0,,,0.6916947368421053,0.14,0.0,0.0
switch,8,0.05,8,3.0,DeDi,0.17232507251438714,,,,,0.4826421052631579,0.08,,
switch,8,0.05,8,3.0,UASE Borda (default),-0.13223252399236274,,,,,0.8729157894736842,0.38,,
switch,8,0.05,8,3.0,UASE elbow,-0.04253678407321209,,,,,0.7533894736842105,0.44,,
switch,8,0.05,8,3.0,UASE degree-adjusted z,-0.02530020607720879,0.01263157894736842,0.0,,,0.8681473684210527,0.46,0.0,0.0
switch,8,0.05,8,3.0,OMNI Borda (default),-0.1829920887068762,,,,,0.8957052631578948,0.42,,
switch,8,0.05,8,3.0,OMNI elbow,-0.023591801336144844,,,,,0.7659157894736842,0.46,,
switch,8,0.05,8,3.0,OMNI degree-adjusted z,-0.029077649661179133,0.010526315789473684,0.0,,,0.8986105263157895,0.48,0.0,0.0
switch,8,0.05,8,3.0,ASE+Procrustes Borda,0.18056074040558398,,,,,0.8963368421052632,0.52,,
switch,8,0.05,8,3.0,raw rows Borda,0.3375909643441614,,,,,0.5406315789473685,0.04,,
switch,8,0.05,8,3.0,raw rows degree-adjusted z,0.03620439464194462,0.02631578947368421,0.0,,,0.5797578947368421,0.12,0.0,0.0
switch,8,0.05,8,4.0,DeDi,0.1803971947036954,,,,,0.5133052631578947,0.02,,
switch,8,0.05,8,4.0,UASE Borda (default),-0.11865580362404612,,,,,0.811,0.32,,
switch,8,0.05,8,4.0,UASE elbow,-0.058946688895534276,,,,,0.728221052631579,0.34,,
switch,8,0.05,8,4.0,UASE degree-adjusted z,-0.014350732754498498,0.008421052631578947,0.0,,,0.8092842105263158,0.34,0.0,0.0
switch,8,0.05,8,4.0,OMNI Borda (default),-0.18022029408344564,,,,,0.8151368421052632,0.3,,
switch,8,0.05,8,4.0,OMNI elbow,-0.042396947494596916,,,,,0.7456105263157895,0.36,,
switch,8,0.05,8,4.0,OMNI degree-adjusted z,-0.025035827587037252,0.018947368421052633,0.0,,,0.8185052631578947,0.36,0.0,0.0
switch,8,0.05,8,4.0,ASE+Procrustes Borda,0.16404854614912096,,,,,0.8393052631578948,0.34,,
switch,8,0.05,8,4.0,raw rows Borda,0.3566438980507598,,,,,0.6687157894736843,0.18,,
switch,8,0.05,8,4.0,raw rows degree-adjusted z,0.024432485584674757,0.04842105263157895,0.0,,,0.6932947368421053,0.1,0.0,0.0
switch,8,0.05,8,5.0,DeDi,0.20981034277591093,,,,,0.5854947368421053,0.08,,
switch,8,0.05,8,5.0,UASE Borda (default),-0.05309718158693397,,,,,0.832021052631579,0.34,,
switch,8,0.05,8,5.0,UASE elbow,-0.010326190615000855,,,,,0.7535473684210526,0.28,,
switch,8,0.05,8,5.0,UASE degree-adjusted z,-0.014401885542324891,0.007368421052631579,0.0,,,0.8357052631578947,0.44,0.0,0.0
switch,8,0.05,8,5.0,OMNI Borda (default),-0.1271725693031122,,,,,0.8299894736842105,0.36,,
switch,8,0.05,8,5.0,OMNI elbow,0.004074734852220421,,,,,0.7624736842105263,0.3,,
switch,8,0.05,8,5.0,OMNI degree-adjusted z,-0.015854086183580432,0.011578947368421053,0.0,,,0.8363157894736842,0.46,0.0,0.0
switch,8,0.05,8,5.0,ASE+Procrustes Borda,0.23477566793210222,,,,,0.8577894736842105,0.38,,
switch,8,0.05,8,5.0,raw rows Borda,0.38412200582357936,,,,,0.6775578947368421,0.12,,
switch,8,0.05,8,5.0,raw rows degree-adjusted z,0.04600576702893754,0.02631578947368421,0.0,,,0.7304631578947368,0.1,0.0,0.0
switch,8,0.05,8,6.0,DeDi,0.2057055288523149,,,,,0.41970526315789475,0.02,,
switch,8,0.05,8,6.0,UASE Borda (default),-0.0572116736007234,,,,,0.8097263157894737,0.22,,
switch,8,0.05,8,6.0,UASE elbow,-0.05375947444446372,,,,,0.771621052631579,0.42,,
switch,8,0.05,8,6.0,UASE degree-adjusted z,-0.009584070567659994,0.007368421052631579,0.0,,,0.8163368421052631,0.28,0.0,0.0
switch,8,0.05,8,6.0,OMNI Borda (default),-0.1267109114066557,,,,,0.8111473684210526,0.22,,
switch,8,0.05,8,6.0,OMNI elbow,-0.018736438586620826,,,,,0.7784315789473685,0.48,,
switch,8,0.05,8,6.0,OMNI degree-adjusted z,-0.012271605234907043,0.01368421052631579,0.0,,,0.8276842105263158,0.32,0.0,0.0
switch,8,0.05,8,6.0,ASE+Procrustes Borda,0.2077040228813379,,,,,0.8039578947368421,0.32,,
switch,8,0.05,8,6.0,raw rows Borda,0.3740391209514692,,,,,0.6185368421052632,0.06,,
switch,8,0.05,8,6.0,raw rows degree-adjusted z,0.06354186030757729,0.03263157894736842,0.0,,,0.6563052631578947,0.12,0.0,0.0
switch,8,0.05,8,7.0,DeDi,0.16346251338780818,,,,,0.4928,0.08,,
switch,8,0.05,8,7.0,UASE Borda (default),-0.0966110712107747,,,,,0.7360421052631579,0.18,,
switch,8,0.05,8,7.0,UASE elbow,-0.02873477320130671,,,,,0.6943473684210526,0.22,,
switch,8,0.05,8,7.0,UASE degree-adjusted z,-0.02342087404329478,0.01368421052631579,0.0,,,0.7481263157894736,0.26,0.0,0.0
switch,8,0.05,8,7.0,OMNI Borda (default),-0.16720073633225457,,,,,0.7589052631578947,0.14,,
switch,8,0.05,8,7.0,OMNI elbow,-0.004546030762330469,,,,,0.7018210526315789,0.3,,
switch,8,0.05,8,7.0,OMNI degree-adjusted z,-0.03187161837249066,0.02,0.0,,,0.7782315789473684,0.22,0.0,0.0
switch,8,0.05,8,7.0,ASE+Procrustes Borda,0.20773052943351106,,,,,0.8221263157894737,0.3,,
switch,8,0.05,8,7.0,raw rows Borda,0.346197373990194,,,,,0.5835684210526316,0.04,,
switch,8,0.05,8,7.0,raw rows degree-adjusted z,0.031618480705707434,0.035789473684210524,0.0,,,0.5712947368421053,0.04,0.0,0.0
switch,8,0.05,8,,time UASE,,,,0.9368204209999931,2.0,,,,
switch,8,0.05,8,,time OMNI,,,,13.225162312999998,2.0,,,,
switch,8,0.05,8,,time ASE+Procrustes,,,,0.7259580759999835,,,,,
density,4,0.0,3,1.0,DeDi,0.5838925479673888,,,,,,,,
density,4,0.0,3,1.0,UASE Borda (default),-0.016344938266215265,,,,,,,,
density,4,0.0,3,1.0,UASE elbow,0.17747203920694635,,,,,,,,
density,4,0.0,3,1.0,UASE degree-adjusted z,-0.022086903481473578,0.02,0.0,,,,,,
density,4,0.0,3,1.0,OMNI Borda (default),-0.04246063721617688,,,,,,,,
density,4,0.0,3,1.0,OMNI elbow,0.18720889857830733,,,,,,,,
density,4,0.0,3,1.0,OMNI degree-adjusted z,-0.02143194417942459,0.045,0.0,,,,,,
density,4,0.0,3,1.0,ASE+Procrustes Borda,0.20208910031673757,,,,,,,,
density,4,0.0,3,1.0,raw rows Borda,0.3313657949426352,,,,,,,,
density,4,0.0,3,1.0,raw rows degree-adjusted z,0.010198473626553059,0.047,0.0,,,,,,
density,4,0.0,3,2.0,DeDi,0.7846478715911105,,,,,,,,
density,4,0.0,3,2.0,UASE Borda (default),0.1546385522920503,,,,,,,,
density,4,0.0,3,2.0,UASE elbow,0.3045384084804318,,,,,,,,
density,4,0.0,3,2.0,UASE degree-adjusted z,-0.0010871204146228458,0.029,0.0,,,,,,
density,4,0.0,3,2.0,OMNI Borda (default),0.11923037415444417,,,,,,,,
density,4,0.0,3,2.0,OMNI elbow,0.3168135669792041,,,,,,,,
density,4,0.0,3,2.0,OMNI degree-adjusted z,-0.004885720247000445,0.039,0.0,,,,,,
density,4,0.0,3,2.0,ASE+Procrustes Borda,0.24341163928447457,,,,,,,,
density,4,0.0,3,2.0,raw rows Borda,0.36717864550410023,,,,,,,,
density,4,0.0,3,2.0,raw rows degree-adjusted z,-0.007779649437768787,0.05,0.0,,,,,,
density,4,0.0,3,3.0,DeDi,0.6354920851151222,,,,,,,,
density,4,0.0,3,3.0,UASE Borda (default),0.10274137144721125,,,,,,,,
density,4,0.0,3,3.0,UASE elbow,0.19318053667846816,,,,,,,,
density,4,0.0,3,3.0,UASE degree-adjusted z,-0.009002612797751622,0.022,0.0,,,,,,
density,4,0.0,3,3.0,OMNI Borda (default),0.04750669622599808,,,,,,,,
density,4,0.0,3,3.0,OMNI elbow,0.19600722761243905,,,,,,,,
density,4,0.0,3,3.0,OMNI degree-adjusted z,-0.01423189494330005,0.045,0.0,,,,,,
density,4,0.0,3,3.0,ASE+Procrustes Borda,0.2331140768309726,,,,,,,,
density,4,0.0,3,3.0,raw rows Borda,0.3861847127096538,,,,,,,,
density,4,0.0,3,3.0,raw rows degree-adjusted z,0.021281667062168434,0.026,0.0,,,,,,
density,4,0.0,3,,time UASE,,,,0.48733968399994865,2.0,,,,
density,4,0.0,3,,time OMNI,,,,2.4146665090000283,2.0,,,,
density,4,0.0,3,,time ASE+Procrustes,,,,0.347603571000036,,,,,
density,4,0.0,2,1.0,DeDi,0.6561154217511623,,,,,,,,
density,4,0.0,2,1.0,UASE Borda (default),0.1019701042368636,,,,,,,,
density,4,0.0,2,1.0,UASE elbow,0.2102376071183048,,,,,,,,
density,4,0.0,2,1.0,UASE degree-adjusted z,-0.011802661937774938,0.018,0.0,,,,,,
density,4,0.0,2,1.0,OMNI Borda (default),0.027064505384093995,,,,,,,,
density,4,0.0,2,1.0,OMNI elbow,0.22129423946772409,,,,,,,,
density,4,0.0,2,1.0,OMNI degree-adjusted z,-0.015168095407175841,0.035,0.0,,,,,,
density,4,0.0,2,1.0,ASE+Procrustes Borda,0.3115724329194562,,,,,,,,
density,4,0.0,2,1.0,raw rows Borda,0.30875919095709936,,,,,,,,
density,4,0.0,2,1.0,raw rows degree-adjusted z,-0.010423992565305809,0.053,0.0,,,,,,
density,4,0.0,2,2.0,DeDi,0.793091888774867,,,,,,,,
density,4,0.0,2,2.0,UASE Borda (default),0.19474812630719404,,,,,,,,
density,4,0.0,2,2.0,UASE elbow,0.35870297623406006,,,,,,,,
density,4,0.0,2,2.0,UASE degree-adjusted z,-0.0013309783131411938,0.022,0.0,,,,,,
density,4,0.0,2,2.0,OMNI Borda (default),0.11347432496374522,,,,,,,,
density,4,0.0,2,2.0,OMNI elbow,0.38318512938436644,,,,,,,,
density,4,0.0,2,2.0,OMNI degree-adjusted z,-0.009869827347335396,0.034,0.0,,,,,,
density,4,0.0,2,2.0,ASE+Procrustes Borda,0.32608007588221133,,,,,,,,
density,4,0.0,2,2.0,raw rows Borda,0.3467227621954765,,,,,,,,
density,4,0.0,2,2.0,raw rows degree-adjusted z,0.02066506675065506,0.025,0.0,,,,,,
density,4,0.0,2,3.0,DeDi,0.6687251850708418,,,,,,,,
density,4,0.0,2,3.0,UASE Borda (default),0.1859186030185445,,,,,,,,
density,4,0.0,2,3.0,UASE elbow,0.23083619001935007,,,,,,,,
density,4,0.0,2,3.0,UASE degree-adjusted z,-0.002612541962362571,0.02,0.0,,,,,,
density,4,0.0,2,3.0,OMNI Borda (default),0.09451244719789156,,,,,,,,
density,4,0.0,2,3.0,OMNI elbow,0.24170234792179443,,,,,,,,
density,4,0.0,2,3.0,OMNI degree-adjusted z,-0.004957916067612839,0.036,0.0,,,,,,
density,4,0.0,2,3.0,ASE+Procrustes Borda,0.34566521984474785,,,,,,,,
density,4,0.0,2,3.0,raw rows Borda,0.38210211592993687,,,,,,,,
density,4,0.0,2,3.0,raw rows degree-adjusted z,0.022959758790374724,0.045,0.0,,,,,,
density,4,0.0,2,,time UASE,,,,0.6140742380000006,2.0,,,,
density,4,0.0,2,,time OMNI,,,,3.0504352919999747,2.0,,,,
density,4,0.0,2,,time ASE+Procrustes,,,,0.4362181350000469,,,,,
density,4,0.0,4,1.0,DeDi,0.6082678379437435,,,,,,,,
density,4,0.0,4,1.0,UASE Borda (default),0.08358626920930541,,,,,,,,
density,4,0.0,4,1.0,UASE elbow,0.19259647856197426,,,,,,,,
density,4,0.0,4,1.0,UASE degree-adjusted z,-0.008554413022589078,0.025,0.0,,,,,,
density,4,0.0,4,1.0,OMNI Borda (default),0.0004635648220774921,,,,,,,,
density,4,0.0,4,1.0,OMNI elbow,0.19785464090168822,,,,,,,,
density,4,0.0,4,1.0,OMNI degree-adjusted z,-0.0073904067658936735,0.035,0.0,,,,,,
density,4,0.0,4,1.0,ASE+Procrustes Borda,0.28418472681786555,,,,,,,,
density,4,0.0,4,1.0,raw rows Borda,0.33864434389397674,,,,,,,,
density,4,0.0,4,1.0,raw rows degree-adjusted z,-0.010371291144685279,0.042,0.0,,,,,,
density,4,0.0,4,2.0,DeDi,0.7580385245209122,,,,,,,,
density,4,0.0,4,2.0,UASE Borda (default),0.14585607991935146,,,,,,,,
density,4,0.0,4,2.0,UASE elbow,0.3198979358773732,,,,,,,,
density,4,0.0,4,2.0,UASE degree-adjusted z,0.011204295931698555,0.029,0.0,,,,,,
density,4,0.0,4,2.0,OMNI Borda (default),0.10212136443404704,,,,,,,,
density,4,0.0,4,2.0,OMNI elbow,0.34036556227463605,,,,,,,,
density,4,0.0,4,2.0,OMNI degree-adjusted z,0.010942464527436805,0.037,0.0,,,,,,
density,4,0.0,4,2.0,ASE+Procrustes Borda,0.3065925254709957,,,,,,,,
density,4,0.0,4,2.0,raw rows Borda,0.3686172503641928,,,,,,,,
density,4,0.0,4,2.0,raw rows degree-adjusted z,0.018644385781461097,0.048,0.0,,,,,,
density,4,0.0,4,3.0,DeDi,0.609207948846003,,,,,,,,
density,4,0.0,4,3.0,UASE Borda (default),0.10629760614624803,,,,,,,,
density,4,0.0,4,3.0,UASE elbow,0.19498699291888,,,,,,,,
density,4,0.0,4,3.0,UASE degree-adjusted z,0.004976867366328345,0.007,0.0,,,,,,
density,4,0.0,4,3.0,OMNI Borda (default),0.04331532152101168,,,,,,,,
density,4,0.0,4,3.0,OMNI elbow,0.22445544375985305,,,,,,,,
density,4,0.0,4,3.0,OMNI degree-adjusted z,-0.001485343392197424,0.018,0.0,,,,,,
density,4,0.0,4,3.0,ASE+Procrustes Borda,0.2580846095176636,,,,,,,,
density,4,0.0,4,3.0,raw rows Borda,0.3823765601665213,,,,,,,,
density,4,0.0,4,3.0,raw rows degree-adjusted z,0.040402699450326145,0.029,0.0,,,,,,
density,4,0.0,4,,time UASE,,,,0.6837087440000005,2.0,,,,
density,4,0.0,4,,time OMNI,,,,2.589791095999999,2.0,,,,
density,4,0.0,4,,time ASE+Procrustes,,,,0.3867864700000041,,,,,
switch,8,0.05,9,1.0,DeDi,0.16070746023550586,,,,,0.5411789473684211,0.08,,
switch,8,0.05,9,1.0,UASE Borda (default),-0.034205631130078434,,,,,0.7375052631578948,0.28,,
switch,8,0.05,9,1.0,UASE elbow,-0.028761533114203496,,,,,0.7842947368421053,0.28,,
switch,8,0.05,9,1.0,UASE degree-adjusted z,-0.01697349947410624,0.008421052631578947,0.0,,,0.7346526315789473,0.28,0.0,0.0
switch,8,0.05,9,1.0,OMNI Borda (default),-0.0864038789114369,,,,,0.754578947368421,0.26,,
switch,8,0.05,9,1.0,OMNI elbow,-0.009003798656420824,,,,,0.7960315789473684,0.32,,
switch,8,0.05,9,1.0,OMNI degree-adjusted z,-0.013671871803876296,0.017894736842105262,0.0,,,0.7530105263157895,0.32,0.0,0.0
switch,8,0.05,9,1.0,ASE+Procrustes Borda,0.2537300235580815,,,,,0.8272421052631579,0.36,,
switch,8,0.05,9,1.0,raw rows Borda,0.3690599677946597,,,,,0.5221368421052631,0.1,,
switch,8,0.05,9,1.0,raw rows degree-adjusted z,0.006222709916220915,0.045263157894736845,0.0,,,0.6028210526315789,0.1,0.0,0.0
switch,8,0.05,9,2.0,DeDi,0.1506751020198999,,,,,0.4894631578947368,0.08,,
switch,8,0.05,9,2.0,UASE Borda (default),0.026660828712060353,,,,,0.7777263157894737,0.28,,
switch,8,0.05,9,2.0,UASE elbow,-0.008889299858233559,,,,,0.7872947368421053,0.42,,
switch,8,0.05,9,2.0,UASE degree-adjusted z,-0.01367521492988368,0.010526315789473684,0.0,,,0.7808421052631579,0.28,0.0,0.0
switch,8,0.05,9,2.0,OMNI Borda (default),-0.039027860374834175,,,,,0.7966315789473685,0.16,,
switch,8,0.05,9,2.0,OMNI elbow,-0.003970225241553331,,,,,0.8028736842105263,0.44,,
switch,8,0.05,9,2.0,OMNI degree-adjusted z,-0.015312225357411537,0.010526315789473684,0.0,,,0.8026736842105263,0.26,0.0,0.0
switch,8,0.05,9,2.0,ASE+Procrustes Borda,0.2650642047947491,,,,,0.8561684210526316,0.36,,
switch,8,0.05,9,2.0,raw rows Borda,0.383035530151424,,,,,0.5827052631578947,0.08,,
switch,8,0.05,9,2.0,raw rows degree-adjusted z,0.0040787338314646785,0.03368421052631579,0.0,,,0.6184,0.14,0.0,0.0
switch,8,0.05,9,3.0,DeDi,0.15884119716642864,,,,,0.5251894736842105,0.02,,
switch,8,0.05,9,3.0,UASE Borda (default),0.021375394817835902,,,,,0.8137052631578947,0.24,,
switch,8,0.05,9,3.0,UASE elbow,-0.037208259462349985,,,,,0.7193473684210526,0.42,,
switch,8,0.05,9,3.0,UASE degree-adjusted z,-0.013209292596355546,0.011578947368421053,0.0,,,0.8287157894736842,0.34,0.0,0.0
switch,8,0.05,9,3.0,OMNI Borda (default),-0.03259040523364077,,,,,0.8783894736842105,0.26,,
switch,8,0.05,9,3.0,OMNI elbow,-0.036649866758886644,,,,,0.7272842105263158,0.42,,
switch,8,0.05,9,3.0,OMNI degree-adjusted z,-0.013785544678070109,0.016842105263157894,0.0,,,0.8965263157894737,0.42,0.0,0.0
switch,8,0.05,9,3.0,ASE+Procrustes Borda,0.2673671095320573,,,,,0.8784421052631579,0.44,,
switch,8,0.05,9,3.0,raw rows Borda,0.35637328035523735,,,,,0.5940631578947368,0.04,,
switch,8,0.05,9,3.0,raw rows degree-adjusted z,0.030427682186259852,0.02,0.0,,,0.6205473684210526,0.08,0.0,0.0
switch,8,0.05,9,4.0,DeDi,0.14837543870794917,,,,,0.5324736842105263,0.08,,
switch,8,0.05,9,4.0,UASE Borda (default),-0.05600711341726219,,,,,0.7685684210526316,0.3,,
switch,8,0.05,9,4.0,UASE elbow,-0.0773202764515726,,,,,0.7671263157894737,0.36,,
switch,8,0.05,9,4.0,UASE degree-adjusted z,-0.013759873769228572,0.014736842105263158,0.0,,,0.7727368421052632,0.36,0.0,0.0
switch,8,0.05,9,4.0,OMNI Borda (default),-0.0741971316083715,,,,,0.7950631578947368,0.32,,
switch,8,0.05,9,4.0,OMNI elbow,-0.04640964878667398,,,,,0.7652526315789474,0.38,,
switch,8,0.05,9,4.0,OMNI degree-adjusted z,-0.02227843477654401,0.017894736842105262,0.0,,,0.8,0.32,0.0,0.0
switch,8,0.05,9,4.0,ASE+Procrustes Borda,0.24381561853260844,,,,,0.7894947368421052,0.36,,
switch,8,0.05,9,4.0,raw rows Borda,0.36133178497707424,,,,,0.6162,0.12,,
switch,8,0.05,9,4.0,raw rows degree-adjusted z,0.03346315865416846,0.028421052631578948,0.0,,,0.6168210526315789,0.1,0.0,0.0
switch,8,0.05,9,5.0,DeDi,0.15633286545746652,,,,,0.5536736842105263,0.12,,
switch,8,0.05,9,5.0,UASE Borda (default),-0.04521771394380547,,,,,0.8117473684210527,0.42,,
switch,8,0.05,9,5.0,UASE elbow,-0.05193391609145607,,,,,0.8445473684210526,0.52,,
switch,8,0.05,9,5.0,UASE degree-adjusted z,-0.020506480029694116,0.004210526315789474,0.0,,,0.8058736842105263,0.44,0.0,0.0
switch,8,0.05,9,5.0,OMNI Borda (default),-0.09744747865799215,,,,,0.8318526315789474,0.42,,
switch,8,0.05,9,5.0,OMNI elbow,-0.023933316903950296,,,,,0.8614526315789474,0.58,,
switch,8,0.05,9,5.0,OMNI degree-adjusted z,-0.027643553665104792,0.02526315789473684,0.0,,,0.8282947368421053,0.46,0.0,0.0
switch,8,0.05,9,5.0,ASE+Procrustes Borda,0.2558068531774512,,,,,0.8422736842105263,0.46,,
switch,8,0.05,9,5.0,raw rows Borda,0.33467682208133337,,,,,0.5543789473684211,0.16,,
switch,8,0.05,9,5.0,raw rows degree-adjusted z,0.019161196176867124,0.016842105263157894,0.0,,,0.5922421052631579,0.14,0.0,0.0
switch,8,0.05,9,6.0,DeDi,0.1712298511077546,,,,,0.5738105263157894,0.02,,
switch,8,0.05,9,6.0,UASE Borda (default),-0.0226463279025921,,,,,0.7722105263157895,0.32,,
switch,8,0.05,9,6.0,UASE elbow,-0.02650800218778971,,,,,0.8087894736842105,0.36,,
switch,8,0.05,9,6.0,UASE degree-adjusted z,-0.01894918051638736,0.007368421052631579,0.0,,,0.7800631578947368,0.32,0.0,0.0
switch,8,0.05,9,6.0,OMNI Borda (default),-0.08462779994205065,,,,,0.8072947368421053,0.32,,
switch,8,0.05,9,6.0,OMNI elbow,-0.025712216082000954,,,,,0.8193052631578948,0.36,,
switch,8,0.05,9,6.0,OMNI degree-adjusted z,-0.028982978184609483,0.008421052631578947,0.0,,,0.8210947368421052,0.4,0.0,0.0
switch,8,0.05,9,6.0,ASE+Procrustes Borda,0.2068996161643784,,,,,0.8660947368421053,0.4,,
switch,8,0.05,9,6.0,raw rows Borda,0.3733632492292672,,,,,0.6332631578947369,0.18,,
switch,8,0.05,9,6.0,raw rows degree-adjusted z,0.016302720111024748,0.022105263157894735,0.0,,,0.6345157894736843,0.1,0.0,0.0
switch,8,0.05,9,7.0,DeDi,0.15053186282722053,,,,,0.4902526315789474,0.06,,
switch,8,0.05,9,7.0,UASE Borda (default),-0.027286054570113356,,,,,0.7477894736842106,0.24,,
switch,8,0.05,9,7.0,UASE elbow,-0.027914416220199904,,,,,0.7953368421052631,0.38,,
switch,8,0.05,9,7.0,UASE degree-adjusted z,-0.017723074444712925,0.005263157894736842,0.0,,,0.7521684210526316,0.3,0.0,0.0
switch,8,0.05,9,7.0,OMNI Borda (default),-0.07438675928348434,,,,,0.7734947368421052,0.28,,
switch,8,0.05,9,7.0,OMNI elbow,-0.028058046751932887,,,,,0.8055368421052631,0.38,,
switch,8,0.05,9,7.0,OMNI degree-adjusted z,-0.024203492309515934,0.009473684210526316,0.0,,,0.7773684210526316,0.36,0.0,0.0
switch,8,0.05,9,7.0,ASE+Procrustes Borda,0.25735692362443313,,,,,0.8250947368421052,0.4,,
switch,8,0.05,9,7.0,raw rows Borda,0.371916220617387,,,,,0.5557894736842105,0.1,,
switch,8,0.05,9,7.0,raw rows degree-adjusted z,-0.0019202437018962636,0.030526315789473683,0.0,,,0.5829894736842105,0.06,0.0,0.0
switch,8,0.05,9,,time UASE,,,,0.8645033200000398,2.0,,,,
switch,8,0.05,9,,time OMNI,,,,12.170323728000028,2.0,,,,
switch,8,0.05,9,,time ASE+Procrustes,,,,0.6828914349999877,,,,,
density,4,0.0,6,1.0,DeDi,0.6237377429588123,,,,,,,,
density,4,0.0,6,1.0,UASE Borda (default),0.03633257529477662,,,,,,,,
density,4,0.0,6,1.0,UASE elbow,0.1386560586961234,,,,,,,,
density,4,0.0,6,1.0,UASE degree-adjusted z,-0.02240236925102265,0.024,0.0,,,,,,
density,4,0.0,6,1.0,OMNI Borda (default),-0.03789069805572448,,,,,,,,
density,4,0.0,6,1.0,OMNI elbow,0.14903449345043152,,,,,,,,
density,4,0.0,6,1.0,OMNI degree-adjusted z,-0.026703858594553275,0.03,0.0,,,,,,
density,4,0.0,6,1.0,ASE+Procrustes Borda,0.23243364504049618,,,,,,,,
density,4,0.0,6,1.0,raw rows Borda,0.3154375904555084,,,,,,,,
density,4,0.0,6,1.0,raw rows degree-adjusted z,0.0009672093542127881,0.047,0.0,,,,,,
density,4,0.0,6,2.0,DeDi,0.7856904349844199,,,,,,,,
density,4,0.0,6,2.0,UASE Borda (default),0.18022445450836233,,,,,,,,
density,4,0.0,6,2.0,UASE elbow,0.36901337063267176,,,,,,,,
density,4,0.0,6,2.0,UASE degree-adjusted z,0.011508574290708312,0.021,0.0,,,,,,
density,4,0.0,6,2.0,OMNI Borda (default),0.09659022178817041,,,,,,,,
density,4,0.0,6,2.0,OMNI elbow,0.3743045935138033,,,,,,,,
density,4,0.0,6,2.0,OMNI degree-adjusted z,0.003405979177558077,0.04,0.0,,,,,,
density,4,0.0,6,2.0,ASE+Procrustes Borda,0.28943933733731886,,,,,,,,
density,4,0.0,6,2.0,raw rows Borda,0.35702733194375547,,,,,,,,
density,4,0.0,6,2.0,raw rows degree-adjusted z,0.011940689882840569,0.045,0.0,,,,,,
density,4,0.0,6,3.0,DeDi,0.681758838221807,,,,,,,,
density,4,0.0,6,3.0,UASE Borda (default),0.15988016009455885,,,,,,,,
density,4,0.0,6,3.0,UASE elbow,0.23337749357406704,,,,,,,,
density,4,0.0,6,3.0,UASE degree-adjusted z,-0.005463266698159142,0.019,0.0,,,,,,
density,4,0.0,6,3.0,OMNI Borda (default),0.08002651018199877,,,,,,,,
density,4,0.0,6,3.0,OMNI elbow,0.2487149000320362,,,,,,,,
density,4,0.0,6,3.0,OMNI degree-adjusted z,-0.01762841313313783,0.043,0.0,,,,,,
density,4,0.0,6,3.0,ASE+Procrustes Borda,0.2708211689299068,,,,,,,,
density,4,0.0,6,3.0,raw rows Borda,0.38434505083878834,,,,,,,,
density,4,0.0,6,3.0,raw rows degree-adjusted z,0.004825975766479497,0.041,0.0,,,,,,
density,4,0.0,6,,time UASE,,,,0.47093812800000023,2.0,,,,
density,4,0.0,6,,time OMNI,,,,2.6794434130000013,2.0,,,,
density,4,0.0,6,,time ASE+Procrustes,,,,0.401871132999986,,,,,
density,4,0.0,5,1.0,DeDi,0.6010328653281278,,,,,,,,
density,4,0.0,5,1.0,UASE Borda (default),0.02922869300216831,,,,,,,,
density,4,0.0,5,1.0,UASE elbow,0.19974856326738902,,,,,,,,
density,4,0.0,5,1.0,UASE degree-adjusted z,-0.020665287981379437,0.02,0.0,,,,,,
density,4,0.0,5,1.0,OMNI Borda (default),-0.07180782814319181,,,,,,,,
density,4,0.0,5,1.0,OMNI elbow,0.21031045269720122,,,,,,,,
density,4,0.0,5,1.0,OMNI degree-adjusted z,-0.029078564742260143,0.027,0.0,,,,,,
density,4,0.0,5,1.0,ASE+Procrustes Borda,0.2899935763730868,,,,,,,,
density,4,0.0,5,1.0,raw rows Borda,0.328656053365603,,,,,,,,
density,4,0.0,5,1.0,raw rows degree-adjusted z,0.027799418707149706,0.026,0.0,,,,,,
density,4,0.0,5,2.0,DeDi,0.7702480029797342,,,,,,,,
density,4,0.0,5,2.0,UASE Borda (default),0.168561199009488,,,,,,,,
density,4,0.0,5,2.0,UASE elbow,0.3390073849762973,,,,,,,,
density,4,0.0,5,2.0,UASE degree-adjusted z,-0.0053457820078390925,0.029,0.0,,,,,,
density,4,0.0,5,2.0,OMNI Borda (default),0.07509617130790495,,,,,,,,
density,4,0.0,5,2.0,OMNI elbow,0.3687342437962253,,,,,,,,
density,4,0.0,5,2.0,OMNI degree-adjusted z,-0.011460818210476127,0.042,0.0,,,,,,
density,4,0.0,5,2.0,ASE+Procrustes Borda,0.28032282570165756,,,,,,,,
density,4,0.0,5,2.0,raw rows Borda,0.37644908116555964,,,,,,,,
density,4,0.0,5,2.0,raw rows degree-adjusted z,0.053411861107123045,0.049,0.0,,,,,,
density,4,0.0,5,3.0,DeDi,0.639184400506231,,,,,,,,
density,4,0.0,5,3.0,UASE Borda (default),0.08975429143501808,,,,,,,,
density,4,0.0,5,3.0,UASE elbow,0.24786048754823897,,,,,,,,
density,4,0.0,5,3.0,UASE degree-adjusted z,-0.0070690445469648155,0.023,0.0,,,,,,
density,4,0.0,5,3.0,OMNI Borda (default),0.015827224149432387,,,,,,,,
density,4,0.0,5,3.0,OMNI elbow,0.25997172475059493,,,,,,,,
density,4,0.0,5,3.0,OMNI degree-adjusted z,-0.0090159737847127,0.04,0.0,,,,,,
density,4,0.0,5,3.0,ASE+Procrustes Borda,0.2609131999943335,,,,,,,,
density,4,0.0,5,3.0,raw rows Borda,0.3858890658031385,,,,,,,,
density,4,0.0,5,3.0,raw rows degree-adjusted z,0.03648702399319619,0.017,0.0,,,,,,
density,4,0.0,5,,time UASE,,,,0.48541009900003473,2.0,,,,
density,4,0.0,5,,time OMNI,,,,3.1485333019999757,2.0,,,,
density,4,0.0,5,,time ASE+Procrustes,,,,0.42702971699998216,,,,,
density,4,0.0,7,1.0,DeDi,0.6174001639558814,,,,,,,,
density,4,0.0,7,1.0,UASE Borda (default),0.057372490253759026,,,,,,,,
density,4,0.0,7,1.0,UASE elbow,0.18407487399020714,,,,,,,,
density,4,0.0,7,1.0,UASE degree-adjusted z,-0.010902979462402049,0.021,0.0,,,,,,
density,4,0.0,7,1.0,OMNI Borda (default),-0.045979754773388774,,,,,,,,
density,4,0.0,7,1.0,OMNI elbow,0.19683046385517222,,,,,,,,
density,4,0.0,7,1.0,OMNI degree-adjusted z,-0.01545612274900942,0.029,0.0,,,,,,
density,4,0.0,7,1.0,ASE+Procrustes Borda,0.26141147120046526,,,,,,,,
density,4,0.0,7,1.0,raw rows Borda,0.3442656138042514,,,,,,,,
density,4,0.0,7,1.0,raw rows degree-adjusted z,-0.004191476109100447,0.062,0.0,,,,,,
density,4,0.0,7,2.0,DeDi,0.7744450724677686,,,,,,,,
density,4,0.0,7,2.0,UASE Borda (default),0.20817011382536155,,,,,,,,
density,4,0.0,7,2.0,UASE elbow,0.3200916809879324,,,,,,,,
density,4,0.0,7,2.0,UASE degree-adjusted z,-0.002119976223812854,0.034,0.0,,,,,,
density,4,0.0,7,2.0,OMNI Borda (default),0.1163016794822028,,,,,,,,
density,4,0.0,7,2.0,OMNI elbow,0.3420346536344201,,,,,,,,
density,4,0.0,7,2.0,OMNI degree-adjusted z,-0.007402869366272099,0.037,0.0,,,,,,
density,4,0.0,7,2.0,ASE+Procrustes Borda,0.2958014621139407,,,,,,,,
density,4,0.0,7,2.0,raw rows Borda,0.3586591220020495,,,,,,,,
density,4,0.0,7,2.0,raw rows degree-adjusted z,0.005104541756296631,0.036,0.0,,,,,,
density,4,0.0,7,3.0,DeDi,0.6546361519015035,,,,,,,,
density,4,0.0,7,3.0,UASE Borda (default),0.1320143640903259,,,,,,,,
density,4,0.0,7,3.0,UASE elbow,0.19294513407529876,,,,,,,,
density,4,0.0,7,3.0,UASE degree-adjusted z,0.0009044084155828985,0.022,0.0,,,,,,
density,4,0.0,7,3.0,OMNI Borda (default),0.025709660016011368,,,,,,,,
density,4,0.0,7,3.0,OMNI elbow,0.21545195171001216,,,,,,,,
density,4,0.0,7,3.0,OMNI degree-adjusted z,-0.0035768236727192044,0.045,0.0,,,,,,
density,4,0.0,7,3.0,ASE+Procrustes Borda,0.27398178405491536,,,,,,,,
density,4,0.0,7,3.0,raw rows Borda,0.39385888235845823,,,,,,,,
density,4,0.0,7,3.0,raw rows degree-adjusted z,0.009981411448498017,0.026,0.0,,,,,,
density,4,0.0,7,,time UASE,,,,0.6038024339999879,2.0,,,,
density,4,0.0,7,,time OMNI,,,,3.148159152000005,2.0,,,,
density,4,0.0,7,,time ASE+Procrustes,,,,0.3497635960000025,,,,,
density,4,0.0,8,1.0,DeDi,0.6126941257937178,,,,,,,,
density,4,0.0,8,1.0,UASE Borda (default),0.07796012269355229,,,,,,,,
density,4,0.0,8,1.0,UASE elbow,0.13797727993810127,,,,,,,,
density,4,0.0,8,1.0,UASE degree-adjusted z,-0.02171156369764282,0.022,0.0,,,,,,
density,4,0.0,8,1.0,OMNI Borda (default),0.0021656781780609604,,,,,,,,
density,4,0.0,8,1.0,OMNI elbow,0.17361871623459063,,,,,,,,
density,4,0.0,8,1.0,OMNI degree-adjusted z,-0.016488770733608115,0.034,0.0,,,,,,
density,4,0.0,8,1.0,ASE+Procrustes Borda,0.267460762954591,,,,,,,,
density,4,0.0,8,1.0,raw rows Borda,0.34220584584713765,,,,,,,,
density,4,0.0,8,1.0,raw rows degree-adjusted z,0.007884216277686073,0.036,0.0,,,,,,
density,4,0.0,8,2.0,DeDi,0.7568419947627134,,,,,,,,
density,4,0.0,8,2.0,UASE Borda (default),0.21820981459720043,,,,,,,,
density,4,0.0,8,2.0,UASE elbow,0.2715716140277817,,,,,,,,
density,4,0.0,8,2.0,UASE degree-adjusted z,-0.0009316504485400543,0.045,0.0,,,,,,
density,4,0.0,8,2.0,OMNI Borda (default),0.14833403972208736,,,,,,,,
density,4,0.0,8,2.0,OMNI elbow,0.29484135672563316,,,,,,,,
density,4,0.0,8,2.0,OMNI degree-adjusted z,-0.0037866432365578043,0.05,0.0,,,,,,
density,4,0.0,8,2.0,ASE+Procrustes Borda,0.2821103263861863,,,,,,,,
density,4,0.0,8,2.0,raw rows Borda,0.4051993207100408,,,,,,,,
density,4,0.0,8,2.0,raw rows degree-adjusted z,0.024283197788574618,0.027,0.0,,,,,,
density,4,0.0,8,3.0,DeDi,0.5958352867839085,,,,,,,,
density,4,0.0,8,3.0,UASE Borda (default),0.1226828813463748,,,,,,,,
density,4,0.0,8,3.0,UASE elbow,0.14193624803557262,,,,,,,,
density,4,0.0,8,3.0,UASE degree-adjusted z,-0.01054426190049104,0.013,0.0,,,,,,
density,4,0.0,8,3.0,OMNI Borda (default),0.03204240903692609,,,,,,,,
density,4,0.0,8,3.0,OMNI elbow,0.1426443364631711,,,,,,,,
density,4,0.0,8,3.0,OMNI degree-adjusted z,-0.01849909576572896,0.026,0.0,,,,,,
density,4,0.0,8,3.0,ASE+Procrustes Borda,0.26404594586219915,,,,,,,,
density,4,0.0,8,3.0,raw rows Borda,0.39501992967071564,,,,,,,,
density,4,0.0,8,3.0,raw rows degree-adjusted z,0.03600594097033189,0.043,0.0,,,,,,
density,4,0.0,8,,time UASE,,,,0.4922423690000528,2.0,,,,
density,4,0.0,8,,time OMNI,,,,2.852292214999977,2.0,,,,
density,4,0.0,8,,time ASE+Procrustes,,,,0.3680227980000268,,,,,
density,4,0.05,0,1.0,DeDi,0.5509027602823585,,,,,0.6312210526315789,0.12,,
density,4,0.05,0,1.0,UASE Borda (default),0.11050285231498902,,,,,0.7614736842105263,0.28,,
density,4,0.05,0,1.0,UASE elbow,0.2653036410072199,,,,,0.5970842105263158,0.06,,
density,4,0.05,0,1.0,UASE degree-adjusted z,-0.05072589690332681,0.01368421052631579,0.0,,,0.7680842105263158,0.38,0.04,0.0
density,4,0.05,0,1.0,OMNI Borda (default),0.042460069804840336,,,,,0.7724105263157894,0.28,,
density,4,0.05,0,1.0,OMNI elbow,0.29528814027361083,,,,,0.5942631578947368,0.06,,
density,4,0.05,0,1.0,OMNI degree-adjusted z,-0.0418413144156365,0.018947368421052633,0.0,,,0.7988842105263158,0.38,0.02,0.0
density,4,0.05,0,1.0,ASE+Procrustes Borda,0.21399264454367276,,,,,0.8180315789473684,0.4,,
density,4,0.05,0,1.0,raw rows Borda,0.44542775327542544,,,,,0.5908,0.14,,
density,4,0.05,0,1.0,raw rows degree-adjusted z,-0.0015950115437339447,0.02107481559536354,0.0,,,0.6522,0.14,0.0,0.0
density,4,0.05,0,2.0,DeDi,0.7324136843880833,,,,,0.4753157894736842,0.02,,
density,4,0.05,0,2.0,UASE Borda (default),0.20708339757251518,,,,,0.6963263157894737,0.24,,
density,4,0.05,0,2.0,UASE elbow,0.464082193109407,,,,,0.4451473684210526,0.02,,
density,4,0.05,0,2.0,UASE degree-adjusted z,-0.009485727101295577,0.02631578947368421,0.0,,,0.6818526315789474,0.2,0.0,0.0
density,4,0.05,0,2.0,OMNI Borda (default),0.13051958398660257,,,,,0.7525578947368421,0.26,,
density,4,0.05,0,2.0,OMNI elbow,0.48094437078509816,,,,,0.4479578947368421,0.04,,
density,4,0.05,0,2.0,OMNI degree-adjusted z,-0.009075535729110244,0.035789473684210524,0.0,,,0.7525473684210526,0.24,0.0,0.0
density,4,0.05,0,2.0,ASE+Procrustes Borda,0.29777848726929335,,,,,0.7542526315789474,0.3,,
density,4,0.05,0,2.0,raw rows Borda,0.49208071982310636,,,,,0.6553263157894736,0.1,,
density,4,0.05,0,2.0,raw rows degree-adjusted z,0.040109710139413016,0.022128556375131718,0.0,,,0.625621052631579,0.12,0.0,0.0
density,4,0.05,0,3.0,DeDi,0.5458020294356115,,,,,0.5029263157894737,0.06,,
density,4,0.05,0,3.0,UASE Borda (default),0.1893197891808489,,,,,0.733578947368421,0.26,,
density,4,0.05,0,3.0,UASE elbow,0.3139166454434874,,,,,0.4882526315789474,0.04,,
density,4,0.05,0,3.0,UASE degree-adjusted z,-0.022746610726589515,0.01263157894736842,0.0,,,0.7517263157894737,0.28,0.0,0.0
density,4,0.05,0,3.0,OMNI Borda (default),0.09395674847694281,,,,,0.7470210526315789,0.18,,
density,4,0.05,0,3.0,OMNI elbow,0.31704147576676617,,,,,0.47951578947368423,0.04,,
density,4,0.05,0,3.0,OMNI degree-adjusted z,-0.032077995947199345,0.01368421052631579,0.0,,,0.7626736842105263,0.26,0.0,0.0
density,4,0.05,0,3.0,ASE+Procrustes Borda,0.28612555595800504,,,,,0.6900526315789474,0.12,,
density,4,0.05,0,3.0,raw rows Borda,0.49705584577758793,,,,,0.5662631578947368,0.14,,
density,4,0.05,0,3.0,raw rows degree-adjusted z,0.049021464470571645,0.0410958904109589,0.0,,,0.5733368421052631,0.1,0.0,0.0
density,4,0.05,0,,time UASE,,,,0.3845684539999752,2.0,,,,
density,4,0.05,0,,time OMNI,,,,1.8736034530000438,2.0,,,,
density,4,0.05,0,,time ASE+Procrustes,,,,0.30037272800001347,,,,,
density,4,0.0,9,1.0,DeDi,0.553168841980983,,,,,,,,
density,4,0.0,9,1.0,UASE Borda (default),-0.017713962170160687,,,,,,,,
density,4,0.0,9,1.0,UASE elbow,0.0403614488827881,,,,,,,,
density,4,0.0,9,1.0,UASE degree-adjusted z,-0.02718381684961071,0.023,0.0,,,,,,
density,4,0.0,9,1.0,OMNI Borda (default),-0.06273104714893113,,,,,,,,
density,4,0.0,9,1.0,OMNI elbow,0.04438564591839875,,,,,,,,
density,4,0.0,9,1.0,OMNI degree-adjusted z,-0.02220187343113457,0.034,0.0,,,,,,
density,4,0.0,9,1.0,ASE+Procrustes Borda,0.18100575806636043,,,,,,,,
density,4,0.0,9,1.0,raw rows Borda,0.3497537660092183,,,,,,,,
density,4,0.0,9,1.0,raw rows degree-adjusted z,0.0016088459790218983,0.04,0.0,,,,,,
density,4,0.0,9,2.0,DeDi,0.7425131404655787,,,,,,,,
density,4,0.0,9,2.0,UASE Borda (default),0.12352805527370593,,,,,,,,
density,4,0.0,9,2.0,UASE elbow,0.273641021786633,,,,,,,,
density,4,0.0,9,2.0,UASE degree-adjusted z,0.0007701094602450882,0.034,0.0,,,,,,
density,4,0.0,9,2.0,OMNI Borda (default),0.08377941652617729,,,,,,,,
density,4,0.0,9,2.0,OMNI elbow,0.3093381902025044,,,,,,,,
density,4,0.0,9,2.0,OMNI degree-adjusted z,0.0038663709750139234,0.038,0.0,,,,,,
density,4,0.0,9,2.0,ASE+Procrustes Borda,0.17112004523421168,,,,,,,,
density,4,0.0,9,2.0,raw rows Borda,0.3519014124335017,,,,,,,,
density,4,0.0,9,2.0,raw rows degree-adjusted z,0.0048928586697599506,0.046,0.0,,,,,,
density,4,0.0,9,3.0,DeDi,0.6215472791390281,,,,,,,,
density,4,0.0,9,3.0,UASE Borda (default),0.038701623511567425,,,,,,,,
density,4,0.0,9,3.0,UASE elbow,0.10336173151116972,,,,,,,,
density,4,0.0,9,3.0,UASE degree-adjusted z,-0.014712242724794834,0.011,0.0,,,,,,
density,4,0.0,9,3.0,OMNI Borda (default),0.004752104423192843,,,,,,,,
density,4,0.0,9,3.0,OMNI elbow,0.11714874303072288,,,,,,,,
density,4,0.0,9,3.0,OMNI degree-adjusted z,-0.014320832125851803,0.033,0.0,,,,,,
density,4,0.0,9,3.0,ASE+Procrustes Borda,0.14486531755152796,,,,,,,,
density,4,0.0,9,3.0,raw rows Borda,0.36580858826486295,,,,,,,,
density,4,0.0,9,3.0,raw rows degree-adjusted z,0.021066451269095014,0.022,0.0,,,,,,
density,4,0.0,9,,time UASE,,,,0.4428069429999937,2.0,,,,
density,4,0.0,9,,time OMNI,,,,2.938518450999993,2.0,,,,
density,4,0.0,9,,time ASE+Procrustes,,,,0.3391606409999781,,,,,
density,4,0.05,1,1.0,DeDi,0.5711607146900736,,,,,0.4852947368421053,0.06,,
density,4,0.05,1,1.0,UASE Borda (default),0.0389721726011903,,,,,0.8105578947368421,0.32,,
density,4,0.05,1,1.0,UASE elbow,0.17185507988458185,,,,,0.7607368421052632,0.42,,
density,4,0.05,1,1.0,UASE degree-adjusted z,-0.03416412798416478,0.029473684210526315,0.0,,,0.8149684210526316,0.38,0.02,0.0
density,4,0.05,1,1.0,OMNI Borda (default),-0.03292841115165672,,,,,0.8404736842105263,0.32,,
density,4,0.05,1,1.0,OMNI elbow,0.1806726469743053,,,,,0.7594421052631579,0.38,,
density,4,0.05,1,1.0,OMNI degree-adjusted z,-0.029526167074439315,0.037894736842105266,0.0,,,0.8427368421052631,0.4,0.02,0.0
density,4,0.05,1,1.0,ASE+Procrustes Borda,0.22549228852907746,,,,,0.8561684210526316,0.32,,
density,4,0.05,1,1.0,raw rows Borda,0.343723876733656,,,,,0.653821052631579,0.18,,
density,4,0.05,1,1.0,raw rows degree-adjusted z,-0.006927765132147365,0.042105263157894736,0.0,,,0.7166105263157895,0.12,0.0,0.0
density,4,0.05,1,2.0,DeDi,0.7407008797702986,,,,,0.5080842105263158,0.02,,
density,4,0.05,1,2.0,UASE Borda (default),0.18888716358397392,,,,,0.8333263157894737,0.38,,
density,4,0.05,1,2.0,UASE elbow,0.31772631621266695,,,,,0.7812947368421053,0.42,,
density,4,0.05,1,2.0,UASE degree-adjusted z,-0.01581601685700431,0.021052631578947368,0.0,,,0.8350736842105263,0.34,0.0,0.0
density,4,0.05,1,2.0,OMNI Borda (default),0.1037364188439092,,,,,0.8697894736842106,0.3,,
density,4,0.05,1,2.0,OMNI elbow,0.33366938679254715,,,,,0.7910631578947368,0.44,,
density,4,0.05,1,2.0,OMNI degree-adjusted z,-0.016820160300396396,0.034736842105263156,0.0,,,0.8686736842105263,0.36,0.0,0.0
density,4,0.05,1,2.0,ASE+Procrustes Borda,0.24104270238321684,,,,,0.8088631578947368,0.38,,
density,4,0.05,1,2.0,raw rows Borda,0.36210466237897554,,,,,0.6626736842105263,0.14,,
density,4,0.05,1,2.0,raw rows degree-adjusted z,-0.006264600607318308,0.02736842105263158,0.0,,,0.6601052631578948,0.16,0.0,0.0
density,4,0.05,1,3.0,DeDi,0.6542113967198723,,,,,0.46310526315789474,0.04,,
density,4,0.05,1,3.0,UASE Borda (default),0.10144674826862654,,,,,0.7846526315789474,0.32,,
density,4,0.05,1,3.0,UASE elbow,0.23027126727561334,,,,,0.6975263157894737,0.24,,
density,4,0.05,1,3.0,UASE degree-adjusted z,-0.021757549627074876,0.008421052631578947,0.0,,,0.7931789473684211,0.32,0.0,0.0
density,4,0.05,1,3.0,OMNI Borda (default),0.029881818730620104,,,,,0.8338210526315789,0.28,,
density,4,0.05,1,3.0,OMNI elbow,0.24388193530047914,,,,,0.7192421052631579,0.24,,
density,4,0.05,1,3.0,OMNI degree-adjusted z,-0.02376465985031135,0.028421052631578948,0.0,,,0.8417684210526316,0.26,0.0,0.0
density,4,0.05,1,3.0,ASE+Procrustes Borda,0.18877493094341546,,,,,0.8064526315789474,0.34,,
density,4,0.05,1,3.0,raw rows Borda,0.3962157946386678,,,,,0.6135052631578948,0.1,,
density,4,0.05,1,3.0,raw rows degree-adjusted z,-0.005708249556374321,0.04421052631578947,0.0,,,0.6544526315789474,0.12,0.0,0.0
density,4,0.05,1,,time UASE,,,,0.5123994759999846,2.0,,,,
density,4,0.05,1,,time OMNI,,,,3.163622105999991,2.0,,,,
density,4,0.05,1,,time ASE+Procrustes,,,,0.3519027190000088,,,,,
density,4,0.05,2,1.0,DeDi,0.5845961590702744,,,,,0.49792631578947366,0.08,,
density,4,0.05,2,1.0,UASE Borda (default),0.06976473733392786,,,,,0.8912526315789474,0.46,,
density,4,0.05,2,1.0,UASE elbow,0.17842100702004712,,,,,0.7798105263157895,0.52,,
density,4,0.05,2,1.0,UASE degree-adjusted z,-0.047995603029054465,0.02736842105263158,0.0,,,0.8945052631578947,0.48,0.0,0.0
density,4,0.05,2,1.0,OMNI Borda (default),0.011711037199365016,,,,,0.9142315789473684,0.52,,
density,4,0.05,2,1.0,OMNI elbow,0.18462467997880058,,,,,0.7766421052631579,0.5,,
density,4,0.05,2,1.0,OMNI degree-adjusted z,-0.057144625976859174,0.018947368421052633,0.0,,,0.9166315789473685,0.56,0.0,0.0
density,4,0.05,2,1.0,ASE+Procrustes Borda,0.27124539226453137,,,,,0.9162631578947369,0.5,,
density,4,0.05,2,1.0,raw rows Borda,0.3160336327271601,,,,,0.6809578947368421,0.12,,
density,4,0.05,2,1.0,raw rows degree-adjusted z,0.004277741106837348,0.035789473684210524,0.0,,,0.6839157894736843,0.12,0.0,0.0
density,4,0.05,2,2.0,DeDi,0.7753511353936569,,,,,0.5034,0.04,,
density,4,0.05,2,2.0,UASE Borda (default),0.18725809527072285,,,,,0.8579368421052631,0.42,,
density,4,0.05,2,2.0,UASE elbow,0.3049534622034233,,,,,0.6906736842105263,0.34,,
density,4,0.05,2,2.0,UASE degree-adjusted z,-0.010821472227356028,0.01263157894736842,0.0,,,0.8583368421052632,0.4,0.02,0.0
density,4,0.05,2,2.0,OMNI Borda (default),0.1188184067200221,,,,,0.9216,0.48,,
density,4,0.05,2,2.0,OMNI elbow,0.31002582214931773,,,,,0.703,0.4,,
density,4,0.05,2,2.0,OMNI degree-adjusted z,-0.0011015022121741009,0.018947368421052633,0.0,,,0.9231368421052631,0.56,0.0,0.0
density,4,0.05,2,2.0,ASE+Procrustes Borda,0.26671338703687325,,,,,0.8669789473684211,0.34,,
density,4,0.05,2,2.0,raw rows Borda,0.3857153526831299,,,,,0.7063473684210526,0.12,,
density,4,0.05,2,2.0,raw rows degree-adjusted z,0.03869244723365943,0.042105263157894736,0.0,,,0.705557894736842,0.22,0.0,0.0
density,4,0.05,2,3.0,DeDi,0.6385992756618528,,,,,0.49337894736842103,0.0,,
density,4,0.05,2,3.0,UASE Borda (default),0.09829489006702005,,,,,0.8559789473684211,0.38,,
density,4,0.05,2,3.0,UASE elbow,0.20282627215246077,,,,,0.7293684210526316,0.38,,
density,4,0.05,2,3.0,UASE degree-adjusted z,-0.022376938482396257,0.01263157894736842,0.0,,,0.861621052631579,0.34,0.0,0.0
density,4,0.05,2,3.0,OMNI Borda (default),0.02507080094070258,,,,,0.8833684210526316,0.46,,
density,4,0.05,2,3.0,OMNI elbow,0.22274693933767584,,,,,0.7290315789473685,0.38,,
density,4,0.05,2,3.0,OMNI degree-adjusted z,-0.034079972549419184,0.035789473684210524,0.0,,,0.8821894736842105,0.4,0.0,0.0
density,4,0.05,2,3.0,ASE+Procrustes Borda,0.22338551879714097,,,,,0.830557894736842,0.38,,
density,4,0.05,2,3.0,raw rows Borda,0.3804617530243635,,,,,0.6698315789473684,0.2,,
density,4,0.05,2,3.0,raw rows degree-adjusted z,0.023471435112771395,0.028421052631578948,0.0,,,0.6562105263157895,0.08,0.0,0.0
density,4,0.05,2,,time UASE,,,,0.5533982829999786,2.0,,,,
density,4,0.05,2,,time OMNI,,,,2.9763015319999795,2.0,,,,
density,4,0.05,2,,time ASE+Procrustes,,,,0.34792676099999653,,,,,
density,4,0.05,3,1.0,DeDi,0.6132182234244925,,,,,0.5544421052631578,0.06,,
density,4,0.05,3,1.0,UASE Borda (default),0.035689775491398,,,,,0.9000105263157895,0.48,,
density,4,0.05,3,1.0,UASE elbow,0.2051281328126833,,,,,0.7997263157894737,0.46,,
density,4,0.05,3,1.0,UASE degree-adjusted z,-0.04032134695481247,0.02,0.0,,,0.9076421052631579,0.52,0.04,0.0
density,4,0.05,3,1.0,OMNI Borda (default),-0.04450053170087875,,,,,0.9201368421052631,0.5,,
density,4,0.05,3,1.0,OMNI elbow,0.21757173348861725,,,,,0.7977263157894737,0.44,,
density,4,0.05,3,1.0,OMNI degree-adjusted z,-0.04604815111567115,0.02,0.0,,,0.927221052631579,0.58,0.04,0.0
density,4,0.05,3,1.0,ASE+Procrustes Borda,0.24679118548515094,,,,,0.9321263157894737,0.52,,
density,4,0.05,3,1.0,raw rows Borda,0.29992614305175663,,,,,0.6903684210526316,0.2,,
density,4,0.05,3,1.0,raw rows degree-adjusted z,-0.036974969235317866,0.05368421052631579,0.0,,,0.7106842105263158,0.1,0.0,0.0
density,4,0.05,3,2.0,DeDi,0.7794393791456541,,,,,0.46627368421052634,0.04,,
density,4,0.05,3,2.0,UASE Borda (default),0.15227650923261626,,,,,0.8246,0.44,,
density,4,0.05,3,2.0,UASE elbow,0.3068292596124046,,,,,0.6677473684210526,0.34,,
density,4,0.05,3,2.0,UASE degree-adjusted z,-0.0029406385902082635,0.023157894736842106,0.0,,,0.8315789473684211,0.42,0.0,0.0
density,4,0.05,3,2.0,OMNI Borda (default),0.08984296411183472,,,,,0.8435263157894737,0.38,,
density,4,0.05,3,2.0,OMNI elbow,0.3357961418931512,,,,,0.6567263157894737,0.34,,
density,4,0.05,3,2.0,OMNI degree-adjusted z,0.002655099132746029,0.030526315789473683,0.0,,,0.8509684210526316,0.42,0.02,0.0
density,4,0.05,3,2.0,ASE+Procrustes Borda,0.23275514713704543,,,,,0.8487894736842105,0.32,,
density,4,0.05,3,2.0,raw rows Borda,0.3665219758567719,,,,,0.6075578947368421,0.12,,
density,4,0.05,3,2.0,raw rows degree-adjusted z,0.014313958195913086,0.04421052631578947,0.0,,,0.6065052631578948,0.12,0.0,0.0
density,4,0.05,3,3.0,DeDi,0.6721856919054724,,,,,0.49605263157894736,0.0,,
density,4,0.05,3,3.0,UASE Borda (default),0.08769807599135009,,,,,0.7663684210526316,0.32,,
density,4,0.05,3,3.0,UASE elbow,0.2575306091863498,,,,,0.7370526315789474,0.32,,
density,4,0.05,3,3.0,UASE degree-adjusted z,-0.015683130425272827,0.009473684210526316,0.0,,,0.7718736842105263,0.3,0.0,0.0
density,4,0.05,3,3.0,OMNI Borda (default),0.03439274735114802,,,,,0.8280947368421052,0.34,,
density,4,0.05,3,3.0,OMNI elbow,0.2853211295675892,,,,,0.739378947368421,0.34,,
density,4,0.05,3,3.0,OMNI degree-adjusted z,-0.014406278434092597,0.029473684210526315,0.0,,,0.8280421052631579,0.34,0.0,0.0
density,4,0.05,3,3.0,ASE+Procrustes Borda,0.22318465594178313,,,,,0.7901684210526316,0.34,,
density,4,0.05,3,3.0,raw rows Borda,0.3709098433029301,,,,,0.6245157894736842,0.18,,
density,4,0.05,3,3.0,raw rows degree-adjusted z,0.01767879880442101,0.049473684210526316,0.0,,,0.6326736842105263,0.04,0.0,0.0
density,4,0.05,3,,time UASE,,,,0.46017310299998826,2.0,,,,
density,4,0.05,3,,time OMNI,,,,2.471466229999976,2.0,,,,
density,4,0.05,3,,time ASE+Procrustes,,,,0.35508138800003053,,,,,
density,4,0.05,4,1.0,DeDi,0.5411627706759171,,,,,0.524621052631579,0.02,,
density,4,0.05,4,1.0,UASE Borda (default),0.2220394530169659,,,,,0.8574315789473684,0.3,,
density,4,0.05,4,1.0,UASE elbow,0.18690908893417688,,,,,0.6701157894736842,0.28,,
density,4,0.05,4,1.0,UASE degree-adjusted z,-0.016167485394258954,0.010526315789473684,0.0,,,0.863178947368421,0.32,0.0,0.0
density,4,0.05,4,1.0,OMNI Borda (default),0.1404182791370544,,,,,0.8929368421052631,0.36,,
density,4,0.05,4,1.0,OMNI elbow,0.22888205929195118,,,,,0.572178947368421,0.06,,
density,4,0.05,4,1.0,OMNI degree-adjusted z,-0.024077706965922242,0.022105263157894735,0.0,,,0.9020631578947368,0.36,0.0,0.0
density,4,0.05,4,1.0,ASE+Procrustes Borda,0.4561143147264494,,,,,0.8428947368421053,0.38,,
density,4,0.05,4,1.0,raw rows Borda,0.4072188122788536,,,,,0.6282210526315789,0.22,,
density,4,0.05,4,1.0,raw rows degree-adjusted z,0.05023365182419528,0.0273972602739726,0.0,,,0.6143052631578947,0.12,0.0,0.0
density,4,0.05,4,2.0,DeDi,0.7455042043263729,,,,,0.5054736842105263,0.04,,
density,4,0.05,4,2.0,UASE Borda (default),0.35803405001023436,,,,,0.7792,0.26,,
density,4,0.05,4,2.0,UASE elbow,0.33257075013680343,,,,,0.6013894736842105,0.12,,
density,4,0.05,4,2.0,UASE degree-adjusted z,-0.00321932743363559,0.02526315789473684,0.0,,,0.821178947368421,0.28,0.0,0.0
density,4,0.05,4,2.0,OMNI Borda (default),0.20572054215877514,,,,,0.8455052631578948,0.36,,
density,4,0.05,4,2.0,OMNI elbow,0.3765017404086028,,,,,0.521778947368421,0.1,,
density,4,0.05,4,2.0,OMNI degree-adjusted z,-0.008040052915515428,0.018947368421052633,0.0,,,0.8756421052631579,0.4,0.0,0.0
density,4,0.05,4,2.0,ASE+Procrustes Borda,0.46679066052120777,,,,,0.7973684210526316,0.32,,
density,4,0.05,4,2.0,raw rows Borda,0.4332272476136237,,,,,0.5587894736842105,0.14,,
density,4,0.05,4,2.0,raw rows degree-adjusted z,0.05025033814105902,0.032665964172813484,0.0,,,0.5757684210526316,0.06,0.0,0.0
density,4,0.05,4,3.0,DeDi,0.650676733840466,,,,,0.4344421052631579,0.04,,
density,4,0.05,4,3.0,UASE Borda (default),0.32067189457785256,,,,,0.6942736842105263,0.26,,
density,4,0.05,4,3.0,UASE elbow,0.24907060211093335,,,,,0.6958105263157894,0.22,,
density,4,0.05,4,3.0,UASE degree-adjusted z,0.001956621662686361,0.005263157894736842,0.0,,,0.7302526315789474,0.28,0.0,0.0
density,4,0.05,4,3.0,OMNI Borda (default),0.20042316750490757,,,,,0.8008842105263158,0.36,,
density,4,0.05,4,3.0,OMNI elbow,0.33694003225053315,,,,,0.47593684210526316,0.04,,
density,4,0.05,4,3.0,OMNI degree-adjusted z,-0.011908175702755666,0.02631578947368421,0.0,,,0.8272,0.36,0.0,0.0
density,4,0.05,4,3.0,ASE+Procrustes Borda,0.4790808228405915,,,,,0.7501789473684211,0.26,,
density,4,0.05,4,3.0,raw rows Borda,0.482771659414012,,,,,0.5224631578947369,0.02,,
density,4,0.05,4,3.0,raw rows degree-adjusted z,0.07230928748716521,0.01791359325605901,0.0,,,0.5768210526315789,0.12,0.0,0.0
density,4,0.05,4,,time UASE,,,,0.44720313699997405,2.0,,,,
density,4,0.05,4,,time OMNI,,,,2.2704103709999686,2.0,,,,
density,4,0.05,4,,time ASE+Procrustes,,,,0.3654290029999743,,,,,
density,4,0.05,6,1.0,DeDi,0.6003175791923488,,,,,0.4568,0.06,,
density,4,0.05,6,1.0,UASE Borda (default),0.12707891214223596,,,,,0.854757894736842,0.42,,
density,4,0.05,6,1.0,UASE elbow,0.19542521668446725,,,,,0.7405684210526315,0.36,,
density,4,0.05,6,1.0,UASE degree-adjusted z,-0.018466227372709962,0.007368421052631579,0.0,,,0.8727157894736842,0.5,0.04,0.0
density,4,0.05,6,1.0,OMNI Borda (default),0.02999389019048264,,,,,0.8608631578947369,0.48,,
density,4,0.05,6,1.0,OMNI elbow,0.20012484508684744,,,,,0.7399052631578947,0.36,,
density,4,0.05,6,1.0,OMNI degree-adjusted z,-0.024182017239394525,0.016842105263157894,0.0,,,0.8727578947368421,0.48,0.02,0.0
density,4,0.05,6,1.0,ASE+Procrustes Borda,0.26392851932882144,,,,,0.8508842105263158,0.4,,
density,4,0.05,6,1.0,raw rows Borda,0.3482077385999919,,,,,0.6740631578947368,0.12,,
density,4,0.05,6,1.0,raw rows degree-adjusted z,-0.005535443986195402,0.05789473684210526,3.0,,,0.7144631578947368,0.12,0.02,0.75
density,4,0.05,6,2.0,DeDi,0.7743158618237214,,,,,0.45693684210526314,0.02,,
density,4,0.05,6,2.0,UASE Borda (default),0.19256011591637243,,,,,0.8067368421052632,0.28,,
density,4,0.05,6,2.0,UASE elbow,0.3250126825503148,,,,,0.6604210526315789,0.28,,
density,4,0.05,6,2.0,UASE degree-adjusted z,-0.006570841459567039,0.02,0.0,,,0.8151157894736842,0.22,0.0,0.0
density,4,0.05,6,2.0,OMNI Borda (default),0.13746160418817455,,,,,0.8697789473684211,0.42,,
density,4,0.05,6,2.0,OMNI elbow,0.33552331875021807,,,,,0.6789052631578948,0.34,,
density,4,0.05,6,2.0,OMNI degree-adjusted z,0.003395339631922424,0.018947368421052633,0.0,,,0.8682736842105263,0.46,0.0,0.0
density,4,0.05,6,2.0,ASE+Procrustes Borda,0.29871088555652886,,,,,0.8241052631578948,0.32,,
density,4,0.05,6,2.0,raw rows Borda,0.3592178845015178,,,,,0.6688421052631579,0.1,,
density,4,0.05,6,2.0,raw rows degree-adjusted z,0.03221064007459349,0.049473684210526316,0.0,,,0.6547578947368421,0.08,0.0,0.0
density,4,0.05,6,3.0,DeDi,0.6450946173664102,,,,,0.5319894736842106,0.06,,
density,4,0.05,6,3.0,UASE Borda (default),0.14052898241691833,,,,,0.7379263157894737,0.22,,
density,4,0.05,6,3.0,UASE elbow,0.20382049865357585,,,,,0.6450736842105264,0.24,,
density,4,0.05,6,3.0,UASE degree-adjusted z,-0.028764650073277977,0.018947368421052633,0.0,,,0.7472210526315789,0.26,0.0,0.0
density,4,0.05,6,3.0,OMNI Borda (default),0.05102379339421454,,,,,0.7754210526315789,0.26,,
density,4,0.05,6,3.0,OMNI elbow,0.21622605656903598,,,,,0.6598842105263157,0.34,,
density,4,0.05,6,3.0,OMNI degree-adjusted z,-0.034718637545795794,0.029473684210526315,0.0,,,0.7825684210526316,0.24,0.0,0.0
density,4,0.05,6,3.0,ASE+Procrustes Borda,0.2313874322101485,,,,,0.7728842105263158,0.3,,
density,4,0.05,6,3.0,raw rows Borda,0.37812538283372915,,,,,0.5905368421052631,0.06,,
density,4,0.05,6,3.0,raw rows degree-adjusted z,0.0020108421040864253,0.06631578947368422,0.0,,,0.6397894736842106,0.04,0.0,0.0
density,4,0.05,6,,time UASE,,,,0.628549788999976,2.0,,,,
density,4,0.05,6,,time OMNI,,,,2.8191144890000146,2.0,,,,
density,4,0.05,6,,time ASE+Procrustes,,,,0.3916542289999825,,,,,
density,4,0.05,5,1.0,DeDi,0.5495397624174685,,,,,0.5192631578947369,0.1,,
density,4,0.05,5,1.0,UASE Borda (default),0.19488262842004242,,,,,0.8570631578947369,0.38,,
density,4,0.05,5,1.0,UASE elbow,0.18942079438196024,,,,,0.7660315789473684,0.46,,
density,4,0.05,5,1.0,UASE degree-adjusted z,-0.029083823133141104,0.015789473684210527,0.0,,,0.8688,0.36,0.0,0.0
density,4,0.05,5,1.0,OMNI Borda (default),0.09477643519056679,,,,,0.8969684210526315,0.42,,
density,4,0.05,5,1.0,OMNI elbow,0.19694492552048118,,,,,0.7597052631578948,0.46,,
density,4,0.05,5,1.0,OMNI degree-adjusted z,-0.03802735510449858,0.02736842105263158,0.0,,,0.909621052631579,0.5,0.0,0.0
density,4,0.05,5,1.0,ASE+Procrustes Borda,0.3498005104844137,,,,,0.9137684210526316,0.44,,
density,4,0.05,5,1.0,raw rows Borda,0.3588399991906656,,,,,0.6447684210526315,0.1,,
density,4,0.05,5,1.0,raw rows degree-adjusted z,0.027379359118864105,0.02631578947368421,0.0,,,0.6830315789473684,0.18,0.0,0.0
density,4,0.05,5,2.0,DeDi,0.7684606394103858,,,,,0.5333894736842105,0.04,,
density,4,0.05,5,2.0,UASE Borda (default),0.2109549118365536,,,,,0.7281578947368421,0.3,,
density,4,0.05,5,2.0,UASE elbow,0.35772922621756303,,,,,0.7206526315789473,0.4,,
density,4,0.05,5,2.0,UASE degree-adjusted z,-0.02475134043301385,0.02736842105263158,0.0,,,0.7411368421052632,0.34,0.0,0.0
density,4,0.05,5,2.0,OMNI Borda (default),0.15077724260720793,,,,,0.7494105263157895,0.36,,
density,4,0.05,5,2.0,OMNI elbow,0.3613478940052477,,,,,0.7277894736842105,0.42,,
density,4,0.05,5,2.0,OMNI degree-adjusted z,-0.02130478169604826,0.030526315789473683,0.0,,,0.7629894736842106,0.38,0.0,0.0
density,4,0.05,5,2.0,ASE+Procrustes Borda,0.31601896502714566,,,,,0.8109052631578947,0.4,,
density,4,0.05,5,2.0,raw rows Borda,0.3664682890112007,,,,,0.6648421052631579,0.12,,
density,4,0.05,5,2.0,raw rows degree-adjusted z,0.01674771574243427,0.04105263157894737,0.0,,,0.6728526315789474,0.14,0.0,0.0
density,4,0.05,5,3.0,DeDi,0.643582642791765,,,,,0.5226315789473684,0.1,,
density,4,0.05,5,3.0,UASE Borda (default),0.2041603241961228,,,,,0.7928,0.4,,
density,4,0.05,5,3.0,UASE elbow,0.25611460867168784,,,,,0.7236105263157895,0.36,,
density,4,0.05,5,3.0,UASE degree-adjusted z,-0.020286707650397452,0.010526315789473684,0.0,,,0.8167578947368421,0.42,0.02,0.0
density,4,0.05,5,3.0,OMNI Borda (default),0.10594113162894084,,,,,0.8308526315789474,0.4,,
density,4,0.05,5,3.0,OMNI elbow,0.26110253332102384,,,,,0.7258526315789474,0.36,,
density,4,0.05,5,3.0,OMNI degree-adjusted z,-0.02908493882692321,0.02631578947368421,0.0,,,0.8589894736842105,0.48,0.02,0.0
density,4,0.05,5,3.0,ASE+Procrustes Borda,0.30351538496232733,,,,,0.7990947368421053,0.38,,
density,4,0.05,5,3.0,raw rows Borda,0.3780712870858402,,,,,0.5792947368421053,0.14,,
density,4,0.05,5,3.0,raw rows degree-adjusted z,0.049947848849795695,0.037894736842105266,0.0,,,0.6566842105263158,0.14,0.0,0.0
density,4,0.05,5,,time UASE,,,,0.6188944680000077,2.0,,,,
density,4,0.05,5,,time OMNI,,,,3.053776063999976,2.0,,,,
density,4,0.05,5,,time ASE+Procrustes,,,,0.3540825279999922,,,,,
density,4,0.05,7,1.0,DeDi,0.6380023746783978,,,,,0.5071368421052631,0.02,,
density,4,0.05,7,1.0,UASE Borda (default),0.08650741741462933,,,,,0.8955684210526316,0.5,,
density,4,0.05,7,1.0,UASE elbow,0.18839157520131602,,,,,0.7711473684210526,0.42,,
density,4,0.05,7,1.0,UASE degree-adjusted z,-0.03830854889822019,0.010526315789473684,0.0,,,0.9052,0.52,0.0,0.0
density,4,0.05,7,1.0,OMNI Borda (default),0.01635680352478435,,,,,0.9131684210526316,0.54,,
density,4,0.05,7,1.0,OMNI elbow,0.19724755541452527,,,,,0.7578736842105264,0.44,,
density,4,0.05,7,1.0,OMNI degree-adjusted z,-0.04214066353709892,0.023157894736842106,0.0,,,0.9226105263157894,0.54,0.0,0.0
density,4,0.05,7,1.0,ASE+Procrustes Borda,0.22235527717821746,,,,,0.9107368421052632,0.54,,
density,4,0.05,7,1.0,raw rows Borda,0.30077455961581406,,,,,0.6957263157894736,0.22,,
density,4,0.05,7,1.0,raw rows degree-adjusted z,-0.0014873999166499182,0.05157894736842105,0.0,,,0.6768947368421052,0.14,0.0,0.0
density,4,0.05,7,2.0,DeDi,0.7824214032998826,,,,,0.5126315789473684,0.04,,
density,4,0.05,7,2.0,UASE Borda (default),0.20873066457688402,,,,,0.8327684210526316,0.38,,
density,4,0.05,7,2.0,UASE elbow,0.317966710124229,,,,,0.7003263157894737,0.3,,
density,4,0.05,7,2.0,UASE degree-adjusted z,-0.00544192083344981,0.02,0.0,,,0.8442947368421052,0.4,0.0,0.0
density,4,0.05,7,2.0,OMNI Borda (default),0.16910479912410142,,,,,0.8493263157894737,0.42,,
density,4,0.05,7,2.0,OMNI elbow,0.3375882569898743,,,,,0.7345052631578948,0.3,,
density,4,0.05,7,2.0,OMNI degree-adjusted z,0.005640152691979686,0.03368421052631579,0.0,,,0.8652421052631579,0.46,0.0,0.0
density,4,0.05,7,2.0,ASE+Procrustes Borda,0.3136720317643228,,,,,0.8758736842105264,0.42,,
density,4,0.05,7,2.0,raw rows Borda,0.3723723268392127,,,,,0.6099368421052631,0.1,,
density,4,0.05,7,2.0,raw rows degree-adjusted z,0.036324962432696416,0.04631578947368421,0.0,,,0.6482947368421053,0.12,0.0,0.0
density,4,0.05,7,3.0,DeDi,0.6502254967835345,,,,,0.5101578947368421,0.08,,
density,4,0.05,7,3.0,UASE Borda (default),0.15105618616134267,,,,,0.8823684210526316,0.42,,
density,4,0.05,7,3.0,UASE elbow,0.21266178900537028,,,,,0.7612105263157894,0.38,,
density,4,0.05,7,3.0,UASE degree-adjusted z,-0.029718171434578274,0.01368421052631579,0.0,,,0.8952842105263158,0.5,0.0,0.0
density,4,0.05,7,3.0,OMNI Borda (default),0.07968937911046993,,,,,0.899,0.5,,
density,4,0.05,7,3.0,OMNI elbow,0.23672365341358953,,,,,0.7934947368421053,0.38,,
density,4,0.05,7,3.0,OMNI degree-adjusted z,-0.025870729753291327,0.02526315789473684,0.0,,,0.9088842105263157,0.54,0.0,0.0
density,4,0.05,7,3.0,ASE+Procrustes Borda,0.281743016842577,,,,,0.8406315789473684,0.48,,
density,4,0.05,7,3.0,raw rows Borda,0.38148935193757016,,,,,0.6445473684210526,0.1,,
density,4,0.05,7,3.0,raw rows degree-adjusted z,0.016818848718147587,0.022105263157894735,0.0,,,0.6567473684210526,0.1,0.0,0.0
density,4,0.05,7,,time UASE,,,,0.46130228100003023,2.0,,,,
density,4,0.05,7,,time OMNI,,,,2.4770017220000113,2.0,,,,
density,4,0.05,7,,time ASE+Procrustes,,,,0.361630224999999,,,,,
density,4,0.05,8,1.0,DeDi,0.6138117560730004,,,,,0.46125263157894736,0.06,,
density,4,0.05,8,1.0,UASE Borda (default),0.01148911561623544,,,,,0.8606421052631579,0.44,,
density,4,0.05,8,1.0,UASE elbow,0.2316084893801801,,,,,0.7878526315789474,0.38,,
density,4,0.05,8,1.0,UASE degree-adjusted z,-0.01793380295607159,0.008421052631578947,0.0,,,0.8702947368421052,0.46,0.0,0.0
density,4,0.05,8,1.0,OMNI Borda (default),-0.05812369550805903,,,,,0.8786421052631579,0.42,,
density,4,0.05,8,1.0,OMNI elbow,0.23674276684662232,,,,,0.7841263157894737,0.38,,
density,4,0.05,8,1.0,OMNI degree-adjusted z,-0.027029016483479912,0.021052631578947368,0.0,,,0.8845684210526316,0.42,0.0,0.0
density,4,0.05,8,1.0,ASE+Procrustes Borda,0.27236375472780233,,,,,0.8337368421052631,0.42,,
density,4,0.05,8,1.0,raw rows Borda,0.3349787323972723,,,,,0.5935578947368421,0.12,,
density,4,0.05,8,1.0,raw rows degree-adjusted z,0.006229629909359344,0.035789473684210524,0.0,,,0.6601684210526316,0.18,0.0,0.0
density,4,0.05,8,2.0,DeDi,0.7867072901553752,,,,,0.4892736842105263,0.06,,
density,4,0.05,8,2.0,UASE Borda (default),0.1709354464415972,,,,,0.8044526315789474,0.26,,
density,4,0.05,8,2.0,UASE elbow,0.31646377626406,,,,,0.7447052631578948,0.36,,
density,4,0.05,8,2.0,UASE degree-adjusted z,-0.012867889991622774,0.01368421052631579,0.0,,,0.8157052631578947,0.32,0.0,0.0
density,4,0.05,8,2.0,OMNI Borda (default),0.09858032818290186,,,,,0.8442,0.32,,
density,4,0.05,8,2.0,OMNI elbow,0.32136934679861756,,,,,0.7668105263157895,0.4,,
density,4,0.05,8,2.0,OMNI degree-adjusted z,-0.013499852325066283,0.030526315789473683,0.0,,,0.8619368421052631,0.4,0.0,0.0
density,4,0.05,8,2.0,ASE+Procrustes Borda,0.23886120421053783,,,,,0.8227578947368421,0.34,,
density,4,0.05,8,2.0,raw rows Borda,0.3728050427520493,,,,,0.6216736842105263,0.1,,
density,4,0.05,8,2.0,raw rows degree-adjusted z,0.004063881004125167,0.03684210526315789,0.0,,,0.6184631578947368,0.14,0.0,0.0
density,4,0.05,8,3.0,DeDi,0.646152016874429,,,,,0.4944631578947368,0.04,,
density,4,0.05,8,3.0,UASE Borda (default),0.14601199178443067,,,,,0.8379052631578947,0.4,,
density,4,0.05,8,3.0,UASE elbow,0.2050336411991961,,,,,0.7231263157894737,0.34,,
density,4,0.05,8,3.0,UASE degree-adjusted z,-0.03678636942397287,0.004210526315789474,0.0,,,0.8527157894736842,0.4,0.0,0.0
density,4,0.05,8,3.0,OMNI Borda (default),0.07652503592112354,,,,,0.8657473684210526,0.48,,
density,4,0.05,8,3.0,OMNI elbow,0.2222249200835165,,,,,0.7556,0.38,,
density,4,0.05,8,3.0,OMNI degree-adjusted z,-0.04059284179425037,0.024210526315789474,0.0,,,0.8813473684210527,0.5,0.0,0.0
density,4,0.05,8,3.0,ASE+Procrustes Borda,0.25155001885674955,,,,,0.8605157894736842,0.5,,
density,4,0.05,8,3.0,raw rows Borda,0.36307323919416706,,,,,0.5926526315789473,0.12,,
density,4,0.05,8,3.0,raw rows degree-adjusted z,0.01947383365658993,0.024210526315789474,0.0,,,0.5895473684210526,0.06,0.0,0.0
density,4,0.05,8,,time UASE,,,,0.5456743950000487,2.0,,,,
density,4,0.05,8,,time OMNI,,,,2.4671220230000017,2.0,,,,
density,4,0.05,8,,time ASE+Procrustes,,,,0.3585258080000244,,,,,
cohesion,4,0.0,0,1.0,DeDi,0.12495284534396639,,,,,,,,
cohesion,4,0.0,0,1.0,UASE Borda (default),-0.04972187842190318,,,,,,,,
cohesion,4,0.0,0,1.0,UASE elbow,-0.24203152275635573,,,,,,,,
cohesion,4,0.0,0,1.0,UASE degree-adjusted z,-0.01329070427722706,0.014,0.0,,,,,,
cohesion,4,0.0,0,1.0,OMNI Borda (default),-0.11073324171989718,,,,,,,,
cohesion,4,0.0,0,1.0,OMNI elbow,-0.24446685653427688,,,,,,,,
cohesion,4,0.0,0,1.0,OMNI degree-adjusted z,-0.008279156753168867,0.021,0.0,,,,,,
cohesion,4,0.0,0,1.0,ASE+Procrustes Borda,0.17767489256194716,,,,,,,,
cohesion,4,0.0,0,1.0,raw rows Borda,0.39790707967705863,,,,,,,,
cohesion,4,0.0,0,1.0,raw rows degree-adjusted z,0.0286997094792276,0.022,0.0,,,,,,
cohesion,4,0.0,0,2.0,DeDi,0.1618142132253927,,,,,,,,
cohesion,4,0.0,0,2.0,UASE Borda (default),-0.08350247496519805,,,,,,,,
cohesion,4,0.0,0,2.0,UASE elbow,-0.1872565098896534,,,,,,,,
cohesion,4,0.0,0,2.0,UASE degree-adjusted z,-0.009466502079803374,0.01,0.0,,,,,,
cohesion,4,0.0,0,2.0,OMNI Borda (default),-0.09841589017974722,,,,,,,,
cohesion,4,0.0,0,2.0,OMNI elbow,-0.18862757422218718,,,,,,,,
cohesion,4,0.0,0,2.0,OMNI degree-adjusted z,-0.009413305257305766,0.02,0.0,,,,,,
cohesion,4,0.0,0,2.0,ASE+Procrustes Borda,0.1695197386011855,,,,,,,,
cohesion,4,0.0,0,2.0,raw rows Borda,0.3860431307158761,,,,,,,,
cohesion,4,0.0,0,2.0,raw rows degree-adjusted z,0.04008628330716069,0.027,0.0,,,,,,
cohesion,4,0.0,0,3.0,DeDi,0.17491688517216403,,,,,,,,
cohesion,4,0.0,0,3.0,UASE Borda (default),-0.008862265736897764,,,,,,,,
cohesion,4,0.0,0,3.0,UASE elbow,-0.2115769031006121,,,,,,,,
cohesion,4,0.0,0,3.0,UASE degree-adjusted z,-0.0018076931615959183,0.006,0.0,,,,,,
cohesion,4,0.0,0,3.0,OMNI Borda (default),-0.06330863652577275,,,,,,,,
cohesion,4,0.0,0,3.0,OMNI elbow,-0.2103079805353929,,,,,,,,
cohesion,4,0.0,0,3.0,OMNI degree-adjusted z,-0.006096031028604583,0.03,0.0,,,,,,
cohesion,4,0.0,0,3.0,ASE+Procrustes Borda,0.23834094092144026,,,,,,,,
cohesion,4,0.0,0,3.0,raw rows Borda,0.3916178092118777,,,,,,,,
cohesion,4,0.0,0,3.0,raw rows degree-adjusted z,0.039309711388652614,0.025,0.0,,,,,,
cohesion,4,0.0,0,,time UASE,,,,0.4244120189999876,2.0,,,,
cohesion,4,0.0,0,,time OMNI,,,,2.4611594329999775,2.0,,,,
cohesion,4,0.0,0,,time ASE+Procrustes,,,,0.28700938299999734,,,,,
density,4,0.05,9,1.0,DeDi,0.5537923213612365,,,,,0.5009368421052631,0.04,,
density,4,0.05,9,1.0,UASE Borda (default),0.054078960504701894,,,,,0.7693684210526316,0.36,,
density,4,0.05,9,1.0,UASE elbow,0.140616225629272,,,,,0.44467368421052633,0.12,,
density,4,0.05,9,1.0,UASE degree-adjusted z,-0.02712189655940192,0.017894736842105262,0.0,,,0.7791578947368422,0.38,0.0,0.0
density,4,0.05,9,1.0,OMNI Borda (default),-0.036874741506783486,,,,,0.8088736842105263,0.38,,
density,4,0.05,9,1.0,OMNI elbow,0.1714009285433612,,,,,0.4752,0.04,,
density,4,0.05,9,1.0,OMNI degree-adjusted z,-0.023335387447564665,0.024210526315789474,0.0,,,0.8179157894736843,0.4,0.0,0.0
density,4,0.05,9,1.0,ASE+Procrustes Borda,0.2664240040253959,,,,,0.8526421052631579,0.44,,
density,4,0.05,9,1.0,raw rows Borda,0.3334054023908276,,,,,0.6485473684210527,0.22,,
density,4,0.05,9,1.0,raw rows degree-adjusted z,0.02438498506552881,0.034736842105263156,0.0,,,0.6316736842105263,0.18,0.0,0.0
density,4,0.05,9,2.0,DeDi,0.7623184243392762,,,,,0.46793684210526315,0.06,,
density,4,0.05,9,2.0,UASE Borda (default),0.238563758087166,,,,,0.7525157894736842,0.28,,
density,4,0.05,9,2.0,UASE elbow,0.378649394492961,,,,,0.5069684210526316,0.16,,
density,4,0.05,9,2.0,UASE degree-adjusted z,0.0005306225901582313,0.02736842105263158,0.0,,,0.7694315789473685,0.24,0.0,0.0
density,4,0.05,9,2.0,OMNI Borda (default),0.13457369944781464,,,,,0.8303368421052632,0.34,,
density,4,0.05,9,2.0,OMNI elbow,0.39877114066792707,,,,,0.47734736842105263,0.08,,
density,4,0.05,9,2.0,OMNI degree-adjusted z,0.006344353977128112,0.02736842105263158,0.0,,,0.8412842105263157,0.36,0.0,0.0
density,4,0.05,9,2.0,ASE+Procrustes Borda,0.2765672847901748,,,,,0.844842105263158,0.38,,
density,4,0.05,9,2.0,raw rows Borda,0.39694734756483685,,,,,0.5806842105263158,0.16,,
density,4,0.05,9,2.0,raw rows degree-adjusted z,0.021840027543962862,0.028421052631578948,0.0,,,0.5804842105263158,0.06,0.0,0.0
density,4,0.05,9,3.0,DeDi,0.6070380450022081,,,,,0.5150210526315789,0.04,,
density,4,0.05,9,3.0,UASE Borda (default),0.12926165951572938,,,,,0.7955684210526316,0.24,,
density,4,0.05,9,3.0,UASE elbow,0.17728618135305146,,,,,0.4896842105263158,0.06,,
density,4,0.05,9,3.0,UASE degree-adjusted z,-0.01561259865257081,0.02526315789473684,0.0,,,0.7922526315789473,0.28,0.0,0.0
density,4,0.05,9,3.0,OMNI Borda (default),0.04136416629548808,,,,,0.8358842105263158,0.36,,
density,4,0.05,9,3.0,OMNI elbow,0.18095564143114895,,,,,0.5216,0.04,,
density,4,0.05,9,3.0,OMNI degree-adjusted z,-0.026632897101564287,0.03684210526315789,0.0,,,0.8362526315789474,0.34,0.0,0.0
density,4,0.05,9,3.0,ASE+Procrustes Borda,0.2517499522659724,,,,,0.8321894736842105,0.3,,
density,4,0.05,9,3.0,raw rows Borda,0.42621591475103066,,,,,0.6605368421052632,0.14,,
density,4,0.05,9,3.0,raw rows degree-adjusted z,0.03423258248662233,0.0431578947368421,0.0,,,0.6564526315789474,0.1,0.0,0.0
density,4,0.05,9,,time UASE,,,,0.5549982059999934,2.0,,,,
density,4,0.05,9,,time OMNI,,,,2.3931645750000143,2.0,,,,
density,4,0.05,9,,time ASE+Procrustes,,,,0.3383137550000015,,,,,
cohesion,4,0.0,1,1.0,DeDi,0.2032069066050847,,,,,,,,
cohesion,4,0.0,1,1.0,UASE Borda (default),0.13910529601387822,,,,,,,,
cohesion,4,0.0,1,1.0,UASE elbow,-0.017329585171821746,,,,,,,,
cohesion,4,0.0,1,1.0,UASE degree-adjusted z,-0.004315233650963934,0.008,0.0,,,,,,
cohesion,4,0.0,1,1.0,OMNI Borda (default),0.014037136356368503,,,,,,,,
cohesion,4,0.0,1,1.0,OMNI elbow,-0.0332133143190229,,,,,,,,
cohesion,4,0.0,1,1.0,OMNI degree-adjusted z,-0.0060895269806043265,0.025,0.0,,,,,,
cohesion,4,0.0,1,1.0,ASE+Procrustes Borda,0.35051804481388005,,,,,,,,
cohesion,4,0.0,1,1.0,raw rows Borda,0.40316366708033086,,,,,,,,
cohesion,4,0.0,1,1.0,raw rows degree-adjusted z,0.04378106772673571,0.026,0.0,,,,,,
cohesion,4,0.0,1,2.0,DeDi,0.17207982400270197,,,,,,,,
cohesion,4,0.0,1,2.0,UASE Borda (default),0.09809378070791672,,,,,,,,
cohesion,4,0.0,1,2.0,UASE elbow,-0.030540631008423334,,,,,,,,
cohesion,4,0.0,1,2.0,UASE degree-adjusted z,-0.00392135215660868,0.015,0.0,,,,,,
cohesion,4,0.0,1,2.0,OMNI Borda (default),0.0014164096436553712,,,,,,,,
cohesion,4,0.0,1,2.0,OMNI elbow,-0.0172125788223054,,,,,,,,
cohesion,4,0.0,1,2.0,OMNI degree-adjusted z,-0.013591133688453607,0.019,0.0,,,,,,
cohesion,4,0.0,1,2.0,ASE+Procrustes Borda,0.3098807244345749,,,,,,,,
cohesion,4,0.0,1,2.0,raw rows Borda,0.3920191954540167,,,,,,,,
cohesion,4,0.0,1,2.0,raw rows degree-adjusted z,0.04431548112223198,0.031,0.0,,,,,,
cohesion,4,0.0,1,3.0,DeDi,0.20659035974550163,,,,,,,,
cohesion,4,0.0,1,3.0,UASE Borda (default),0.10238432665560501,,,,,,,,
cohesion,4,0.0,1,3.0,UASE elbow,-0.006759959145830481,,,,,,,,
cohesion,4,0.0,1,3.0,UASE degree-adjusted z,-0.00034374788409794463,0.015,0.0,,,,,,
cohesion,4,0.0,1,3.0,OMNI Borda (default),0.0001272260390051413,,,,,,,,
cohesion,4,0.0,1,3.0,OMNI elbow,0.02321635998628501,,,,,,,,
cohesion,4,0.0,1,3.0,OMNI degree-adjusted z,-0.01538537160585474,0.016,0.0,,,,,,
cohesion,4,0.0,1,3.0,ASE+Procrustes Borda,0.33654890806864735,,,,,,,,
cohesion,4,0.0,1,3.0,raw rows Borda,0.40100381053278367,,,,,,,,
cohesion,4,0.0,1,3.0,raw rows degree-adjusted z,0.04619233928297706,0.036,0.0,,,,,,
cohesion,4,0.0,1,,time UASE,,,,0.45076529800002163,2.0,,,,
cohesion,4,0.0,1,,time OMNI,,,,2.0060085839999715,2.0,,,,
cohesion,4,0.0,1,,time ASE+Procrustes,,,,0.3706326330000138,,,,,
cohesion,4,0.0,2,1.0,DeDi,0.15138077059753782,,,,,,,,
cohesion,4,0.0,2,1.0,UASE Borda (default),0.07055036213321196,,,,,,,,
cohesion,4,0.0,2,1.0,UASE elbow,-0.13214075154529084,,,,,,,,
cohesion,4,0.0,2,1.0,UASE degree-adjusted z,0.0003089497646630923,0.007,0.0,,,,,,
cohesion,4,0.0,2,1.0,OMNI Borda (default),-0.020467898923201597,,,,,,,,
cohesion,4,0.0,2,1.0,OMNI elbow,-0.12857345058183647,,,,,,,,
cohesion,4,0.0,2,1.0,OMNI degree-adjusted z,-0.014711601517797436,0.023,0.0,,,,,,
cohesion,4,0.0,2,1.0,ASE+Procrustes Borda,0.3024699101966083,,,,,,,,
cohesion,4,0.0,2,1.0,raw rows Borda,0.37819811083415117,,,,,,,,
cohesion,4,0.0,2,1.0,raw rows degree-adjusted z,0.030236665461586706,0.038,0.0,,,,,,
cohesion,4,0.0,2,2.0,DeDi,0.17083762595036056,,,,,,,,
cohesion,4,0.0,2,2.0,UASE Borda (default),0.0929361180281546,,,,,,,,
cohesion,4,0.0,2,2.0,UASE elbow,-0.13192723432361594,,,,,,,,
cohesion,4,0.0,2,2.0,UASE degree-adjusted z,0.0012226569128501363,0.033,0.0,,,,,,
cohesion,4,0.0,2,2.0,OMNI Borda (default),-0.006909546644237165,,,,,,,,
cohesion,4,0.0,2,2.0,OMNI elbow,-0.16070258728123132,,,,,,,,
cohesion,4,0.0,2,2.0,OMNI degree-adjusted z,-0.012984957014837392,0.025,0.0,,,,,,
cohesion,4,0.0,2,2.0,ASE+Procrustes Borda,0.3134945367194969,,,,,,,,
cohesion,4,0.0,2,2.0,raw rows Borda,0.40504295998882595,,,,,,,,
cohesion,4,0.0,2,2.0,raw rows degree-adjusted z,0.04393049457285626,0.037,0.0,,,,,,
cohesion,4,0.0,2,3.0,DeDi,0.15971339483294153,,,,,,,,
cohesion,4,0.0,2,3.0,UASE Borda (default),0.09931099239963609,,,,,,,,
cohesion,4,0.0,2,3.0,UASE elbow,-0.09400788480907812,,,,,,,,
cohesion,4,0.0,2,3.0,UASE degree-adjusted z,-0.001852580656107652,0.008,0.0,,,,,,
cohesion,4,0.0,2,3.0,OMNI Borda (default),0.0003418873871009119,,,,,,,,
cohesion,4,0.0,2,3.0,OMNI elbow,-0.11020549113493451,,,,,,,,
cohesion,4,0.0,2,3.0,OMNI degree-adjusted z,-0.012271520381139395,0.012,0.0,,,,,,
cohesion,4,0.0,2,3.0,ASE+Procrustes Borda,0.29944803795108577,,,,,,,,
cohesion,4,0.0,2,3.0,raw rows Borda,0.4013033129675538,,,,,,,,
cohesion,4,0.0,2,3.0,raw rows degree-adjusted z,0.06253101830456664,0.032,0.0,,,,,,
cohesion,4,0.0,2,,time UASE,,,,0.4895524679999994,2.0,,,,
cohesion,4,0.0,2,,time OMNI,,,,1.9097957639999663,2.0,,,,
cohesion,4,0.0,2,,time ASE+Procrustes,,,,0.31988036400002784,,,,,
cohesion,4,0.0,4,1.0,DeDi,0.18869173827684857,,,,,,,,
cohesion,4,0.0,4,1.0,UASE Borda (default),0.047028851429499766,,,,,,,,
cohesion,4,0.0,4,1.0,UASE elbow,-0.1617675100568507,,,,,,,,
cohesion,4,0.0,4,1.0,UASE degree-adjusted z,-0.0019363648576240472,0.006,0.0,,,,,,
cohesion,4,0.0,4,1.0,OMNI Borda (default),-0.055446242467345516,,,,,,,,
cohesion,4,0.0,4,1.0,OMNI elbow,-0.15577710422854696,,,,,,,,
cohesion,4,0.0,4,1.0,OMNI degree-adjusted z,-0.015097489079129556,0.018,0.0,,,,,,
cohesion,4,0.0,4,1.0,ASE+Procrustes Borda,0.23232369872682743,,,,,,,,
cohesion,4,0.0,4,1.0,raw rows Borda,0.3885983259386269,,,,,,,,
cohesion,4,0.0,4,1.0,raw rows degree-adjusted z,-0.0033634698763895326,0.056,0.0,,,,,,
cohesion,4,0.0,4,2.0,DeDi,0.17786343152956033,,,,,,,,
cohesion,4,0.0,4,2.0,UASE Borda (default),0.012973638247881567,,,,,,,,
cohesion,4,0.0,4,2.0,UASE elbow,-0.15899296096195464,,,,,,,,
cohesion,4,0.0,4,2.0,UASE degree-adjusted z,-0.0032107570214138254,0.009,0.0,,,,,,
cohesion,4,0.0,4,2.0,OMNI Borda (default),-0.0859325401408151,,,,,,,,
cohesion,4,0.0,4,2.0,OMNI elbow,-0.1601246376683845,,,,,,,,
cohesion,4,0.0,4,2.0,OMNI degree-adjusted z,-0.011668124804726666,0.023,0.0,,,,,,
cohesion,4,0.0,4,2.0,ASE+Procrustes Borda,0.20582287186218398,,,,,,,,
cohesion,4,0.0,4,2.0,raw rows Borda,0.3915778164585303,,,,,,,,
cohesion,4,0.0,4,2.0,raw rows degree-adjusted z,-1.47318391872792e-05,0.051,0.0,,,,,,
cohesion,4,0.0,4,3.0,DeDi,0.194959802302924,,,,,,,,
cohesion,4,0.0,4,3.0,UASE Borda (default),0.06055828437144106,,,,,,,,
cohesion,4,0.0,4,3.0,UASE elbow,-0.10315393605833256,,,,,,,,
cohesion,4,0.0,4,3.0,UASE degree-adjusted z,-0.0012301568989199038,0.005,0.0,,,,,,
cohesion,4,0.0,4,3.0,OMNI Borda (default),-0.05459108373189461,,,,,,,,
cohesion,4,0.0,4,3.0,OMNI elbow,-0.09767084608583936,,,,,,,,
cohesion,4,0.0,4,3.0,OMNI degree-adjusted z,-0.008788282026930416,0.016,0.0,,,,,,
cohesion,4,0.0,4,3.0,ASE+Procrustes Borda,0.25180512997610954,,,,,,,,
cohesion,4,0.0,4,3.0,raw rows Borda,0.3909484444575891,,,,,,,,
cohesion,4,0.0,4,3.0,raw rows degree-adjusted z,0.018128475863049345,0.03,0.0,,,,,,
cohesion,4,0.0,4,,time UASE,,,,0.5855423439999754,2.0,,,,
cohesion,4,0.0,4,,time OMNI,,,,1.8992104060000088,2.0,,,,
cohesion,4,0.0,4,,time ASE+Procrustes,,,,0.31980385899998964,,,,,
cohesion,4,0.0,3,1.0,DeDi,0.11523578765770931,,,,,,,,
cohesion,4,0.0,3,1.0,UASE Borda (default),0.12453422058729702,,,,,,,,
cohesion,4,0.0,3,1.0,UASE elbow,-0.046490847216741495,,,,,,,,
cohesion,4,0.0,3,1.0,UASE degree-adjusted z,-0.0037606164005895342,0.015,0.0,,,,,,
cohesion,4,0.0,3,1.0,OMNI Borda (default),0.027949657437676887,,,,,,,,
cohesion,4,0.0,3,1.0,OMNI elbow,-0.029896598788058573,,,,,,,,
cohesion,4,0.0,3,1.0,OMNI degree-adjusted z,-0.004319369641704437,0.024,0.0,,,,,,
cohesion,4,0.0,3,1.0,ASE+Procrustes Borda,0.3409201736931986,,,,,,,,
cohesion,4,0.0,3,1.0,raw rows Borda,0.38403327343750204,,,,,,,,
cohesion,4,0.0,3,1.0,raw rows degree-adjusted z,0.028070140288901077,0.041,0.0,,,,,,
cohesion,4,0.0,3,2.0,DeDi,0.14286968132933087,,,,,,,,
cohesion,4,0.0,3,2.0,UASE Borda (default),0.1279804036843791,,,,,,,,
cohesion,4,0.0,3,2.0,UASE elbow,-0.022447712873892266,,,,,,,,
cohesion,4,0.0,3,2.0,UASE degree-adjusted z,-0.006354032830409868,0.024,0.0,,,,,,
cohesion,4,0.0,3,2.0,OMNI Borda (default),0.020514150529292324,,,,,,,,
cohesion,4,0.0,3,2.0,OMNI elbow,-0.04435132911167174,,,,,,,,
cohesion,4,0.0,3,2.0,OMNI degree-adjusted z,-0.009991399831191454,0.03,0.0,,,,,,
cohesion,4,0.0,3,2.0,ASE+Procrustes Borda,0.3709709407659,,,,,,,,
cohesion,4,0.0,3,2.0,raw rows Borda,0.41895559869941457,,,,,,,,
cohesion,4,0.0,3,2.0,raw rows degree-adjusted z,0.04517121380823871,0.027,0.0,,,,,,
cohesion,4,0.0,3,3.0,DeDi,0.18481408697877152,,,,,,,,
cohesion,4,0.0,3,3.0,UASE Borda (default),0.12421616195530012,,,,,,,,
cohesion,4,0.0,3,3.0,UASE elbow,-0.005676809974673265,,,,,,,,
cohesion,4,0.0,3,3.0,UASE degree-adjusted z,-0.0016508737555123146,0.01,0.0,,,,,,
cohesion,4,0.0,3,3.0,OMNI Borda (default),0.012449737558505853,,,,,,,,
cohesion,4,0.0,3,3.0,OMNI elbow,-0.014309034627895451,,,,,,,,
cohesion,4,0.0,3,3.0,OMNI degree-adjusted z,-0.010129009066618485,0.021,0.0,,,,,,
cohesion,4,0.0,3,3.0,ASE+Procrustes Borda,0.3213636429396141,,,,,,,,
cohesion,4,0.0,3,3.0,raw rows Borda,0.42351644484321227,,,,,,,,
cohesion,4,0.0,3,3.0,raw rows degree-adjusted z,0.058797601225765085,0.032,0.0,,,,,,
cohesion,4,0.0,3,,time UASE,,,,0.6137322170000061,2.0,,,,
cohesion,4,0.0,3,,time OMNI,,,,2.2196477040000104,2.0,,,,
cohesion,4,0.0,3,,time ASE+Procrustes,,,,0.3321959830000196,,,,,
cohesion,4,0.0,6,1.0,DeDi,0.23007193327131856,,,,,,,,
cohesion,4,0.0,6,1.0,UASE Borda (default),0.07471939878236124,,,,,,,,
cohesion,4,0.0,6,1.0,UASE elbow,-0.043430129006104636,,,,,,,,
cohesion,4,0.0,6,1.0,UASE degree-adjusted z,0.0004726327996964958,0.017,0.0,,,,,,
cohesion,4,0.0,6,1.0,OMNI Borda (default),0.0011154784552835917,,,,,,,,
cohesion,4,0.0,6,1.0,OMNI elbow,-0.029071196059383388,,,,,,,,
cohesion,4,0.0,6,1.0,OMNI degree-adjusted z,-0.005885176360341004,0.039,0.0,,,,,,
cohesion,4,0.0,6,1.0,ASE+Procrustes Borda,0.3195910811561499,,,,,,,,
cohesion,4,0.0,6,1.0,raw rows Borda,0.3932173971101535,,,,,,,,
cohesion,4,0.0,6,1.0,raw rows degree-adjusted z,-0.003477521563659474,0.035,0.0,,,,,,
cohesion,4,0.0,6,2.0,DeDi,0.20882103522182596,,,,,,,,
cohesion,4,0.0,6,2.0,UASE Borda (default),0.06626237938666701,,,,,,,,
cohesion,4,0.0,6,2.0,UASE elbow,-0.04363260819793915,,,,,,,,
cohesion,4,0.0,6,2.0,UASE degree-adjusted z,-0.0021404049979955528,0.004,0.0,,,,,,
cohesion,4,0.0,6,2.0,OMNI Borda (default),-0.017791887921205427,,,,,,,,
cohesion,4,0.0,6,2.0,OMNI elbow,-0.02491289829399594,,,,,,,,
cohesion,4,0.0,6,2.0,OMNI degree-adjusted z,-0.010510613828423191,0.024,0.0,,,,,,
cohesion,4,0.0,6,2.0,ASE+Procrustes Borda,0.34587660364705997,,,,,,,,
cohesion,4,0.0,6,2.0,raw rows Borda,0.38887664735457017,,,,,,,,
cohesion,4,0.0,6,2.0,raw rows degree-adjusted z,0.00099341575404301,0.036,0.0,,,,,,
cohesion,4,0.0,6,3.0,DeDi,0.18809077959886786,,,,,,,,
cohesion,4,0.0,6,3.0,UASE Borda (default),0.14773354622364496,,,,,,,,
cohesion,4,0.0,6,3.0,UASE elbow,0.04540820932117359,,,,,,,,
cohesion,4,0.0,6,3.0,UASE degree-adjusted z,0.001607568965764972,0.013,0.0,,,,,,
cohesion,4,0.0,6,3.0,OMNI Borda (default),0.04546291090961906,,,,,,,,
cohesion,4,0.0,6,3.0,OMNI elbow,0.02717512406457503,,,,,,,,
cohesion,4,0.0,6,3.0,OMNI degree-adjusted z,-0.00441839482022857,0.017,0.0,,,,,,
cohesion,4,0.0,6,3.0,ASE+Procrustes Borda,0.3468672543134331,,,,,,,,
cohesion,4,0.0,6,3.0,raw rows Borda,0.4060505642628381,,,,,,,,
cohesion,4,0.0,6,3.0,raw rows degree-adjusted z,-0.015153916537758027,0.039,0.0,,,,,,
cohesion,4,0.0,6,,time UASE,,,,0.5842320969999832,2.0,,,,
cohesion,4,0.0,6,,time OMNI,,,,2.0146684209999535,2.0,,,,
cohesion,4,0.0,6,,time ASE+Procrustes,,,,0.36606872799995926,,,,,
cohesion,4,0.0,5,1.0,DeDi,0.20803383026681382,,,,,,,,
cohesion,4,0.0,5,1.0,UASE Borda (default),0.0881931129071571,,,,,,,,
cohesion,4,0.0,5,1.0,UASE elbow,-0.012799561042806341,,,,,,,,
cohesion,4,0.0,5,1.0,UASE degree-adjusted z,0.0008386928652976356,0.012,0.0,,,,,,
cohesion,4,0.0,5,1.0,OMNI Borda (default),-0.041599922349668535,,,,,,,,
cohesion,4,0.0,5,1.0,OMNI elbow,0.04249064891422119,,,,,,,,
cohesion,4,0.0,5,1.0,OMNI degree-adjusted z,-0.006861504473264684,0.02,0.0,,,,,,
cohesion,4,0.0,5,1.0,ASE+Procrustes Borda,0.3062695884183829,,,,,,,,
cohesion,4,0.0,5,1.0,raw rows Borda,0.3933717085871976,,,,,,,,
cohesion,4,0.0,5,1.0,raw rows degree-adjusted z,0.028169506152087662,0.017,0.0,,,,,,
cohesion,4,0.0,5,2.0,DeDi,0.16460064325842766,,,,,,,,
cohesion,4,0.0,5,2.0,UASE Borda (default),0.07758093361500067,,,,,,,,
cohesion,4,0.0,5,2.0,UASE elbow,0.010314769459026953,,,,,,,,
cohesion,4,0.0,5,2.0,UASE degree-adjusted z,-0.0004632017005188362,0.006,0.0,,,,,,
cohesion,4,0.0,5,2.0,OMNI Borda (default),-0.00296238246081869,,,,,,,,
cohesion,4,0.0,5,2.0,OMNI elbow,0.049433645384246674,,,,,,,,
cohesion,4,0.0,5,2.0,OMNI degree-adjusted z,-0.007047085419846966,0.019,0.0,,,,,,
cohesion,4,0.0,5,2.0,ASE+Procrustes Borda,0.3049970107607958,,,,,,,,
cohesion,4,0.0,5,2.0,raw rows Borda,0.38470635911997286,,,,,,,,
cohesion,4,0.0,5,2.0,raw rows degree-adjusted z,0.026578282222098182,0.027,0.0,,,,,,
cohesion,4,0.0,5,3.0,DeDi,0.15949111297211147,,,,,,,,
cohesion,4,0.0,5,3.0,UASE Borda (default),0.08294633924336325,,,,,,,,
cohesion,4,0.0,5,3.0,UASE elbow,-0.05617741784895086,,,,,,,,
cohesion,4,0.0,5,3.0,UASE degree-adjusted z,-0.0015580643806482465,0.005,0.0,,,,,,
cohesion,4,0.0,5,3.0,OMNI Borda (default),-0.005938018099907853,,,,,,,,
cohesion,4,0.0,5,3.0,OMNI elbow,-0.024815122501294574,,,,,,,,
cohesion,4,0.0,5,3.0,OMNI degree-adjusted z,-0.005506275359256383,0.02,0.0,,,,,,
cohesion,4,0.0,5,3.0,ASE+Procrustes Borda,0.2990714133932753,,,,,,,,
cohesion,4,0.0,5,3.0,raw rows Borda,0.37690230912986744,,,,,,,,
cohesion,4,0.0,5,3.0,raw rows degree-adjusted z,0.01966528718798534,0.032,0.0,,,,,,
cohesion,4,0.0,5,,time UASE,,,,0.5841594209999812,2.0,,,,
cohesion,4,0.0,5,,time OMNI,,,,3.079199261000042,2.0,,,,
cohesion,4,0.0,5,,time ASE+Procrustes,,,,0.32050035199995364,,,,,
cohesion,4,0.0,7,1.0,DeDi,0.1892286022924505,,,,,,,,
cohesion,4,0.0,7,1.0,UASE Borda (default),0.0078669657293383,,,,,,,,
cohesion,4,0.0,7,1.0,UASE elbow,-0.15648366903863659,,,,,,,,
cohesion,4,0.0,7,1.0,UASE degree-adjusted z,-0.0011658107901373052,0.014,0.0,,,,,,
cohesion,4,0.0,7,1.0,OMNI Borda (default),-0.08026215356003996,,,,,,,,
cohesion,4,0.0,7,1.0,OMNI elbow,-0.14817700476857007,,,,,,,,
cohesion,4,0.0,7,1.0,OMNI degree-adjusted z,-0.0015518660878456707,0.022,0.0,,,,,,
cohesion,4,0.0,7,1.0,ASE+Procrustes Borda,0.2032432412750324,,,,,,,,
cohesion,4,0.0,7,1.0,raw rows Borda,0.38626841258885386,,,,,,,,
cohesion,4,0.0,7,1.0,raw rows degree-adjusted z,0.057892750834241065,0.039,0.0,,,,,,
cohesion,4,0.0,7,2.0,DeDi,0.20871012098079977,,,,,,,,
cohesion,4,0.0,7,2.0,UASE Borda (default),0.019573588467180464,,,,,,,,
cohesion,4,0.0,7,2.0,UASE elbow,-0.10896645489257918,,,,,,,,
cohesion,4,0.0,7,2.0,UASE degree-adjusted z,-0.0025125371573974115,0.006,0.0,,,,,,
cohesion,4,0.0,7,2.0,OMNI Borda (default),-0.0528497272984112,,,,,,,,
cohesion,4,0.0,7,2.0,OMNI elbow,-0.09579887916248783,,,,,,,,
cohesion,4,0.0,7,2.0,OMNI degree-adjusted z,-0.005448536105427373,0.014,0.0,,,,,,
cohesion,4,0.0,7,2.0,ASE+Procrustes Borda,0.2198900871500227,,,,,,,,
cohesion,4,0.0,7,2.0,raw rows Borda,0.38385180806201674,,,,,,,,
cohesion,4,0.0,7,2.0,raw rows degree-adjusted z,0.04819663450929379,0.022,0.0,,,,,,
cohesion,4,0.0,7,3.0,DeDi,0.22221546231744263,,,,,,,,
cohesion,4,0.0,7,3.0,UASE Borda (default),0.05684872406706127,,,,,,,,
cohesion,4,0.0,7,3.0,UASE elbow,-0.1610487575157001,,,,,,,,
cohesion,4,0.0,7,3.0,UASE degree-adjusted z,-0.006964778414967419,0.008,0.0,,,,,,
cohesion,4,0.0,7,3.0,OMNI Borda (default),-0.04829696328695547,,,,,,,,
cohesion,4,0.0,7,3.0,OMNI elbow,-0.15467414928718212,,,,,,,,
cohesion,4,0.0,7,3.0,OMNI degree-adjusted z,-0.017526117961713997,0.016,0.0,,,,,,
cohesion,4,0.0,7,3.0,ASE+Procrustes Borda,0.23558807249320576,,,,,,,,
cohesion,4,0.0,7,3.0,raw rows Borda,0.4105723258352109,,,,,,,,
cohesion,4,0.0,7,3.0,raw rows degree-adjusted z,0.057976110824669115,0.03,0.0,,,,,,
cohesion,4,0.0,7,,time UASE,,,,0.3945183570000381,2.0,,,,
cohesion,4,0.0,7,,time OMNI,,,,1.881351292999966,2.0,,,,
cohesion,4,0.0,7,,time ASE+Procrustes,,,,0.3309602019999147,,,,,
cohesion,4,0.0,8,1.0,DeDi,0.1693859230068369,,,,,,,,
cohesion,4,0.0,8,1.0,UASE Borda (default),0.06371529844862468,,,,,,,,
cohesion,4,0.0,8,1.0,UASE elbow,-0.187764965979192,,,,,,,,
cohesion,4,0.0,8,1.0,UASE degree-adjusted z,-0.004371759266665362,0.01,0.0,,,,,,
cohesion,4,0.0,8,1.0,OMNI Borda (default),-0.08044596918247472,,,,,,,,
cohesion,4,0.0,8,1.0,OMNI elbow,-0.18037808626117344,,,,,,,,
cohesion,4,0.0,8,1.0,OMNI degree-adjusted z,-0.014178097121702593,0.024,0.0,,,,,,
cohesion,4,0.0,8,1.0,ASE+Procrustes Borda,0.25407511076685724,,,,,,,,
cohesion,4,0.0,8,1.0,raw rows Borda,0.4136964973475712,,,,,,,,
cohesion,4,0.0,8,1.0,raw rows degree-adjusted z,0.071205774367282,0.049,0.0,,,,,,
cohesion,4,0.0,8,2.0,DeDi,0.16274840415259081,,,,,,,,
cohesion,4,0.0,8,2.0,UASE Borda (default),0.05307575815094775,,,,,,,,
cohesion,4,0.0,8,2.0,UASE elbow,-0.1699539167883817,,,,,,,,
cohesion,4,0.0,8,2.0,UASE degree-adjusted z,-0.007590286890348457,0.015,0.0,,,,,,
cohesion,4,0.0,8,2.0,OMNI Borda (default),-0.08250691364239597,,,,,,,,
cohesion,4,0.0,8,2.0,OMNI elbow,-0.17621026715396254,,,,,,,,
cohesion,4,0.0,8,2.0,OMNI degree-adjusted z,-0.01882000667785135,0.023,0.0,,,,,,
cohesion,4,0.0,8,2.0,ASE+Procrustes Borda,0.2557711070850024,,,,,,,,
cohesion,4,0.0,8,2.0,raw rows Borda,0.39444520319445,,,,,,,,
cohesion,4,0.0,8,2.0,raw rows degree-adjusted z,0.06434853467698412,0.046,0.0,,,,,,
cohesion,4,0.0,8,3.0,DeDi,0.1773087729481768,,,,,,,,
cohesion,4,0.0,8,3.0,UASE Borda (default),0.047015781247568764,,,,,,,,
cohesion,4,0.0,8,3.0,UASE elbow,-0.19362116755163028,,,,,,,,
cohesion,4,0.0,8,3.0,UASE degree-adjusted z,-0.004277700870024812,0.012,0.0,,,,,,
cohesion,4,0.0,8,3.0,OMNI Borda (default),-0.07969306077338234,,,,,,,,
cohesion,4,0.0,8,3.0,OMNI elbow,-0.20918151311850536,,,,,,,,
cohesion,4,0.0,8,3.0,OMNI degree-adjusted z,-0.014499311621640974,0.013,0.0,,,,,,
cohesion,4,0.0,8,3.0,ASE+Procrustes Borda,0.24594311690484663,,,,,,,,
cohesion,4,0.0,8,3.0,raw rows Borda,0.38847165775667997,,,,,,,,
cohesion,4,0.0,8,3.0,raw rows degree-adjusted z,0.06990114606326735,0.038,0.0,,,,,,
cohesion,4,0.0,8,,time UASE,,,,0.46459889100003693,2.0,,,,
cohesion,4,0.0,8,,time OMNI,,,,2.311067994000041,2.0,,,,
cohesion,4,0.0,8,,time ASE+Procrustes,,,,0.3287204529999599,,,,,
cohesion,4,0.0,9,1.0,DeDi,0.20762912272015085,,,,,,,,
cohesion,4,0.0,9,1.0,UASE Borda (default),0.08103747616664439,,,,,,,,
cohesion,4,0.0,9,1.0,UASE elbow,-0.03282746283148265,,,,,,,,
cohesion,4,0.0,9,1.0,UASE degree-adjusted z,0.004628161010880196,0.005,0.0,,,,,,
cohesion,4,0.0,9,1.0,OMNI Borda (default),-0.012711711597352246,,,,,,,,
cohesion,4,0.0,9,1.0,OMNI elbow,0.029790590709259074,,,,,,,,
cohesion,4,0.0,9,1.0,OMNI degree-adjusted z,-0.006402981983833721,0.017,0.0,,,,,,
cohesion,4,0.0,9,1.0,ASE+Procrustes Borda,0.2861427424889776,,,,,,,,
cohesion,4,0.0,9,1.0,raw rows Borda,0.3943685592722268,,,,,,,,
cohesion,4,0.0,9,1.0,raw rows degree-adjusted z,0.009959084768997943,0.052,0.0,,,,,,
cohesion,4,0.0,9,2.0,DeDi,0.13378144325389058,,,,,,,,
cohesion,4,0.0,9,2.0,UASE Borda (default),0.08464495479594163,,,,,,,,
cohesion,4,0.0,9,2.0,UASE elbow,-0.04729828672923515,,,,,,,,
cohesion,4,0.0,9,2.0,UASE degree-adjusted z,-0.004653361282006369,0.005,0.0,,,,,,
cohesion,4,0.0,9,2.0,OMNI Borda (default),-0.022765359925232657,,,,,,,,
cohesion,4,0.0,9,2.0,OMNI elbow,-0.015651305311834656,,,,,,,,
cohesion,4,0.0,9,2.0,OMNI degree-adjusted z,-0.011941058991736836,0.013,0.0,,,,,,
cohesion,4,0.0,9,2.0,ASE+Procrustes Borda,0.24620828700257114,,,,,,,,
cohesion,4,0.0,9,2.0,raw rows Borda,0.3919909087682338,,,,,,,,
cohesion,4,0.0,9,2.0,raw rows degree-adjusted z,0.004976462687164948,0.03,0.0,,,,,,
cohesion,4,0.0,9,3.0,DeDi,0.16965038023484244,,,,,,,,
cohesion,4,0.0,9,3.0,UASE Borda (default),0.03980989389726232,,,,,,,,
cohesion,4,0.0,9,3.0,UASE elbow,-0.07997216658965395,,,,,,,,
cohesion,4,0.0,9,3.0,UASE degree-adjusted z,-0.007037052900231887,0.006,0.0,,,,,,
cohesion,4,0.0,9,3.0,OMNI Borda (default),-0.06814894676801252,,,,,,,,
cohesion,4,0.0,9,3.0,OMNI elbow,0.006824655207452912,,,,,,,,
cohesion,4,0.0,9,3.0,OMNI degree-adjusted z,-0.010882065807455349,0.015,0.0,,,,,,
cohesion,4,0.0,9,3.0,ASE+Procrustes Borda,0.23563734822575502,,,,,,,,
cohesion,4,0.0,9,3.0,raw rows Borda,0.3869855804398657,,,,,,,,
cohesion,4,0.0,9,3.0,raw rows degree-adjusted z,0.01510863346933521,0.039,0.0,,,,,,
cohesion,4,0.0,9,,time UASE,,,,0.44737069299992527,2.0,,,,
cohesion,4,0.0,9,,time OMNI,,,,2.015628167999921,2.0,,,,
cohesion,4,0.0,9,,time ASE+Procrustes,,,,0.29745938899998237,,,,,
cohesion,4,1.0,0,1.0,DeDi,0.15902743673201497,,,,,0.6990837079854421,0.3333333333333333,,
cohesion,4,1.0,0,1.0,UASE Borda (default),0.05578474806859569,,,,,0.6226032969385571,0.2222222222222222,,
cohesion,4,1.0,0,1.0,UASE elbow,0.021644687981809813,,,,,0.8273174909013059,0.5037037037037037,,
cohesion,4,1.0,0,1.0,UASE degree-adjusted z,-0.019548997162735168,0.008092485549132947,0.0,,,0.6198843930635838,0.2222222222222222,0.0,0.0
cohesion,4,1.0,0,1.0,OMNI Borda (default),-0.05931329141978295,,,,,0.5874587882680368,0.17777777777777778,,
cohesion,4,1.0,0,1.0,OMNI elbow,0.014374269388300213,,,,,0.7901477199743095,0.4,,
cohesion,4,1.0,0,1.0,OMNI degree-adjusted z,-0.03027538140421632,0.015028901734104046,0.0,,,0.588627702847356,0.15555555555555556,0.0,0.0
cohesion,4,1.0,0,1.0,ASE+Procrustes Borda,0.2886787046926695,,,,,0.5767244701348747,0.18518518518518517,,
cohesion,4,1.0,0,1.0,raw rows Borda,0.4182106372391352,,,,,0.5195675444230358,0.15555555555555556,,
cohesion,4,1.0,0,1.0,raw rows degree-adjusted z,0.09044885110816045,0.03121387283236994,0.0,,,0.4523099978591308,0.1259259259259259,0.0,0.0
cohesion,4,1.0,0,2.0,DeDi,0.20010422905160863,,,,,0.7125359423428806,0.39344262295081966,,
cohesion,4,1.0,0,2.0,UASE Borda (default),-0.002423512854763836,,,,,0.6198513760782702,0.19672131147540983,,
cohesion,4,1.0,0,2.0,UASE elbow,0.00479137602916575,,,,,0.5629924567758318,0.1721311475409836,,
cohesion,4,1.0,0,2.0,UASE degree-adjusted z,-0.03953599233547836,0.009111617312072893,0.0,,,0.6306434146159304,0.2459016393442623,0.0,0.0
cohesion,4,1.0,0,2.0,OMNI Borda (default),-0.10795602140116747,,,,,0.6553175996116359,0.26229508196721313,,
cohesion,4,1.0,0,2.0,OMNI elbow,0.004891757212777211,,,,,0.5663626349004818,0.1885245901639344,,
cohesion,4,1.0,0,2.0,OMNI degree-adjusted z,-0.05650926483683451,0.011389521640091117,0.0,,,0.6701893274580828,0.29508196721311475,0.0,0.0
cohesion,4,1.0,0,2.0,ASE+Procrustes Borda,0.18731897401936184,,,,,0.6505283991187124,0.20491803278688525,,
cohesion,4,1.0,0,2.0,raw rows Borda,0.36443064400281105,,,,,0.5540302102393667,0.14754098360655737,,
cohesion,4,1.0,0,2.0,raw rows degree-adjusted z,0.05278552657461265,0.02733485193621868,0.0,,,0.4988937226931551,0.10655737704918032,0.0,0.0
cohesion,4,1.0,0,3.0,DeDi,0.17598426728494504,,,,,0.8165166735128272,0.5573770491803278,,
cohesion,4,1.0,0,3.0,UASE Borda (default),-0.05088257273516429,,,,,0.7893825385563314,0.4180327868852459,,
cohesion,4,1.0,0,3.0,UASE elbow,-0.04281575001283458,,,,,0.6316750065349714,0.23770491803278687,,
cohesion,4,1.0,0,3.0,UASE degree-adjusted z,-0.09163775689462782,0.002277904328018223,0.0,,,0.805836663056873,0.48360655737704916,0.0,0.0
cohesion,4,1.0,0,3.0,OMNI Borda (default),-0.14734426642220297,,,,,0.81001904477389,0.4098360655737705,,
cohesion,4,1.0,0,3.0,OMNI elbow,-0.030061314516094433,,,,,0.6340789424549087,0.27049180327868855,,
cohesion,4,1.0,0,3.0,OMNI degree-adjusted z,-0.08815236816768254,0.012528473804100227,0.0,,,0.8291104970312558,0.5,0.0,0.0
cohesion,4,1.0,0,3.0,ASE+Procrustes Borda,0.1679716776946246,,,,,0.7577812838418163,0.38524590163934425,,
cohesion,4,1.0,0,3.0,raw rows Borda,0.37064123223314255,,,,,0.5679030210239366,0.14754098360655737,,
cohesion,4,1.0,0,3.0,raw rows degree-adjusted z,0.03414797286960566,0.02733485193621868,0.0,,,0.5526065200343553,0.14754098360655737,0.0,0.0
cohesion,4,1.0,0,,time UASE,,,,0.4427680119999877,2.0,,,,
cohesion,4,1.0,0,,time OMNI,,,,2.244282871999985,2.0,,,,
cohesion,4,1.0,0,,time ASE+Procrustes,,,,0.3511616779999258,,,,,
cohesion,4,1.0,1,1.0,DeDi,0.16477840699424592,,,,,0.6607130189807355,0.32432432432432434,,
cohesion,4,1.0,1,1.0,UASE Borda (default),0.16052323797210757,,,,,0.5495495495495496,0.15315315315315314,,
cohesion,4,1.0,1,1.0,UASE elbow,0.014862367843448073,,,,,0.7596550431196101,0.35135135135135137,,
cohesion,4,1.0,1,1.0,UASE degree-adjusted z,-0.013802239845900196,0.012373453318335208,0.0,,,0.5424761094052433,0.15315315315315314,0.0,0.0
cohesion,4,1.0,1,1.0,OMNI Borda (default),0.05980573071366077,,,,,0.5401909220806859,0.09009009009009009,,
cohesion,4,1.0,1,1.0,OMNI elbow,0.006906931002438591,,,,,0.7254684380668632,0.23423423423423423,,
cohesion,4,1.0,1,1.0,OMNI degree-adjusted z,-0.027384896953424852,0.01799775028121485,0.0,,,0.5414019193546753,0.11711711711711711,0.0,0.0
cohesion,4,1.0,1,1.0,ASE+Procrustes Borda,0.416186158031689,,,,,0.5335481713434469,0.14414414414414414,,
cohesion,4,1.0,1,1.0,raw rows Borda,0.42722776949539193,,,,,0.4480740583102788,0.09009009009009009,,
cohesion,4,1.0,1,1.0,raw rows degree-adjusted z,0.07686062111575029,0.023622047244094488,0.0,,,0.3920692345889196,0.06306306306306306,0.0,0.0
cohesion,4,1.0,1,2.0,DeDi,0.11274700905352592,,,,,0.7108754285714286,0.352,,
cohesion,4,1.0,1,2.0,UASE Borda (default),0.0651066881033367,,,,,0.5440137142857143,0.176,,
cohesion,4,1.0,1,2.0,UASE elbow,-0.024138886339056215,,,,,0.6244845714285714,0.24,,
cohesion,4,1.0,1,2.0,UASE degree-adjusted z,-0.0331774719037537,0.004571428571428572,0.0,,,0.5450697142857143,0.192,0.0,0.0
cohesion,4,1.0,1,2.0,OMNI Borda (default),-0.03474845326828498,,,,,0.5391817142857143,0.136,,
cohesion,4,1.0,1,2.0,OMNI elbow,-0.024734181153996407,,,,,0.6171702857142857,0.224,,
cohesion,4,1.0,1,2.0,OMNI degree-adjusted z,-0.037409436940193226,0.019428571428571427,0.0,,,0.5386971428571429,0.168,0.0,0.0
cohesion,4,1.0,1,2.0,ASE+Procrustes Borda,0.2854619461566909,,,,,0.48637257142857143,0.136,,
cohesion,4,1.0,1,2.0,raw rows Borda,0.3711412597574999,,,,,0.47088457142857143,0.096,,
cohesion,4,1.0,1,2.0,raw rows degree-adjusted z,0.035812767080252404,0.037714285714285714,0.0,,,0.4397668571428571,0.072,0.0,0.0
cohesion,4,1.0,1,3.0,DeDi,0.1952759571817989,,,,,0.6586107726490825,0.359375,,
cohesion,4,1.0,1,3.0,UASE Borda (default),-0.0033527932875284244,,,,,0.6348104214449541,0.1953125,,
cohesion,4,1.0,1,3.0,UASE elbow,-0.0222941683873506,,,,,0.6128780819954128,0.1953125,,
cohesion,4,1.0,1,3.0,UASE degree-adjusted z,-0.07150511450340756,0.0045871559633027525,0.0,,,0.6599681049311926,0.265625,0.0,0.0
cohesion,4,1.0,1,3.0,OMNI Borda (default),-0.08015826157124119,,,,,0.6571145713876146,0.21875,,
cohesion,4,1.0,1,3.0,OMNI elbow,0.0047491112081079825,,,,,0.6102843678325688,0.1953125,,
cohesion,4,1.0,1,3.0,OMNI degree-adjusted z,-0.07758814876365813,0.034403669724770644,0.0,,,0.6864876003440367,0.25,0.0,0.0
cohesion,4,1.0,1,3.0,ASE+Procrustes Borda,0.20546334868618496,,,,,0.6496066872133027,0.2109375,,
cohesion,4,1.0,1,3.0,raw rows Borda,0.36321729968783606,,,,,0.5683235378440367,0.1484375,,
cohesion,4,1.0,1,3.0,raw rows degree-adjusted z,0.025444161932562798,0.013761467889908258,0.0,,,0.5346769280389908,0.125,0.0,0.0
cohesion,4,1.0,1,,time UASE,,,,0.4353490150000425,2.0,,,,
cohesion,4,1.0,1,,time OMNI,,,,2.0821640440000238,2.0,,,,
cohesion,4,1.0,1,,time ASE+Procrustes,,,,0.34422818099994856,,,,,
cohesion,4,1.0,2,1.0,DeDi,0.14167658806137864,,,,,0.7560864911153928,0.4962962962962963,,
cohesion,4,1.0,2,1.0,UASE Borda (default),0.11808392659594563,,,,,0.6529993577392421,0.2222222222222222,,
cohesion,4,1.0,2,1.0,UASE elbow,-0.03259054216738364,,,,,0.836142153714408,0.45925925925925926,,
cohesion,4,1.0,2,1.0,UASE degree-adjusted z,-0.05692383605075402,0.010404624277456647,0.0,,,0.6446756583172768,0.21481481481481482,0.0,0.0
cohesion,4,1.0,2,1.0,OMNI Borda (default),0.026518786905030657,,,,,0.641490044958253,0.2,,
cohesion,4,1.0,2,1.0,OMNI elbow,-0.03196874715225927,,,,,0.7976750160565189,0.35555555555555557,,
cohesion,4,1.0,2,1.0,OMNI degree-adjusted z,-0.06598708559838388,0.03121387283236994,0.0,,,0.6481181759794477,0.23703703703703705,0.0,0.0
cohesion,4,1.0,2,1.0,ASE+Procrustes Borda,0.34000933345216655,,,,,0.5461999571826162,0.15555555555555556,,
cohesion,4,1.0,2,1.0,raw rows Borda,0.4222081848204992,,,,,0.5217426675230143,0.14074074074074075,,
cohesion,4,1.0,2,1.0,raw rows degree-adjusted z,0.04469788995853906,0.023121387283236993,0.0,,,0.4321173196317705,0.08888888888888889,0.0,0.0
cohesion,4,1.0,2,2.0,DeDi,0.15667699956972608,,,,,0.7197254127615392,0.34146341463414637,,
cohesion,4,1.0,2,2.0,UASE Borda (default),0.06194054474060637,,,,,0.5904135495174793,0.17886178861788618,,
cohesion,4,1.0,2,2.0,UASE elbow,-0.004610605761745373,,,,,0.5797758433684679,0.17886178861788618,,
cohesion,4,1.0,2,2.0,UASE degree-adjusted z,-0.02130243152881224,0.009122006841505131,0.0,,,0.5947937814611898,0.17886178861788618,0.0,0.0
cohesion,4,1.0,2,2.0,OMNI Borda (default),-0.040636978901761,,,,,0.5991601079066663,0.15447154471544716,,
cohesion,4,1.0,2,2.0,OMNI elbow,-0.002288507144598752,,,,,0.5792242586051858,0.17073170731707318,,
cohesion,4,1.0,2,2.0,OMNI degree-adjusted z,-0.03734956915533118,0.026225769669327253,0.0,,,0.6044349269034309,0.2032520325203252,0.0,0.0
cohesion,4,1.0,2,2.0,ASE+Procrustes Borda,0.2682289960604924,,,,,0.6528167904256009,0.2601626016260163,,
cohesion,4,1.0,2,2.0,raw rows Borda,0.3544949514613258,,,,,0.5023824753640923,0.13008130081300814,,
cohesion,4,1.0,2,2.0,raw rows degree-adjusted z,0.02157287546327408,0.0330672748004561,0.0,,,0.4726571553058746,0.11382113821138211,0.0,0.0
cohesion,4,1.0,2,3.0,DeDi,0.17816786387610395,,,,,0.671521319529742,0.2949640287769784,,
cohesion,4,1.0,2,3.0,UASE Borda (default),0.015206202212036002,,,,,0.6005773778189991,0.2517985611510791,,
cohesion,4,1.0,2,3.0,UASE elbow,0.02090534025407418,,,,,0.6044001036104913,0.18705035971223022,,
cohesion,4,1.0,2,3.0,UASE degree-adjusted z,-0.04651759144338664,0.013937282229965157,0.0,,,0.6127390770310581,0.2805755395683453,0.0,0.0
cohesion,4,1.0,2,3.0,OMNI Borda (default),-0.08503850412907153,,,,,0.6298348081116988,0.2446043165467626,,
cohesion,4,1.0,2,3.0,OMNI elbow,0.01970128201313497,,,,,0.6048596662739495,0.18705035971223022,,
cohesion,4,1.0,2,3.0,OMNI degree-adjusted z,-0.06632241280463526,0.029036004645760744,0.0,,,0.6379732450973019,0.30935251798561153,0.0,0.0
cohesion,4,1.0,2,3.0,ASE+Procrustes Borda,0.25967389398815216,,,,,0.5954720544122194,0.2158273381294964,,
cohesion,4,1.0,2,3.0,raw rows Borda,0.3111778027078407,,,,,0.511768982026922,0.17266187050359713,,
cohesion,4,1.0,2,3.0,raw rows degree-adjusted z,0.0035119603097334626,0.018583042973286876,0.0,,,0.4905914989262945,0.14388489208633093,0.0,0.0
cohesion,4,1.0,2,,time UASE,,,,0.5205804499998976,2.0,,,,
cohesion,4,1.0,2,,time OMNI,,,,2.0298011370000495,2.0,,,,
cohesion,4,1.0,2,,time ASE+Procrustes,,,,0.33122205999995913,,,,,
cohesion,4,1.0,3,1.0,DeDi,0.1469939269003071,,,,,0.7123936581593194,0.37681159420289856,,
cohesion,4,1.0,3,1.0,UASE Borda (default),0.018678791628117697,,,,,0.5300699418272302,0.13768115942028986,,
cohesion,4,1.0,3,1.0,UASE elbow,-0.0402632795981101,,,,,0.7461834627929654,0.3333333333333333,,
cohesion,4,1.0,3,1.0,UASE degree-adjusted z,-0.02958097356333475,0.008120649651972157,0.0,,,0.5296916506943744,0.15942028985507245,0.0,0.0
cohesion,4,1.0,3,1.0,OMNI Borda (default),-0.07644379142536113,,,,,0.5538518443794345,0.15942028985507245,,
cohesion,4,1.0,3,1.0,OMNI elbow,-0.03452312793812793,,,,,0.7136294091933152,0.2826086956521739,,
cohesion,4,1.0,3,1.0,OMNI degree-adjusted z,-0.05286053705835333,0.016241299303944315,0.0,,,0.5628803927502606,0.2028985507246377,0.0,0.0
cohesion,4,1.0,3,1.0,ASE+Procrustes Borda,0.2369036085779764,,,,,0.5096254077137765,0.17391304347826086,,
cohesion,4,1.0,3,1.0,raw rows Borda,0.3940581551531337,,,,,0.45571471804700897,0.10869565217391304,,
cohesion,4,1.0,3,1.0,raw rows degree-adjusted z,0.06300154256341266,0.04176334106728538,0.0,,,0.403161673223713,0.10144927536231885,0.0,0.0
cohesion,4,1.0,3,2.0,DeDi,0.1746072855717182,,,,,0.693193722131064,0.3252032520325203,,
cohesion,4,1.0,3,2.0,UASE Borda (default),-0.029808994379381767,,,,,0.5342585124825022,0.11382113821138211,,
cohesion,4,1.0,3,2.0,UASE elbow,-0.02962990361661075,,,,,0.6710747096068452,0.23577235772357724,,
cohesion,4,1.0,3,2.0,UASE degree-adjusted z,-0.03949849662483927,0.0034207525655644243,0.0,,,0.5383003773025188,0.14634146341463414,0.0,0.0
cohesion,4,1.0,3,2.0,OMNI Borda (default),-0.12255850086895015,,,,,0.5104476643398133,0.08943089430894309,,
cohesion,4,1.0,3,2.0,OMNI elbow,-0.0031795002506108884,,,,,0.6783426500171501,0.23577235772357724,,
cohesion,4,1.0,3,2.0,OMNI degree-adjusted z,-0.053104392613974954,0.010262257696693273,0.0,,,0.5235141975136969,0.13008130081300814,0.0,0.0
cohesion,4,1.0,3,2.0,ASE+Procrustes Borda,0.20553232115278441,,,,,0.4452633237848912,0.08943089430894309,,
cohesion,4,1.0,3,2.0,raw rows Borda,0.3506716422194067,,,,,0.4041123193444021,0.08130081300813008,,
cohesion,4,1.0,3,2.0,raw rows degree-adjusted z,0.011669346537923824,0.019384264538198404,0.0,,,0.3744379861130424,0.04065040650406504,0.0,0.0
cohesion,4,1.0,3,3.0,DeDi,0.20953102045226327,,,,,0.8324254346144793,0.5507246376811594,,
cohesion,4,1.0,3,3.0,UASE Borda (default),0.007435613982519615,,,,,0.7549682235448401,0.427536231884058,,
cohesion,4,1.0,3,3.0,UASE elbow,0.011529331775527703,,,,,0.9140858804936279,0.644927536231884,,
cohesion,4,1.0,3,3.0,UASE degree-adjusted z,-0.08726672625870485,0.0,0.0,,,0.771478529876593,0.4782608695652174,0.0,0.0
cohesion,4,1.0,3,3.0,OMNI Borda (default),-0.09720587931018955,,,,,0.7204680722283869,0.36231884057971014,,
cohesion,4,1.0,3,3.0,OMNI elbow,0.007569509115251408,,,,,0.8651980564242241,0.5072463768115942,,
cohesion,4,1.0,3,3.0,OMNI degree-adjusted z,-0.08212117546108993,0.01160092807424594,0.0,,,0.7456034163892532,0.427536231884058,0.0,0.0
cohesion,4,1.0,3,3.0,ASE+Procrustes Borda,0.24598451252013484,,,,,0.7748747436026766,0.41304347826086957,,
cohesion,4,1.0,3,3.0,raw rows Borda,0.3492400268192486,,,,,0.5609090756246007,0.18115942028985507,,
cohesion,4,1.0,3,3.0,raw rows degree-adjusted z,-0.014488271749771665,0.02668213457076566,0.0,,,0.5764400282457379,0.15217391304347827,0.0,0.0
cohesion,4,1.0,3,,time UASE,,,,0.5430386199999475,2.0,,,,
cohesion,4,1.0,3,,time OMNI,,,,1.8357234009999956,2.0,,,,
cohesion,4,1.0,3,,time ASE+Procrustes,,,,0.33638760299993464,,,,,
cohesion,4,1.0,4,1.0,DeDi,0.18950950151007892,,,,,0.7034177740863787,0.35,,
cohesion,4,1.0,4,1.0,UASE Borda (default),-0.047776068880631455,,,,,0.5694975083056478,0.16428571428571428,,
cohesion,4,1.0,4,1.0,UASE elbow,-0.06582863466371076,,,,,0.6103945182724253,0.22142857142857142,,
cohesion,4,1.0,4,1.0,UASE degree-adjusted z,-0.04037460999655022,0.01744186046511628,0.0,,,0.5761129568106312,0.19285714285714287,0.0,0.0
cohesion,4,1.0,4,1.0,OMNI Borda (default),-0.13918966835925808,,,,,0.5947632890365449,0.21428571428571427,,
cohesion,4,1.0,4,1.0,OMNI elbow,-0.06319145744400277,,,,,0.6142649501661129,0.2357142857142857,,
cohesion,4,1.0,4,1.0,OMNI degree-adjusted z,-0.051080965826681694,0.01627906976744186,0.0,,,0.6088787375415282,0.22857142857142856,0.0,0.0
cohesion,4,1.0,4,1.0,ASE+Procrustes Borda,0.2311454897840825,,,,,0.6587956810631229,0.2571428571428571,,
cohesion,4,1.0,4,1.0,raw rows Borda,0.41527519040144617,,,,,0.49664451827242523,0.17142857142857143,,
cohesion,4,1.0,4,1.0,raw rows degree-adjusted z,0.07548210715301813,0.027906976744186046,0.0,,,0.4390074750830565,0.10714285714285714,0.0,0.0
cohesion,4,1.0,4,2.0,DeDi,0.1680387406254253,,,,,0.6867665355257406,0.35507246376811596,,
cohesion,4,1.0,4,2.0,UASE Borda (default),-0.058999837672286067,,,,,0.6251303002790948,0.2318840579710145,,
cohesion,4,1.0,4,2.0,UASE elbow,-0.002878435333080604,,,,,0.8176972998419584,0.4420289855072464,,
cohesion,4,1.0,4,2.0,UASE degree-adjusted z,-0.04876426989213812,0.004640371229698376,0.0,,,0.6340747839537307,0.2318840579710145,0.0,0.0
cohesion,4,1.0,4,2.0,OMNI Borda (default),-0.16026088931917085,,,,,0.6181151013820236,0.21739130434782608,,
cohesion,4,1.0,4,2.0,OMNI elbow,-0.012536957829895274,,,,,0.7918474057634756,0.3695652173913043,,
cohesion,4,1.0,4,2.0,OMNI degree-adjusted z,-0.06177453577266011,0.016241299303944315,0.0,,,0.6318806953831669,0.2028985507246377,0.0,0.0
cohesion,4,1.0,4,2.0,ASE+Procrustes Borda,0.14142647422349633,,,,,0.5735734221056525,0.1956521739130435,,
cohesion,4,1.0,4,2.0,raw rows Borda,0.3984548769544435,,,,,0.5350087427284038,0.15942028985507245,,
cohesion,4,1.0,4,2.0,raw rows degree-adjusted z,0.06037051749663864,0.02088167053364269,0.0,,,0.4754489054776556,0.07971014492753623,0.0,0.0
cohesion,4,1.0,4,3.0,DeDi,0.2162002928039472,,,,,0.812421096345515,0.4785714285714286,,
cohesion,4,1.0,4,3.0,UASE Borda (default),-0.04138231030465785,,,,,0.7620390365448505,0.40714285714285714,,
cohesion,4,1.0,4,3.0,UASE elbow,-0.03542236202920687,,,,,0.765859634551495,0.44285714285714284,,
cohesion,4,1.0,4,3.0,UASE degree-adjusted z,-0.07832646097884655,0.002325581395348837,0.0,,,0.7642857142857142,0.42857142857142855,0.0,0.0
cohesion,4,1.0,4,3.0,OMNI Borda (default),-0.14404832853638092,,,,,0.7619269102990033,0.37142857142857144,,
cohesion,4,1.0,4,3.0,OMNI elbow,-0.038335103547568875,,,,,0.7348214285714286,0.4,,
cohesion,4,1.0,4,3.0,OMNI degree-adjusted z,-0.07900761519270631,0.013953488372093023,0.0,,,0.766827242524917,0.4,0.0,0.0
cohesion,4,1.0,4,3.0,ASE+Procrustes Borda,0.2357962742650583,,,,,0.7406353820598006,0.4,,
cohesion,4,1.0,4,3.0,raw rows Borda,0.38481190996494274,,,,,0.6593646179401993,0.3,,
cohesion,4,1.0,4,3.0,raw rows degree-adjusted z,0.01822486446281459,0.011627906976744186,0.0,,,0.6395058139534884,0.32142857142857145,0.0,0.0
cohesion,4,1.0,4,,time UASE,,,,0.4807163010000295,2.0,,,,
cohesion,4,1.0,4,,time OMNI,,,,1.974626245999957,2.0,,,,
cohesion,4,1.0,4,,time ASE+Procrustes,,,,0.31438535799998135,,,,,
cohesion,4,1.0,5,1.0,DeDi,0.15536098112654054,,,,,0.7279316785365173,0.4015151515151515,,
cohesion,4,1.0,5,1.0,UASE Borda (default),0.03873295819869088,,,,,0.6161456151375506,0.1893939393939394,,
cohesion,4,1.0,5,1.0,UASE elbow,-0.008869986938926279,,,,,0.7901043848624494,0.3560606060606061,,
cohesion,4,1.0,5,1.0,UASE degree-adjusted z,-0.053464491696732466,0.009216589861751152,0.0,,,0.6144044127915096,0.2196969696969697,0.0,0.0
cohesion,4,1.0,5,1.0,OMNI Borda (default),-0.05328096662525542,,,,,0.599519096494903,0.13636363636363635,,
cohesion,4,1.0,5,1.0,OMNI elbow,-0.0050491302619297546,,,,,0.7538402457757296,0.2878787878787879,,
cohesion,4,1.0,5,1.0,OMNI degree-adjusted z,-0.07041595963589058,0.027649769585253458,0.0,,,0.6132697947214076,0.20454545454545456,0.0,0.0
cohesion,4,1.0,5,1.0,ASE+Procrustes Borda,0.2473119910951472,,,,,0.5572414816366429,0.14393939393939395,,
cohesion,4,1.0,5,1.0,raw rows Borda,0.40184030286137884,,,,,0.5428798352185449,0.13636363636363635,,
cohesion,4,1.0,5,1.0,raw rows degree-adjusted z,0.017340481473876568,0.03686635944700461,0.0,,,0.46058074989526604,0.09090909090909091,0.0,0.0
cohesion,4,1.0,5,2.0,DeDi,0.1819547513229881,,,,,0.6701833848873178,0.28225806451612906,,
cohesion,4,1.0,5,2.0,UASE Borda (default),-0.04161140040876424,,,,,0.5992874502872293,0.20967741935483872,,
cohesion,4,1.0,5,2.0,UASE elbow,-0.029576093214991498,,,,,0.6277940418323759,0.1935483870967742,,
cohesion,4,1.0,5,2.0,UASE degree-adjusted z,-0.044019223803740265,0.00684931506849315,0.0,,,0.604544115480925,0.21774193548387097,0.0,0.0
cohesion,4,1.0,5,2.0,OMNI Borda (default),-0.10551649517046877,,,,,0.5931285903667698,0.16129032258064516,,
cohesion,4,1.0,5,2.0,OMNI elbow,-0.03684705324725263,,,,,0.6181000515539844,0.1935483870967742,,
cohesion,4,1.0,5,2.0,OMNI degree-adjusted z,-0.05777866070890692,0.0273972602739726,0.0,,,0.6004105906613639,0.24193548387096775,0.0,0.0
cohesion,4,1.0,5,2.0,ASE+Procrustes Borda,0.24212488751766967,,,,,0.6519369568419502,0.2903225806451613,,
cohesion,4,1.0,5,2.0,raw rows Borda,0.3193044162105159,,,,,0.5502789438798056,0.16129032258064516,,
cohesion,4,1.0,5,2.0,raw rows degree-adjusted z,-0.025683986420433996,0.019406392694063926,0.0,,,0.5387391368390043,0.1532258064516129,0.0,0.0
cohesion,4,1.0,5,3.0,DeDi,0.2390070250971416,,,,,0.6631223302400943,0.33064516129032256,,
cohesion,4,1.0,5,3.0,UASE Borda (default),-0.08223130156222531,,,,,0.630509832081308,0.20967741935483872,,
cohesion,4,1.0,5,3.0,UASE elbow,-0.0046766089771912295,,,,,0.5905186699072028,0.22580645161290322,,
cohesion,4,1.0,5,3.0,UASE degree-adjusted z,-0.050024059970080234,0.01141552511415525,0.0,,,0.6421785240830755,0.25,0.0,0.0
cohesion,4,1.0,5,3.0,OMNI Borda (default),-0.13482314558124578,,,,,0.6604295551627632,0.20967741935483872,,
cohesion,4,1.0,5,3.0,OMNI elbow,0.005188158368759047,,,,,0.5966084843128591,0.20967741935483872,,
cohesion,4,1.0,5,3.0,OMNI degree-adjusted z,-0.044084551595628324,0.01141552511415525,0.0,,,0.669529754013846,0.25806451612903225,0.0,0.0
cohesion,4,1.0,5,3.0,ASE+Procrustes Borda,0.1704150809981455,,,,,0.6870673147738989,0.23387096774193547,,
cohesion,4,1.0,5,3.0,raw rows Borda,0.3256601334118887,,,,,0.5307574753277361,0.1532258064516129,,
cohesion,4,1.0,5,3.0,raw rows degree-adjusted z,0.03143366695198818,0.021689497716894976,0.0,,,0.5334456473707468,0.13709677419354838,0.0,0.0
cohesion,4,1.0,5,,time UASE,,,,0.40649532000009003,2.0,,,,
cohesion,4,1.0,5,,time OMNI,,,,1.7888620319999973,2.0,,,,
cohesion,4,1.0,5,,time ASE+Procrustes,,,,0.3578771789999564,,,,,
cohesion,4,1.0,6,1.0,DeDi,0.21518327017541217,,,,,0.6375392830325111,0.25203252032520324,,
cohesion,4,1.0,6,1.0,UASE Borda (default),-0.025705437436319003,,,,,0.5876370850367568,0.17886178861788618,,
cohesion,4,1.0,6,1.0,UASE elbow,0.07726242695762056,,,,,0.7960295167375847,0.45528455284552843,,
cohesion,4,1.0,6,1.0,UASE degree-adjusted z,-0.03771143760673216,0.009122006841505131,0.0,,,0.5959896543093139,0.1951219512195122,0.0,0.0
cohesion,4,1.0,6,1.0,OMNI Borda (default),-0.09395732178525062,,,,,0.5854122053193166,0.16260162601626016,,
cohesion,4,1.0,6,1.0,OMNI elbow,0.08634185751602456,,,,,0.77441110214979,0.35772357723577236,,
cohesion,4,1.0,6,1.0,OMNI degree-adjusted z,-0.04241712815669678,0.021664766248574687,0.0,,,0.596063816966562,0.21138211382113822,0.0,0.0
cohesion,4,1.0,6,1.0,ASE+Procrustes Borda,0.2524577194612826,,,,,0.6573638883481195,0.2601626016260163,,
cohesion,4,1.0,6,1.0,raw rows Borda,0.4112043856001192,,,,,0.5504630530911923,0.12195121951219512,,
cohesion,4,1.0,6,1.0,raw rows degree-adjusted z,0.006864430175838898,0.04218928164196123,0.0,,,0.5096782267708652,0.13821138211382114,0.0,0.0
cohesion,4,1.0,6,2.0,DeDi,0.21606470442896472,,,,,0.6493573651501048,0.2727272727272727,,
cohesion,4,1.0,6,2.0,UASE Borda (default),-0.025779255496767874,,,,,0.5543442491937682,0.14049586776859505,,
cohesion,4,1.0,6,2.0,UASE elbow,-0.009891414687081563,,,,,0.6423715905565114,0.19008264462809918,,
cohesion,4,1.0,6,2.0,UASE degree-adjusted z,-0.05439445856207222,0.011376564277588168,0.0,,,0.5643434030030369,0.1652892561983471,0.0,0.0
cohesion,4,1.0,6,2.0,OMNI Borda (default),-0.08824065138078359,,,,,0.55623877622016,0.09917355371900827,,
cohesion,4,1.0,6,2.0,OMNI elbow,-0.00129229819075164,,,,,0.6307834785960755,0.19008264462809918,,
cohesion,4,1.0,6,2.0,OMNI degree-adjusted z,-0.06058813782197765,0.02502844141069397,0.0,,,0.5691290816950141,0.1487603305785124,0.0,0.0
cohesion,4,1.0,6,2.0,ASE+Procrustes Borda,0.19889732023981616,,,,,0.5496149832172171,0.15702479338842976,,
cohesion,4,1.0,6,2.0,raw rows Borda,0.38716742121553477,,,,,0.4339125038783742,0.05785123966942149,,
cohesion,4,1.0,6,2.0,raw rows degree-adjusted z,0.014765336975497586,0.03185437997724687,0.0,,,0.380668302635414,0.03305785123966942,0.0,0.0
cohesion,4,1.0,6,3.0,DeDi,0.1909292380655823,,,,,0.6296767287518733,0.26666666666666666,,
cohesion,4,1.0,6,3.0,UASE Borda (default),-0.09041009754333537,,,,,0.6258831085420681,0.21481481481481482,,
cohesion,4,1.0,6,3.0,UASE elbow,-0.07648027584766487,,,,,0.5039391993149218,0.1037037037037037,,
cohesion,4,1.0,6,3.0,UASE degree-adjusted z,-0.03306376317413762,0.008092485549132947,0.0,,,0.6270862770284735,0.24444444444444444,0.0,0.0
cohesion,4,1.0,6,3.0,OMNI Borda (default),-0.15081333308594763,,,,,0.6490087775636909,0.2518518518518518,,
cohesion,4,1.0,6,3.0,OMNI elbow,-0.056399957493548675,,,,,0.5135945193748662,0.13333333333333333,,
cohesion,4,1.0,6,3.0,OMNI degree-adjusted z,-0.04324059003298998,0.03005780346820809,0.0,,,0.6499850139156498,0.28888888888888886,0.0,0.0
cohesion,4,1.0,6,3.0,ASE+Procrustes Borda,0.14591603860718513,,,,,0.6223207022050953,0.25925925925925924,,
cohesion,4,1.0,6,3.0,raw rows Borda,0.37157448010697913,,,,,0.560556625990152,0.17037037037037037,,
cohesion,4,1.0,6,3.0,raw rows degree-adjusted z,0.015162482625737108,0.03930635838150289,0.0,,,0.5674502247912653,0.15555555555555556,0.0,0.0
cohesion,4,1.0,6,,time UASE,,,,0.4141610670000091,2.0,,,,
cohesion,4,1.0,6,,time OMNI,,,,1.875542902999996,2.0,,,,
cohesion,4,1.0,6,,time ASE+Procrustes,,,,0.3877492069999562,,,,,
cohesion,4,1.0,7,1.0,DeDi,0.145080917429831,,,,,0.6770028409090909,0.3333333333333333,,
cohesion,4,1.0,7,1.0,UASE Borda (default),-0.04701970716260631,,,,,0.6088873106060606,0.2,,
cohesion,4,1.0,7,1.0,UASE elbow,-0.20978555562003906,,,,,0.6716051136363637,0.24166666666666667,,
cohesion,4,1.0,7,1.0,UASE degree-adjusted z,-0.06037400586986619,0.015909090909090907,0.0,,,0.6194981060606061,0.2,0.0,0.0
cohesion,4,1.0,7,1.0,OMNI Borda (default),-0.13566496614772766,,,,,0.6104829545454545,0.18333333333333332,,
cohesion,4,1.0,7,1.0,OMNI elbow,-0.25288511912846956,,,,,0.5752414772727272,0.14166666666666666,,
cohesion,4,1.0,7,1.0,OMNI degree-adjusted z,-0.06759023633284396,0.026136363636363635,0.0,,,0.6303314393939394,0.21666666666666667,0.0,0.0
cohesion,4,1.0,7,1.0,ASE+Procrustes Borda,0.1946420226957902,,,,,0.6625615530303031,0.23333333333333334,,
cohesion,4,1.0,7,1.0,raw rows Borda,0.42204231888563515,,,,,0.5524289772727272,0.10833333333333334,,
cohesion,4,1.0,7,1.0,raw rows degree-adjusted z,0.07996284837328804,0.022727272727272728,0.0,,,0.49724905303030303,0.10833333333333334,0.0,0.0
cohesion,4,1.0,7,2.0,DeDi,0.23127589408096813,,,,,0.7346491931603093,0.4315068493150685,,
cohesion,4,1.0,7,2.0,UASE Borda (default),-0.0643033192246682,,,,,0.6304818581373712,0.23972602739726026,,
cohesion,4,1.0,7,2.0,UASE elbow,-0.19846055316340547,,,,,0.5751379487344006,0.14383561643835616,,
cohesion,4,1.0,7,2.0,UASE degree-adjusted z,-0.04970856319486763,0.00936768149882904,0.0,,,0.6346363607198999,0.23972602739726026,0.0,0.0
cohesion,4,1.0,7,2.0,OMNI Borda (default),-0.14620370100857089,,,,,0.6432100349684001,0.2602739726027397,,
cohesion,4,1.0,7,2.0,OMNI elbow,-0.21352247342748124,,,,,0.5952568092136922,0.15753424657534246,,
cohesion,4,1.0,7,2.0,OMNI degree-adjusted z,-0.05530902095890552,0.01522248243559719,0.0,,,0.6532514195887202,0.273972602739726,0.0,0.0
cohesion,4,1.0,7,2.0,ASE+Procrustes Borda,0.155501028802007,,,,,0.6141004459273042,0.2602739726027397,,
cohesion,4,1.0,7,2.0,raw rows Borda,0.39432783912441277,,,,,0.6100341663725899,0.2191780821917808,,
cohesion,4,1.0,7,2.0,raw rows degree-adjusted z,0.04928934577755677,0.03981264637002342,0.0,,,0.5551554329344583,0.1780821917808219,0.0,0.0
cohesion,4,1.0,7,3.0,DeDi,0.20584974302747408,,,,,0.6469656797761084,0.3225806451612903,,
cohesion,4,1.0,7,3.0,UASE Borda (default),-0.1179681015316216,,,,,0.6514950655472087,0.22580645161290322,,
cohesion,4,1.0,7,3.0,UASE elbow,-0.18283170388250378,,,,,0.5185180070702607,0.12903225806451613,,
cohesion,4,1.0,7,3.0,UASE degree-adjusted z,-0.05543318191246387,0.005707762557077625,0.0,,,0.6657000294594196,0.2903225806451613,0.0,0.0
cohesion,4,1.0,7,3.0,OMNI Borda (default),-0.17557898069659933,,,,,0.6918682795698925,0.24193548387096775,,
cohesion,4,1.0,7,3.0,OMNI elbow,-0.22309332670846083,,,,,0.5392592797171896,0.14516129032258066,,
cohesion,4,1.0,7,3.0,OMNI degree-adjusted z,-0.057389042787457316,0.012557077625570776,0.0,,,0.7091342613050523,0.29838709677419356,0.0,0.0
cohesion,4,1.0,7,3.0,ASE+Procrustes Borda,0.12210695831843246,,,,,0.7280665414641332,0.3387096774193548,,
cohesion,4,1.0,7,3.0,raw rows Borda,0.33557987222003294,,,,,0.6129952864928561,0.22580645161290322,,
cohesion,4,1.0,7,3.0,raw rows degree-adjusted z,0.012090870596049177,0.0365296803652968,0.0,,,0.6135982839888054,0.1935483870967742,0.0,0.0
cohesion,4,1.0,7,,time UASE,,,,0.39738292399999864,2.0,,,,
cohesion,4,1.0,7,,time OMNI,,,,1.8094608330000028,2.0,,,,
cohesion,4,1.0,7,,time ASE+Procrustes,,,,0.3115274980000322,,,,,
cohesion,4,1.0,8,1.0,DeDi,0.2619621706157141,,,,,0.6323360353721444,0.28695652173913044,,
cohesion,4,1.0,8,1.0,UASE Borda (default),-0.043789644197694835,,,,,0.5481847211987226,0.14782608695652175,,
cohesion,4,1.0,8,1.0,UASE elbow,-0.1876148409994279,,,,,0.5479292557111275,0.11304347826086956,,
cohesion,4,1.0,8,1.0,UASE degree-adjusted z,-0.04108638063372696,0.011299435028248588,0.0,,,0.5540555146155736,0.1391304347826087,0.0,0.0
cohesion,4,1.0,8,1.0,OMNI Borda (default),-0.09744025775217936,,,,,0.5535347580447064,0.11304347826086956,,
cohesion,4,1.0,8,1.0,OMNI elbow,-0.19012044725160837,,,,,0.5510095799557848,0.12173913043478261,,
cohesion,4,1.0,8,1.0,OMNI degree-adjusted z,-0.05970820920300765,0.01807909604519774,0.0,,,0.5620535494964383,0.16521739130434782,0.0,0.0
cohesion,4,1.0,8,1.0,ASE+Procrustes Borda,0.22135547850281886,,,,,0.7025988700564971,0.3391304347826087,,
cohesion,4,1.0,8,1.0,raw rows Borda,0.38877003018766587,,,,,0.5633308769344142,0.17391304347826086,,
cohesion,4,1.0,8,1.0,raw rows degree-adjusted z,0.02723802533870807,0.031638418079096044,0.0,,,0.5380201424711373,0.1391304347826087,0.0,0.0
cohesion,4,1.0,8,2.0,DeDi,0.1400016043271475,,,,,0.6849479166666667,0.30833333333333335,,
cohesion,4,1.0,8,2.0,UASE Borda (default),-0.0631876141402367,,,,,0.6517850378787878,0.225,,
cohesion,4,1.0,8,2.0,UASE elbow,-0.209845618258079,,,,,0.5672253787878788,0.11666666666666667,,
cohesion,4,1.0,8,2.0,UASE degree-adjusted z,-0.03827526016973391,0.006818181818181818,0.0,,,0.6556439393939394,0.225,0.0,0.0
cohesion,4,1.0,8,2.0,OMNI Borda (default),-0.133799344861284,,,,,0.6629308712121212,0.175,,
cohesion,4,1.0,8,2.0,OMNI elbow,-0.20636252377874867,,,,,0.5551799242424242,0.11666666666666667,,
cohesion,4,1.0,8,2.0,OMNI degree-adjusted z,-0.06626288893652765,0.014772727272727272,0.0,,,0.6674810606060606,0.24166666666666667,0.0,0.0
cohesion,4,1.0,8,2.0,ASE+Procrustes Borda,0.1739658653779702,,,,,0.6220549242424243,0.23333333333333334,,
cohesion,4,1.0,8,2.0,raw rows Borda,0.390084742385293,,,,,0.5551231060606061,0.15,,
cohesion,4,1.0,8,2.0,raw rows degree-adjusted z,0.04121739162492911,0.022727272727272728,0.0,,,0.5066998106060606,0.15,0.0,0.0
cohesion,4,1.0,8,3.0,DeDi,0.1895100407676489,,,,,0.6937259658326987,0.3884297520661157,,
cohesion,4,1.0,8,3.0,UASE Borda (default),-0.11488313978768673,,,,,0.49849566092197184,0.09090909090909091,,
cohesion,4,1.0,8,3.0,UASE elbow,-0.22767925870815567,,,,,0.4087712370368281,0.008264462809917356,,
cohesion,4,1.0,8,3.0,UASE degree-adjusted z,-0.04462075059652599,0.009101251422070534,0.0,,,0.5177465000611138,0.1487603305785124,0.0,0.0
cohesion,4,1.0,8,3.0,OMNI Borda (default),-0.20026827510875586,,,,,0.5241446422023525,0.10743801652892562,,
cohesion,4,1.0,8,3.0,OMNI elbow,-0.22128563715850266,,,,,0.4108020947921662,0.008264462809917356,,
cohesion,4,1.0,8,3.0,OMNI degree-adjusted z,-0.06174334418312212,0.02844141069397042,0.0,,,0.5451066670427515,0.18181818181818182,0.0,0.0
cohesion,4,1.0,8,3.0,ASE+Procrustes Borda,0.12218506425703736,,,,,0.43591985633561803,0.0743801652892562,,
cohesion,4,1.0,8,3.0,raw rows Borda,0.3578249406984343,,,,,0.4367895523651031,0.049586776859504134,,
cohesion,4,1.0,8,3.0,raw rows degree-adjusted z,0.02094266133703185,0.06370875995449374,0.0,,,0.4010709013811713,0.04132231404958678,0.0,0.0
cohesion,4,1.0,8,,time UASE,,,,0.3918051130000322,2.0,,,,
cohesion,4,1.0,8,,time OMNI,,,,1.9408490969999548,2.0,,,,
cohesion,4,1.0,8,,time ASE+Procrustes,,,,0.30638635399998293,,,,,
cohesion,4,1.0,9,1.0,DeDi,0.17817659996846016,,,,,0.6357173506007178,0.33620689655172414,,
cohesion,4,1.0,9,1.0,UASE Borda (default),-0.06163525936325185,,,,,0.5714522546419099,0.14655172413793102,,
cohesion,4,1.0,9,1.0,UASE elbow,-0.1688528550850888,,,,,0.513974488999844,0.0603448275862069,,
cohesion,4,1.0,9,1.0,UASE degree-adjusted z,-0.04782979575525127,0.020361990950226245,0.0,,,0.5776642221875488,0.1724137931034483,0.0,0.0
cohesion,4,1.0,9,1.0,OMNI Borda (default),-0.11691315377839577,,,,,0.6303342955219223,0.20689655172413793,,
cohesion,4,1.0,9,1.0,OMNI elbow,-0.15318044602723188,,,,,0.510922140739585,0.06896551724137931,,
cohesion,4,1.0,9,1.0,OMNI degree-adjusted z,-0.06260389785443403,0.030542986425339366,0.0,,,0.64263145576533,0.22413793103448276,0.0,0.0
cohesion,4,1.0,9,1.0,ASE+Procrustes Borda,0.18142626341289908,,,,,0.6591170619441411,0.25,,
cohesion,4,1.0,9,1.0,raw rows Borda,0.3930912297815452,,,,,0.5312938836011858,0.16379310344827586,,
cohesion,4,1.0,9,1.0,raw rows degree-adjusted z,0.048747728836584396,0.024886877828054297,0.0,,,0.4900676782649399,0.11206896551724138,0.0,0.0
cohesion,4,1.0,9,2.0,DeDi,0.17798750659379897,,,,,0.7467379856451865,0.43103448275862066,,
cohesion,4,1.0,9,2.0,UASE Borda (default),-0.024811434832390112,,,,,0.6997630285535965,0.28448275862068967,,
cohesion,4,1.0,9,2.0,UASE elbow,-0.14704471000947464,,,,,0.5873137384927446,0.12931034482758622,,
cohesion,4,1.0,9,2.0,UASE degree-adjusted z,-0.05949237003755281,0.006787330316742082,0.0,,,0.7182575284755812,0.33620689655172414,0.0,0.0
cohesion,4,1.0,9,2.0,OMNI Borda (default),-0.09712447150841225,,,,,0.7467428616008738,0.31896551724137934,,
cohesion,4,1.0,9,2.0,OMNI elbow,-0.1353121545654992,,,,,0.5731637150881573,0.11206896551724138,,
cohesion,4,1.0,9,2.0,OMNI degree-adjusted z,-0.0638006747898201,0.020361990950226245,0.0,,,0.7653495085036667,0.35344827586206895,0.0,0.0
cohesion,4,1.0,9,2.0,ASE+Procrustes Borda,0.24190851779220546,,,,,0.7683823529411765,0.3620689655172414,,
cohesion,4,1.0,9,2.0,raw rows Borda,0.4166363798220848,,,,,0.5828717428616009,0.19827586206896552,,
cohesion,4,1.0,9,2.0,raw rows degree-adjusted z,0.056057172263869644,0.016968325791855202,0.0,,,0.5682487517553441,0.19827586206896552,0.0,0.0
cohesion,4,1.0,9,3.0,DeDi,0.2101732624406561,,,,,0.6758485086271433,0.28346456692913385,,
cohesion,4,1.0,9,3.0,UASE Borda (default),-0.03660642810889815,,,,,0.45591272740391986,0.07874015748031496,,
cohesion,4,1.0,9,3.0,UASE elbow,-0.15727026055234472,,,,,0.4546229401737154,0.023622047244094488,,
cohesion,4,1.0,9,3.0,UASE degree-adjusted z,-0.036681404609058096,0.020618556701030927,0.0,,,0.4576219209712188,0.10236220472440945,0.0,0.0
cohesion,4,1.0,9,3.0,OMNI Borda (default),-0.11275654669996098,,,,,0.489384058951394,0.07874015748031496,,
cohesion,4,1.0,9,3.0,OMNI elbow,-0.15164834567349214,,,,,0.46151834113519313,0.015748031496062992,,
cohesion,4,1.0,9,3.0,OMNI degree-adjusted z,-0.04700781569369694,0.025200458190148912,0.0,,,0.5028095714839769,0.13385826771653545,0.0,0.0
cohesion,4,1.0,9,3.0,ASE+Procrustes Borda,0.18198946134747312,,,,,0.37813765547347816,0.06299212598425197,,
cohesion,4,1.0,9,3.0,raw rows Borda,0.4035155635027346,,,,,0.4047586835150761,0.031496062992125984,,
cohesion,4,1.0,9,3.0,raw rows degree-adjusted z,0.07898076627906184,0.045819014891179836,0.0,,,0.3454825878723922,0.023622047244094488,0.0,0.0
cohesion,4,1.0,9,,time UASE,,,,0.4797258999999485,2.0,,,,
cohesion,4,1.0,9,,time OMNI,,,,1.6331375479999224,2.0,,,,
cohesion,4,1.0,9,,time ASE+Procrustes,,,,0.3072561689999702,,,,,
weighted,4,0.0,0,1.0,DeDi,-0.023906711906711908,,,,,,,,
weighted,4,0.0,0,1.0,UASE Borda (default),-0.4012065233513091,,,,,,,,
weighted,4,0.0,0,1.0,UASE elbow,-0.14055916694220535,,,,,,,,
weighted,4,0.0,0,1.0,UASE degree-adjusted z,-0.008687456687456688,0.047,0.0,,,,,,
weighted,4,0.0,0,1.0,OMNI Borda (default),-0.4060274530060904,,,,,,,,
weighted,4,0.0,0,1.0,OMNI elbow,-0.13930187118104764,,,,,,,,
weighted,4,0.0,0,1.0,OMNI degree-adjusted z,-0.011483819483819484,0.037,0.0,,,,,,
weighted,4,0.0,0,1.0,ASE+Procrustes Borda,-0.38063620432582945,,,,,,,,
weighted,4,0.0,0,1.0,raw rows Borda,-0.485353322338276,,,,,,,,
weighted,4,0.0,0,1.0,raw rows degree-adjusted z,-0.07304780504780505,0.04,0.0,,,,,,
weighted,4,0.0,0,2.0,DeDi,0.030285918285918284,,,,,,,,
weighted,4,0.0,0,2.0,UASE Borda (default),-0.4320996427293231,,,,,,,,
weighted,4,0.0,0,2.0,UASE elbow,-0.13671759232593128,,,,,,,,
weighted,4,0.0,0,2.0,UASE degree-adjusted z,-0.009338217338217339,0.035,0.0,,,,,,
weighted,4,0.0,0,2.0,OMNI Borda (default),-0.4394917520078971,,,,,,,,
weighted,4,0.0,0,2.0,OMNI elbow,-0.13663132605894096,,,,,,,,
weighted,4,0.0,0,2.0,OMNI degree-adjusted z,-0.0069148629148629145,0.033,0.0,,,,,,
weighted,4,0.0,0,2.0,ASE+Procrustes Borda,-0.4034768502627831,,,,,,,,
weighted,4,0.0,0,2.0,raw rows Borda,-0.500379173786695,,,,,,,,
weighted,4,0.0,0,2.0,raw rows degree-adjusted z,-0.06158973758973759,0.042,0.0,,,,,,
weighted,4,0.0,0,3.0,DeDi,-0.022566262566262568,,,,,,,,
weighted,4,0.0,0,3.0,UASE Borda (default),-0.4390873525570026,,,,,,,,
weighted,4,0.0,0,3.0,UASE elbow,-0.17485402002620867,,,,,,,,
weighted,4,0.0,0,3.0,UASE degree-adjusted z,-0.006344250344250345,0.032,0.0,,,,,,
weighted,4,0.0,0,3.0,OMNI Borda (default),-0.4360592926882748,,,,,,,,
weighted,4,0.0,0,3.0,OMNI elbow,-0.17660218118653165,,,,,,,,
weighted,4,0.0,0,3.0,OMNI degree-adjusted z,-0.004686880686880688,0.033,0.0,,,,,,
weighted,4,0.0,0,3.0,ASE+Procrustes Borda,-0.3784817328678639,,,,,,,,
weighted,4,0.0,0,3.0,raw rows Borda,-0.4726443872495159,,,,,,,,
weighted,4,0.0,0,3.0,raw rows degree-adjusted z,-0.06385620385620386,0.027,0.0,,,,,,
weighted,4,0.0,0,,time UASE,,,,0.6645187169999645,2.0,,,,
weighted,4,0.0,0,,time OMNI,,,,2.942452868999908,2.0,,,,
weighted,4,0.0,0,,time ASE+Procrustes,,,,0.5422556800000393,,,,,
weighted,4,0.0,2,1.0,DeDi,-0.04043164043164043,,,,,,,,
weighted,4,0.0,2,1.0,UASE Borda (default),-0.47278674075590976,,,,,,,,
weighted,4,0.0,2,1.0,UASE elbow,-0.19796536850986693,,,,,,,,
weighted,4,0.0,2,1.0,UASE degree-adjusted z,-0.011845571845571846,0.03,0.0,,,,,,
weighted,4,0.0,2,1.0,OMNI Borda (default),-0.48886682593164105,,,,,,,,
weighted,4,0.0,2,1.0,OMNI elbow,-0.19767792812344886,,,,,,,,
weighted,4,0.0,2,1.0,OMNI degree-adjusted z,-0.006318834318834319,0.038,0.0,,,,,,
weighted,4,0.0,2,1.0,ASE+Procrustes Borda,-0.45379397799682,,,,,,,,
weighted,4,0.0,2,1.0,raw rows Borda,-0.5191424635869109,,,,,,,,
weighted,4,0.0,2,1.0,raw rows degree-adjusted z,-0.09610687210687212,0.037,0.0,,,,,,
weighted,4,0.0,2,2.0,DeDi,0.03277301677301677,,,,,,,,
weighted,4,0.0,2,2.0,UASE Borda (default),-0.47683203573344735,,,,,,,,
weighted,4,0.0,2,2.0,UASE elbow,-0.17849124806249517,,,,,,,,
weighted,4,0.0,2,2.0,UASE degree-adjusted z,-0.009426813426813428,0.028,0.0,,,,,,
weighted,4,0.0,2,2.0,OMNI Borda (default),-0.4867480150950943,,,,,,,,
weighted,4,0.0,2,2.0,OMNI elbow,-0.17662933812570245,,,,,,,,
weighted,4,0.0,2,2.0,OMNI degree-adjusted z,-0.013226809226809227,0.025,0.0,,,,,,
weighted,4,0.0,2,2.0,ASE+Procrustes Borda,-0.467737783479175,,,,,,,,
weighted,4,0.0,2,2.0,raw rows Borda,-0.5186597032603317,,,,,,,,
weighted,4,0.0,2,2.0,raw rows degree-adjusted z,-0.10003438003438003,0.032,0.0,,,,,,
weighted,4,0.0,2,3.0,DeDi,-0.025332409332409336,,,,,,,,
weighted,4,0.0,2,3.0,UASE Borda (default),-0.4317641040322904,,,,,,,,
weighted,4,0.0,2,3.0,UASE elbow,-0.18670592738062797,,,,,,,,
weighted,4,0.0,2,3.0,UASE degree-adjusted z,0.0031217911217911224,0.039,0.0,,,,,,
weighted,4,0.0,2,3.0,OMNI Borda (default),-0.4123641040543206,,,,,,,,
weighted,4,0.0,2,3.0,OMNI elbow,-0.18818908471835732,,,,,,,,
weighted,4,0.0,2,3.0,OMNI degree-adjusted z,-0.0035509715509715514,0.033,0.0,,,,,,
weighted,4,0.0,2,3.0,ASE+Procrustes Borda,-0.43123887981268133,,,,,,,,
weighted,4,0.0,2,3.0,raw rows Borda,-0.4682357502176243,,,,,,,,
weighted,4,0.0,2,3.0,raw rows degree-adjusted z,-0.09533302733302734,0.037,0.0,,,,,,
weighted,4,0.0,2,,time UASE,,,,0.7144188210000948,2.0,,,,
weighted,4,0.0,2,,time OMNI,,,,3.5407648780000045,2.0,,,,
weighted,4,0.0,2,,time ASE+Procrustes,,,,0.5272221299999273,,,,,
weighted,4,0.0,1,1.0,DeDi,-0.03186863586863587,,,,,,,,
weighted,4,0.0,1,1.0,UASE Borda (default),-0.4317786597060936,,,,,,,,
weighted,4,0.0,1,1.0,UASE elbow,-0.10877732288699012,,,,,,,,
weighted,4,0.0,1,1.0,UASE degree-adjusted z,-0.007675807675807677,0.023,0.0,,,,,,
weighted,4,0.0,1,1.0,OMNI Borda (default),-0.46897664481226503,,,,,,,,
weighted,4,0.0,1,1.0,OMNI elbow,-0.10898458516805647,,,,,,,,
weighted,4,0.0,1,1.0,OMNI degree-adjusted z,-0.008937548937548938,0.041,0.0,,,,,,
weighted,4,0.0,1,1.0,ASE+Procrustes Borda,-0.3928055181580164,,,,,,,,
weighted,4,0.0,1,1.0,raw rows Borda,-0.48242932565813684,,,,,,,,
weighted,4,0.0,1,1.0,raw rows degree-adjusted z,-0.06871779271779271,0.032,0.0,,,,,,
weighted,4,0.0,1,2.0,DeDi,-0.03071063471063471,,,,,,,,
weighted,4,0.0,1,2.0,UASE Borda (default),-0.4601990588557814,,,,,,,,
weighted,4,0.0,1,2.0,UASE elbow,-0.1665701399894055,,,,,,,,
weighted,4,0.0,1,2.0,UASE degree-adjusted z,-0.009871065871065872,0.044,0.0,,,,,,
weighted,4,0.0,1,2.0,OMNI Borda (default),-0.45341824398359426,,,,,,,,
weighted,4,0.0,1,2.0,OMNI elbow,-0.16585383865405523,,,,,,,,
weighted,4,0.0,1,2.0,OMNI degree-adjusted z,-0.006806262806262807,0.024,0.0,,,,,,
weighted,4,0.0,1,2.0,ASE+Procrustes Borda,-0.4105394662564014,,,,,,,,
weighted,4,0.0,1,2.0,raw rows Borda,-0.46255205030629043,,,,,,,,
weighted,4,0.0,1,2.0,raw rows degree-adjusted z,-0.06476430476430477,0.035,0.0,,,,,,
weighted,4,0.0,1,3.0,DeDi,0.01720650520650521,,,,,,,,
weighted,4,0.0,1,3.0,UASE Borda (default),-0.47195737218592093,,,,,,,,
weighted,4,0.0,1,3.0,UASE elbow,-0.1105684071142026,,,,,,,,
weighted,4,0.0,1,3.0,UASE degree-adjusted z,-0.014336426336426336,0.027,0.0,,,,,,
weighted,4,0.0,1,3.0,OMNI Borda (default),-0.5078154239953677,,,,,,,,
weighted,4,0.0,1,3.0,OMNI elbow,-0.10979489788051043,,,,,,,,
weighted,4,0.0,1,3.0,OMNI degree-adjusted z,-0.008814884814884814,0.039,0.0,,,,,,
weighted,4,0.0,1,3.0,ASE+Procrustes Borda,-0.41083820797622206,,,,,,,,
weighted,4,0.0,1,3.0,raw rows Borda,-0.48408958331348034,,,,,,,,
weighted,4,0.0,1,3.0,raw rows degree-adjusted z,-0.05683588483588484,0.044,0.0,,,,,,
weighted,4,0.0,1,,time UASE,,,,0.7589817709999807,2.0,,,,
weighted,4,0.0,1,,time OMNI,,,,4.286269364000077,2.0,,,,
weighted,4,0.0,1,,time ASE+Procrustes,,,,0.5040700700000116,,,,,
weighted,4,0.0,3,1.0,DeDi,0.0031953511953511956,,,,,,,,
weighted,4,0.0,3,1.0,UASE Borda (default),-0.45660150621642503,,,,,,,,
weighted,4,0.0,3,1.0,UASE elbow,-0.15763359928711235,,,,,,,,
weighted,4,0.0,3,1.0,UASE degree-adjusted z,-0.007012051012051012,0.023,0.0,,,,,,
weighted,4,0.0,3,1.0,OMNI Borda (default),-0.45688985041525115,,,,,,,,
weighted,4,0.0,3,1.0,OMNI elbow,-0.15657866327189598,,,,,,,,
weighted,4,0.0,3,1.0,OMNI degree-adjusted z,-0.014823134823134826,0.026,0.0,,,,,,
weighted,4,0.0,3,1.0,ASE+Procrustes Borda,-0.39921930191625327,,,,,,,,
weighted,4,0.0,3,1.0,raw rows Borda,-0.48946854677893537,,,,,,,,
weighted,4,0.0,3,1.0,raw rows degree-adjusted z,-0.061548121548121545,0.038,0.0,,,,,,
weighted,4,0.0,3,2.0,DeDi,-0.02429079629079629,,,,,,,,
weighted,4,0.0,3,2.0,UASE Borda (default),-0.46069652077711976,,,,,,,,
weighted,4,0.0,3,2.0,UASE elbow,-0.18147391095548268,,,,,,,,
weighted,4,0.0,3,2.0,UASE degree-adjusted z,-0.004331140331140332,0.029,0.0,,,,,,
weighted,4,0.0,3,2.0,OMNI Borda (default),-0.4474187896061742,,,,,,,,
weighted,4,0.0,3,2.0,OMNI elbow,-0.17973466001581573,,,,,,,,
weighted,4,0.0,3,2.0,OMNI degree-adjusted z,-0.006884190884190885,0.023,0.0,,,,,,
weighted,4,0.0,3,2.0,ASE+Procrustes Borda,-0.434970010300786,,,,,,,,
weighted,4,0.0,3,2.0,raw rows Borda,-0.5134781273878283,,,,,,,,
weighted,4,0.0,3,2.0,raw rows degree-adjusted z,-0.066995922995923,0.035,0.0,,,,,,
weighted,4,0.0,3,3.0,DeDi,0.0497964137964138,,,,,,,,
weighted,4,0.0,3,3.0,UASE Borda (default),-0.46171040741974007,,,,,,,,
weighted,4,0.0,3,3.0,UASE elbow,-0.20640182353769085,,,,,,,,
weighted,4,0.0,3,3.0,UASE degree-adjusted z,-0.0064343704343704355,0.053,0.0,,,,,,
weighted,4,0.0,3,3.0,OMNI Borda (default),-0.46052633378949714,,,,,,,,
weighted,4,0.0,3,3.0,OMNI elbow,-0.2058632668133055,,,,,,,,
weighted,4,0.0,3,3.0,OMNI degree-adjusted z,-0.012990480990480991,0.035,0.0,,,,,,
weighted,4,0.0,3,3.0,ASE+Procrustes Borda,-0.4191521184205496,,,,,,,,
weighted,4,0.0,3,3.0,raw rows Borda,-0.4955797428061541,,,,,,,,
weighted,4,0.0,3,3.0,raw rows degree-adjusted z,-0.07191499191499191,0.029,0.0,,,,,,
weighted,4,0.0,3,,time UASE,,,,0.6945602280000003,2.0,,,,
weighted,4,0.0,3,,time OMNI,,,,3.8449347179999904,2.0,,,,
weighted,4,0.0,3,,time ASE+Procrustes,,,,0.5650556120000374,,,,,
weighted,4,0.0,4,1.0,DeDi,0.04998450198450199,,,,,,,,
weighted,4,0.0,4,1.0,UASE Borda (default),-0.434993613277907,,,,,,,,
weighted,4,0.0,4,1.0,UASE elbow,-0.19144998088328893,,,,,,,,
weighted,4,0.0,4,1.0,UASE degree-adjusted z,-0.004492132492132492,0.03,0.0,,,,,,
weighted,4,0.0,4,1.0,OMNI Borda (default),-0.4832409856321225,,,,,,,,
weighted,4,0.0,4,1.0,OMNI elbow,-0.19227627901769062,,,,,,,,
weighted,4,0.0,4,1.0,OMNI degree-adjusted z,-0.007330819330819332,0.038,0.0,,,,,,
weighted,4,0.0,4,1.0,ASE+Procrustes Borda,-0.38284395904257684,,,,,,,,
weighted,4,0.0,4,1.0,raw rows Borda,-0.4758260340085098,,,,,,,,
weighted,4,0.0,4,1.0,raw rows degree-adjusted z,-0.05526088326088327,0.041,0.0,,,,,,
weighted,4,0.0,4,2.0,DeDi,-0.029902145902145908,,,,,,,,
weighted,4,0.0,4,2.0,UASE Borda (default),-0.42273870351697235,,,,,,,,
weighted,4,0.0,4,2.0,UASE elbow,-0.20705698995430658,,,,,,,,
weighted,4,0.0,4,2.0,UASE degree-adjusted z,-0.005098949098949099,0.035,0.0,,,,,,
weighted,4,0.0,4,2.0,OMNI Borda (default),-0.4537002093945179,,,,,,,,
weighted,4,0.0,4,2.0,OMNI elbow,-0.20648332187652896,,,,,,,,
weighted,4,0.0,4,2.0,OMNI degree-adjusted z,-0.01614960414960415,0.041,0.0,,,,,,
weighted,4,0.0,4,2.0,ASE+Procrustes Borda,-0.3869392180853848,,,,,,,,
weighted,4,0.0,4,2.0,raw rows Borda,-0.48542386170092056,,,,,,,,
weighted,4,0.0,4,2.0,raw rows degree-adjusted z,-0.051706131706131704,0.041,0.0,,,,,,
weighted,4,0.0,4,3.0,DeDi,0.036681288681288685,,,,,,,,
weighted,4,0.0,4,3.0,UASE Borda (default),-0.4287961502422512,,,,,,,,
weighted,4,0.0,4,3.0,UASE elbow,-0.17724892087621932,,,,,,,,
weighted,4,0.0,4,3.0,UASE degree-adjusted z,-0.0092997092997093,0.018,0.0,,,,,,
weighted,4,0.0,4,3.0,OMNI Borda (default),-0.41485516872474204,,,,,,,,
weighted,4,0.0,4,3.0,OMNI elbow,-0.17610687437758368,,,,,,,,
weighted,4,0.0,4,3.0,OMNI degree-adjusted z,-0.008140952140952142,0.037,0.0,,,,,,
weighted,4,0.0,4,3.0,ASE+Procrustes Borda,-0.34244156439793055,,,,,,,,
weighted,4,0.0,4,3.0,raw rows Borda,-0.48149872818366285,,,,,,,,
weighted,4,0.0,4,3.0,raw rows degree-adjusted z,-0.04584978984978985,0.044,0.0,,,,,,
weighted,4,0.0,4,,time UASE,,,,0.8434523489999037,2.0,,,,
weighted,4,0.0,4,,time OMNI,,,,2.979560322999987,2.0,,,,
weighted,4,0.0,4,,time ASE+Procrustes,,,,0.4598335720000932,,,,,
weighted,4,0.0,6,1.0,DeDi,-0.011575439575439576,,,,,,,,
weighted,4,0.0,6,1.0,UASE Borda (default),-0.46432025707388663,,,,,,,,
weighted,4,0.0,6,1.0,UASE elbow,-0.17310506347474663,,,,,,,,
weighted,4,0.0,6,1.0,UASE degree-adjusted z,-0.007481203481203481,0.021,0.0,,,,,,
weighted,4,0.0,6,1.0,OMNI Borda (default),-0.4849056589113215,,,,,,,,
weighted,4,0.0,6,1.0,OMNI elbow,-0.17321360131129376,,,,,,,,
weighted,4,0.0,6,1.0,OMNI degree-adjusted z,-0.007872259872259873,0.038,0.0,,,,,,
weighted,4,0.0,6,1.0,ASE+Procrustes Borda,-0.4039602275879345,,,,,,,,
weighted,4,0.0,6,1.0,raw rows Borda,-0.4770179285428987,,,,,,,,
weighted,4,0.0,6,1.0,raw rows degree-adjusted z,-0.057739701739701735,0.042,0.0,,,,,,
weighted,4,0.0,6,2.0,DeDi,0.0171015531015531,,,,,,,,
weighted,4,0.0,6,2.0,UASE Borda (default),-0.4579478471631552,,,,,,,,
weighted,4,0.0,6,2.0,UASE elbow,-0.1440930248546746,,,,,,,,
weighted,4,0.0,6,2.0,UASE degree-adjusted z,-0.014322890322890323,0.036,0.0,,,,,,
weighted,4,0.0,6,2.0,OMNI Borda (default),-0.45336444704799694,,,,,,,,
weighted,4,0.0,6,2.0,OMNI elbow,-0.14390483275839377,,,,,,,,
weighted,4,0.0,6,2.0,OMNI degree-adjusted z,-0.006932634932634934,0.044,0.0,,,,,,
weighted,4,0.0,6,2.0,ASE+Procrustes Borda,-0.4020239737636289,,,,,,,,
weighted,4,0.0,6,2.0,raw rows Borda,-0.4730703330782226,,,,,,,,
weighted,4,0.0,6,2.0,raw rows degree-adjusted z,-0.06086832086832088,0.05,0.0,,,,,,
weighted,4,0.0,6,3.0,DeDi,-0.01011797811797812,,,,,,,,
weighted,4,0.0,6,3.0,UASE Borda (default),-0.4605964411411755,,,,,,,,
weighted,4,0.0,6,3.0,UASE elbow,-0.15256417473738798,,,,,,,,
weighted,4,0.0,6,3.0,UASE degree-adjusted z,-0.02516884916884917,0.042,0.0,,,,,,
weighted,4,0.0,6,3.0,OMNI Borda (default),-0.48342651513378476,,,,,,,,
weighted,4,0.0,6,3.0,OMNI elbow,-0.15266050955081334,,,,,,,,
weighted,4,0.0,6,3.0,OMNI degree-adjusted z,-0.013930417930417932,0.039,0.0,,,,,,
weighted,4,0.0,6,3.0,ASE+Procrustes Borda,-0.43400101287312476,,,,,,,,
weighted,4,0.0,6,3.0,raw rows Borda,-0.48534224345045623,,,,,,,,
weighted,4,0.0,6,3.0,raw rows degree-adjusted z,-0.05978530778530779,0.042,0.0,,,,,,
weighted,4,0.0,6,,time UASE,,,,0.6908229180000944,2.0,,,,
weighted,4,0.0,6,,time OMNI,,,,3.8270241449999958,2.0,,,,
weighted,4,0.0,6,,time ASE+Procrustes,,,,0.5015861489999907,,,,,
weighted,4,0.0,5,1.0,DeDi,0.04157210957210957,,,,,,,,
weighted,4,0.0,5,1.0,UASE Borda (default),-0.45307663249430125,,,,,,,,
weighted,4,0.0,5,1.0,UASE elbow,-0.21067975503629735,,,,,,,,
weighted,4,0.0,5,1.0,UASE degree-adjusted z,-0.01096964296964297,0.045,0.0,,,,,,
weighted,4,0.0,5,1.0,OMNI Borda (default),-0.4762971771616835,,,,,,,,
weighted,4,0.0,5,1.0,OMNI elbow,-0.21171486336629408,,,,,,,,
weighted,4,0.0,5,1.0,OMNI degree-adjusted z,-0.008601920601920604,0.025,0.0,,,,,,
weighted,4,0.0,5,1.0,ASE+Procrustes Borda,-0.48838670017955044,,,,,,,,
weighted,4,0.0,5,1.0,raw rows Borda,-0.5026964758095969,,,,,,,,
weighted,4,0.0,5,1.0,raw rows degree-adjusted z,-0.07035999435999436,0.045,0.0,,,,,,
weighted,4,0.0,5,2.0,DeDi,0.04954333354333355,,,,,,,,
weighted,4,0.0,5,2.0,UASE Borda (default),-0.46405274720965467,,,,,,,,
weighted,4,0.0,5,2.0,UASE elbow,-0.1639321492742758,,,,,,,,
weighted,4,0.0,5,2.0,UASE degree-adjusted z,-0.012935076935076936,0.035,0.0,,,,,,
weighted,4,0.0,5,2.0,OMNI Borda (default),-0.48529693570900756,,,,,,,,
weighted,4,0.0,5,2.0,OMNI elbow,-0.16397918080237103,,,,,,,,
weighted,4,0.0,5,2.0,OMNI degree-adjusted z,0.0015387975387975389,0.046,0.0,,,,,,
weighted,4,0.0,5,2.0,ASE+Procrustes Borda,-0.4198970726490456,,,,,,,,
weighted,4,0.0,5,2.0,raw rows Borda,-0.5200727013117418,,,,,,,,
weighted,4,0.0,5,2.0,raw rows degree-adjusted z,-0.0720974160974161,0.046,0.0,,,,,,
weighted,4,0.0,5,3.0,DeDi,0.01699010899010899,,,,,,,,
weighted,4,0.0,5,3.0,UASE Borda (default),-0.45473116729891055,,,,,,,,
weighted,4,0.0,5,3.0,UASE elbow,-0.1495308135480072,,,,,,,,
weighted,4,0.0,5,3.0,UASE degree-adjusted z,-0.00308028308028308,0.038,0.0,,,,,,
weighted,4,0.0,5,3.0,OMNI Borda (default),-0.4568894436041746,,,,,,,,
weighted,4,0.0,5,3.0,OMNI elbow,-0.1492078982380458,,,,,,,,
weighted,4,0.0,5,3.0,OMNI degree-adjusted z,0.002878826878826879,0.038,0.0,,,,,,
weighted,4,0.0,5,3.0,ASE+Procrustes Borda,-0.3872450887440898,,,,,,,,
weighted,4,0.0,5,3.0,raw rows Borda,-0.50043920991121,,,,,,,,
weighted,4,0.0,5,3.0,raw rows degree-adjusted z,-0.06634973434973436,0.041,0.0,,,,,,
weighted,4,0.0,5,,time UASE,,,,0.76455187199997,2.0,,,,
weighted,4,0.0,5,,time OMNI,,,,4.881144640999992,2.0,,,,
weighted,4,0.0,5,,time ASE+Procrustes,,,,0.5446536809999998,,,,,
weighted,4,0.0,7,1.0,DeDi,0.031456399456399456,,,,,,,,
weighted,4,0.0,7,1.0,UASE Borda (default),-0.44386454315960394,,,,,,,,
weighted,4,0.0,7,1.0,UASE elbow,-0.12003039689954169,,,,,,,,
weighted,4,0.0,7,1.0,UASE degree-adjusted z,-0.008762480762480764,0.029,0.0,,,,,,
weighted,4,0.0,7,1.0,OMNI Borda (default),-0.45045079699137053,,,,,,,,
weighted,4,0.0,7,1.0,OMNI elbow,-0.11800060278518461,,,,,,,,
weighted,4,0.0,7,1.0,OMNI degree-adjusted z,-0.009740817740817741,0.04,0.0,,,,,,
weighted,4,0.0,7,1.0,ASE+Procrustes Borda,-0.3920553169879651,,,,,,,,
weighted,4,0.0,7,1.0,raw rows Borda,-0.5006536609246752,,,,,,,,
weighted,4,0.0,7,1.0,raw rows degree-adjusted z,-0.06255607455607455,0.033,0.0,,,,,,
weighted,4,0.0,7,2.0,DeDi,-0.038211794211794214,,,,,,,,
weighted,4,0.0,7,2.0,UASE Borda (default),-0.41258311895335087,,,,,,,,
weighted,4,0.0,7,2.0,UASE elbow,-0.14565036880319626,,,,,,,,
weighted,4,0.0,7,2.0,UASE degree-adjusted z,-0.0031202551202551203,0.027,0.0,,,,,,
weighted,4,0.0,7,2.0,OMNI Borda (default),-0.429039195514078,,,,,,,,
weighted,4,0.0,7,2.0,OMNI elbow,-0.14460328096007388,,,,,,,,
weighted,4,0.0,7,2.0,OMNI degree-adjusted z,-0.004264384264384264,0.035,0.0,,,,,,
weighted,4,0.0,7,2.0,ASE+Procrustes Borda,-0.3763797135452819,,,,,,,,
weighted,4,0.0,7,2.0,raw rows Borda,-0.48879490081972377,,,,,,,,
weighted,4,0.0,7,2.0,raw rows degree-adjusted z,-0.06314053514053515,0.04,0.0,,,,,,
weighted,4,0.0,7,3.0,DeDi,-0.0080976920976921,,,,,,,,
weighted,4,0.0,7,3.0,UASE Borda (default),-0.42325936354337346,,,,,,,,
weighted,4,0.0,7,3.0,UASE elbow,-0.17409712149794088,,,,,,,,
weighted,4,0.0,7,3.0,UASE degree-adjusted z,-0.010062406062406064,0.035,0.0,,,,,,
weighted,4,0.0,7,3.0,OMNI Borda (default),-0.4083218864960977,,,,,,,,
weighted,4,0.0,7,3.0,OMNI elbow,-0.17374411835704504,,,,,,,,
weighted,4,0.0,7,3.0,OMNI degree-adjusted z,-0.007544263544263545,0.043,0.0,,,,,,
weighted,4,0.0,7,3.0,ASE+Procrustes Borda,-0.3667401447489647,,,,,,,,
weighted,4,0.0,7,3.0,raw rows Borda,-0.51176536641333,,,,,,,,
weighted,4,0.0,7,3.0,raw rows degree-adjusted z,-0.06164226164226165,0.04,0.0,,,,,,
weighted,4,0.0,7,,time UASE,,,,0.6855945110000903,2.0,,,,
weighted,4,0.0,7,,time OMNI,,,,3.861341082000081,2.0,,,,
weighted,4,0.0,7,,time ASE+Procrustes,,,,0.5059798160000355,,,,,
weighted,4,0.0,8,1.0,DeDi,-0.04324588324588325,,,,,,,,
weighted,4,0.0,8,1.0,UASE Borda (default),-0.4467821976732907,,,,,,,,
weighted,4,0.0,8,1.0,UASE elbow,-0.1564849808713307,,,,,,,,
weighted,4,0.0,8,1.0,UASE degree-adjusted z,-0.011463251463251464,0.029,0.0,,,,,,
weighted,4,0.0,8,1.0,OMNI Borda (default),-0.4519065210880721,,,,,,,,
weighted,4,0.0,8,1.0,OMNI elbow,-0.15660197190613412,,,,,,,,
weighted,4,0.0,8,1.0,OMNI degree-adjusted z,-0.010924078924078925,0.039,0.0,,,,,,
weighted,4,0.0,8,1.0,ASE+Procrustes Borda,-0.3928874193192629,,,,,,,,
weighted,4,0.0,8,1.0,raw rows Borda,-0.4850105397430034,,,,,,,,
weighted,4,0.0,8,1.0,raw rows degree-adjusted z,-0.07602290802290802,0.027,0.0,,,,,,
weighted,4,0.0,8,2.0,DeDi,-0.022259050259050263,,,,,,,,
weighted,4,0.0,8,2.0,UASE Borda (default),-0.4001569565720262,,,,,,,,
weighted,4,0.0,8,2.0,UASE elbow,-0.17335238676931694,,,,,,,,
weighted,4,0.0,8,2.0,UASE degree-adjusted z,-0.01625957225957226,0.029,0.0,,,,,,
weighted,4,0.0,8,2.0,OMNI Borda (default),-0.44255208577755534,,,,,,,,
weighted,4,0.0,8,2.0,OMNI elbow,-0.1723194552292528,,,,,,,,
weighted,4,0.0,8,2.0,OMNI degree-adjusted z,-0.013884421884421884,0.036,0.0,,,,,,
weighted,4,0.0,8,2.0,ASE+Procrustes Borda,-0.33883862123500286,,,,,,,,
weighted,4,0.0,8,2.0,raw rows Borda,-0.4686739585638034,,,,,,,,
weighted,4,0.0,8,2.0,raw rows degree-adjusted z,-0.060480144480144486,0.03,0.0,,,,,,
weighted,4,0.0,8,3.0,DeDi,0.035742839742839747,,,,,,,,
weighted,4,0.0,8,3.0,UASE Borda (default),-0.3853218427164323,,,,,,,,
weighted,4,0.0,8,3.0,UASE elbow,-0.1532591413533193,,,,,,,,
weighted,4,0.0,8,3.0,UASE degree-adjusted z,-0.009877317877317876,0.034,0.0,,,,,,
weighted,4,0.0,8,3.0,OMNI Borda (default),-0.4004362916637788,,,,,,,,
weighted,4,0.0,8,3.0,OMNI elbow,-0.15269461966175496,,,,,,,,
weighted,4,0.0,8,3.0,OMNI degree-adjusted z,-0.005733137733137734,0.031,0.0,,,,,,
weighted,4,0.0,8,3.0,ASE+Procrustes Borda,-0.3198275734905049,,,,,,,,
weighted,4,0.0,8,3.0,raw rows Borda,-0.47658748215342095,,,,,,,,
weighted,4,0.0,8,3.0,raw rows degree-adjusted z,-0.05553802353802354,0.043,0.0,,,,,,
weighted,4,0.0,8,,time UASE,,,,0.8474510259999306,2.0,,,,
weighted,4,0.0,8,,time OMNI,,,,3.904756329999941,2.0,,,,
weighted,4,0.0,8,,time ASE+Procrustes,,,,0.5736122969999542,,,,,
weighted,4,0.0,9,1.0,DeDi,0.02344796344796345,,,,,,,,
weighted,4,0.0,9,1.0,UASE Borda (default),-0.45224621959164246,,,,,,,,
weighted,4,0.0,9,1.0,UASE elbow,-0.20257765076507972,,,,,,,,
weighted,4,0.0,9,1.0,UASE degree-adjusted z,-0.013766701766701769,0.035,0.0,,,,,,
weighted,4,0.0,9,1.0,OMNI Borda (default),-0.43661250562568477,,,,,,,,
weighted,4,0.0,9,1.0,OMNI elbow,-0.204455057770162,,,,,,,,
weighted,4,0.0,9,1.0,OMNI degree-adjusted z,-0.008000408000408,0.026,0.0,,,,,,
weighted,4,0.0,9,1.0,ASE+Procrustes Borda,-0.4194089556722173,,,,,,,,
weighted,4,0.0,9,1.0,raw rows Borda,-0.51149016246909,,,,,,,,
weighted,4,0.0,9,1.0,raw rows degree-adjusted z,-0.06745835545835545,0.03,0.0,,,,,,
weighted,4,0.0,9,2.0,DeDi,-0.009678309678309679,,,,,,,,
weighted,4,0.0,9,2.0,UASE Borda (default),-0.4400078936086058,,,,,,,,
weighted,4,0.0,9,2.0,UASE elbow,-0.17552886655293753,,,,,,,,
weighted,4,0.0,9,2.0,UASE degree-adjusted z,-0.0038095598095598095,0.039,0.0,,,,,,
weighted,4,0.0,9,2.0,OMNI Borda (default),-0.46461854558506277,,,,,,,,
weighted,4,0.0,9,2.0,OMNI elbow,-0.1729386653281483,,,,,,,,
weighted,4,0.0,9,2.0,OMNI degree-adjusted z,-0.004405720405720406,0.028,0.0,,,,,,
weighted,4,0.0,9,2.0,ASE+Procrustes Borda,-0.37929195594486936,,,,,,,,
weighted,4,0.0,9,2.0,raw rows Borda,-0.47016384907686076,,,,,,,,
weighted,4,0.0,9,2.0,raw rows degree-adjusted z,-0.06428204828204828,0.029,0.0,,,,,,
weighted,4,0.0,9,3.0,DeDi,0.06520213720213722,,,,,,,,
weighted,4,0.0,9,3.0,UASE Borda (default),-0.4493791457344454,,,,,,,,
weighted,4,0.0,9,3.0,UASE elbow,-0.15296301908868767,,,,,,,,
weighted,4,0.0,9,3.0,UASE degree-adjusted z,-0.004956196956196956,0.043,0.0,,,,,,
weighted,4,0.0,9,3.0,OMNI Borda (default),-0.4256195929873459,,,,,,,,
weighted,4,0.0,9,3.0,OMNI elbow,-0.15220888319693973,,,,,,,,
weighted,4,0.0,9,3.0,OMNI degree-adjusted z,-0.008153336153336155,0.035,0.0,,,,,,
weighted,4,0.0,9,3.0,ASE+Procrustes Borda,-0.3808310579633615,,,,,,,,
weighted,4,0.0,9,3.0,raw rows Borda,-0.48719129243598464,,,,,,,,
weighted,4,0.0,9,3.0,raw rows degree-adjusted z,-0.06628951828951829,0.043,0.0,,,,,,
weighted,4,0.0,9,,time UASE,,,,0.6841794069999878,2.0,,,,
weighted,4,0.0,9,,time OMNI,,,,3.183101455000042,2.0,,,,
weighted,4,0.0,9,,time ASE+Procrustes,,,,0.5321305169999277,,,,,
weighted,4,0.05,0,1.0,DeDi,-0.07917585329297057,,,,,0.5638315789473685,0.08,,
weighted,4,0.05,0,1.0,UASE Borda (default),-0.1366032800674059,,,,,0.9884631578947368,0.78,,
weighted,4,0.05,0,1.0,UASE elbow,-0.16479206031014895,,,,,0.9295473684210527,0.86,,
weighted,4,0.05,0,1.0,UASE degree-adjusted z,-0.0026219337989060905,0.01368421052631579,1.0,,,0.9903578947368421,0.84,0.12,0.14285714285714285
weighted,4,0.05,0,1.0,OMNI Borda (default),-0.17745803228092466,,,,,0.968,0.7,,
weighted,4,0.05,0,1.0,OMNI elbow,-0.16809366078751112,,,,,0.9302736842105264,0.82,,
weighted,4,0.05,0,1.0,OMNI degree-adjusted z,-0.01026506225608298,0.010526315789473684,0.0,,,0.9734736842105263,0.76,0.02,0.0
weighted,4,0.05,0,1.0,ASE+Procrustes Borda,-0.34939704202131994,,,,,0.9820421052631579,0.74,,
weighted,4,0.05,0,1.0,raw rows Borda,-0.39394577834692873,,,,,0.7923578947368421,0.14,,
weighted,4,0.05,0,1.0,raw rows degree-adjusted z,-0.0784908920441434,0.035789473684210524,1.0,,,0.8314947368421053,0.36,0.12,0.14285714285714285
weighted,4,0.05,0,2.0,DeDi,-0.0366894029507891,,,,,0.5129052631578948,0.06,,
weighted,4,0.05,0,2.0,UASE Borda (default),-0.30784145848297273,,,,,0.9866526315789473,0.82,,
weighted,4,0.05,0,2.0,UASE elbow,-0.16356528921155497,,,,,0.9322526315789473,0.82,,
weighted,4,0.05,0,2.0,UASE degree-adjusted z,0.01321669812609794,0.037894736842105266,0.0,,,0.9916421052631579,0.9,0.76,0.0
weighted,4,0.05,0,2.0,OMNI Borda (default),-0.3598946965955904,,,,,0.9962736842105263,0.88,,
weighted,4,0.05,0,2.0,OMNI elbow,-0.1639784823770389,,,,,0.9361052631578948,0.82,,
weighted,4,0.05,0,2.0,OMNI degree-adjusted z,-0.004518100355381646,0.014736842105263158,0.0,,,0.9978105263157895,0.92,0.76,0.0
weighted,4,0.05,0,2.0,ASE+Procrustes Borda,-0.3522006620537138,,,,,0.9938315789473684,0.86,,
weighted,4,0.05,0,2.0,raw rows Borda,-0.4478555790473475,,,,,0.8557789473684211,0.28,,
weighted,4,0.05,0,2.0,raw rows degree-adjusted z,-0.07742471561857978,0.018947368421052633,0.0,,,0.8835578947368421,0.5,0.1,0.0
weighted,4,0.05,0,3.0,DeDi,0.05525238605017263,,,,,0.5421263157894737,0.08,,
weighted,4,0.05,0,3.0,UASE Borda (default),-0.25462901914145714,,,,,0.9978736842105264,0.92,,
weighted,4,0.05,0,3.0,UASE elbow,-0.1273336482510663,,,,,0.9307894736842105,0.76,,
weighted,4,0.05,0,3.0,UASE degree-adjusted z,0.0038008358195585693,0.029473684210526315,1.0,,,0.9990526315789474,0.94,0.74,0.02631578947368421
weighted,4,0.05,0,3.0,OMNI Borda (default),-0.33751162093547443,,,,,0.9982842105263158,0.94,,
weighted,4,0.05,0,3.0,OMNI elbow,-0.14360540078758954,,,,,0.9238315789473684,0.74,,
weighted,4,0.05,0,3.0,OMNI degree-adjusted z,0.0034769911685570616,0.022105263157894735,0.0,,,0.9993684210526316,0.94,0.86,0.0
weighted,4,0.05,0,3.0,ASE+Procrustes Borda,-0.3490748774315488,,,,,0.9889263157894737,0.8,,
weighted,4,0.05,0,3.0,raw rows Borda,-0.4317851366073921,,,,,0.8131263157894737,0.26,,
weighted,4,0.05,0,3.0,raw rows degree-adjusted z,-0.0851523812739609,0.028421052631578948,0.0,,,0.8711157894736842,0.52,0.14,0.0
weighted,4,0.05,0,,time UASE,,,,0.7382233600000063,2.0,,,,
weighted,4,0.05,0,,time OMNI,,,,3.80236838899998,2.0,,,,
weighted,4,0.05,0,,time ASE+Procrustes,,,,0.5076931739999964,,,,,
weighted,4,0.05,1,1.0,DeDi,-0.004052683889837813,,,,,0.5279368421052631,0.06,,
weighted,4,0.05,1,1.0,UASE Borda (default),-0.14171635989112746,,,,,0.9920842105263158,0.8,,
weighted,4,0.05,1,1.0,UASE elbow,-0.11941850429208652,,,,,0.9425052631578947,0.82,,
weighted,4,0.05,1,1.0,UASE degree-adjusted z,-0.009006801640427536,0.007368421052631579,0.0,,,0.9958947368421053,0.88,0.18,0.0
weighted,4,0.05,1,1.0,OMNI Borda (default),-0.18182766171665832,,,,,0.9947684210526315,0.84,,
weighted,4,0.05,1,1.0,OMNI elbow,-0.12096947941645085,,,,,0.9400842105263157,0.82,,
weighted,4,0.05,1,1.0,OMNI degree-adjusted z,-0.0045107523373258155,0.018947368421052633,0.0,,,0.9969263157894737,0.86,0.5,0.0
weighted,4,0.05,1,1.0,ASE+Procrustes Borda,-0.41876849163928653,,,,,0.9909157894736842,0.74,,
weighted,4,0.05,1,1.0,raw rows Borda,-0.3954681158781266,,,,,0.8127894736842105,0.24,,
weighted,4,0.05,1,1.0,raw rows degree-adjusted z,-0.10113150730419239,0.03684210526315789,1.0,,,0.8697684210526315,0.44,0.22,0.08333333333333333
weighted,4,0.05,1,2.0,DeDi,-0.032187251293644824,,,,,0.5311157894736842,0.06,,
weighted,4,0.05,1,2.0,UASE Borda (default),-0.2557661680113273,,,,,0.9929263157894737,0.84,,
weighted,4,0.05,1,2.0,UASE elbow,-0.14520196869699226,,,,,0.9335789473684211,0.8,,
weighted,4,0.05,1,2.0,UASE degree-adjusted z,-0.012554564720030892,0.022105263157894735,0.0,,,0.9974315789473684,0.88,0.7,0.0
weighted,4,0.05,1,2.0,OMNI Borda (default),-0.3182577539139029,,,,,0.9977473684210526,0.86,,
weighted,4,0.05,1,2.0,OMNI elbow,-0.14885756875175526,,,,,0.9402631578947368,0.8,,
weighted,4,0.05,1,2.0,OMNI degree-adjusted z,-0.014096094930794792,0.021052631578947368,1.0,,,0.9992842105263158,0.94,0.82,0.023809523809523808
weighted,4,0.05,1,2.0,ASE+Procrustes Borda,-0.38762288262162825,,,,,0.9858315789473684,0.78,,
weighted,4,0.05,1,2.0,raw rows Borda,-0.45144253980166604,,,,,0.848221052631579,0.22,,
weighted,4,0.05,1,2.0,raw rows degree-adjusted z,-0.1020024643852937,0.03368421052631579,0.0,,,0.9271789473684211,0.48,0.06,0.0
weighted,4,0.05,1,3.0,DeDi,-0.03632643885128084,,,,,0.4770736842105263,0.04,,
weighted,4,0.05,1,3.0,UASE Borda (default),-0.3128393796262187,,,,,0.9942526315789474,0.86,,
weighted,4,0.05,1,3.0,UASE elbow,-0.2204312999351425,,,,,0.9679052631578947,0.86,,
weighted,4,0.05,1,3.0,UASE degree-adjusted z,0.0023176978589449964,0.02,0.0,,,0.9983368421052632,0.92,0.72,0.0
weighted,4,0.05,1,3.0,OMNI Borda (default),-0.4011908773198275,,,,,0.9961894736842105,0.88,,
weighted,4,0.05,1,3.0,OMNI elbow,-0.2220868715872036,,,,,0.9697894736842105,0.86,,
weighted,4,0.05,1,3.0,OMNI degree-adjusted z,-0.017071986258506425,0.02,0.0,,,0.9984631578947368,0.9,0.68,0.0
weighted,4,0.05,1,3.0,ASE+Procrustes Borda,-0.355923078265371,,,,,0.9872421052631579,0.76,,
weighted,4,0.05,1,3.0,raw rows Borda,-0.42938495772180263,,,,,0.8522631578947368,0.28,,
weighted,4,0.05,1,3.0,raw rows degree-adjusted z,-0.09639067802436989,0.029473684210526315,0.0,,,0.8840210526315789,0.48,0.14,0.0
weighted,4,0.05,1,,time UASE,,,,0.7705198109999856,2.0,,,,
weighted,4,0.05,1,,time OMNI,,,,4.421833571999969,2.0,,,,
weighted,4,0.05,1,,time ASE+Procrustes,,,,0.4997181799999453,,,,,
weighted,4,0.05,2,1.0,DeDi,-0.043830906708688,,,,,0.6089052631578947,0.08,,
weighted,4,0.05,2,1.0,UASE Borda (default),-0.37926304940630445,,,,,0.999621052631579,0.96,,
weighted,4,0.05,2,1.0,UASE elbow,-0.15849377027829348,,,,,0.9074947368421052,0.62,,
weighted,4,0.05,2,1.0,UASE degree-adjusted z,0.004746560733906047,0.02631578947368421,3.0,,,0.9995368421052632,0.98,1.0,0.05660377358490566
weighted,4,0.05,2,1.0,OMNI Borda (default),-0.4697272269926973,,,,,0.9999578947368422,0.98,,
weighted,4,0.05,2,1.0,OMNI elbow,-0.161140179410765,,,,,0.9035368421052632,0.6,,
weighted,4,0.05,2,1.0,OMNI degree-adjusted z,-0.00910835824807154,0.022105263157894735,0.0,,,1.0,1.0,1.0,0.0
weighted,4,0.05,2,1.0,ASE+Procrustes Borda,-0.41444189903229406,,,,,0.9967473684210526,0.9,,
weighted,4,0.05,2,1.0,raw rows Borda,-0.4422047315071069,,,,,0.8710315789473684,0.3,,
weighted,4,0.05,2,1.0,raw rows degree-adjusted z,-0.08172966046733046,0.03263157894736842,2.0,,,0.9088631578947368,0.52,0.28,0.125
weighted,4,0.05,2,2.0,DeDi,0.033669969367512355,,,,,0.49282105263157894,0.04,,
weighted,4,0.05,2,2.0,UASE Borda (default),-0.16618696523194298,,,,,0.9926736842105263,0.86,,
weighted,4,0.05,2,2.0,UASE elbow,-0.060258114980268104,,,,,0.9246842105263158,0.66,,
weighted,4,0.05,2,2.0,UASE degree-adjusted z,-0.032095170130236626,0.015789473684210527,1.0,,,0.9939157894736842,0.88,0.58,0.03333333333333333
weighted,4,0.05,2,2.0,OMNI Borda (default),-0.13748933964303345,,,,,0.9896105263157895,0.84,,
weighted,4,0.05,2,2.0,OMNI elbow,-0.06791903776224727,,,,,0.902778947368421,0.64,,
weighted,4,0.05,2,2.0,OMNI degree-adjusted z,-0.03089100492369696,0.010526315789473684,0.0,,,0.9942947368421052,0.9,0.04,0.0
weighted,4,0.05,2,2.0,ASE+Procrustes Borda,-0.41705754367940595,,,,,0.9855473684210526,0.8,,
weighted,4,0.05,2,2.0,raw rows Borda,-0.39843615739960014,,,,,0.8282,0.3,,
weighted,4,0.05,2,2.0,raw rows degree-adjusted z,-0.06543575933981209,0.016842105263157894,2.0,,,0.9377473684210527,0.68,0.2,0.16666666666666666
weighted,4,0.05,2,3.0,DeDi,-0.023372120954675505,,,,,0.46016842105263156,0.06,,
weighted,4,0.05,2,3.0,UASE Borda (default),-0.4638957026988303,,,,,0.998621052631579,0.94,,
weighted,4,0.05,2,3.0,UASE elbow,-0.22085274607529343,,,,,0.8959263157894737,0.6,,
weighted,4,0.05,2,3.0,UASE degree-adjusted z,0.040526747922916495,0.02631578947368421,0.0,,,0.9996421052631579,0.96,0.9,0.0
weighted,4,0.05,2,3.0,OMNI Borda (default),-0.4885975389407296,,,,,1.0,1.0,,
weighted,4,0.05,2,3.0,OMNI elbow,-0.21857856456828179,,,,,0.8780947368421053,0.58,,
weighted,4,0.05,2,3.0,OMNI degree-adjusted z,0.029341622830781965,0.023157894736842106,1.0,,,0.9998736842105264,0.98,0.96,0.02040816326530612
weighted,4,0.05,2,3.0,ASE+Procrustes Borda,-0.4580844205016165,,,,,0.9924736842105263,0.8,,
weighted,4,0.05,2,3.0,raw rows Borda,-0.45647403537797915,,,,,0.9040421052631579,0.4,,
weighted,4,0.05,2,3.0,raw rows degree-adjusted z,-0.07052934947121388,0.02631578947368421,0.0,,,0.9461894736842106,0.58,0.12,0.0
weighted,4,0.05,2,,time UASE,,,,0.7801956619999828,2.0,,,,
weighted,4,0.05,2,,time OMNI,,,,3.4261170099999845,2.0,,,,
weighted,4,0.05,2,,time ASE+Procrustes,,,,0.5230491010000833,,,,,
weighted,4,0.05,3,1.0,DeDi,0.013955138950146672,,,,,0.46193684210526315,0.08,,
weighted,4,0.05,3,1.0,UASE Borda (default),-0.20285517418793658,,,,,0.9915157894736842,0.8,,
weighted,4,0.05,3,1.0,UASE elbow,-0.14423843472895861,,,,,0.7879052631578948,0.54,,
weighted,4,0.05,3,1.0,UASE degree-adjusted z,0.0034150718697399346,0.014736842105263158,0.0,,,0.9933473684210526,0.8,0.44,0.0
weighted,4,0.05,3,1.0,OMNI Borda (default),-0.3188756931998614,,,,,0.995578947368421,0.88,,
weighted,4,0.05,3,1.0,OMNI elbow,-0.1439199936953202,,,,,0.7786315789473685,0.54,,
weighted,4,0.05,3,1.0,OMNI degree-adjusted z,0.008580042747969804,0.02,1.0,,,0.9955578947368421,0.88,0.62,0.03125
weighted,4,0.05,3,1.0,ASE+Procrustes Borda,-0.35417723221389336,,,,,0.9819368421052631,0.7,,
weighted,4,0.05,3,1.0,raw rows Borda,-0.437731904651241,,,,,0.8448631578947369,0.34,,
weighted,4,0.05,3,1.0,raw rows degree-adjusted z,-0.0968536731430115,0.02526315789473684,0.0,,,0.8986105263157895,0.56,0.16,0.0
weighted,4,0.05,3,2.0,DeDi,0.016059275411939515,,,,,0.5066736842105263,0.06,,
weighted,4,0.05,3,2.0,UASE Borda (default),-0.29285993198009186,,,,,0.994378947368421,0.84,,
weighted,4,0.05,3,2.0,UASE elbow,-0.18017355069190946,,,,,0.7984631578947369,0.54,,
weighted,4,0.05,3,2.0,UASE degree-adjusted z,-0.007913920417815305,0.030526315789473683,0.0,,,0.996421052631579,0.88,0.5,0.0
weighted,4,0.05,3,2.0,OMNI Borda (default),-0.40014389520549587,,,,,0.9952105263157894,0.82,,
weighted,4,0.05,3,2.0,OMNI elbow,-0.17750558142863274,,,,,0.7648315789473684,0.52,,
weighted,4,0.05,3,2.0,OMNI degree-adjusted z,-0.01804289038139188,0.02736842105263158,1.0,,,0.9972,0.88,0.54,0.03571428571428571
weighted,4,0.05,3,2.0,ASE+Procrustes Borda,-0.3612696805842751,,,,,0.9893052631578947,0.72,,
weighted,4,0.05,3,2.0,raw rows Borda,-0.4692440716094812,,,,,0.8355368421052631,0.24,,
weighted,4,0.05,3,2.0,raw rows degree-adjusted z,-0.11598633058698243,0.014736842105263158,0.0,,,0.8420842105263158,0.46,0.04,0.0
weighted,4,0.05,3,3.0,DeDi,0.011480004555771195,,,,,0.5369684210526315,0.06,,
weighted,4,0.05,3,3.0,UASE Borda (default),-0.3265139915831893,,,,,0.9967368421052631,0.9,,
weighted,4,0.05,3,3.0,UASE elbow,-0.24080424997516528,,,,,0.8501684210526316,0.6,,
weighted,4,0.05,3,3.0,UASE degree-adjusted z,-0.020346571021131327,0.030526315789473683,1.0,,,0.9989052631578947,0.92,0.76,0.02564102564102564
weighted,4,0.05,3,3.0,OMNI Borda (default),-0.38921098248595,,,,,0.998378947368421,0.94,,
weighted,4,0.05,3,3.0,OMNI elbow,-0.2376900356128049,,,,,0.8366631578947369,0.58,,
weighted,4,0.05,3,3.0,OMNI degree-adjusted z,-0.02606734598510417,0.037894736842105266,2.0,,,0.999178947368421,0.94,0.88,0.043478260869565216
weighted,4,0.05,3,3.0,ASE+Procrustes Borda,-0.4093936568493646,,,,,0.9822526315789474,0.76,,
weighted,4,0.05,3,3.0,raw rows Borda,-0.48842474818468296,,,,,0.8253473684210526,0.22,,
weighted,4,0.05,3,3.0,raw rows degree-adjusted z,-0.13347541134467508,0.034736842105263156,0.0,,,0.9114315789473684,0.56,0.14,0.0
weighted,4,0.05,3,,time UASE,,,,0.7594155329999239,2.0,,,,
weighted,4,0.05,3,,time OMNI,,,,2.8149415350000027,2.0,,,,
weighted,4,0.05,3,,time ASE+Procrustes,,,,0.49138012600008096,,,,,
weighted,4,0.05,4,1.0,DeDi,-0.03042152955294133,,,,,0.5504842105263158,0.06,,
weighted,4,0.05,4,1.0,UASE Borda (default),-0.2507410757015462,,,,,0.987578947368421,0.88,,
weighted,4,0.05,4,1.0,UASE elbow,-0.15381958952547445,,,,,0.9242631578947369,0.6,,
weighted,4,0.05,4,1.0,UASE degree-adjusted z,-0.013977518913711,0.015789473684210527,0.0,,,0.9903578947368421,0.9,0.28,0.0
weighted,4,0.05,4,1.0,OMNI Borda (default),-0.37654175040273985,,,,,0.9965473684210526,0.88,,
weighted,4,0.05,4,1.0,OMNI elbow,-0.15178340215711478,,,,,0.9162210526315789,0.6,,
weighted,4,0.05,4,1.0,OMNI degree-adjusted z,-0.02131289837848487,0.024210526315789474,1.0,,,0.9977052631578948,0.9,0.68,0.02857142857142857
weighted,4,0.05,4,1.0,ASE+Procrustes Borda,-0.3552240392243991,,,,,0.973378947368421,0.76,,
weighted,4,0.05,4,1.0,raw rows Borda,-0.45418868241823035,,,,,0.84,0.24,,
weighted,4,0.05,4,1.0,raw rows degree-adjusted z,-0.11360149983545689,0.030526315789473683,1.0,,,0.8989684210526315,0.48,0.14,0.125
weighted,4,0.05,4,2.0,DeDi,0.03891893159117658,,,,,0.4676421052631579,0.04,,
weighted,4,0.05,4,2.0,UASE Borda (default),-0.34635236377781303,,,,,0.9896631578947368,0.8,,
weighted,4,0.05,4,2.0,UASE elbow,-0.1610038575981063,,,,,0.9478631578947369,0.68,,
weighted,4,0.05,4,2.0,UASE degree-adjusted z,0.02737975799477486,0.02736842105263158,0.0,,,0.9919578947368421,0.84,0.42,0.0
weighted,4,0.05,4,2.0,OMNI Borda (default),-0.39799636879099853,,,,,0.9945473684210526,0.86,,
weighted,4,0.05,4,2.0,OMNI elbow,-0.15897902354449012,,,,,0.9385473684210527,0.66,,
weighted,4,0.05,4,2.0,OMNI degree-adjusted z,0.020954259112460898,0.034736842105263156,2.0,,,0.9951578947368421,0.9,0.72,0.05263157894736842
weighted,4,0.05,4,2.0,ASE+Procrustes Borda,-0.37391939816058806,,,,,0.9798105263157895,0.72,,
weighted,4,0.05,4,2.0,raw rows Borda,-0.4592136126860763,,,,,0.8772,0.4,,
weighted,4,0.05,4,2.0,raw rows degree-adjusted z,-0.07078633415601977,0.02736842105263158,1.0,,,0.9093052631578947,0.48,0.12,0.14285714285714285
weighted,4,0.05,4,3.0,DeDi,-0.03641657453943235,,,,,0.5482315789473684,0.14,,
weighted,4,0.05,4,3.0,UASE Borda (default),-0.1804048651345147,,,,,0.9914947368421053,0.78,,
weighted,4,0.05,4,3.0,UASE elbow,-0.17302394213101469,,,,,0.9178842105263157,0.62,,
weighted,4,0.05,4,3.0,UASE degree-adjusted z,-0.024650088254945437,0.021052631578947368,0.0,,,0.9949684210526316,0.88,0.36,0.0
weighted,4,0.05,4,3.0,OMNI Borda (default),-0.2527000671234532,,,,,0.9919052631578947,0.82,,
weighted,4,0.05,4,3.0,OMNI elbow,-0.17576964093987357,,,,,0.9093684210526316,0.62,,
weighted,4,0.05,4,3.0,OMNI degree-adjusted z,-0.017801497491089217,0.022105263157894735,0.0,,,0.9946105263157895,0.86,0.44,0.0
weighted,4,0.05,4,3.0,ASE+Procrustes Borda,-0.387383913549231,,,,,0.9809157894736842,0.7,,
weighted,4,0.05,4,3.0,raw rows Borda,-0.4579637552917967,,,,,0.8054947368421053,0.28,,
weighted,4,0.05,4,3.0,raw rows degree-adjusted z,-0.1112991628333048,0.03894736842105263,3.0,,,0.8889473684210526,0.6,0.22,0.21428571428571427
weighted,4,0.05,4,,time UASE,,,,0.6771070949999967,2.0,,,,
weighted,4,0.05,4,,time OMNI,,,,3.550744232999932,2.0,,,,
weighted,4,0.05,4,,time ASE+Procrustes,,,,0.5474302559999842,,,,,
weighted,4,0.05,5,1.0,DeDi,0.002475575275458827,,,,,0.5689052631578947,0.14,,
weighted,4,0.05,5,1.0,UASE Borda (default),-0.07216418187160553,,,,,0.9918736842105264,0.8,,
weighted,4,0.05,5,1.0,UASE elbow,-0.14380984627290827,,,,,0.8370947368421052,0.68,,
weighted,4,0.05,5,1.0,UASE degree-adjusted z,-0.016205787893860332,0.03368421052631579,2.0,,,0.9942526315789474,0.84,0.6,0.0625
weighted,4,0.05,5,1.0,OMNI Borda (default),-0.09847957662590778,,,,,0.9956947368421053,0.86,,
weighted,4,0.05,5,1.0,OMNI elbow,-0.13995243056544307,,,,,0.8313684210526315,0.68,,
weighted,4,0.05,5,1.0,OMNI degree-adjusted z,-0.022050247496993875,0.029473684210526315,1.0,,,0.9957473684210526,0.86,0.42,0.045454545454545456
weighted,4,0.05,5,1.0,ASE+Procrustes Borda,-0.3413949440695941,,,,,0.9842736842105263,0.72,,
weighted,4,0.05,5,1.0,raw rows Borda,-0.40073679448194816,,,,,0.8064842105263158,0.2,,
weighted,4,0.05,5,1.0,raw rows degree-adjusted z,-0.10531980761489108,0.035789473684210524,1.0,,,0.8685473684210526,0.5,0.24,0.07692307692307693
weighted,4,0.05,5,2.0,DeDi,-0.031636947724275076,,,,,0.6300631578947369,0.14,,
weighted,4,0.05,5,2.0,UASE Borda (default),-0.22461025294201092,,,,,0.9805263157894737,0.76,,
weighted,4,0.05,5,2.0,UASE elbow,-0.2122524322477141,,,,,0.7804421052631579,0.5,,
weighted,4,0.05,5,2.0,UASE degree-adjusted z,-0.012064444917594602,0.024210526315789474,2.0,,,0.9844,0.78,0.66,0.05714285714285714
weighted,4,0.05,5,2.0,OMNI Borda (default),-0.2449035909508333,,,,,0.9869473684210527,0.76,,
weighted,4,0.05,5,2.0,OMNI elbow,-0.21451755572877648,,,,,0.7771263157894737,0.5,,
weighted,4,0.05,5,2.0,OMNI degree-adjusted z,-0.006417612009600711,0.031578947368421054,2.0,,,0.9891368421052632,0.78,0.64,0.058823529411764705
weighted,4,0.05,5,2.0,ASE+Procrustes Borda,-0.36055688705745403,,,,,0.9698210526315789,0.68,,
weighted,4,0.05,5,2.0,raw rows Borda,-0.431032438462612,,,,,0.8259473684210527,0.18,,
weighted,4,0.05,5,2.0,raw rows degree-adjusted z,-0.10674424540840723,0.031578947368421054,1.0,,,0.9011789473684211,0.54,0.22,0.08333333333333333
weighted,4,0.05,5,3.0,DeDi,-0.017812582501184872,,,,,0.6114736842105263,0.12,,
weighted,4,0.05,5,3.0,UASE Borda (default),-0.3247712699903844,,,,,0.992378947368421,0.86,,
weighted,4,0.05,5,3.0,UASE elbow,-0.21974996975077057,,,,,0.7986947368421052,0.54,,
weighted,4,0.05,5,3.0,UASE degree-adjusted z,0.0189119439759111,0.018947368421052633,0.0,,,0.9948631578947369,0.88,0.72,0.0
weighted,4,0.05,5,3.0,OMNI Borda (default),-0.42765857568843557,,,,,0.9914315789473684,0.82,,
weighted,4,0.05,5,3.0,OMNI elbow,-0.21828356815868855,,,,,0.7964315789473684,0.54,,
weighted,4,0.05,5,3.0,OMNI degree-adjusted z,-0.0012551744480719937,0.029473684210526315,0.0,,,0.9903157894736843,0.9,0.74,0.0
weighted,4,0.05,5,3.0,ASE+Procrustes Borda,-0.39008134190331334,,,,,0.9903368421052632,0.74,,
weighted,4,0.05,5,3.0,raw rows Borda,-0.4556589091001793,,,,,0.8201578947368421,0.18,,
weighted,4,0.05,5,3.0,raw rows degree-adjusted z,-0.09470612039167736,0.028421052631578948,0.0,,,0.8575789473684211,0.46,0.18,0.0
weighted,4,0.05,5,,time UASE,,,,0.7364948990000357,2.0,,,,
weighted,4,0.05,5,,time OMNI,,,,3.0266775820000476,2.0,,,,
weighted,4,0.05,5,,time ASE+Procrustes,,,,0.5292505170000368,,,,,
weighted,4,0.05,6,1.0,DeDi,-0.02315012683204023,,,,,0.5887157894736842,0.06,,
weighted,4,0.05,6,1.0,UASE Borda (default),-0.23415199184230054,,,,,0.9871368421052632,0.84,,
weighted,4,0.05,6,1.0,UASE elbow,-0.16607277888977726,,,,,0.9504736842105264,0.74,,
weighted,4,0.05,6,1.0,UASE degree-adjusted z,0.010977666049024929,0.01263157894736842,0.0,,,0.9897894736842106,0.82,0.28,0.0
weighted,4,0.05,6,1.0,OMNI Borda (default),-0.29750496091877615,,,,,0.9902736842105263,0.76,,
weighted,4,0.05,6,1.0,OMNI elbow,-0.16297139497093507,,,,,0.9467894736842105,0.74,,
weighted,4,0.05,6,1.0,OMNI degree-adjusted z,0.009916990139834535,0.024210526315789474,0.0,,,0.991178947368421,0.82,0.48,0.0
weighted,4,0.05,6,1.0,ASE+Procrustes Borda,-0.42337259927978454,,,,,0.9643894736842106,0.66,,
weighted,4,0.05,6,1.0,raw rows Borda,-0.4327530148866905,,,,,0.8579263157894736,0.3,,
weighted,4,0.05,6,1.0,raw rows degree-adjusted z,-0.07533997792445433,0.04105263157894737,0.0,,,0.8872842105263158,0.48,0.12,0.0
weighted,4,0.05,6,2.0,DeDi,0.02128762119637281,,,,,0.5460842105263158,0.04,,
weighted,4,0.05,6,2.0,UASE Borda (default),-0.18970491476088322,,,,,0.9818105263157895,0.78,,
weighted,4,0.05,6,2.0,UASE elbow,-0.22900933429116624,,,,,0.9063789473684211,0.82,,
weighted,4,0.05,6,2.0,UASE degree-adjusted z,-0.003453421525878933,0.028421052631578948,0.0,,,0.9862526315789474,0.84,0.48,0.0
weighted,4,0.05,6,2.0,OMNI Borda (default),-0.23384730754433822,,,,,0.9859368421052631,0.78,,
weighted,4,0.05,6,2.0,OMNI elbow,-0.22640222294988493,,,,,0.8986842105263158,0.82,,
weighted,4,0.05,6,2.0,OMNI degree-adjusted z,-0.015389010199224016,0.028421052631578948,0.0,,,0.9866105263157895,0.82,0.52,0.0
weighted,4,0.05,6,2.0,ASE+Procrustes Borda,-0.43619947768324296,,,,,0.9713263157894737,0.68,,
weighted,4,0.05,6,2.0,raw rows Borda,-0.412869615634649,,,,,0.8236526315789474,0.32,,
weighted,4,0.05,6,2.0,raw rows degree-adjusted z,-0.09628429271914633,0.03263157894736842,0.0,,,0.8720421052631578,0.52,0.22,0.0
weighted,4,0.05,6,3.0,DeDi,-0.008955295532912386,,,,,0.5373473684210527,0.12,,
weighted,4,0.05,6,3.0,UASE Borda (default),-0.2402361205371821,,,,,0.9930315789473684,0.8,,
weighted,4,0.05,6,3.0,UASE elbow,-0.18179403131010802,,,,,0.9431894736842106,0.88,,
weighted,4,0.05,6,3.0,UASE degree-adjusted z,-0.027023190170031394,0.021052631578947368,0.0,,,0.9966947368421053,0.86,0.58,0.0
weighted,4,0.05,6,3.0,OMNI Borda (default),-0.35403351196274147,,,,,0.9959789473684211,0.9,,
weighted,4,0.05,6,3.0,OMNI elbow,-0.17611877285157004,,,,,0.9436842105263158,0.86,,
weighted,4,0.05,6,3.0,OMNI degree-adjusted z,-0.02964202380512916,0.037894736842105266,1.0,,,0.9964421052631579,0.9,0.84,0.023255813953488372
weighted,4,0.05,6,3.0,ASE+Procrustes Borda,-0.3651957048813477,,,,,0.9774736842105263,0.7,,
weighted,4,0.05,6,3.0,raw rows Borda,-0.4458328094951527,,,,,0.840221052631579,0.2,,
weighted,4,0.05,6,3.0,raw rows degree-adjusted z,-0.10503616012171119,0.031578947368421054,1.0,,,0.8945052631578947,0.48,0.12,0.14285714285714285
weighted,4,0.05,6,,time UASE,,,,0.8125795899999275,2.0,,,,
weighted,4,0.05,6,,time OMNI,,,,4.047875907999924,2.0,,,,
weighted,4,0.05,6,,time ASE+Procrustes,,,,0.48785745200007113,,,,,
weighted,4,0.05,7,1.0,DeDi,0.009863538557062696,,,,,0.5450105263157895,0.06,,
weighted,4,0.05,7,1.0,UASE Borda (default),-0.279706594297779,,,,,0.9853578947368421,0.86,,
weighted,4,0.05,7,1.0,UASE elbow,-0.1882107268481149,,,,,0.6655052631578947,0.12,,
weighted,4,0.05,7,1.0,UASE degree-adjusted z,-0.028743760089309914,0.007368421052631579,1.0,,,0.9877263157894737,0.92,0.78,0.025
weighted,4,0.05,7,1.0,OMNI Borda (default),-0.39888487722428023,,,,,0.9909578947368421,0.94,,
weighted,4,0.05,7,1.0,OMNI elbow,-0.18338490556766285,,,,,0.6108947368421053,0.04,,
weighted,4,0.05,7,1.0,OMNI degree-adjusted z,-0.03514914639648821,0.02526315789473684,2.0,,,0.9884421052631579,0.94,0.92,0.041666666666666664
weighted,4,0.05,7,1.0,ASE+Procrustes Borda,-0.3920446149309245,,,,,0.9921473684210527,0.84,,
weighted,4,0.05,7,1.0,raw rows Borda,-0.41194135823233485,,,,,0.8313894736842106,0.18,,
weighted,4,0.05,7,1.0,raw rows degree-adjusted z,-0.08613684773874368,0.016842105263157894,1.0,,,0.9339578947368421,0.58,0.28,0.06666666666666667
weighted,4,0.05,7,2.0,DeDi,-0.0023625697558725977,,,,,0.6332,0.1,,
weighted,4,0.05,7,2.0,UASE Borda (default),-0.27664631639800985,,,,,0.9963578947368421,0.92,,
weighted,4,0.05,7,2.0,UASE elbow,-0.14646431983280633,,,,,0.7191473684210526,0.26,,
weighted,4,0.05,7,2.0,UASE degree-adjusted z,0.029033957815728158,0.02,2.0,,,0.9965263157894737,0.94,0.9,0.0425531914893617
weighted,4,0.05,7,2.0,OMNI Borda (default),-0.2922766464165315,,,,,0.9993473684210527,0.96,,
weighted,4,0.05,7,2.0,OMNI elbow,-0.15153584622810226,,,,,0.6782947368421053,0.2,,
weighted,4,0.05,7,2.0,OMNI degree-adjusted z,0.0302996224343389,0.023157894736842106,3.0,,,0.9978105263157895,0.94,0.9,0.0625
weighted,4,0.05,7,2.0,ASE+Procrustes Borda,-0.37287357865607085,,,,,0.9913263157894737,0.84,,
weighted,4,0.05,7,2.0,raw rows Borda,-0.4125687571607274,,,,,0.8663578947368421,0.26,,
weighted,4,0.05,7,2.0,raw rows degree-adjusted z,-0.04749527233766873,0.034736842105263156,2.0,,,0.8869894736842105,0.62,0.26,0.13333333333333333
weighted,4,0.05,7,3.0,DeDi,-0.04786326108190469,,,,,0.5615789473684211,0.06,,
weighted,4,0.05,7,3.0,UASE Borda (default),-0.32700995372081465,,,,,0.9964736842105263,0.86,,
weighted,4,0.05,7,3.0,UASE elbow,-0.23543231855743993,,,,,0.7139894736842105,0.2,,
weighted,4,0.05,7,3.0,UASE degree-adjusted z,0.012324732711469399,0.021052631578947368,3.0,,,0.9960421052631578,0.9,0.82,0.06818181818181818
weighted,4,0.05,7,3.0,OMNI Borda (default),-0.3292253511947909,,,,,0.9987157894736842,0.94,,
weighted,4,0.05,7,3.0,OMNI elbow,-0.23922051289065588,,,,,0.6544,0.08,,
weighted,4,0.05,7,3.0,OMNI degree-adjusted z,0.008333345288442076,0.022105263157894735,2.0,,,0.9981894736842105,0.92,0.8,0.047619047619047616
weighted,4,0.05,7,3.0,ASE+Procrustes Borda,-0.39801969343322624,,,,,0.9922315789473685,0.86,,
weighted,4,0.05,7,3.0,raw rows Borda,-0.42952773983566583,,,,,0.860621052631579,0.3,,
weighted,4,0.05,7,3.0,raw rows degree-adjusted z,-0.05714415779203956,0.03368421052631579,2.0,,,0.9226315789473685,0.56,0.14,0.2222222222222222
weighted,4,0.05,7,,time UASE,,,,0.6564989700000297,2.0,,,,
weighted,4,0.05,7,,time OMNI,,,,3.0792030439999962,2.0,,,,
weighted,4,0.05,7,,time ASE+Procrustes,,,,0.4942890309999939,,,,,
weighted,4,0.05,8,1.0,DeDi,-0.051813135701972796,,,,,0.5557894736842105,0.04,,
weighted,4,0.05,8,1.0,UASE Borda (default),-0.25745648438487717,,,,,0.9978315789473684,0.92,,
weighted,4,0.05,8,1.0,UASE elbow,-0.16890203611837704,,,,,0.790621052631579,0.58,,
weighted,4,0.05,8,1.0,UASE degree-adjusted z,0.0014977430212635898,0.029473684210526315,0.0,,,0.9992421052631579,0.94,0.84,0.0
weighted,4,0.05,8,1.0,OMNI Borda (default),-0.35947135833236843,,,,,0.9989263157894737,0.92,,
weighted,4,0.05,8,1.0,OMNI elbow,-0.16348962238180018,,,,,0.7960842105263158,0.6,,
weighted,4,0.05,8,1.0,OMNI degree-adjusted z,-0.00290815659746175,0.02736842105263158,2.0,,,0.9996,0.96,0.98,0.0392156862745098
weighted,4,0.05,8,1.0,ASE+Procrustes Borda,-0.41157856738928855,,,,,0.9906842105263158,0.78,,
weighted,4,0.05,8,1.0,raw rows Borda,-0.40349568857042456,,,,,0.8187368421052632,0.26,,
weighted,4,0.05,8,1.0,raw rows degree-adjusted z,-0.09454689933757619,0.04105263157894737,0.0,,,0.876421052631579,0.46,0.14,0.0
weighted,4,0.05,8,2.0,DeDi,0.01599808391681554,,,,,0.5617684210526316,0.06,,
weighted,4,0.05,8,2.0,UASE Borda (default),-0.22746883858999728,,,,,0.9875684210526315,0.86,,
weighted,4,0.05,8,2.0,UASE elbow,-0.13992863255394994,,,,,0.829178947368421,0.58,,
weighted,4,0.05,8,2.0,UASE degree-adjusted z,-0.0026131301734639623,0.021052631578947368,0.0,,,0.9939157894736842,0.9,0.54,0.0
weighted,4,0.05,8,2.0,OMNI Borda (default),-0.2879815983776399,,,,,0.990578947368421,0.82,,
weighted,4,0.05,8,2.0,OMNI elbow,-0.14282585576840418,,,,,0.8387473684210527,0.6,,
weighted,4,0.05,8,2.0,OMNI degree-adjusted z,-0.00034287251870989105,0.02736842105263158,1.0,,,0.9949894736842105,0.9,0.66,0.029411764705882353
weighted,4,0.05,8,2.0,ASE+Procrustes Borda,-0.4170547391609215,,,,,0.9935263157894737,0.82,,
weighted,4,0.05,8,2.0,raw rows Borda,-0.40596078578834033,,,,,0.8139263157894737,0.26,,
weighted,4,0.05,8,2.0,raw rows degree-adjusted z,-0.08920084530200094,0.016842105263157894,0.0,,,0.8924,0.6,0.18,0.0
weighted,4,0.05,8,3.0,DeDi,-0.009871712352385754,,,,,0.5449052631578948,0.06,,
weighted,4,0.05,8,3.0,UASE Borda (default),-0.33459488438268575,,,,,0.9958421052631579,0.92,,
weighted,4,0.05,8,3.0,UASE elbow,-0.18551883230038757,,,,,0.8126,0.54,,
weighted,4,0.05,8,3.0,UASE degree-adjusted z,-0.004363945934682769,0.031578947368421054,1.0,,,0.9979789473684211,0.94,0.9,0.021739130434782608
weighted,4,0.05,8,3.0,OMNI Borda (default),-0.4125306450436282,,,,,0.9980631578947369,0.94,,
weighted,4,0.05,8,3.0,OMNI elbow,-0.18908122183715118,,,,,0.8224842105263158,0.54,,
weighted,4,0.05,8,3.0,OMNI degree-adjusted z,-0.013939169257572003,0.024210526315789474,0.0,,,0.9990736842105263,0.96,0.9,0.0
weighted,4,0.05,8,3.0,ASE+Procrustes Borda,-0.4427095943422736,,,,,0.9925894736842106,0.8,,
weighted,4,0.05,8,3.0,raw rows Borda,-0.43413980065959984,,,,,0.8206421052631578,0.34,,
weighted,4,0.05,8,3.0,raw rows degree-adjusted z,-0.09837949958947323,0.028421052631578948,0.0,,,0.8990947368421053,0.6,0.2,0.0
weighted,4,0.05,8,,time UASE,,,,0.729613664999988,2.0,,,,
weighted,4,0.05,8,,time OMNI,,,,3.41011059199991,2.0,,,,
weighted,4,0.05,8,,time ASE+Procrustes,,,,0.49629216200003157,,,,,
weighted,4,0.05,9,1.0,DeDi,-0.008368349846837564,,,,,0.474,0.04,,
weighted,4,0.05,9,1.0,UASE Borda (default),-0.16051268400834412,,,,,0.9866315789473684,0.76,,
weighted,4,0.05,9,1.0,UASE elbow,-0.11666934747124054,,,,,0.8148315789473685,0.48,,
weighted,4,0.05,9,1.0,UASE degree-adjusted z,-0.022703437315370115,0.018947368421052633,0.0,,,0.9916421052631579,0.82,0.04,0.0
weighted,4,0.05,9,1.0,OMNI Borda (default),-0.20044851256419424,,,,,0.9856105263157895,0.74,,
weighted,4,0.05,9,1.0,OMNI elbow,-0.11839747550373309,,,,,0.8149052631578947,0.48,,
weighted,4,0.05,9,1.0,OMNI degree-adjusted z,-0.022782711933023867,0.030526315789473683,0.0,,,0.9900631578947369,0.84,0.06,0.0
weighted,4,0.05,9,1.0,ASE+Procrustes Borda,-0.38105292084411335,,,,,0.9915157894736842,0.9,,
weighted,4,0.05,9,1.0,raw rows Borda,-0.4283147809448884,,,,,0.8218,0.18,,
weighted,4,0.05,9,1.0,raw rows degree-adjusted z,-0.09395849804411506,0.028421052631578948,0.0,,,0.9012210526315789,0.5,0.12,0.0
weighted,4,0.05,9,2.0,DeDi,-0.04520610578311766,,,,,0.5047789473684211,0.08,,
weighted,4,0.05,9,2.0,UASE Borda (default),-0.37538738754172524,,,,,0.9988631578947369,0.94,,
weighted,4,0.05,9,2.0,UASE elbow,-0.18762521779471242,,,,,0.7518631578947368,0.44,,
weighted,4,0.05,9,2.0,UASE degree-adjusted z,0.0029154906192927115,0.015789473684210527,0.0,,,0.9997473684210526,0.96,0.9,0.0
weighted,4,0.05,9,2.0,OMNI Borda (default),-0.4159507614440461,,,,,0.9993473684210527,0.94,,
weighted,4,0.05,9,2.0,OMNI elbow,-0.18469563182223214,,,,,0.7511368421052631,0.44,,
weighted,4,0.05,9,2.0,OMNI degree-adjusted z,-0.013742032430302737,0.02,0.0,,,0.9998105263157895,0.96,0.92,0.0
weighted,4,0.05,9,2.0,ASE+Procrustes Borda,-0.38927398612261843,,,,,0.9943368421052632,0.86,,
weighted,4,0.05,9,2.0,raw rows Borda,-0.46776574811891186,,,,,0.8684,0.4,,
weighted,4,0.05,9,2.0,raw rows degree-adjusted z,-0.08994033584291479,0.03368421052631579,2.0,,,0.9078105263157895,0.56,0.14,0.2222222222222222
weighted,4,0.05,9,3.0,DeDi,-0.023784463735518936,,,,,0.5847368421052631,0.02,,
weighted,4,0.05,9,3.0,UASE Borda (default),-0.24666585999414403,,,,,0.9865894736842106,0.86,,
weighted,4,0.05,9,3.0,UASE elbow,-0.1853881585082899,,,,,0.7798315789473684,0.5,,
weighted,4,0.05,9,3.0,UASE degree-adjusted z,-0.006847464067754325,0.024210526315789474,0.0,,,0.9879789473684211,0.9,0.74,0.0
weighted,4,0.05,9,3.0,OMNI Borda (default),-0.33197782562442457,,,,,0.9920842105263158,0.92,,
weighted,4,0.05,9,3.0,OMNI elbow,-0.18617239264268562,,,,,0.7748736842105263,0.5,,
weighted,4,0.05,9,3.0,OMNI degree-adjusted z,-0.01389190400619193,0.034736842105263156,0.0,,,0.9917052631578948,0.94,0.84,0.0
weighted,4,0.05,9,3.0,ASE+Procrustes Borda,-0.4097866665819445,,,,,0.9851894736842105,0.78,,
weighted,4,0.05,9,3.0,raw rows Borda,-0.4172374110737474,,,,,0.8725157894736842,0.28,,
weighted,4,0.05,9,3.0,raw rows degree-adjusted z,-0.09490159166818732,0.042105263157894736,0.0,,,0.9325473684210527,0.48,0.14,0.0
weighted,4,0.05,9,,time UASE,,,,0.6889263269999901,2.0,,,,
weighted,4,0.05,9,,time OMNI,,,,2.975544282000101,2.0,,,,
weighted,4,0.05,9,,time ASE+Procrustes,,,,0.49303715899998224,,,,,
coexpression,4,0.0,0,1.0,DeDi,0.9472008112008112,,,,,,,,
coexpression,4,0.0,0,1.0,UASE Borda (default),0.39273236071140283,,,,,,,,
coexpression,4,0.0,0,1.0,UASE elbow,0.1482201501055756,,,,,,,,
coexpression,4,0.0,0,1.0,UASE degree-adjusted z,0.10438775638775638,0.016,0.0,,,,,,
coexpression,4,0.0,0,1.0,OMNI Borda (default),0.44387723845372495,,,,,,,,
coexpression,4,0.0,0,1.0,OMNI elbow,0.1411817595163794,,,,,,,,
coexpression,4,0.0,0,1.0,OMNI degree-adjusted z,0.04674700674700675,0.01,0.0,,,,,,
coexpression,4,0.0,0,1.0,ASE+Procrustes Borda,0.31794760422433516,,,,,,,,
coexpression,4,0.0,0,1.0,raw rows Borda,0.11715438722270058,,,,,,,,
coexpression,4,0.0,0,1.0,raw rows degree-adjusted z,0.06939736539736541,0.104,35.0,,,,,,
coexpression,4,0.0,0,2.0,DeDi,0.9214952014952016,,,,,,,,
coexpression,4,0.0,0,2.0,UASE Borda (default),0.3841201294999561,,,,,,,,
coexpression,4,0.0,0,2.0,UASE elbow,0.09305771677526233,,,,,,,,
coexpression,4,0.0,0,2.0,UASE degree-adjusted z,0.07974532374532374,0.018,0.0,,,,,,
coexpression,4,0.0,0,2.0,OMNI Borda (default),0.40614948872726253,,,,,,,,
coexpression,4,0.0,0,2.0,OMNI elbow,0.0874761873853919,,,,,,,,
coexpression,4,0.0,0,2.0,OMNI degree-adjusted z,0.02854770454770455,0.011,0.0,,,,,,
coexpression,4,0.0,0,2.0,ASE+Procrustes Borda,0.3394341866055567,,,,,,,,
coexpression,4,0.0,0,2.0,raw rows Borda,0.08813743038433561,,,,,,,,
coexpression,4,0.0,0,2.0,raw rows degree-adjusted z,0.06843094443094443,0.108,35.0,,,,,,
coexpression,4,0.0,0,3.0,DeDi,0.9034561234561235,,,,,,,,
coexpression,4,0.0,0,3.0,UASE Borda (default),0.3691804842782274,,,,,,,,
coexpression,4,0.0,0,3.0,UASE elbow,0.037139792559035496,,,,,,,,
coexpression,4,0.0,0,3.0,UASE degree-adjusted z,0.08714179514179514,0.026,0.0,,,,,,
coexpression,4,0.0,0,3.0,OMNI Borda (default),0.3725371275938166,,,,,,,,
coexpression,4,0.0,0,3.0,OMNI elbow,0.02110648188504825,,,,,,,,
coexpression,4,0.0,0,3.0,OMNI degree-adjusted z,0.019253551253551254,0.022,0.0,,,,,,
coexpression,4,0.0,0,3.0,ASE+Procrustes Borda,0.3395639880406628,,,,,,,,
coexpression,4,0.0,0,3.0,raw rows Borda,0.09433192585929936,,,,,,,,
coexpression,4,0.0,0,3.0,raw rows degree-adjusted z,0.04674759474759475,0.119,48.0,,,,,,
coexpression,4,0.0,0,,time UASE,,,,0.3488933639999914,5.0,,,,
coexpression,4,0.0,0,,time OMNI,,,,2.2515530389999867,5.0,,,,
coexpression,4,0.0,0,,time ASE+Procrustes,,,,0.37400635400001647,,,,,
coexpression,4,0.0,1,1.0,DeDi,0.9045567765567766,,,,,,,,
coexpression,4,0.0,1,1.0,UASE Borda (default),0.3562244510315936,,,,,,,,
coexpression,4,0.0,1,1.0,UASE elbow,0.017136697285217918,,,,,,,,
coexpression,4,0.0,1,1.0,UASE degree-adjusted z,0.08840994440994442,0.038,0.0,,,,,,
coexpression,4,0.0,1,1.0,OMNI Borda (default),0.31902317800544927,,,,,,,,
coexpression,4,0.0,1,1.0,OMNI elbow,0.0008544831457082787,,,,,,,,
coexpression,4,0.0,1,1.0,OMNI degree-adjusted z,0.05241436041436042,0.02,0.0,,,,,,
coexpression,4,0.0,1,1.0,ASE+Procrustes Borda,0.3361958496853449,,,,,,,,
coexpression,4,0.0,1,1.0,raw rows Borda,0.059922306619150274,,,,,,,,
coexpression,4,0.0,1,1.0,raw rows degree-adjusted z,0.05724581724581725,0.122,61.0,,,,,,
coexpression,4,0.0,1,2.0,DeDi,0.9132382812382813,,,,,,,,
coexpression,4,0.0,1,2.0,UASE Borda (default),0.3653637204174702,,,,,,,,
coexpression,4,0.0,1,2.0,UASE elbow,0.04713755364110022,,,,,,,,
coexpression,4,0.0,1,2.0,UASE degree-adjusted z,0.04880898080898081,0.023,0.0,,,,,,
coexpression,4,0.0,1,2.0,OMNI Borda (default),0.4005474898394738,,,,,,,,
coexpression,4,0.0,1,2.0,OMNI elbow,0.03274881845594718,,,,,,,,
coexpression,4,0.0,1,2.0,OMNI degree-adjusted z,0.02515521715521716,0.014,0.0,,,,,,
coexpression,4,0.0,1,2.0,ASE+Procrustes Borda,0.38730338617991233,,,,,,,,
coexpression,4,0.0,1,2.0,raw rows Borda,0.06773920358390528,,,,,,,,
coexpression,4,0.0,1,2.0,raw rows degree-adjusted z,0.057941805941805945,0.119,45.0,,,,,,
coexpression,4,0.0,1,3.0,DeDi,0.8944260784260785,,,,,,,,
coexpression,4,0.0,1,3.0,UASE Borda (default),0.38820357557405827,,,,,,,,
coexpression,4,0.0,1,3.0,UASE elbow,0.03343521169576461,,,,,,,,
coexpression,4,0.0,1,3.0,UASE degree-adjusted z,0.08925122925122926,0.024,0.0,,,,,,
coexpression,4,0.0,1,3.0,OMNI Borda (default),0.4090337279345889,,,,,,,,
coexpression,4,0.0,1,3.0,OMNI elbow,0.02828209529757391,,,,,,,,
coexpression,4,0.0,1,3.0,OMNI degree-adjusted z,0.03613587613587614,0.015,0.0,,,,,,
coexpression,4,0.0,1,3.0,ASE+Procrustes Borda,0.3799557573830313,,,,,,,,
coexpression,4,0.0,1,3.0,raw rows Borda,0.051656053408096175,,,,,,,,
coexpression,4,0.0,1,3.0,raw rows degree-adjusted z,0.021131253131253133,0.124,47.0,,,,,,
coexpression,4,0.0,1,,time UASE,,,,0.4525653210000655,5.0,,,,
coexpression,4,0.0,1,,time OMNI,,,,2.4745324949999485,5.0,,,,
coexpression,4,0.0,1,,time ASE+Procrustes,,,,0.316751652999983,,,,,
coexpression,4,0.0,3,1.0,DeDi,0.8843399603399604,,,,,,,,
coexpression,4,0.0,3,1.0,UASE Borda (default),0.417933796923292,,,,,,,,
coexpression,4,0.0,3,1.0,UASE elbow,0.0029190974453818124,,,,,,,,
coexpression,4,0.0,3,1.0,UASE degree-adjusted z,0.017680745680745683,0.032,0.0,,,,,,
coexpression,4,0.0,3,1.0,OMNI Borda (default),0.3777666486313514,,,,,,,,
coexpression,4,0.0,3,1.0,OMNI elbow,-0.005863242400963195,,,,,,,,
coexpression,4,0.0,3,1.0,OMNI degree-adjusted z,0.010869430869430869,0.015,0.0,,,,,,
coexpression,4,0.0,3,1.0,ASE+Procrustes Borda,0.4089626196683456,,,,,,,,
coexpression,4,0.0,3,1.0,raw rows Borda,0.06355008989846611,,,,,,,,
coexpression,4,0.0,3,1.0,raw rows degree-adjusted z,0.05357016557016557,0.115,34.0,,,,,,
coexpression,4,0.0,3,2.0,DeDi,0.8983807063807063,,,,,,,,
coexpression,4,0.0,3,2.0,UASE Borda (default),0.39072106105085835,,,,,,,,
coexpression,4,0.0,3,2.0,UASE elbow,0.01932243714406949,,,,,,,,
coexpression,4,0.0,3,2.0,UASE degree-adjusted z,0.06432354432354433,0.031,0.0,,,,,,
coexpression,4,0.0,3,2.0,OMNI Borda (default),0.40637910421252443,,,,,,,,
coexpression,4,0.0,3,2.0,OMNI elbow,0.01266198151200042,,,,,,,,
coexpression,4,0.0,3,2.0,OMNI degree-adjusted z,0.0036138156138156136,0.037,0.0,,,,,,
coexpression,4,0.0,3,2.0,ASE+Procrustes Borda,0.41480323240074024,,,,,,,,
coexpression,4,0.0,3,2.0,raw rows Borda,0.06224511404721003,,,,,,,,
coexpression,4,0.0,3,2.0,raw rows degree-adjusted z,0.03936702336702337,0.127,49.0,,,,,,
coexpression,4,0.0,3,3.0,DeDi,0.8951894591894594,,,,,,,,
coexpression,4,0.0,3,3.0,UASE Borda (default),0.2985814768048705,,,,,,,,
coexpression,4,0.0,3,3.0,UASE elbow,-0.004447623846762368,,,,,,,,
coexpression,4,0.0,3,3.0,UASE degree-adjusted z,0.04887001287001287,0.023,0.0,,,,,,
coexpression,4,0.0,3,3.0,OMNI Borda (default),0.34839203137366037,,,,,,,,
coexpression,4,0.0,3,3.0,OMNI elbow,-0.006495350411850258,,,,,,,,
coexpression,4,0.0,3,3.0,OMNI degree-adjusted z,0.012190980190980192,0.034,0.0,,,,,,
coexpression,4,0.0,3,3.0,ASE+Procrustes Borda,0.39893241987300965,,,,,,,,
coexpression,4,0.0,3,3.0,raw rows Borda,0.05068461832222431,,,,,,,,
coexpression,4,0.0,3,3.0,raw rows degree-adjusted z,0.008303168303168304,0.122,62.0,,,,,,
coexpression,4,0.0,3,,time UASE,,,,0.3097025490000078,5.0,,,,
coexpression,4,0.0,3,,time OMNI,,,,2.150411366000071,5.0,,,,
coexpression,4,0.0,3,,time ASE+Procrustes,,,,0.28638673199998266,,,,,
coexpression,4,0.0,2,1.0,DeDi,0.8969889089889092,,,,,,,,
coexpression,4,0.0,2,1.0,UASE Borda (default),0.3862966929889943,,,,,,,,
coexpression,4,0.0,2,1.0,UASE elbow,0.014225905846802186,,,,,,,,
coexpression,4,0.0,2,1.0,UASE degree-adjusted z,0.02034660834660835,0.015,0.0,,,,,,
coexpression,4,0.0,2,1.0,OMNI Borda (default),0.38170307495854044,,,,,,,,
coexpression,4,0.0,2,1.0,OMNI elbow,0.007628312683236831,,,,,,,,
coexpression,4,0.0,2,1.0,OMNI degree-adjusted z,0.006065598065598066,0.022,0.0,,,,,,
coexpression,4,0.0,2,1.0,ASE+Procrustes Borda,0.392611762593748,,,,,,,,
coexpression,4,0.0,2,1.0,raw rows Borda,0.04719457525576806,,,,,,,,
coexpression,4,0.0,2,1.0,raw rows degree-adjusted z,0.029765765765765766,0.121,34.0,,,,,,
coexpression,4,0.0,2,2.0,DeDi,0.8811120651120651,,,,,,,,
coexpression,4,0.0,2,2.0,UASE Borda (default),0.3700463888750236,,,,,,,,
coexpression,4,0.0,2,2.0,UASE elbow,-0.008198056711614103,,,,,,,,
coexpression,4,0.0,2,2.0,UASE degree-adjusted z,-0.012556644556644557,0.032,0.0,,,,,,
coexpression,4,0.0,2,2.0,OMNI Borda (default),0.34002729703139545,,,,,,,,
coexpression,4,0.0,2,2.0,OMNI elbow,-0.012254276538297937,,,,,,,,
coexpression,4,0.0,2,2.0,OMNI degree-adjusted z,0.02920668520668521,0.021,0.0,,,,,,
coexpression,4,0.0,2,2.0,ASE+Procrustes Borda,0.3584384740327208,,,,,,,,
coexpression,4,0.0,2,2.0,raw rows Borda,0.05528323670646654,,,,,,,,
coexpression,4,0.0,2,2.0,raw rows degree-adjusted z,0.00303978303978304,0.103,35.0,,,,,,
coexpression,4,0.0,2,3.0,DeDi,0.9161860841860843,,,,,,,,
coexpression,4,0.0,2,3.0,UASE Borda (default),0.4044518864665885,,,,,,,,
coexpression,4,0.0,2,3.0,UASE elbow,0.04142528185104718,,,,,,,,
coexpression,4,0.0,2,3.0,UASE degree-adjusted z,-0.014544842544842545,0.014,0.0,,,,,,
coexpression,4,0.0,2,3.0,OMNI Borda (default),0.38449196424009574,,,,,,,,
coexpression,4,0.0,2,3.0,OMNI elbow,0.029405545580875984,,,,,,,,
coexpression,4,0.0,2,3.0,OMNI degree-adjusted z,0.02028626028626029,0.02,0.0,,,,,,
coexpression,4,0.0,2,3.0,ASE+Procrustes Borda,0.404979803315209,,,,,,,,
coexpression,4,0.0,2,3.0,raw rows Borda,0.057116251850232926,,,,,,,,
coexpression,4,0.0,2,3.0,raw rows degree-adjusted z,0.021964269964269964,0.116,45.0,,,,,,
coexpression,4,0.0,2,,time UASE,,,,0.3056608959999494,5.0,,,,
coexpression,4,0.0,2,,time OMNI,,,,2.4075301389999595,5.0,,,,
coexpression,4,0.0,2,,time ASE+Procrustes,,,,0.31144550499993784,,,,,
coexpression,4,0.0,4,1.0,DeDi,0.9196538116538115,,,,,,,,
coexpression,4,0.0,4,1.0,UASE Borda (default),0.40409387331675006,,,,,,,,
coexpression,4,0.0,4,1.0,UASE elbow,0.08298958689857669,,,,,,,,
coexpression,4,0.0,4,1.0,UASE degree-adjusted z,0.10041695241695243,0.016,0.0,,,,,,
coexpression,4,0.0,4,1.0,OMNI Borda (default),0.36203742342915346,,,,,,,,
coexpression,4,0.0,4,1.0,OMNI elbow,0.08170858101351149,,,,,,,,
coexpression,4,0.0,4,1.0,OMNI degree-adjusted z,0.039981879981879985,0.022,0.0,,,,,,
coexpression,4,0.0,4,1.0,ASE+Procrustes Borda,0.3398024999863632,,,,,,,,
coexpression,4,0.0,4,1.0,raw rows Borda,0.0902839929712492,,,,,,,,
coexpression,4,0.0,4,1.0,raw rows degree-adjusted z,0.050984174984174985,0.126,50.0,,,,,,
coexpression,4,0.0,4,2.0,DeDi,0.9184145104145105,,,,,,,,
coexpression,4,0.0,4,2.0,UASE Borda (default),0.4018559666011834,,,,,,,,
coexpression,4,0.0,4,2.0,UASE elbow,0.024996073055247696,,,,,,,,
coexpression,4,0.0,4,2.0,UASE degree-adjusted z,0.08925260925260925,0.029,0.0,,,,,,
coexpression,4,0.0,4,2.0,OMNI Borda (default),0.32748025933891617,,,,,,,,
coexpression,4,0.0,4,2.0,OMNI elbow,0.018128495627980093,,,,,,,,
coexpression,4,0.0,4,2.0,OMNI degree-adjusted z,0.05845801045801046,0.005,0.0,,,,,,
coexpression,4,0.0,4,2.0,ASE+Procrustes Borda,0.32127415117585834,,,,,,,,
coexpression,4,0.0,4,2.0,raw rows Borda,0.06732846985726457,,,,,,,,
coexpression,4,0.0,4,2.0,raw rows degree-adjusted z,0.051959835959835964,0.111,56.0,,,,,,
coexpression,4,0.0,4,3.0,DeDi,0.9109807549807549,,,,,,,,
coexpression,4,0.0,4,3.0,UASE Borda (default),0.38182715941057266,,,,,,,,
coexpression,4,0.0,4,3.0,UASE elbow,-0.06830761941974137,,,,,,,,
coexpression,4,0.0,4,3.0,UASE degree-adjusted z,0.08409727209727211,0.024,0.0,,,,,,
coexpression,4,0.0,4,3.0,OMNI Borda (default),0.36575187332289105,,,,,,,,
coexpression,4,0.0,4,3.0,OMNI elbow,-0.09733995315323145,,,,,,,,
coexpression,4,0.0,4,3.0,OMNI degree-adjusted z,0.057776193776193786,0.013,0.0,,,,,,
coexpression,4,0.0,4,3.0,ASE+Procrustes Borda,0.32499846309812114,,,,,,,,
coexpression,4,0.0,4,3.0,raw rows Borda,0.08744796845238491,,,,,,,,
coexpression,4,0.0,4,3.0,raw rows degree-adjusted z,0.04456780456780457,0.127,52.0,,,,,,
coexpression,4,0.0,4,,time UASE,,,,0.3102024539999775,4.0,,,,
coexpression,4,0.0,4,,time OMNI,,,,2.9763169930000686,4.0,,,,
coexpression,4,0.0,4,,time ASE+Procrustes,,,,0.3047753370000237,,,,,
coexpression,4,0.0,5,1.0,DeDi,0.8889265929265929,,,,,,,,
coexpression,4,0.0,5,1.0,UASE Borda (default),0.38799426452137453,,,,,,,,
coexpression,4,0.0,5,1.0,UASE elbow,0.02329599293568321,,,,,,,,
coexpression,4,0.0,5,1.0,UASE degree-adjusted z,0.05468523068523069,0.037,0.0,,,,,,
coexpression,4,0.0,5,1.0,OMNI Borda (default),0.3659798206809186,,,,,,,,
coexpression,4,0.0,5,1.0,OMNI elbow,0.024850907494252623,,,,,,,,
coexpression,4,0.0,5,1.0,OMNI degree-adjusted z,0.05940655140655141,0.009,0.0,,,,,,
coexpression,4,0.0,5,1.0,ASE+Procrustes Borda,0.4009251639305602,,,,,,,,
coexpression,4,0.0,5,1.0,raw rows Borda,0.03464689932353392,,,,,,,,
coexpression,4,0.0,5,1.0,raw rows degree-adjusted z,0.044954504954504954,0.129,54.0,,,,,,
coexpression,4,0.0,5,2.0,DeDi,0.9197674997674999,,,,,,,,
coexpression,4,0.0,5,2.0,UASE Borda (default),0.35090019353654117,,,,,,,,
coexpression,4,0.0,5,2.0,UASE elbow,0.041520064431058934,,,,,,,,
coexpression,4,0.0,5,2.0,UASE degree-adjusted z,0.05985751185751186,0.028,0.0,,,,,,
coexpression,4,0.0,5,2.0,OMNI Borda (default),0.34070931297061047,,,,,,,,
coexpression,4,0.0,5,2.0,OMNI elbow,0.03851366305254063,,,,,,,,
coexpression,4,0.0,5,2.0,OMNI degree-adjusted z,0.057083685083685096,0.027,0.0,,,,,,
coexpression,4,0.0,5,2.0,ASE+Procrustes Borda,0.3688472525593899,,,,,,,,
coexpression,4,0.0,5,2.0,raw rows Borda,0.056646633397976834,,,,,,,,
coexpression,4,0.0,5,2.0,raw rows degree-adjusted z,0.05933327933327933,0.116,37.0,,,,,,
coexpression,4,0.0,5,3.0,DeDi,0.905960753960754,,,,,,,,
coexpression,4,0.0,5,3.0,UASE Borda (default),0.396115711793241,,,,,,,,
coexpression,4,0.0,5,3.0,UASE elbow,0.031710549656194305,,,,,,,,
coexpression,4,0.0,5,3.0,UASE degree-adjusted z,0.03966331566331567,0.031,0.0,,,,,,
coexpression,4,0.0,5,3.0,OMNI Borda (default),0.3278121117686068,,,,,,,,
coexpression,4,0.0,5,3.0,OMNI elbow,0.0218870880261006,,,,,,,,
coexpression,4,0.0,5,3.0,OMNI degree-adjusted z,0.04662033462033462,0.013,0.0,,,,,,
coexpression,4,0.0,5,3.0,ASE+Procrustes Borda,0.3555999022778889,,,,,,,,
coexpression,4,0.0,5,3.0,raw rows Borda,0.055664402939285,,,,,,,,
coexpression,4,0.0,5,3.0,raw rows degree-adjusted z,0.0464947544947545,0.112,44.0,,,,,,
coexpression,4,0.0,5,,time UASE,,,,0.46653540900001644,5.0,,,,
coexpression,4,0.0,5,,time OMNI,,,,2.6564857420000862,5.0,,,,
coexpression,4,0.0,5,,time ASE+Procrustes,,,,0.28933825399997204,,,,,
coexpression,4,0.0,6,1.0,DeDi,0.8911165471165471,,,,,,,,
coexpression,4,0.0,6,1.0,UASE Borda (default),0.37859431084032935,,,,,,,,
coexpression,4,0.0,6,1.0,UASE elbow,0.0362247865465441,,,,,,,,
coexpression,4,0.0,6,1.0,UASE degree-adjusted z,0.08250293850293851,0.008,0.0,,,,,,
coexpression,4,0.0,6,1.0,OMNI Borda (default),0.33095186154463474,,,,,,,,
coexpression,4,0.0,6,1.0,OMNI elbow,0.0307547964489764,,,,,,,,
coexpression,4,0.0,6,1.0,OMNI degree-adjusted z,0.04167755367755368,0.005,0.0,,,,,,
coexpression,4,0.0,6,1.0,ASE+Procrustes Borda,0.33021515965389375,,,,,,,,
coexpression,4,0.0,6,1.0,raw rows Borda,0.08646001484974007,,,,,,,,
coexpression,4,0.0,6,1.0,raw rows degree-adjusted z,0.05467243867243867,0.105,13.0,,,,,,
coexpression,4,0.0,6,2.0,DeDi,0.8946856506856508,,,,,,,,
coexpression,4,0.0,6,2.0,UASE Borda (default),0.375848542011469,,,,,,,,
coexpression,4,0.0,6,2.0,UASE elbow,-0.004824321517983314,,,,,,,,
coexpression,4,0.0,6,2.0,UASE degree-adjusted z,0.048142896142896144,0.034,0.0,,,,,,
coexpression,4,0.0,6,2.0,OMNI Borda (default),0.3107899880703403,,,,,,,,
coexpression,4,0.0,6,2.0,OMNI elbow,-0.014451587819375836,,,,,,,,
coexpression,4,0.0,6,2.0,OMNI degree-adjusted z,0.056084444084444095,0.023,0.0,,,,,,
coexpression,4,0.0,6,2.0,ASE+Procrustes Borda,0.3075600232249546,,,,,,,,
coexpression,4,0.0,6,2.0,raw rows Borda,0.06712610056861473,,,,,,,,
coexpression,4,0.0,6,2.0,raw rows degree-adjusted z,0.04886994086994088,0.117,30.0,,,,,,
coexpression,4,0.0,6,3.0,DeDi,0.9022762222762224,,,,,,,,
coexpression,4,0.0,6,3.0,UASE Borda (default),0.4019468942681373,,,,,,,,
coexpression,4,0.0,6,3.0,UASE elbow,0.010211378801690213,,,,,,,,
coexpression,4,0.0,6,3.0,UASE degree-adjusted z,0.08844799644799646,0.031,0.0,,,,,,
coexpression,4,0.0,6,3.0,OMNI Borda (default),0.2954130739525596,,,,,,,,
coexpression,4,0.0,6,3.0,OMNI elbow,0.008341337323050304,,,,,,,,
coexpression,4,0.0,6,3.0,OMNI degree-adjusted z,-0.0011110931110931111,0.022,0.0,,,,,,
coexpression,4,0.0,6,3.0,ASE+Procrustes Borda,0.32125059847443993,,,,,,,,
coexpression,4,0.0,6,3.0,raw rows Borda,0.07631136357800952,,,,,,,,
coexpression,4,0.0,6,3.0,raw rows degree-adjusted z,0.05883503883503884,0.108,41.0,,,,,,
coexpression,4,0.0,6,,time UASE,,,,0.4033896309999818,5.0,,,,
coexpression,4,0.0,6,,time OMNI,,,,1.9418187390000412,5.0,,,,
coexpression,4,0.0,6,,time ASE+Procrustes,,,,0.30940541999996185,,,,,
coexpression,4,0.0,7,1.0,DeDi,0.9281160641160641,,,,,,,,
coexpression,4,0.0,7,1.0,UASE Borda (default),0.3496695677571223,,,,,,,,
coexpression,4,0.0,7,1.0,UASE elbow,0.06446670287919258,,,,,,,,
coexpression,4,0.0,7,1.0,UASE degree-adjusted z,0.08478988878988879,0.026,0.0,,,,,,
coexpression,4,0.0,7,1.0,OMNI Borda (default),0.3234538807644991,,,,,,,,
coexpression,4,0.0,7,1.0,OMNI elbow,0.05566225952510132,,,,,,,,
coexpression,4,0.0,7,1.0,OMNI degree-adjusted z,0.04976088176088177,0.029,0.0,,,,,,
coexpression,4,0.0,7,1.0,ASE+Procrustes Borda,0.38404300771436767,,,,,,,,
coexpression,4,0.0,7,1.0,raw rows Borda,0.09946652859515265,,,,,,,,
coexpression,4,0.0,7,1.0,raw rows degree-adjusted z,0.05488734688734689,0.131,73.0,,,,,,
coexpression,4,0.0,7,2.0,DeDi,0.9036540396540397,,,,,,,,
coexpression,4,0.0,7,2.0,UASE Borda (default),0.35665914899775686,,,,,,,,
coexpression,4,0.0,7,2.0,UASE elbow,0.030244019635984984,,,,,,,,
coexpression,4,0.0,7,2.0,UASE degree-adjusted z,0.0651898011898012,0.019,0.0,,,,,,
coexpression,4,0.0,7,2.0,OMNI Borda (default),0.3191643519114879,,,,,,,,
coexpression,4,0.0,7,2.0,OMNI elbow,0.01959438106662221,,,,,,,,
coexpression,4,0.0,7,2.0,OMNI degree-adjusted z,0.03665292065292066,0.02,0.0,,,,,,
coexpression,4,0.0,7,2.0,ASE+Procrustes Borda,0.36880889183305965,,,,,,,,
coexpression,4,0.0,7,2.0,raw rows Borda,0.09265387825683007,,,,,,,,
coexpression,4,0.0,7,2.0,raw rows degree-adjusted z,0.07246964446964448,0.11,44.0,,,,,,
coexpression,4,0.0,7,3.0,DeDi,0.9104821904821906,,,,,,,,
coexpression,4,0.0,7,3.0,UASE Borda (default),0.37743404050447626,,,,,,,,
coexpression,4,0.0,7,3.0,UASE elbow,0.05360031695330306,,,,,,,,
coexpression,4,0.0,7,3.0,UASE degree-adjusted z,0.017043545043545046,0.032,0.0,,,,,,
coexpression,4,0.0,7,3.0,OMNI Borda (default),0.3462023738662727,,,,,,,,
coexpression,4,0.0,7,3.0,OMNI elbow,0.041332981943701566,,,,,,,,
coexpression,4,0.0,7,3.0,OMNI degree-adjusted z,0.05055320655320656,0.015,0.0,,,,,,
coexpression,4,0.0,7,3.0,ASE+Procrustes Borda,0.3712416207239433,,,,,,,,
coexpression,4,0.0,7,3.0,raw rows Borda,0.07341748236263135,,,,,,,,
coexpression,4,0.0,7,3.0,raw rows degree-adjusted z,0.0645013485013485,0.11,41.0,,,,,,
coexpression,4,0.0,7,,time UASE,,,,0.339813319999962,5.0,,,,
coexpression,4,0.0,7,,time OMNI,,,,2.175768586000004,5.0,,,,
coexpression,4,0.0,7,,time ASE+Procrustes,,,,0.2816095459999133,,,,,
coexpression,4,0.0,8,1.0,DeDi,0.9098784458784459,,,,,,,,
coexpression,4,0.0,8,1.0,UASE Borda (default),0.36076943961333846,,,,,,,,
coexpression,4,0.0,8,1.0,UASE elbow,0.045661087575405934,,,,,,,,
coexpression,4,0.0,8,1.0,UASE degree-adjusted z,0.05697597297597298,0.025,0.0,,,,,,
coexpression,4,0.0,8,1.0,OMNI Borda (default),0.33876149764086466,,,,,,,,
coexpression,4,0.0,8,1.0,OMNI elbow,0.03974148663222895,,,,,,,,
coexpression,4,0.0,8,1.0,OMNI degree-adjusted z,0.021282345282345284,0.002,0.0,,,,,,
coexpression,4,0.0,8,1.0,ASE+Procrustes Borda,0.3644364018747449,,,,,,,,
coexpression,4,0.0,8,1.0,raw rows Borda,0.056577525194722755,,,,,,,,
coexpression,4,0.0,8,1.0,raw rows degree-adjusted z,0.05432943032943034,0.134,72.0,,,,,,
coexpression,4,0.0,8,2.0,DeDi,0.9065288225288227,,,,,,,,
coexpression,4,0.0,8,2.0,UASE Borda (default),0.39019836765181953,,,,,,,,
coexpression,4,0.0,8,2.0,UASE elbow,0.025025616679878092,,,,,,,,
coexpression,4,0.0,8,2.0,UASE degree-adjusted z,0.050696102696102696,0.024,0.0,,,,,,
coexpression,4,0.0,8,2.0,OMNI Borda (default),0.35170837545689143,,,,,,,,
coexpression,4,0.0,8,2.0,OMNI elbow,0.017915801116974696,,,,,,,,
coexpression,4,0.0,8,2.0,OMNI degree-adjusted z,0.05862524262524263,0.011,0.0,,,,,,
coexpression,4,0.0,8,2.0,ASE+Procrustes Borda,0.3789592105406531,,,,,,,,
coexpression,4,0.0,8,2.0,raw rows Borda,0.06283793745894949,,,,,,,,
coexpression,4,0.0,8,2.0,raw rows degree-adjusted z,0.016562524562524564,0.133,87.0,,,,,,
coexpression,4,0.0,8,3.0,DeDi,0.9200190320190321,,,,,,,,
coexpression,4,0.0,8,3.0,UASE Borda (default),0.3394215584078553,,,,,,,,
coexpression,4,0.0,8,3.0,UASE elbow,0.05209565533980996,,,,,,,,
coexpression,4,0.0,8,3.0,UASE degree-adjusted z,0.08395535995535996,0.026,0.0,,,,,,
coexpression,4,0.0,8,3.0,OMNI Borda (default),0.3766000713496871,,,,,,,,
coexpression,4,0.0,8,3.0,OMNI elbow,0.053756648211893084,,,,,,,,
coexpression,4,0.0,8,3.0,OMNI degree-adjusted z,0.05532191532191533,0.017,0.0,,,,,,
coexpression,4,0.0,8,3.0,ASE+Procrustes Borda,0.3182256284609238,,,,,,,,
coexpression,4,0.0,8,3.0,raw rows Borda,0.09584435474771445,,,,,,,,
coexpression,4,0.0,8,3.0,raw rows degree-adjusted z,0.08792687192687193,0.108,22.0,,,,,,
coexpression,4,0.0,8,,time UASE,,,,0.345240012999966,5.0,,,,
coexpression,4,0.0,8,,time OMNI,,,,2.0988871769999378,5.0,,,,
coexpression,4,0.0,8,,time ASE+Procrustes,,,,0.3006290670000453,,,,,
coexpression,4,0.0,9,1.0,DeDi,0.9138982938982938,,,,,,,,
coexpression,4,0.0,9,1.0,UASE Borda (default),0.33948529703560265,,,,,,,,
coexpression,4,0.0,9,1.0,UASE elbow,0.03137446291295908,,,,,,,,
coexpression,4,0.0,9,1.0,UASE degree-adjusted z,0.07041023841023841,0.016,0.0,,,,,,
coexpression,4,0.0,9,1.0,OMNI Borda (default),0.35721061757731815,,,,,,,,
coexpression,4,0.0,9,1.0,OMNI elbow,0.026516327737989048,,,,,,,,
coexpression,4,0.0,9,1.0,OMNI degree-adjusted z,0.02104005304005304,0.044,0.0,,,,,,
coexpression,4,0.0,9,1.0,ASE+Procrustes Borda,0.3672067254541752,,,,,,,,
coexpression,4,0.0,9,1.0,raw rows Borda,0.07225386442306332,,,,,,,,
coexpression,4,0.0,9,1.0,raw rows degree-adjusted z,0.0805979245979246,0.117,56.0,,,,,,
coexpression,4,0.0,9,2.0,DeDi,0.9141078381078382,,,,,,,,
coexpression,4,0.0,9,2.0,UASE Borda (default),0.40187931136685073,,,,,,,,
coexpression,4,0.0,9,2.0,UASE elbow,0.025131707998462066,,,,,,,,
coexpression,4,0.0,9,2.0,UASE degree-adjusted z,0.0967980727980728,0.027,0.0,,,,,,
coexpression,4,0.0,9,2.0,OMNI Borda (default),0.35946906093827563,,,,,,,,
coexpression,4,0.0,9,2.0,OMNI elbow,0.011518646972557922,,,,,,,,
coexpression,4,0.0,9,2.0,OMNI degree-adjusted z,0.041242733242733254,0.028,0.0,,,,,,
coexpression,4,0.0,9,2.0,ASE+Procrustes Borda,0.33061809206418974,,,,,,,,
coexpression,4,0.0,9,2.0,raw rows Borda,0.0778123671872825,,,,,,,,
coexpression,4,0.0,9,2.0,raw rows degree-adjusted z,0.053839577839577844,0.136,61.0,,,,,,
coexpression,4,0.0,9,3.0,DeDi,0.9005414045414045,,,,,,,,
coexpression,4,0.0,9,3.0,UASE Borda (default),0.38069054120385076,,,,,,,,
coexpression,4,0.0,9,3.0,UASE elbow,0.028201146615720128,,,,,,,,
coexpression,4,0.0,9,3.0,UASE degree-adjusted z,0.08012204012204012,0.013,0.0,,,,,,
coexpression,4,0.0,9,3.0,OMNI Borda (default),0.37082215800781915,,,,,,,,
coexpression,4,0.0,9,3.0,OMNI elbow,0.029609234991174273,,,,,,,,
coexpression,4,0.0,9,3.0,OMNI degree-adjusted z,0.012786864786864789,0.036,0.0,,,,,,
coexpression,4,0.0,9,3.0,ASE+Procrustes Borda,0.3415313645643192,,,,,,,,
coexpression,4,0.0,9,3.0,raw rows Borda,0.06685342086301665,,,,,,,,
coexpression,4,0.0,9,3.0,raw rows degree-adjusted z,0.04308815508815509,0.118,47.0,,,,,,
coexpression,4,0.0,9,,time UASE,,,,0.30886757999996917,5.0,,,,
coexpression,4,0.0,9,,time OMNI,,,,2.1412891200000104,5.0,,,,
coexpression,4,0.0,9,,time ASE+Procrustes,,,,0.2747176780000018,,,,,
coexpression,4,0.05,0,1.0,DeDi,0.913267941804397,,,,,0.6600631578947368,0.1,,
coexpression,4,0.05,0,1.0,UASE Borda (default),0.5085709222679076,,,,,0.984421052631579,0.76,,
coexpression,4,0.05,0,1.0,UASE elbow,0.26499588875589697,,,,,0.9860105263157894,0.76,,
coexpression,4,0.05,0,1.0,UASE degree-adjusted z,-0.07170401063573127,0.01368421052631579,0.0,,,0.9988,0.92,0.7,0.0
coexpression,4,0.05,0,1.0,OMNI Borda (default),0.6021609110961691,,,,,0.8899157894736842,0.58,,
coexpression,4,0.05,0,1.0,OMNI elbow,0.30275757543536347,,,,,0.9681263157894737,0.68,,
coexpression,4,0.05,0,1.0,OMNI degree-adjusted z,-0.048508263108733005,0.031578947368421054,0.0,,,0.948778947368421,0.74,0.0,0.0
coexpression,4,0.05,0,1.0,ASE+Procrustes Borda,0.4156702244588485,,,,,0.9908210526315789,0.76,,
coexpression,4,0.05,0,1.0,raw rows Borda,0.18263429208069912,,,,,0.9947684210526315,0.92,,
coexpression,4,0.05,0,1.0,raw rows degree-adjusted z,-0.04382210308324588,0.11894736842105263,71.0,,,0.9914947368421053,0.84,0.96,0.5966386554621849
coexpression,4,0.05,0,2.0,DeDi,0.9152123953366679,,,,,0.6613684210526316,0.08,,
coexpression,4,0.05,0,2.0,UASE Borda (default),0.558346648615088,,,,,0.9814421052631579,0.8,,
coexpression,4,0.05,0,2.0,UASE elbow,0.324791407404568,,,,,0.9908842105263158,0.86,,
coexpression,4,0.05,0,2.0,UASE degree-adjusted z,-0.08591129857499187,0.018947368421052633,0.0,,,0.9953263157894737,0.96,0.82,0.0
coexpression,4,0.05,0,2.0,OMNI Borda (default),0.6333880591643691,,,,,0.8413578947368421,0.36,,
coexpression,4,0.05,0,2.0,OMNI elbow,0.3506160552701205,,,,,0.9693263157894737,0.78,,
coexpression,4,0.05,0,2.0,OMNI degree-adjusted z,-0.010561362336543777,0.017894736842105262,0.0,,,0.9318105263157894,0.74,0.04,0.0
coexpression,4,0.05,0,2.0,ASE+Procrustes Borda,0.45165919123469933,,,,,0.9909368421052631,0.82,,
coexpression,4,0.05,0,2.0,raw rows Borda,0.17818471631684674,,,,,0.9981263157894736,0.9,,
coexpression,4,0.05,0,2.0,raw rows degree-adjusted z,-0.023233642305829062,0.08210526315789474,24.0,,,0.9895157894736842,0.86,0.96,0.3333333333333333
coexpression,4,0.05,0,3.0,DeDi,0.9153487885480089,,,,,0.6443157894736842,0.08,,
coexpression,4,0.05,0,3.0,UASE Borda (default),0.47517370726410607,,,,,0.9760210526315789,0.62,,
coexpression,4,0.05,0,3.0,UASE elbow,0.3202508785960258,,,,,0.9933894736842105,0.8,,
coexpression,4,0.05,0,3.0,UASE degree-adjusted z,-0.04553284765266689,0.011578947368421053,0.0,,,0.9993052631578947,0.96,0.7,0.0
coexpression,4,0.05,0,3.0,OMNI Borda (default),0.5783671839312964,,,,,0.8985052631578947,0.48,,
coexpression,4,0.05,0,3.0,OMNI elbow,0.33622013533071843,,,,,0.9615789473684211,0.68,,
coexpression,4,0.05,0,3.0,OMNI degree-adjusted z,-0.01128352555107074,0.004210526315789474,0.0,,,0.9813684210526316,0.8,0.0,0.0
coexpression,4,0.05,0,3.0,ASE+Procrustes Borda,0.431908533358525,,,,,0.9871578947368421,0.72,,
coexpression,4,0.05,0,3.0,raw rows Borda,0.2139657987026033,,,,,0.9941684210526316,0.9,,
coexpression,4,0.05,0,3.0,raw rows degree-adjusted z,-0.0069593918780257,0.08105263157894736,21.0,,,0.9970526315789474,0.92,0.96,0.30434782608695654
coexpression,4,0.05,0,,time UASE,,,,0.2888616950000369,5.0,,,,
coexpression,4,0.05,0,,time OMNI,,,,1.3308774949999815,5.0,,,,
coexpression,4,0.05,0,,time ASE+Procrustes,,,,0.311083004000011,,,,,
coexpression,4,0.05,1,1.0,DeDi,0.925777291719991,,,,,0.7065684210526316,0.02,,
coexpression,4,0.05,1,1.0,UASE Borda (default),0.4467465557381732,,,,,0.9991368421052632,0.94,,
coexpression,4,0.05,1,1.0,UASE elbow,0.2679980939610628,,,,,0.9998421052631579,0.98,,
coexpression,4,0.05,1,1.0,UASE degree-adjusted z,-0.0631011050544392,0.015789473684210527,0.0,,,0.9997684210526315,0.96,0.84,0.0
coexpression,4,0.05,1,1.0,OMNI Borda (default),0.4396369395531139,,,,,0.9697473684210526,0.72,,
coexpression,4,0.05,1,1.0,OMNI elbow,0.30039914652439104,,,,,0.9871894736842105,0.78,,
coexpression,4,0.05,1,1.0,OMNI degree-adjusted z,-0.07006064389282601,0.009473684210526316,0.0,,,0.9877894736842106,0.8,0.0,0.0
coexpression,4,0.05,1,1.0,ASE+Procrustes Borda,0.4259509518292271,,,,,0.9983368421052632,0.92,,
coexpression,4,0.05,1,1.0,raw rows Borda,0.17968801037961898,,,,,1.0,1.0,,
coexpression,4,0.05,1,1.0,raw rows degree-adjusted z,-0.03259262395450387,0.10105263157894737,32.0,,,0.9995578947368421,0.98,1.0,0.3902439024390244
coexpression,4,0.05,1,2.0,DeDi,0.9055909844717135,,,,,0.6628421052631579,0.1,,
coexpression,4,0.05,1,2.0,UASE Borda (default),0.4873556035913146,,,,,0.9718526315789474,0.76,,
coexpression,4,0.05,1,2.0,UASE elbow,0.27007011148804655,,,,,0.9893473684210526,0.86,,
coexpression,4,0.05,1,2.0,UASE degree-adjusted z,-0.04160102816267883,0.01263157894736842,0.0,,,0.9889894736842105,0.94,0.62,0.0
coexpression,4,0.05,1,2.0,OMNI Borda (default),0.5915366298791538,,,,,0.8803157894736842,0.52,,
coexpression,4,0.05,1,2.0,OMNI elbow,0.302791824770104,,,,,0.9812105263157894,0.78,,
coexpression,4,0.05,1,2.0,OMNI degree-adjusted z,0.008333303299767472,0.008421052631578947,0.0,,,0.9606526315789473,0.8,0.0,0.0
coexpression,4,0.05,1,2.0,ASE+Procrustes Borda,0.4294034828698372,,,,,0.9848842105263158,0.84,,
coexpression,4,0.05,1,2.0,raw rows Borda,0.1774543094270128,,,,,0.9746,0.88,,
coexpression,4,0.05,1,2.0,raw rows degree-adjusted z,0.011876531602513514,0.08526315789473685,41.0,,,0.9815368421052632,0.9,0.94,0.4659090909090909
coexpression,4,0.05,1,3.0,DeDi,0.9233729222385494,,,,,0.6719578947368421,0.1,,
coexpression,4,0.05,1,3.0,UASE Borda (default),0.5141134933036708,,,,,0.978221052631579,0.7,,
coexpression,4,0.05,1,3.0,UASE elbow,0.3042611072363896,,,,,0.9922210526315789,0.84,,
coexpression,4,0.05,1,3.0,UASE degree-adjusted z,-0.07093017335899077,0.016842105263157894,0.0,,,0.9997684210526315,0.96,0.78,0.0
coexpression,4,0.05,1,3.0,OMNI Borda (default),0.6563067272538659,,,,,0.8950315789473684,0.52,,
coexpression,4,0.05,1,3.0,OMNI elbow,0.32562845826497544,,,,,0.9650736842105263,0.78,,
coexpression,4,0.05,1,3.0,OMNI degree-adjusted z,-0.05596104290770172,0.017894736842105262,0.0,,,0.9778526315789474,0.82,0.38,0.0
coexpression,4,0.05,1,3.0,ASE+Procrustes Borda,0.38315072140510664,,,,,0.9901684210526316,0.88,,
coexpression,4,0.05,1,3.0,raw rows Borda,0.15766185185407722,,,,,0.9838,0.9,,
coexpression,4,0.05,1,3.0,raw rows degree-adjusted z,-0.046697039640982846,0.07263157894736842,22.0,,,0.9970947368421053,0.88,0.94,0.3188405797101449
coexpression,4,0.05,1,,time UASE,,,,0.30265307700005906,5.0,,,,
coexpression,4,0.05,1,,time OMNI,,,,1.6855918210000027,5.0,,,,
coexpression,4,0.05,1,,time ASE+Procrustes,,,,0.2831240349999007,,,,,
coexpression,4,0.05,2,1.0,DeDi,0.9233318853072356,,,,,0.6773052631578947,0.04,,
coexpression,4,0.05,2,1.0,UASE Borda (default),0.44181321287770364,,,,,0.991621052631579,0.84,,
coexpression,4,0.05,2,1.0,UASE elbow,0.27099842567334115,,,,,0.9957578947368421,0.9,,
coexpression,4,0.05,2,1.0,UASE degree-adjusted z,-0.021196155866858815,0.008421052631578947,0.0,,,0.9994315789473684,0.94,0.42,0.0
coexpression,4,0.05,2,1.0,OMNI Borda (default),0.562586697219967,,,,,0.9120526315789473,0.58,,
coexpression,4,0.05,2,1.0,OMNI elbow,0.27667216115788834,,,,,0.9868526315789473,0.8,,
coexpression,4,0.05,2,1.0,OMNI degree-adjusted z,0.005790455169479413,0.002105263157894737,0.0,,,0.9590315789473685,0.62,0.0,0.0
coexpression,4,0.05,2,1.0,ASE+Procrustes Borda,0.3822747759452379,,,,,0.9973052631578947,0.88,,
coexpression,4,0.05,2,1.0,raw rows Borda,0.1563437895392305,,,,,0.9997052631578948,0.96,,
coexpression,4,0.05,2,1.0,raw rows degree-adjusted z,-0.001363449243652756,0.06631578947368422,16.0,,,0.9992842105263158,0.96,0.98,0.24615384615384617
coexpression,4,0.05,2,2.0,DeDi,0.9182065797302824,,,,,0.5955578947368421,0.04,,
coexpression,4,0.05,2,2.0,UASE Borda (default),0.4745460160868392,,,,,0.9706105263157895,0.66,,
coexpression,4,0.05,2,2.0,UASE elbow,0.3202886902549762,,,,,0.9882631578947368,0.78,,
coexpression,4,0.05,2,2.0,UASE degree-adjusted z,0.009305761003613302,0.00631578947368421,0.0,,,0.9949684210526316,0.9,0.28,0.0
coexpression,4,0.05,2,2.0,OMNI Borda (default),0.5538443982887032,,,,,0.8515157894736842,0.42,,
coexpression,4,0.05,2,2.0,OMNI elbow,0.34756894885042094,,,,,0.9661263157894737,0.7,,
coexpression,4,0.05,2,2.0,OMNI degree-adjusted z,0.0046664323465353316,0.004210526315789474,0.0,,,0.9506947368421053,0.7,0.0,0.0
coexpression,4,0.05,2,2.0,ASE+Procrustes Borda,0.4265099745992726,,,,,0.9874,0.76,,
coexpression,4,0.05,2,2.0,raw rows Borda,0.19259001239876478,,,,,0.9835473684210526,0.88,,
coexpression,4,0.05,2,2.0,raw rows degree-adjusted z,0.01553073597223989,0.06315789473684211,13.0,,,0.9855368421052632,0.82,0.84,0.23636363636363636
coexpression,4,0.05,2,3.0,DeDi,0.9307766032806802,,,,,0.626378947368421,0.04,,
coexpression,4,0.05,2,3.0,UASE Borda (default),0.4208753450389675,,,,,0.9907578947368421,0.78,,
coexpression,4,0.05,2,3.0,UASE elbow,0.26455445169410496,,,,,0.9947052631578948,0.86,,
coexpression,4,0.05,2,3.0,UASE degree-adjusted z,-0.03038152834226789,0.008421052631578947,0.0,,,0.9997473684210526,0.98,0.42,0.0
coexpression,4,0.05,2,3.0,OMNI Borda (default),0.4707825280354015,,,,,0.9240842105263158,0.66,,
coexpression,4,0.05,2,3.0,OMNI elbow,0.30371392960957,,,,,0.9790631578947369,0.8,,
coexpression,4,0.05,2,3.0,OMNI degree-adjusted z,-0.023802574850498453,0.017894736842105262,0.0,,,0.9606947368421053,0.72,0.0,0.0
coexpression,4,0.05,2,3.0,ASE+Procrustes Borda,0.41460536634141426,,,,,0.9944631578947368,0.86,,
coexpression,4,0.05,2,3.0,raw rows Borda,0.2021551709952501,,,,,0.9987473684210526,0.94,,
coexpression,4,0.05,2,3.0,raw rows degree-adjusted z,-0.009350492938292218,0.07473684210526316,23.0,,,0.9964,0.9,0.96,0.323943661971831
coexpression,4,0.05,2,,time UASE,,,,0.3471392300000389,5.0,,,,
coexpression,4,0.05,2,,time OMNI,,,,1.216951244000029,5.0,,,,
coexpression,4,0.05,2,,time ASE+Procrustes,,,,0.2882370390000233,,,,,
coexpression,4,0.05,3,1.0,DeDi,0.9191201273236577,,,,,0.6965473684210526,0.12,,
coexpression,4,0.05,3,1.0,UASE Borda (default),0.4862781910313809,,,,,0.9918315789473684,0.82,,
coexpression,4,0.05,3,1.0,UASE elbow,0.2695610368596742,,,,,0.9957368421052631,0.86,,
coexpression,4,0.05,3,1.0,UASE degree-adjusted z,-0.08590844334511874,0.016842105263157894,0.0,,,0.9998315789473684,0.96,0.88,0.0
coexpression,4,0.05,3,1.0,OMNI Borda (default),0.6110591611999119,,,,,0.9376,0.66,,
coexpression,4,0.05,3,1.0,OMNI elbow,0.32065385053720424,,,,,0.9805894736842106,0.8,,
coexpression,4,0.05,3,1.0,OMNI degree-adjusted z,-0.05034253835884117,0.018947368421052633,1.0,,,0.9747789473684211,0.86,0.52,0.037037037037037035
coexpression,4,0.05,3,1.0,ASE+Procrustes Borda,0.4144642783081651,,,,,0.9938210526315789,0.86,,
coexpression,4,0.05,3,1.0,raw rows Borda,0.15598026379688973,,,,,0.9989578947368422,0.94,,
coexpression,4,0.05,3,1.0,raw rows degree-adjusted z,-0.06837310506423655,0.09368421052631579,32.0,,,0.998,0.94,0.96,0.4
coexpression,4,0.05,3,2.0,DeDi,0.8973417355003923,,,,,0.6642736842105263,0.16,,
coexpression,4,0.05,3,2.0,UASE Borda (default),0.4732180877207257,,,,,0.9759052631578947,0.66,,
coexpression,4,0.05,3,2.0,UASE elbow,0.29824137684964186,,,,,0.9942,0.82,,
coexpression,4,0.05,3,2.0,UASE degree-adjusted z,-0.03660247239813242,0.021052631578947368,0.0,,,0.9994105263157895,0.94,0.74,0.0
coexpression,4,0.05,3,2.0,OMNI Borda (default),0.5420255145953103,,,,,0.8740526315789474,0.56,,
coexpression,4,0.05,3,2.0,OMNI elbow,0.2857470269858151,,,,,0.9739578947368421,0.7,,
coexpression,4,0.05,3,2.0,OMNI degree-adjusted z,-0.0038604737337221725,0.007368421052631579,0.0,,,0.9698526315789474,0.84,0.22,0.0
coexpression,4,0.05,3,2.0,ASE+Procrustes Borda,0.4409645584370426,,,,,0.9885368421052632,0.74,,
coexpression,4,0.05,3,2.0,raw rows Borda,0.19952215377353574,,,,,0.9925473684210526,0.92,,
coexpression,4,0.05,3,2.0,raw rows degree-adjusted z,-0.014327900407062706,0.09052631578947369,25.0,,,0.9955157894736842,0.9,0.96,0.3424657534246575
coexpression,4,0.05,3,3.0,DeDi,0.9112252907584503,,,,,0.678,0.1,,
coexpression,4,0.05,3,3.0,UASE Borda (default),0.4993767444941671,,,,,0.9867263157894737,0.78,,
coexpression,4,0.05,3,3.0,UASE elbow,0.29092225211582334,,,,,0.9935473684210526,0.84,,
coexpression,4,0.05,3,3.0,UASE degree-adjusted z,-0.06861988650111349,0.015789473684210527,0.0,,,0.9999157894736842,0.98,0.9,0.0
coexpression,4,0.05,3,3.0,OMNI Borda (default),0.6032379593194079,,,,,0.9022631578947369,0.62,,
coexpression,4,0.05,3,3.0,OMNI elbow,0.33219492840134784,,,,,0.9510947368421052,0.76,,
coexpression,4,0.05,3,3.0,OMNI degree-adjusted z,-0.030788720512359813,0.02526315789473684,0.0,,,0.9828210526315789,0.82,0.54,0.0
coexpression,4,0.05,3,3.0,ASE+Procrustes Borda,0.4381471966885313,,,,,0.9926736842105263,0.84,,
coexpression,4,0.05,3,3.0,raw rows Borda,0.17141506175608187,,,,,0.9970631578947369,0.92,,
coexpression,4,0.05,3,3.0,raw rows degree-adjusted z,-0.04558481563560269,0.10210526315789474,41.0,,,0.9960631578947369,0.9,0.98,0.45555555555555555
coexpression,4,0.05,3,,time UASE,,,,0.2789033650000192,5.0,,,,
coexpression,4,0.05,3,,time OMNI,,,,1.5256564219999973,5.0,,,,
coexpression,4,0.05,3,,time ASE+Procrustes,,,,0.30371834499999295,,,,,
coexpression,4,0.05,4,1.0,DeDi,0.9080941253120502,,,,,0.6641052631578948,0.08,,
coexpression,4,0.05,4,1.0,UASE Borda (default),0.45133325543966984,,,,,0.9919368421052631,0.78,,
coexpression,4,0.05,4,1.0,UASE elbow,0.26759118886530964,,,,,0.9993578947368421,0.94,,
coexpression,4,0.05,4,1.0,UASE degree-adjusted z,-0.059389684117451415,0.021052631578947368,2.0,,,0.9990947368421053,0.94,0.76,0.05
coexpression,4,0.05,4,1.0,OMNI Borda (default),0.5364182903273148,,,,,0.9360421052631579,0.6,,
coexpression,4,0.05,4,1.0,OMNI elbow,0.27856488234509397,,,,,0.9878,0.8,,
coexpression,4,0.05,4,1.0,OMNI degree-adjusted z,-0.0261959992840931,0.003157894736842105,0.0,,,0.9881473684210527,0.82,0.0,0.0
coexpression,4,0.05,4,1.0,ASE+Procrustes Borda,0.43756159849484866,,,,,0.9980421052631578,0.86,,
coexpression,4,0.05,4,1.0,raw rows Borda,0.19439759852041127,,,,,0.9995263157894737,0.98,,
coexpression,4,0.05,4,1.0,raw rows degree-adjusted z,0.027468060177468636,0.07368421052631578,24.0,,,0.9995578947368421,0.94,1.0,0.32432432432432434
coexpression,4,0.05,4,2.0,DeDi,0.9117890726923681,,,,,0.6473473684210527,0.08,,
coexpression,4,0.05,4,2.0,UASE Borda (default),0.4599552944405468,,,,,0.9844421052631579,0.74,,
coexpression,4,0.05,4,2.0,UASE elbow,0.30643727000464926,,,,,0.9966736842105263,0.84,,
coexpression,4,0.05,4,2.0,UASE degree-adjusted z,-0.019643778581822022,0.009473684210526316,0.0,,,0.9971368421052632,0.92,0.32,0.0
coexpression,4,0.05,4,2.0,OMNI Borda (default),0.5647690907945875,,,,,0.8910421052631579,0.46,,
coexpression,4,0.05,4,2.0,OMNI elbow,0.3195009631630736,,,,,0.9846105263157895,0.78,,
coexpression,4,0.05,4,2.0,OMNI degree-adjusted z,0.01926173762781834,0.0,0.0,,,0.9649263157894736,0.78,0.0,0.0
coexpression,4,0.05,4,2.0,ASE+Procrustes Borda,0.41357739745012945,,,,,0.9951263157894736,0.8,,
coexpression,4,0.05,4,2.0,raw rows Borda,0.16911415860826665,,,,,0.9961473684210527,0.92,,
coexpression,4,0.05,4,2.0,raw rows degree-adjusted z,-0.0032364100592967566,0.06,16.0,,,0.9897052631578948,0.86,0.92,0.25806451612903225
coexpression,4,0.05,4,3.0,DeDi,0.9167132665141895,,,,,0.6868842105263158,0.04,,
coexpression,4,0.05,4,3.0,UASE Borda (default),0.43289393704517953,,,,,0.9919157894736842,0.82,,
coexpression,4,0.05,4,3.0,UASE elbow,0.33018276443419076,,,,,0.9970631578947369,0.86,,
coexpression,4,0.05,4,3.0,UASE degree-adjusted z,-0.04629512404766625,0.008421052631578947,0.0,,,0.999178947368421,0.98,0.56,0.0
coexpression,4,0.05,4,3.0,OMNI Borda (default),0.4607532995607473,,,,,0.9156736842105263,0.6,,
coexpression,4,0.05,4,3.0,OMNI elbow,0.3399975232225865,,,,,0.9631684210526316,0.72,,
coexpression,4,0.05,4,3.0,OMNI degree-adjusted z,-0.027283421979006718,0.0010526315789473684,0.0,,,0.968421052631579,0.84,0.0,0.0
coexpression,4,0.05,4,3.0,ASE+Procrustes Borda,0.42537274815259596,,,,,0.9953894736842105,0.84,,
coexpression,4,0.05,4,3.0,raw rows Borda,0.19393083752965,,,,,0.9999789473684211,0.98,,
coexpression,4,0.05,4,3.0,raw rows degree-adjusted z,0.0017443704996669774,0.07789473684210527,20.0,,,0.9941263157894736,0.9,0.92,0.30303030303030304
coexpression,4,0.05,4,,time UASE,,,,0.3339628289999155,5.0,,,,
coexpression,4,0.05,4,,time OMNI,,,,1.2651373550000926,5.0,,,,
coexpression,4,0.05,4,,time ASE+Procrustes,,,,0.26766917800000556,,,,,
coexpression,4,0.05,5,1.0,DeDi,0.8983556780147476,,,,,0.6766315789473685,0.06,,
coexpression,4,0.05,5,1.0,UASE Borda (default),0.41788607928375743,,,,,0.9828421052631579,0.7,,
coexpression,4,0.05,5,1.0,UASE elbow,0.31619326244672835,,,,,0.9942526315789474,0.78,,
coexpression,4,0.05,5,1.0,UASE degree-adjusted z,-0.04208651521468372,0.01368421052631579,0.0,,,0.999178947368421,0.94,0.56,0.0
coexpression,4,0.05,5,1.0,OMNI Borda (default),0.4933384887968724,,,,,0.9081052631578947,0.54,,
coexpression,4,0.05,5,1.0,OMNI elbow,0.3158559577558502,,,,,0.9757368421052631,0.78,,
coexpression,4,0.05,5,1.0,OMNI degree-adjusted z,0.010901764521564423,0.004210526315789474,0.0,,,0.985178947368421,0.78,0.0,0.0
coexpression,4,0.05,5,1.0,ASE+Procrustes Borda,0.41585470028693666,,,,,0.9930526315789474,0.78,,
coexpression,4,0.05,5,1.0,raw rows Borda,0.21050687782872374,,,,,0.9971578947368421,0.94,,
coexpression,4,0.05,5,1.0,raw rows degree-adjusted z,0.015205211774254188,0.0863157894736842,35.0,,,0.9953684210526316,0.88,0.96,0.42168674698795183
coexpression,4,0.05,5,2.0,DeDi,0.8884920904708979,,,,,0.6739578947368421,0.12,,
coexpression,4,0.05,5,2.0,UASE Borda (default),0.4436503490484207,,,,,0.9859684210526316,0.76,,
coexpression,4,0.05,5,2.0,UASE elbow,0.2934222625673791,,,,,0.997,0.86,,
coexpression,4,0.05,5,2.0,UASE degree-adjusted z,-0.016881357675800897,0.031578947368421054,0.0,,,0.9982947368421052,0.9,0.36,0.0
coexpression,4,0.05,5,2.0,OMNI Borda (default),0.5388434798804818,,,,,0.8734105263157895,0.56,,
coexpression,4,0.05,5,2.0,OMNI elbow,0.3241290970269813,,,,,0.9655368421052631,0.76,,
coexpression,4,0.05,5,2.0,OMNI degree-adjusted z,0.024270286696920676,0.018947368421052633,0.0,,,0.9516631578947369,0.72,0.18,0.0
coexpression,4,0.05,5,2.0,ASE+Procrustes Borda,0.42833792649884755,,,,,0.9949263157894737,0.84,,
coexpression,4,0.05,5,2.0,raw rows Borda,0.19310051464837452,,,,,0.9928947368421053,0.88,,
coexpression,4,0.05,5,2.0,raw rows degree-adjusted z,0.01882785465690267,0.1031578947368421,36.0,,,0.9945894736842106,0.86,0.96,0.42857142857142855
coexpression,4,0.05,5,3.0,DeDi,0.9345789856830867,,,,,0.6278526315789473,0.04,,
coexpression,4,0.05,5,3.0,UASE Borda (default),0.4646756452952627,,,,,0.9725578947368421,0.68,,
coexpression,4,0.05,5,3.0,UASE elbow,0.3486368205585033,,,,,0.9928315789473684,0.82,,
coexpression,4,0.05,5,3.0,UASE degree-adjusted z,0.0011856831916011456,0.01368421052631579,0.0,,,0.9952421052631579,0.92,0.46,0.0
coexpression,4,0.05,5,3.0,OMNI Borda (default),0.596064414508984,,,,,0.8476526315789473,0.48,,
coexpression,4,0.05,5,3.0,OMNI elbow,0.3609310965785342,,,,,0.9456,0.7,,
coexpression,4,0.05,5,3.0,OMNI degree-adjusted z,0.0298288594108954,0.00631578947368421,0.0,,,0.9306526315789474,0.66,0.0,0.0
coexpression,4,0.05,5,3.0,ASE+Procrustes Borda,0.41160840136171606,,,,,0.9881473684210527,0.76,,
coexpression,4,0.05,5,3.0,raw rows Borda,0.1851759859804556,,,,,0.9844421052631579,0.86,,
coexpression,4,0.05,5,3.0,raw rows degree-adjusted z,0.024559798608320374,0.07894736842105263,22.0,,,0.9894315789473684,0.88,0.9,0.3283582089552239
coexpression,4,0.05,5,,time UASE,,,,0.2730109799999809,5.0,,,,
coexpression,4,0.05,5,,time OMNI,,,,1.363541578999957,5.0,,,,
coexpression,4,0.05,5,,time ASE+Procrustes,,,,0.29759597099996427,,,,,
coexpression,4,0.05,6,1.0,DeDi,0.9321606899579012,,,,,0.6459578947368421,0.02,,
coexpression,4,0.05,6,1.0,UASE Borda (default),0.4764216901936061,,,,,0.9656736842105264,0.72,,
coexpression,4,0.05,6,1.0,UASE elbow,0.3164281351188623,,,,,0.9880421052631579,0.82,,
coexpression,4,0.05,6,1.0,UASE degree-adjusted z,-0.03791685787550954,0.015789473684210527,0.0,,,0.9970947368421053,0.9,0.74,0.0
coexpression,4,0.05,6,1.0,OMNI Borda (default),0.6002391360283335,,,,,0.8713684210526316,0.54,,
coexpression,4,0.05,6,1.0,OMNI elbow,0.3362702776337301,,,,,0.9718421052631578,0.72,,
coexpression,4,0.05,6,1.0,OMNI degree-adjusted z,0.005754036992372233,0.004210526315789474,0.0,,,0.9545684210526316,0.8,0.0,0.0
coexpression,4,0.05,6,1.0,ASE+Procrustes Borda,0.3632558869893973,,,,,0.9868842105263158,0.82,,
coexpression,4,0.05,6,1.0,raw rows Borda,0.20169086725336352,,,,,0.9934526315789474,0.92,,
coexpression,4,0.05,6,1.0,raw rows degree-adjusted z,-0.0009211405453664011,0.06947368421052631,25.0,,,0.9936631578947368,0.86,0.88,0.36231884057971014
coexpression,4,0.05,6,2.0,DeDi,0.9275815450677566,,,,,0.6550526315789473,0.02,,
coexpression,4,0.05,6,2.0,UASE Borda (default),0.46330401240346375,,,,,0.9881052631578947,0.82,,
coexpression,4,0.05,6,2.0,UASE elbow,0.3180864375170085,,,,,0.9965894736842106,0.9,,
coexpression,4,0.05,6,2.0,UASE degree-adjusted z,-0.002583318214494596,0.010526315789473684,0.0,,,0.9954736842105263,0.96,0.66,0.0
coexpression,4,0.05,6,2.0,OMNI Borda (default),0.5611850291490352,,,,,0.8913263157894736,0.48,,
coexpression,4,0.05,6,2.0,OMNI elbow,0.31457423871685863,,,,,0.9727789473684211,0.74,,
coexpression,4,0.05,6,2.0,OMNI degree-adjusted z,-0.0018691468443674032,0.007368421052631579,0.0,,,0.9625052631578948,0.74,0.0,0.0
coexpression,4,0.05,6,2.0,ASE+Procrustes Borda,0.39892139053163855,,,,,0.9944421052631579,0.84,,
coexpression,4,0.05,6,2.0,raw rows Borda,0.20949911560577972,,,,,0.9960842105263158,0.94,,
coexpression,4,0.05,6,2.0,raw rows degree-adjusted z,0.05678938148407921,0.07789473684210527,36.0,,,0.9877894736842106,0.92,0.98,0.4235294117647059
coexpression,4,0.05,6,3.0,DeDi,0.9307492686535125,,,,,0.6777894736842105,0.08,,
coexpression,4,0.05,6,3.0,UASE Borda (default),0.48429599222099445,,,,,0.9947894736842106,0.84,,
coexpression,4,0.05,6,3.0,UASE elbow,0.3485798441901972,,,,,0.9980736842105263,0.9,,
coexpression,4,0.05,6,3.0,UASE degree-adjusted z,-0.10642103058752479,0.03263157894736842,0.0,,,0.9993473684210527,0.94,0.7,0.0
coexpression,4,0.05,6,3.0,OMNI Borda (default),0.6209109034268596,,,,,0.9318,0.58,,
coexpression,4,0.05,6,3.0,OMNI elbow,0.37008158051904055,,,,,0.9796842105263158,0.74,,
coexpression,4,0.05,6,3.0,OMNI degree-adjusted z,-0.0821933134085409,0.0431578947368421,0.0,,,0.9838526315789474,0.7,0.44,0.0
coexpression,4,0.05,6,3.0,ASE+Procrustes Borda,0.4362240377213115,,,,,0.9950210526315789,0.82,,
coexpression,4,0.05,6,3.0,raw rows Borda,0.1911113111245254,,,,,0.9952421052631579,0.88,,
coexpression,4,0.05,6,3.0,raw rows degree-adjusted z,0.027660634235430852,0.08947368421052632,39.0,,,0.996378947368421,0.9,0.98,0.4431818181818182
coexpression,4,0.05,6,,time UASE,,,,0.2654664980000234,5.0,,,,
coexpression,4,0.05,6,,time OMNI,,,,1.1429109470000185,5.0,,,,
coexpression,4,0.05,6,,time ASE+Procrustes,,,,0.27351644600003056,,,,,
coexpression,4,0.05,7,1.0,DeDi,0.9361364435977508,,,,,0.6308421052631579,0.08,,
coexpression,4,0.05,7,1.0,UASE Borda (default),0.44845644259153733,,,,,0.9756210526315789,0.66,,
coexpression,4,0.05,7,1.0,UASE elbow,0.3268371398831456,,,,,0.9924421052631579,0.78,,
coexpression,4,0.05,7,1.0,UASE degree-adjusted z,-0.02609546440086448,0.008421052631578947,0.0,,,0.9985473684210526,0.94,0.32,0.0
coexpression,4,0.05,7,1.0,OMNI Borda (default),0.45904673370628973,,,,,0.8716526315789473,0.44,,
coexpression,4,0.05,7,1.0,OMNI elbow,0.33973687590905227,,,,,0.9568315789473684,0.7,,
coexpression,4,0.05,7,1.0,OMNI degree-adjusted z,-0.02445192970326079,0.009473684210526316,0.0,,,0.9461473684210526,0.66,0.0,0.0
coexpression,4,0.05,7,1.0,ASE+Procrustes Borda,0.43989981668722183,,,,,0.9881157894736842,0.78,,
coexpression,4,0.05,7,1.0,raw rows Borda,0.1979133297849856,,,,,0.9931368421052632,0.88,,
coexpression,4,0.05,7,1.0,raw rows degree-adjusted z,-0.033543513475827735,0.08526315789473685,38.0,,,0.9945473684210526,0.86,0.96,0.4418604651162791
coexpression,4,0.05,7,2.0,DeDi,0.8956718179189119,,,,,0.6296421052631579,0.1,,
coexpression,4,0.05,7,2.0,UASE Borda (default),0.49717841137834756,,,,,0.9728631578947369,0.7,,
coexpression,4,0.05,7,2.0,UASE elbow,0.27712759293702405,,,,,0.9866842105263158,0.78,,
coexpression,4,0.05,7,2.0,UASE degree-adjusted z,-0.019883687872288648,0.018947368421052633,0.0,,,0.9991368421052632,0.94,0.82,0.0
coexpression,4,0.05,7,2.0,OMNI Borda (default),0.6233779698318322,,,,,0.8487263157894737,0.52,,
coexpression,4,0.05,7,2.0,OMNI elbow,0.2954311272310053,,,,,0.9677473684210526,0.66,,
coexpression,4,0.05,7,2.0,OMNI degree-adjusted z,0.005466596522253036,0.024210526315789474,0.0,,,0.9571368421052632,0.8,0.38,0.0
coexpression,4,0.05,7,2.0,ASE+Procrustes Borda,0.37100285424042273,,,,,0.9810842105263158,0.76,,
coexpression,4,0.05,7,2.0,raw rows Borda,0.16589954814693725,,,,,0.9850105263157894,0.86,,
coexpression,4,0.05,7,2.0,raw rows degree-adjusted z,-0.006906934027219508,0.07473684210526316,23.0,,,0.9867157894736842,0.82,0.86,0.3484848484848485
coexpression,4,0.05,7,3.0,DeDi,0.8988009119240314,,,,,0.633957894736842,0.06,,
coexpression,4,0.05,7,3.0,UASE Borda (default),0.45986004681949155,,,,,0.986578947368421,0.74,,
coexpression,4,0.05,7,3.0,UASE elbow,0.25279753114912323,,,,,0.996378947368421,0.88,,
coexpression,4,0.05,7,3.0,UASE degree-adjusted z,-0.037014199345081655,0.02526315789473684,0.0,,,0.9996842105263158,0.96,0.76,0.0
coexpression,4,0.05,7,3.0,OMNI Borda (default),0.49643156223481055,,,,,0.9089473684210526,0.64,,
coexpression,4,0.05,7,3.0,OMNI elbow,0.2691781875554679,,,,,0.9703578947368421,0.8,,
coexpression,4,0.05,7,3.0,OMNI degree-adjusted z,-0.025027986326388117,0.01368421052631579,0.0,,,0.9776421052631579,0.78,0.1,0.0
coexpression,4,0.05,7,3.0,ASE+Procrustes Borda,0.3848737875587988,,,,,0.9910736842105263,0.8,,
coexpression,4,0.05,7,3.0,raw rows Borda,0.19147499579928925,,,,,0.9925052631578948,0.92,,
coexpression,4,0.05,7,3.0,raw rows degree-adjusted z,0.001444305434716621,0.07473684210526316,25.0,,,0.9970315789473684,0.86,0.98,0.33783783783783783
coexpression,4,0.05,7,,time UASE,,,,0.30598175499994795,5.0,,,,
coexpression,4,0.05,7,,time OMNI,,,,1.2309839710000006,5.0,,,,
coexpression,4,0.05,7,,time ASE+Procrustes,,,,0.26914110799998525,,,,,
coexpression,4,0.05,8,1.0,DeDi,0.9172766565538113,,,,,0.6491789473684211,0.02,,
coexpression,4,0.05,8,1.0,UASE Borda (default),0.46166399370215316,,,,,0.9937473684210526,0.78,,
coexpression,4,0.05,8,1.0,UASE elbow,0.3161216502475919,,,,,0.9960105263157895,0.82,,
coexpression,4,0.05,8,1.0,UASE degree-adjusted z,-0.02163724689358163,0.014736842105263158,0.0,,,0.9997052631578948,0.96,0.76,0.0
coexpression,4,0.05,8,1.0,OMNI Borda (default),0.5098170218999554,,,,,0.9512631578947368,0.7,,
coexpression,4,0.05,8,1.0,OMNI elbow,0.33524564266380497,,,,,0.9858105263157895,0.78,,
coexpression,4,0.05,8,1.0,OMNI degree-adjusted z,-0.011082539761962705,0.01263157894736842,0.0,,,0.9925263157894737,0.8,0.0,0.0
coexpression,4,0.05,8,1.0,ASE+Procrustes Borda,0.4156060690202375,,,,,0.9928631578947369,0.78,,
coexpression,4,0.05,8,1.0,raw rows Borda,0.19905047036097942,,,,,0.9978105263157895,0.92,,
coexpression,4,0.05,8,1.0,raw rows degree-adjusted z,0.011703202353745138,0.07157894736842105,16.0,,,0.9978105263157895,0.9,0.98,0.24615384615384617
coexpression,4,0.05,8,2.0,DeDi,0.9004682262076862,,,,,0.6781263157894737,0.08,,
coexpression,4,0.05,8,2.0,UASE Borda (default),0.4663851295206931,,,,,0.9840526315789474,0.74,,
coexpression,4,0.05,8,2.0,UASE elbow,0.32239706142762703,,,,,0.9946,0.82,,
coexpression,4,0.05,8,2.0,UASE degree-adjusted z,-0.014670388029588718,0.015789473684210527,0.0,,,0.9982105263157894,0.92,0.48,0.0
coexpression,4,0.05,8,2.0,OMNI Borda (default),0.565887499160364,,,,,0.9166526315789474,0.58,,
coexpression,4,0.05,8,2.0,OMNI elbow,0.35715288971488685,,,,,0.9802526315789474,0.74,,
coexpression,4,0.05,8,2.0,OMNI degree-adjusted z,-0.006001014376397327,0.010526315789473684,0.0,,,0.9725684210526315,0.82,0.14,0.0
coexpression,4,0.05,8,2.0,ASE+Procrustes Borda,0.4001832400115107,,,,,0.9924,0.8,,
coexpression,4,0.05,8,2.0,raw rows Borda,0.2043340929241484,,,,,0.9943684210526316,0.94,,
coexpression,4,0.05,8,2.0,raw rows degree-adjusted z,0.024710467969027056,0.061052631578947365,18.0,,,0.9947157894736842,0.88,0.96,0.2727272727272727
coexpression,4,0.05,8,3.0,DeDi,0.9302364609705648,,,,,0.646778947368421,0.02,,
coexpression,4,0.05,8,3.0,UASE Borda (default),0.49103541099809433,,,,,0.9856842105263158,0.76,,
coexpression,4,0.05,8,3.0,UASE elbow,0.26657380984900436,,,,,0.9921894736842105,0.84,,
coexpression,4,0.05,8,3.0,UASE degree-adjusted z,-0.04527734656769703,0.008421052631578947,0.0,,,0.9993473684210527,0.94,0.56,0.0
coexpression,4,0.05,8,3.0,OMNI Borda (default),0.6021643631974266,,,,,0.9315789473684211,0.66,,
coexpression,4,0.05,8,3.0,OMNI elbow,0.3075848309687411,,,,,0.9790526315789474,0.74,,
coexpression,4,0.05,8,3.0,OMNI degree-adjusted z,-0.03364203290267533,0.009473684210526316,0.0,,,0.9825052631578948,0.8,0.32,0.0
coexpression,4,0.05,8,3.0,ASE+Procrustes Borda,0.38024928281320536,,,,,0.993578947368421,0.82,,
coexpression,4,0.05,8,3.0,raw rows Borda,0.17002746008862368,,,,,0.9888105263157895,0.88,,
coexpression,4,0.05,8,3.0,raw rows degree-adjusted z,-0.011354318456454335,0.06842105263157895,18.0,,,0.9949052631578947,0.9,0.94,0.27692307692307694
coexpression,4,0.05,8,,time UASE,,,,0.31127122499992765,5.0,,,,
coexpression,4,0.05,8,,time OMNI,,,,1.2267641540000795,5.0,,,,
coexpression,4,0.05,8,,time ASE+Procrustes,,,,0.26963260900004116,,,,,
coexpression,4,0.05,9,1.0,DeDi,0.9039190794263018,,,,,0.6666736842105263,0.04,,
coexpression,4,0.05,9,1.0,UASE Borda (default),0.4428349738819468,,,,,0.9860210526315789,0.72,,
coexpression,4,0.05,9,1.0,UASE elbow,0.29362917639340713,,,,,0.9963157894736843,0.9,,
coexpression,4,0.05,9,1.0,UASE degree-adjusted z,0.0030626329313325966,0.00631578947368421,0.0,,,0.9999578947368422,0.98,0.62,0.0
coexpression,4,0.05,9,1.0,OMNI Borda (default),0.5442332219820409,,,,,0.9528,0.58,,
coexpression,4,0.05,9,1.0,OMNI elbow,0.3069486204163352,,,,,0.9918526315789473,0.86,,
coexpression,4,0.05,9,1.0,OMNI degree-adjusted z,-0.0032980634298413864,0.00631578947368421,0.0,,,0.9927789473684211,0.78,0.0,0.0
coexpression,4,0.05,9,1.0,ASE+Procrustes Borda,0.44352267771814086,,,,,0.9932210526315789,0.84,,
coexpression,4,0.05,9,1.0,raw rows Borda,0.18575642191914546,,,,,0.9961894736842105,0.92,,
coexpression,4,0.05,9,1.0,raw rows degree-adjusted z,0.02511572866008716,0.056842105263157895,13.0,,,0.9987578947368421,0.92,0.94,0.21666666666666667
coexpression,4,0.05,9,2.0,DeDi,0.9007089892678698,,,,,0.6112631578947368,0.08,,
coexpression,4,0.05,9,2.0,UASE Borda (default),0.47705716858871633,,,,,0.9854526315789474,0.78,,
coexpression,4,0.05,9,2.0,UASE elbow,0.3022437889170549,,,,,0.9944842105263157,0.84,,
coexpression,4,0.05,9,2.0,UASE degree-adjusted z,-0.054767192918889956,0.023157894736842106,0.0,,,0.9950315789473684,0.94,0.7,0.0
coexpression,4,0.05,9,2.0,OMNI Borda (default),0.5432726495325995,,,,,0.9020631578947368,0.66,,
coexpression,4,0.05,9,2.0,OMNI elbow,0.3164650158098246,,,,,0.9767473684210526,0.78,,
coexpression,4,0.05,9,2.0,OMNI degree-adjusted z,-0.011464118840545736,0.01263157894736842,0.0,,,0.9550315789473685,0.82,0.44,0.0
coexpression,4,0.05,9,2.0,ASE+Procrustes Borda,0.37193722846814803,,,,,0.9925894736842106,0.84,,
coexpression,4,0.05,9,2.0,raw rows Borda,0.21520545128172863,,,,,0.9920210526315789,0.9,,
coexpression,4,0.05,9,2.0,raw rows degree-adjusted z,-0.0269043482246751,0.07578947368421053,34.0,,,0.9846526315789473,0.86,0.96,0.4146341463414634
coexpression,4,0.05,9,3.0,DeDi,0.9058162257185182,,,,,0.6394947368421052,0.1,,
coexpression,4,0.05,9,3.0,UASE Borda (default),0.45633983443136,,,,,0.9739052631578947,0.7,,
coexpression,4,0.05,9,3.0,UASE elbow,0.31020172660491796,,,,,0.9858526315789473,0.76,,
coexpression,4,0.05,9,3.0,UASE degree-adjusted z,-0.011648771035232522,0.023157894736842106,0.0,,,0.9979368421052631,0.9,0.6,0.0
coexpression,4,0.05,9,3.0,OMNI Borda (default),0.5143980741947798,,,,,0.8802210526315789,0.66,,
coexpression,4,0.05,9,3.0,OMNI elbow,0.32128500105099933,,,,,0.9613894736842106,0.72,,
coexpression,4,0.05,9,3.0,OMNI degree-adjusted z,0.014662844064384735,0.003157894736842105,0.0,,,0.9603578947368421,0.82,0.0,0.0
coexpression,4,0.05,9,3.0,ASE+Procrustes Borda,0.40921730425633945,,,,,0.9892526315789474,0.76,,
coexpression,4,0.05,9,3.0,raw rows Borda,0.1916963885638354,,,,,0.989621052631579,0.9,,
coexpression,4,0.05,9,3.0,raw rows degree-adjusted z,0.007104392767660743,0.08842105263157894,31.0,,,0.9896631578947368,0.84,0.88,0.41333333333333333
coexpression,4,0.05,9,,time UASE,,,,0.2678899500000398,5.0,,,,
coexpression,4,0.05,9,,time OMNI,,,,1.2831223959999534,5.0,,,,
coexpression,4,0.05,9,,time ASE+Procrustes,,,,0.2849093270000367,,,,,
coexp_unequal,4,0.0,0,1.0,DeDi,0.8237257037257038,,,,,,,,
coexp_unequal,4,0.0,0,1.0,UASE Borda (default),0.399178059079429,,,,,,,,
coexp_unequal,4,0.0,0,1.0,UASE elbow,-0.021514820258320994,,,,,,,,
coexp_unequal,4,0.0,0,1.0,UASE degree-adjusted z,-0.017460101460101463,0.013,0.0,,,,,,
coexp_unequal,4,0.0,0,1.0,OMNI Borda (default),0.3621466879008963,,,,,,,,
coexp_unequal,4,0.0,0,1.0,OMNI elbow,-0.02705105438270845,,,,,,,,
coexp_unequal,4,0.0,0,1.0,OMNI degree-adjusted z,-0.011681939681939682,0.014,0.0,,,,,,
coexp_unequal,4,0.0,0,1.0,ASE+Procrustes Borda,0.2886528439507738,,,,,,,,
coexp_unequal,4,0.0,0,1.0,raw rows Borda,0.09032197816550827,,,,,,,,
coexp_unequal,4,0.0,0,1.0,raw rows degree-adjusted z,0.03440906240906241,0.069,1.0,,,,,,
coexp_unequal,4,0.0,0,2.0,DeDi,0.8215829815829817,,,,,,,,
coexp_unequal,4,0.0,0,2.0,UASE Borda (default),0.407788143753569,,,,,,,,
coexp_unequal,4,0.0,0,2.0,UASE elbow,-0.004632427516441038,,,,,,,,
coexp_unequal,4,0.0,0,2.0,UASE degree-adjusted z,0.006082470082470082,0.013,0.0,,,,,,
coexp_unequal,4,0.0,0,2.0,OMNI Borda (default),0.3761754624450471,,,,,,,,
coexp_unequal,4,0.0,0,2.0,OMNI elbow,-0.014686958293747525,,,,,,,,
coexp_unequal,4,0.0,0,2.0,OMNI degree-adjusted z,-0.004847872847872849,0.013,0.0,,,,,,
coexp_unequal,4,0.0,0,2.0,ASE+Procrustes Borda,0.32650018902423744,,,,,,,,
coexp_unequal,4,0.0,0,2.0,raw rows Borda,0.11040548128416583,,,,,,,,
coexp_unequal,4,0.0,0,2.0,raw rows degree-adjusted z,0.018456858456858457,0.066,8.0,,,,,,
coexp_unequal,4,0.0,0,3.0,DeDi,0.8774135894135895,,,,,,,,
coexp_unequal,4,0.0,0,3.0,UASE Borda (default),0.42508791247478456,,,,,,,,
coexp_unequal,4,0.0,0,3.0,UASE elbow,-0.005350821246426585,,,,,,,,
coexp_unequal,4,0.0,0,3.0,UASE degree-adjusted z,0.005711357711357712,0.01,0.0,,,,,,
coexp_unequal,4,0.0,0,3.0,OMNI Borda (default),0.45844492771033213,,,,,,,,
coexp_unequal,4,0.0,0,3.0,OMNI elbow,-0.027133599176356174,,,,,,,,
coexp_unequal,4,0.0,0,3.0,OMNI degree-adjusted z,-0.0076829476829476835,0.008,0.0,,,,,,
coexp_unequal,4,0.0,0,3.0,ASE+Procrustes Borda,0.3494806102902418,,,,,,,,
coexp_unequal,4,0.0,0,3.0,raw rows Borda,0.07142059755750427,,,,,,,,
coexp_unequal,4,0.0,0,3.0,raw rows degree-adjusted z,0.0314981594981595,0.09,10.0,,,,,,
coexp_unequal,4,0.0,0,,time UASE,,,,0.34399077299997316,5.0,,,,
coexp_unequal,4,0.0,0,,time OMNI,,,,1.590512571999966,5.0,,,,
coexp_unequal,4,0.0,0,,time ASE+Procrustes,,,,0.3034021460000531,,,,,
coexp_unequal,4,0.0,1,1.0,DeDi,0.8674818514818515,,,,,,,,
coexp_unequal,4,0.0,1,1.0,UASE Borda (default),0.4029603098665287,,,,,,,,
coexp_unequal,4,0.0,1,1.0,UASE elbow,0.06875729750237451,,,,,,,,
coexp_unequal,4,0.0,1,1.0,UASE degree-adjusted z,-0.02076713676713677,0.012,0.0,,,,,,
coexp_unequal,4,0.0,1,1.0,OMNI Borda (default),0.42109040699070144,,,,,,,,
coexp_unequal,4,0.0,1,1.0,OMNI elbow,0.050043784511791436,,,,,,,,
coexp_unequal,4,0.0,1,1.0,OMNI degree-adjusted z,0.03097569097569098,0.011,0.0,,,,,,
coexp_unequal,4,0.0,1,1.0,ASE+Procrustes Borda,0.3874213000778949,,,,,,,,
coexp_unequal,4,0.0,1,1.0,raw rows Borda,0.09096213036809865,,,,,,,,
coexp_unequal,4,0.0,1,1.0,raw rows degree-adjusted z,0.04036126036126037,0.068,0.0,,,,,,
coexp_unequal,4,0.0,1,2.0,DeDi,0.8749990909990909,,,,,,,,
coexp_unequal,4,0.0,1,2.0,UASE Borda (default),0.4271721201597914,,,,,,,,
coexp_unequal,4,0.0,1,2.0,UASE elbow,0.05748805692951915,,,,,,,,
coexp_unequal,4,0.0,1,2.0,UASE degree-adjusted z,-0.042951450951450955,0.015,0.0,,,,,,
coexp_unequal,4,0.0,1,2.0,OMNI Borda (default),0.4290438519746982,,,,,,,,
coexp_unequal,4,0.0,1,2.0,OMNI elbow,0.039480271378775016,,,,,,,,
coexp_unequal,4,0.0,1,2.0,OMNI degree-adjusted z,-0.025193557193557193,0.012,0.0,,,,,,
coexp_unequal,4,0.0,1,2.0,ASE+Procrustes Borda,0.39369766711450804,,,,,,,,
coexp_unequal,4,0.0,1,2.0,raw rows Borda,0.07546737343656543,,,,,,,,
coexp_unequal,4,0.0,1,2.0,raw rows degree-adjusted z,0.03414697014697015,0.086,14.0,,,,,,
coexp_unequal,4,0.0,1,3.0,DeDi,0.882840222840223,,,,,,,,
coexp_unequal,4,0.0,1,3.0,UASE Borda (default),0.38054900418947835,,,,,,,,
coexp_unequal,4,0.0,1,3.0,UASE elbow,0.08116958852654639,,,,,,,,
coexp_unequal,4,0.0,1,3.0,UASE degree-adjusted z,0.04703553503553504,0.031,0.0,,,,,,
coexp_unequal,4,0.0,1,3.0,OMNI Borda (default),0.3943455600331037,,,,,,,,
coexp_unequal,4,0.0,1,3.0,OMNI elbow,0.0634881209950736,,,,,,,,
coexp_unequal,4,0.0,1,3.0,OMNI degree-adjusted z,-0.016016272016272013,0.005,0.0,,,,,,
coexp_unequal,4,0.0,1,3.0,ASE+Procrustes Borda,0.34568651598421396,,,,,,,,
coexp_unequal,4,0.0,1,3.0,raw rows Borda,0.07568597843355072,,,,,,,,
coexp_unequal,4,0.0,1,3.0,raw rows degree-adjusted z,0.023046971046971048,0.1,9.0,,,,,,
coexp_unequal,4,0.0,1,,time UASE,,,,0.33899286999997,5.0,,,,
coexp_unequal,4,0.0,1,,time OMNI,,,,1.9982669599999099,5.0,,,,
coexp_unequal,4,0.0,1,,time ASE+Procrustes,,,,0.2936058720000574,,,,,
coexp_unequal,4,0.0,2,1.0,DeDi,0.8431088431088432,,,,,,,,
coexp_unequal,4,0.0,2,1.0,UASE Borda (default),0.3758209460469253,,,,,,,,
coexp_unequal,4,0.0,2,1.0,UASE elbow,0.07863713101306753,,,,,,,,
coexp_unequal,4,0.0,2,1.0,UASE degree-adjusted z,0.0041379281379281384,0.03,0.0,,,,,,
coexp_unequal,4,0.0,2,1.0,OMNI Borda (default),0.34795460398121447,,,,,,,,
coexp_unequal,4,0.0,2,1.0,OMNI elbow,0.08470301885708738,,,,,,,,
coexp_unequal,4,0.0,2,1.0,OMNI degree-adjusted z,-0.02294811494811495,0.006,0.0,,,,,,
coexp_unequal,4,0.0,2,1.0,ASE+Procrustes Borda,0.2842337754269493,,,,,,,,
coexp_unequal,4,0.0,2,1.0,raw rows Borda,0.1080840447877935,,,,,,,,
coexp_unequal,4,0.0,2,1.0,raw rows degree-adjusted z,0.024857700857700855,0.081,2.0,,,,,,
coexp_unequal,4,0.0,2,2.0,DeDi,0.8324245604245605,,,,,,,,
coexp_unequal,4,0.0,2,2.0,UASE Borda (default),0.40174516331689214,,,,,,,,
coexp_unequal,4,0.0,2,2.0,UASE elbow,0.05436076866196896,,,,,,,,
coexp_unequal,4,0.0,2,2.0,UASE degree-adjusted z,0.0012803412803412805,0.017,0.0,,,,,,
coexp_unequal,4,0.0,2,2.0,OMNI Borda (default),0.3628051194027225,,,,,,,,
coexp_unequal,4,0.0,2,2.0,OMNI elbow,0.06252577537302874,,,,,,,,
coexp_unequal,4,0.0,2,2.0,OMNI degree-adjusted z,-0.022432726432726435,0.005,0.0,,,,,,
coexp_unequal,4,0.0,2,2.0,ASE+Procrustes Borda,0.2862916320942551,,,,,,,,
coexp_unequal,4,0.0,2,2.0,raw rows Borda,0.11136082000095193,,,,,,,,
coexp_unequal,4,0.0,2,2.0,raw rows degree-adjusted z,0.031902607902607905,0.078,7.0,,,,,,
coexp_unequal,4,0.0,2,3.0,DeDi,0.896973428973429,,,,,,,,
coexp_unequal,4,0.0,2,3.0,UASE Borda (default),0.3717084374647073,,,,,,,,
coexp_unequal,4,0.0,2,3.0,UASE elbow,0.08362341125360868,,,,,,,,
coexp_unequal,4,0.0,2,3.0,UASE degree-adjusted z,0.06939818139818141,0.012,0.0,,,,,,
coexp_unequal,4,0.0,2,3.0,OMNI Borda (default),0.4752503613894236,,,,,,,,
coexp_unequal,4,0.0,2,3.0,OMNI elbow,0.052408843664215964,,,,,,,,
coexp_unequal,4,0.0,2,3.0,OMNI degree-adjusted z,0.007763119763119764,0.004,0.0,,,,,,
coexp_unequal,4,0.0,2,3.0,ASE+Procrustes Borda,0.30012306494965396,,,,,,,,
coexp_unequal,4,0.0,2,3.0,raw rows Borda,0.0789991206916804,,,,,,,,
coexp_unequal,4,0.0,2,3.0,raw rows degree-adjusted z,0.051129447129447135,0.097,30.0,,,,,,
coexp_unequal,4,0.0,2,,time UASE,,,,0.344146032000026,5.0,,,,
coexp_unequal,4,0.0,2,,time OMNI,,,,2.031946461000075,5.0,,,,
coexp_unequal,4,0.0,2,,time ASE+Procrustes,,,,0.2854404040000418,,,,,
coexp_unequal,4,0.0,3,1.0,DeDi,0.9102190542190541,,,,,,,,
coexp_unequal,4,0.0,3,1.0,UASE Borda (default),0.46998538779359395,,,,,,,,
coexp_unequal,4,0.0,3,1.0,UASE elbow,0.13350213458230237,,,,,,,,
coexp_unequal,4,0.0,3,1.0,UASE degree-adjusted z,0.04845740445740446,0.013,0.0,,,,,,
coexp_unequal,4,0.0,3,1.0,OMNI Borda (default),0.5541525022880106,,,,,,,,
coexp_unequal,4,0.0,3,1.0,OMNI elbow,0.0932521632617388,,,,,,,,
coexp_unequal,4,0.0,3,1.0,OMNI degree-adjusted z,0.0059401379401379404,0.011,0.0,,,,,,
coexp_unequal,4,0.0,3,1.0,ASE+Procrustes Borda,0.4171123164385286,,,,,,,,
coexp_unequal,4,0.0,3,1.0,raw rows Borda,0.12410799244345569,,,,,,,,
coexp_unequal,4,0.0,3,1.0,raw rows degree-adjusted z,0.01537970737970738,0.066,0.0,,,,,,
coexp_unequal,4,0.0,3,2.0,DeDi,0.8545860265860267,,,,,,,,
coexp_unequal,4,0.0,3,2.0,UASE Borda (default),0.40884036843164134,,,,,,,,
coexp_unequal,4,0.0,3,2.0,UASE elbow,0.06225020008634934,,,,,,,,
coexp_unequal,4,0.0,3,2.0,UASE degree-adjusted z,0.03981095181095182,0.025,0.0,,,,,,
coexp_unequal,4,0.0,3,2.0,OMNI Borda (default),0.4346561468061663,,,,,,,,
coexp_unequal,4,0.0,3,2.0,OMNI elbow,0.04539735437439466,,,,,,,,
coexp_unequal,4,0.0,3,2.0,OMNI degree-adjusted z,0.01558817158817159,0.004,0.0,,,,,,
coexp_unequal,4,0.0,3,2.0,ASE+Procrustes Borda,0.36174970075641216,,,,,,,,
coexp_unequal,4,0.0,3,2.0,raw rows Borda,0.1032153008662281,,,,,,,,
coexp_unequal,4,0.0,3,2.0,raw rows degree-adjusted z,0.06064938064938065,0.058,2.0,,,,,,
coexp_unequal,4,0.0,3,3.0,DeDi,0.9055503175503176,,,,,,,,
coexp_unequal,4,0.0,3,3.0,UASE Borda (default),0.41738605554145325,,,,,,,,
coexp_unequal,4,0.0,3,3.0,UASE elbow,0.09203127459701173,,,,,,,,
coexp_unequal,4,0.0,3,3.0,UASE degree-adjusted z,0.024510516510516514,0.014,0.0,,,,,,
coexp_unequal,4,0.0,3,3.0,OMNI Borda (default),0.49886107866974694,,,,,,,,
coexp_unequal,4,0.0,3,3.0,OMNI elbow,0.0760884355634227,,,,,,,,
coexp_unequal,4,0.0,3,3.0,OMNI degree-adjusted z,-0.021615345615345616,0.003,0.0,,,,,,
coexp_unequal,4,0.0,3,3.0,ASE+Procrustes Borda,0.3674606487059536,,,,,,,,
coexp_unequal,4,0.0,3,3.0,raw rows Borda,0.06576251651485676,,,,,,,,
coexp_unequal,4,0.0,3,3.0,raw rows degree-adjusted z,0.01115983115983116,0.099,7.0,,,,,,
coexp_unequal,4,0.0,3,,time UASE,,,,0.453403731000094,5.0,,,,
coexp_unequal,4,0.0,3,,time OMNI,,,,2.119091070999957,5.0,,,,
coexp_unequal,4,0.0,3,,time ASE+Procrustes,,,,0.2905385679999881,,,,,
coexp_unequal,4,0.0,4,1.0,DeDi,0.7836366996366997,,,,,,,,
coexp_unequal,4,0.0,4,1.0,UASE Borda (default),0.37703238758725,,,,,,,,
coexp_unequal,4,0.0,4,1.0,UASE elbow,0.038990252266134055,,,,,,,,
coexp_unequal,4,0.0,4,1.0,UASE degree-adjusted z,0.012571704571704572,0.017,0.0,,,,,,
coexp_unequal,4,0.0,4,1.0,OMNI Borda (default),0.3256086242181818,,,,,,,,
coexp_unequal,4,0.0,4,1.0,OMNI elbow,0.02058738148139492,,,,,,,,
coexp_unequal,4,0.0,4,1.0,OMNI degree-adjusted z,0.0016913296913296917,0.01,0.0,,,,,,
coexp_unequal,4,0.0,4,1.0,ASE+Procrustes Borda,0.30391546153199606,,,,,,,,
coexp_unequal,4,0.0,4,1.0,raw rows Borda,0.1270791847213836,,,,,,,,
coexp_unequal,4,0.0,4,1.0,raw rows degree-adjusted z,0.036976560976560977,0.059,0.0,,,,,,
coexp_unequal,4,0.0,4,2.0,DeDi,0.8667510627510627,,,,,,,,
coexp_unequal,4,0.0,4,2.0,UASE Borda (default),0.4141133654114376,,,,,,,,
coexp_unequal,4,0.0,4,2.0,UASE elbow,0.09603147022631536,,,,,,,,
coexp_unequal,4,0.0,4,2.0,UASE degree-adjusted z,-0.0054817494817494825,0.015,0.0,,,,,,
coexp_unequal,4,0.0,4,2.0,OMNI Borda (default),0.3878700813961563,,,,,,,,
coexp_unequal,4,0.0,4,2.0,OMNI elbow,0.09263856165674406,,,,,,,,
coexp_unequal,4,0.0,4,2.0,OMNI degree-adjusted z,0.04383778383778384,0.002,0.0,,,,,,
coexp_unequal,4,0.0,4,2.0,ASE+Procrustes Borda,0.31908861120831067,,,,,,,,
coexp_unequal,4,0.0,4,2.0,raw rows Borda,0.10591615515005537,,,,,,,,
coexp_unequal,4,0.0,4,2.0,raw rows degree-adjusted z,0.049983073983073986,0.071,7.0,,,,,,
coexp_unequal,4,0.0,4,3.0,DeDi,0.8893119973119973,,,,,,,,
coexp_unequal,4,0.0,4,3.0,UASE Borda (default),0.3811622332063106,,,,,,,,
coexp_unequal,4,0.0,4,3.0,UASE elbow,0.020678821807852566,,,,,,,,
coexp_unequal,4,0.0,4,3.0,UASE degree-adjusted z,0.045140601140601144,0.018,0.0,,,,,,
coexp_unequal,4,0.0,4,3.0,OMNI Borda (default),0.43435977254453867,,,,,,,,
coexp_unequal,4,0.0,4,3.0,OMNI elbow,0.0041896893087947995,,,,,,,,
coexp_unequal,4,0.0,4,3.0,OMNI degree-adjusted z,0.00948004548004548,0.008,0.0,,,,,,
coexp_unequal,4,0.0,4,3.0,ASE+Procrustes Borda,0.35172994448944006,,,,,,,,
coexp_unequal,4,0.0,4,3.0,raw rows Borda,0.057966286619497764,,,,,,,,
coexp_unequal,4,0.0,4,3.0,raw rows degree-adjusted z,0.028519384519384523,0.105,29.0,,,,,,
coexp_unequal,4,0.0,4,,time UASE,,,,0.3139464289999978,5.0,,,,
coexp_unequal,4,0.0,4,,time OMNI,,,,2.2475996220000525,5.0,,,,
coexp_unequal,4,0.0,4,,time ASE+Procrustes,,,,0.28687229399997705,,,,,
coexp_unequal,4,0.0,5,1.0,DeDi,0.849127053127053,,,,,,,,
coexp_unequal,4,0.0,5,1.0,UASE Borda (default),0.44389918981577103,,,,,,,,
coexp_unequal,4,0.0,5,1.0,UASE elbow,0.04824375129015198,,,,,,,,
coexp_unequal,4,0.0,5,1.0,UASE degree-adjusted z,-0.011012699012699015,0.016,0.0,,,,,,
coexp_unequal,4,0.0,5,1.0,OMNI Borda (default),0.4700583266958547,,,,,,,,
coexp_unequal,4,0.0,5,1.0,OMNI elbow,0.042065336338879405,,,,,,,,
coexp_unequal,4,0.0,5,1.0,OMNI degree-adjusted z,-0.010981570981570984,0.009,0.0,,,,,,
coexp_unequal,4,0.0,5,1.0,ASE+Procrustes Borda,0.3338561239282722,,,,,,,,
coexp_unequal,4,0.0,5,1.0,raw rows Borda,0.0935177934178573,,,,,,,,
coexp_unequal,4,0.0,5,1.0,raw rows degree-adjusted z,0.023143115143115144,0.067,8.0,,,,,,
coexp_unequal,4,0.0,5,2.0,DeDi,0.8792468792468794,,,,,,,,
coexp_unequal,4,0.0,5,2.0,UASE Borda (default),0.4380236275538165,,,,,,,,
coexp_unequal,4,0.0,5,2.0,UASE elbow,0.10307358341033573,,,,,,,,
coexp_unequal,4,0.0,5,2.0,UASE degree-adjusted z,-0.0021092901092901093,0.011,0.0,,,,,,
coexp_unequal,4,0.0,5,2.0,OMNI Borda (default),0.4557277804151174,,,,,,,,
coexp_unequal,4,0.0,5,2.0,OMNI elbow,0.09119922724934577,,,,,,,,
coexp_unequal,4,0.0,5,2.0,OMNI degree-adjusted z,-0.02444780444780445,0.003,0.0,,,,,,
coexp_unequal,4,0.0,5,2.0,ASE+Procrustes Borda,0.36602423128161965,,,,,,,,
coexp_unequal,4,0.0,5,2.0,raw rows Borda,0.08248467939959868,,,,,,,,
coexp_unequal,4,0.0,5,2.0,raw rows degree-adjusted z,0.00909009309009309,0.068,6.0,,,,,,
coexp_unequal,4,0.0,5,3.0,DeDi,0.8844658884658885,,,,,,,,
coexp_unequal,4,0.0,5,3.0,UASE Borda (default),0.4101486782841082,,,,,,,,
coexp_unequal,4,0.0,5,3.0,UASE elbow,0.04146662066996651,,,,,,,,
coexp_unequal,4,0.0,5,3.0,UASE degree-adjusted z,0.03667666867666868,0.028,0.0,,,,,,
coexp_unequal,4,0.0,5,3.0,OMNI Borda (default),0.3913228809349747,,,,,,,,
coexp_unequal,4,0.0,5,3.0,OMNI elbow,0.036637975970436915,,,,,,,,
coexp_unequal,4,0.0,5,3.0,OMNI degree-adjusted z,-0.008957684957684958,0.024,0.0,,,,,,
coexp_unequal,4,0.0,5,3.0,ASE+Procrustes Borda,0.33310131206442495,,,,,,,,
coexp_unequal,4,0.0,5,3.0,raw rows Borda,0.07302870531590706,,,,,,,,
coexp_unequal,4,0.0,5,3.0,raw rows degree-adjusted z,0.01994028794028794,0.083,4.0,,,,,,
coexp_unequal,4,0.0,5,,time UASE,,,,0.31669682900007956,5.0,,,,
coexp_unequal,4,0.0,5,,time OMNI,,,,1.83710178299998,5.0,,,,
coexp_unequal,4,0.0,5,,time ASE+Procrustes,,,,0.31384807000006276,,,,,
coexp_unequal,4,0.0,6,1.0,DeDi,0.8254008094008094,,,,,,,,
coexp_unequal,4,0.0,6,1.0,UASE Borda (default),0.42102978923532325,,,,,,,,
coexp_unequal,4,0.0,6,1.0,UASE elbow,0.06534530681598809,,,,,,,,
coexp_unequal,4,0.0,6,1.0,UASE degree-adjusted z,0.05350595350595352,0.023,0.0,,,,,,
coexp_unequal,4,0.0,6,1.0,OMNI Borda (default),0.5132813444509051,,,,,,,,
coexp_unequal,4,0.0,6,1.0,OMNI elbow,0.04406643049420298,,,,,,,,
coexp_unequal,4,0.0,6,1.0,OMNI degree-adjusted z,0.006554046554046554,0.02,0.0,,,,,,
coexp_unequal,4,0.0,6,1.0,ASE+Procrustes Borda,0.355205469011226,,,,,,,,
coexp_unequal,4,0.0,6,1.0,raw rows Borda,0.10784900921927106,,,,,,,,
coexp_unequal,4,0.0,6,1.0,raw rows degree-adjusted z,0.06206448206448206,0.084,13.0,,,,,,
coexp_unequal,4,0.0,6,2.0,DeDi,0.8247298287298287,,,,,,,,
coexp_unequal,4,0.0,6,2.0,UASE Borda (default),0.4017562285092386,,,,,,,,
coexp_unequal,4,0.0,6,2.0,UASE elbow,0.06132798633411991,,,,,,,,
coexp_unequal,4,0.0,6,2.0,UASE degree-adjusted z,0.04173499773499774,0.012,0.0,,,,,,
coexp_unequal,4,0.0,6,2.0,OMNI Borda (default),0.4648576500351445,,,,,,,,
coexp_unequal,4,0.0,6,2.0,OMNI elbow,0.04547767202849112,,,,,,,,
coexp_unequal,4,0.0,6,2.0,OMNI degree-adjusted z,0.003971139971139971,0.013,0.0,,,,,,
coexp_unequal,4,0.0,6,2.0,ASE+Procrustes Borda,0.36174594960451223,,,,,,,,
coexp_unequal,4,0.0,6,2.0,raw rows Borda,0.12123016503142288,,,,,,,,
coexp_unequal,4,0.0,6,2.0,raw rows degree-adjusted z,0.04992769392769394,0.071,0.0,,,,,,
coexp_unequal,4,0.0,6,3.0,DeDi,0.8620195060195062,,,,,,,,
coexp_unequal,4,0.0,6,3.0,UASE Borda (default),0.4176492761262701,,,,,,,,
coexp_unequal,4,0.0,6,3.0,UASE elbow,0.02311703067405876,,,,,,,,
coexp_unequal,4,0.0,6,3.0,UASE degree-adjusted z,0.004609228609228609,0.031,0.0,,,,,,
coexp_unequal,4,0.0,6,3.0,OMNI Borda (default),0.4258675374132897,,,,,,,,
coexp_unequal,4,0.0,6,3.0,OMNI elbow,0.013544860094372292,,,,,,,,
coexp_unequal,4,0.0,6,3.0,OMNI degree-adjusted z,-0.011547491547491549,0.016,0.0,,,,,,
coexp_unequal,4,0.0,6,3.0,ASE+Procrustes Borda,0.30375955719418635,,,,,,,,
coexp_unequal,4,0.0,6,3.0,raw rows Borda,0.11589612512896044,,,,,,,,
coexp_unequal,4,0.0,6,3.0,raw rows degree-adjusted z,0.03453410253410254,0.097,19.0,,,,,,
coexp_unequal,4,0.0,6,,time UASE,,,,0.3343935060000831,5.0,,,,
coexp_unequal,4,0.0,6,,time OMNI,,,,1.9982095999999956,5.0,,,,
coexp_unequal,4,0.0,6,,time ASE+Procrustes,,,,0.2641624479999791,,,,,
coexp_unequal,4,0.0,7,1.0,DeDi,0.9014470454470456,,,,,,,,
coexp_unequal,4,0.0,7,1.0,UASE Borda (default),0.38842902066027285,,,,,,,,
coexp_unequal,4,0.0,7,1.0,UASE elbow,0.14985245404800565,,,,,,,,
coexp_unequal,4,0.0,7,1.0,UASE degree-adjusted z,-0.015161823161823164,0.009,0.0,,,,,,
coexp_unequal,4,0.0,7,1.0,OMNI Borda (default),0.47723468518079715,,,,,,,,
coexp_unequal,4,0.0,7,1.0,OMNI elbow,0.15440651785380816,,,,,,,,
coexp_unequal,4,0.0,7,1.0,OMNI degree-adjusted z,-0.039701763701763704,0.016,0.0,,,,,,
coexp_unequal,4,0.0,7,1.0,ASE+Procrustes Borda,0.3640894471018505,,,,,,,,
coexp_unequal,4,0.0,7,1.0,raw rows Borda,0.12646463750840556,,,,,,,,
coexp_unequal,4,0.0,7,1.0,raw rows degree-adjusted z,0.06458987258987259,0.07,3.0,,,,,,
coexp_unequal,4,0.0,7,2.0,DeDi,0.811935127935128,,,,,,,,
coexp_unequal,4,0.0,7,2.0,UASE Borda (default),0.39485136423353073,,,,,,,,
coexp_unequal,4,0.0,7,2.0,UASE elbow,0.09402737424444768,,,,,,,,
coexp_unequal,4,0.0,7,2.0,UASE degree-adjusted z,-0.003462207462207462,0.014,0.0,,,,,,
coexp_unequal,4,0.0,7,2.0,OMNI Borda (default),0.4506360583429225,,,,,,,,
coexp_unequal,4,0.0,7,2.0,OMNI elbow,0.08991063014140946,,,,,,,,
coexp_unequal,4,0.0,7,2.0,OMNI degree-adjusted z,-0.050623958623958625,0.017,0.0,,,,,,
coexp_unequal,4,0.0,7,2.0,ASE+Procrustes Borda,0.3093472878139307,,,,,,,,
coexp_unequal,4,0.0,7,2.0,raw rows Borda,0.11006974534757062,,,,,,,,
coexp_unequal,4,0.0,7,2.0,raw rows degree-adjusted z,0.08204293004293005,0.098,23.0,,,,,,
coexp_unequal,4,0.0,7,3.0,DeDi,0.88193834993835,,,,,,,,
coexp_unequal,4,0.0,7,3.0,UASE Borda (default),0.3659674051352513,,,,,,,,
coexp_unequal,4,0.0,7,3.0,UASE elbow,0.04494953724091972,,,,,,,,
coexp_unequal,4,0.0,7,3.0,UASE degree-adjusted z,-0.000553956553956554,0.015,0.0,,,,,,
coexp_unequal,4,0.0,7,3.0,OMNI Borda (default),0.43601141317654524,,,,,,,,
coexp_unequal,4,0.0,7,3.0,OMNI elbow,0.024220221463954125,,,,,,,,
coexp_unequal,4,0.0,7,3.0,OMNI degree-adjusted z,0.008077220077220077,0.004,0.0,,,,,,
coexp_unequal,4,0.0,7,3.0,ASE+Procrustes Borda,0.3473176226250351,,,,,,,,
coexp_unequal,4,0.0,7,3.0,raw rows Borda,0.09198161699452623,,,,,,,,
coexp_unequal,4,0.0,7,3.0,raw rows degree-adjusted z,0.045601185601185604,0.094,30.0,,,,,,
coexp_unequal,4,0.0,7,,time UASE,,,,0.33595257699994363,5.0,,,,
coexp_unequal,4,0.0,7,,time OMNI,,,,1.8425087349999103,5.0,,,,
coexp_unequal,4,0.0,7,,time ASE+Procrustes,,,,0.25017141700004686,,,,,
coexp_unequal,4,0.0,8,1.0,DeDi,0.8405650205650206,,,,,,,,
coexp_unequal,4,0.0,8,1.0,UASE Borda (default),0.41178915679290257,,,,,,,,
coexp_unequal,4,0.0,8,1.0,UASE elbow,0.11730525502298011,,,,,,,,
coexp_unequal,4,0.0,8,1.0,UASE degree-adjusted z,0.0331909171909172,0.01,0.0,,,,,,
coexp_unequal,4,0.0,8,1.0,OMNI Borda (default),0.38658210440334106,,,,,,,,
coexp_unequal,4,0.0,8,1.0,OMNI elbow,0.11464574635142517,,,,,,,,
coexp_unequal,4,0.0,8,1.0,OMNI degree-adjusted z,-0.013267081267081267,0.027,0.0,,,,,,
coexp_unequal,4,0.0,8,1.0,ASE+Procrustes Borda,0.37072135589986305,,,,,,,,
coexp_unequal,4,0.0,8,1.0,raw rows Borda,0.12325236911116079,,,,,,,,
coexp_unequal,4,0.0,8,1.0,raw rows degree-adjusted z,0.07004432204432205,0.044,0.0,,,,,,
coexp_unequal,4,0.0,8,2.0,DeDi,0.8325238005238005,,,,,,,,
coexp_unequal,4,0.0,8,2.0,UASE Borda (default),0.41678664606005,,,,,,,,
coexp_unequal,4,0.0,8,2.0,UASE elbow,0.09914927489499446,,,,,,,,
coexp_unequal,4,0.0,8,2.0,UASE degree-adjusted z,0.02687721887721888,0.025,0.0,,,,,,
coexp_unequal,4,0.0,8,2.0,OMNI Borda (default),0.35164855261562267,,,,,,,,
coexp_unequal,4,0.0,8,2.0,OMNI elbow,0.09713222226584044,,,,,,,,
coexp_unequal,4,0.0,8,2.0,OMNI degree-adjusted z,-0.021102717102717102,0.018,0.0,,,,,,
coexp_unequal,4,0.0,8,2.0,ASE+Procrustes Borda,0.3663431501761901,,,,,,,,
coexp_unequal,4,0.0,8,2.0,raw rows Borda,0.1201562006011084,,,,,,,,
coexp_unequal,4,0.0,8,2.0,raw rows degree-adjusted z,0.051504411504411506,0.064,6.0,,,,,,
coexp_unequal,4,0.0,8,3.0,DeDi,0.9332958212958213,,,,,,,,
coexp_unequal,4,0.0,8,3.0,UASE Borda (default),0.36576777567632013,,,,,,,,
coexp_unequal,4,0.0,8,3.0,UASE elbow,0.11883296763161061,,,,,,,,
coexp_unequal,4,0.0,8,3.0,UASE degree-adjusted z,0.04658033858033858,0.012,0.0,,,,,,
coexp_unequal,4,0.0,8,3.0,OMNI Borda (default),0.5524435861074967,,,,,,,,
coexp_unequal,4,0.0,8,3.0,OMNI elbow,0.10577558431800754,,,,,,,,
coexp_unequal,4,0.0,8,3.0,OMNI degree-adjusted z,0.01660884460884461,0.006,0.0,,,,,,
coexp_unequal,4,0.0,8,3.0,ASE+Procrustes Borda,0.3630824009544453,,,,,,,,
coexp_unequal,4,0.0,8,3.0,raw rows Borda,0.11924725442418534,,,,,,,,
coexp_unequal,4,0.0,8,3.0,raw rows degree-adjusted z,0.06065359265359265,0.078,9.0,,,,,,
coexp_unequal,4,0.0,8,,time UASE,,,,0.4044037419999995,5.0,,,,
coexp_unequal,4,0.0,8,,time OMNI,,,,1.5755904889999783,5.0,,,,
coexp_unequal,4,0.0,8,,time ASE+Procrustes,,,,0.2572378129999606,,,,,
coexp_unequal,4,0.0,9,1.0,DeDi,0.8308810348810349,,,,,,,,
coexp_unequal,4,0.0,9,1.0,UASE Borda (default),0.40965822477056135,,,,,,,,
coexp_unequal,4,0.0,9,1.0,UASE elbow,0.042892959506380925,,,,,,,,
coexp_unequal,4,0.0,9,1.0,UASE degree-adjusted z,0.024401760401760404,0.022,0.0,,,,,,
coexp_unequal,4,0.0,9,1.0,OMNI Borda (default),0.42504577465457116,,,,,,,,
coexp_unequal,4,0.0,9,1.0,OMNI elbow,0.039338588468097284,,,,,,,,
coexp_unequal,4,0.0,9,1.0,OMNI degree-adjusted z,-0.023972231972231972,0.009,0.0,,,,,,
coexp_unequal,4,0.0,9,1.0,ASE+Procrustes Borda,0.36105522429265896,,,,,,,,
coexp_unequal,4,0.0,9,1.0,raw rows Borda,0.07689777608693961,,,,,,,,
coexp_unequal,4,0.0,9,1.0,raw rows degree-adjusted z,0.03861935061935062,0.068,6.0,,,,,,
coexp_unequal,4,0.0,9,2.0,DeDi,0.7864028584028585,,,,,,,,
coexp_unequal,4,0.0,9,2.0,UASE Borda (default),0.40616031161373084,,,,,,,,
coexp_unequal,4,0.0,9,2.0,UASE elbow,0.00353076316111617,,,,,,,,
coexp_unequal,4,0.0,9,2.0,UASE degree-adjusted z,0.032775860775860775,0.033,0.0,,,,,,
coexp_unequal,4,0.0,9,2.0,OMNI Borda (default),0.41346872981635935,,,,,,,,
coexp_unequal,4,0.0,9,2.0,OMNI elbow,-0.005949343829045773,,,,,,,,
coexp_unequal,4,0.0,9,2.0,OMNI degree-adjusted z,-0.03536175536175536,0.011,0.0,,,,,,
coexp_unequal,4,0.0,9,2.0,ASE+Procrustes Borda,0.3582811519692639,,,,,,,,
coexp_unequal,4,0.0,9,2.0,raw rows Borda,0.10768794330262457,,,,,,,,
coexp_unequal,4,0.0,9,2.0,raw rows degree-adjusted z,0.041629697629697635,0.073,8.0,,,,,,
coexp_unequal,4,0.0,9,3.0,DeDi,0.8642382842382843,,,,,,,,
coexp_unequal,4,0.0,9,3.0,UASE Borda (default),0.39438565410770693,,,,,,,,
coexp_unequal,4,0.0,9,3.0,UASE elbow,0.0019229841592318998,,,,,,,,
coexp_unequal,4,0.0,9,3.0,UASE degree-adjusted z,0.022161022161022163,0.023,0.0,,,,,,
coexp_unequal,4,0.0,9,3.0,OMNI Borda (default),0.5113414684509905,,,,,,,,
coexp_unequal,4,0.0,9,3.0,OMNI elbow,-0.006436458341509014,,,,,,,,
coexp_unequal,4,0.0,9,3.0,OMNI degree-adjusted z,-0.023453867453867457,0.022,0.0,,,,,,
coexp_unequal,4,0.0,9,3.0,ASE+Procrustes Borda,0.34703384782876007,,,,,,,,
coexp_unequal,4,0.0,9,3.0,raw rows Borda,0.06620521413777798,,,,,,,,
coexp_unequal,4,0.0,9,3.0,raw rows degree-adjusted z,0.03876005076005076,0.091,14.0,,,,,,
coexp_unequal,4,0.0,9,,time UASE,,,,0.3453001760000234,5.0,,,,
coexp_unequal,4,0.0,9,,time OMNI,,,,1.6844237609999482,5.0,,,,
coexp_unequal,4,0.0,9,,time ASE+Procrustes,,,,0.3006168870000465,,,,,
coexp_unequal,4,0.05,0,1.0,DeDi,0.8612207262396152,,,,,0.6482105263157895,0.08,,
coexp_unequal,4,0.05,0,1.0,UASE Borda (default),0.5102674416251815,,,,,0.9776315789473684,0.72,,
coexp_unequal,4,0.05,0,1.0,UASE elbow,0.3250677283832154,,,,,0.9944315789473684,0.86,,
coexp_unequal,4,0.05,0,1.0,UASE degree-adjusted z,-0.08590007360264754,0.016842105263157894,0.0,,,0.9800210526315789,0.8,0.46,0.0
coexp_unequal,4,0.05,0,1.0,OMNI Borda (default),0.6420266550087479,,,,,0.8658842105263158,0.54,,
coexp_unequal,4,0.05,0,1.0,OMNI elbow,0.370566100918851,,,,,0.9675157894736842,0.72,,
coexp_unequal,4,0.05,0,1.0,OMNI degree-adjusted z,-0.048556228171356484,0.021052631578947368,0.0,,,0.9254105263157895,0.6,0.0,0.0
coexp_unequal,4,0.05,0,1.0,ASE+Procrustes Borda,0.4027643528686904,,,,,0.9908,0.86,,
coexp_unequal,4,0.05,0,1.0,raw rows Borda,0.18399967657801689,,,,,0.9826631578947368,0.92,,
coexp_unequal,4,0.05,0,1.0,raw rows degree-adjusted z,-0.05234117127757716,0.04736842105263158,4.0,,,0.9723368421052632,0.8,0.78,0.09302325581395349
coexp_unequal,4,0.05,0,2.0,DeDi,0.8212390542960801,,,,,0.5748631578947369,0.06,,
coexp_unequal,4,0.05,0,2.0,UASE Borda (default),0.45581026346420644,,,,,0.9666421052631579,0.8,,
coexp_unequal,4,0.05,0,2.0,UASE elbow,0.19395275867921438,,,,,0.983378947368421,0.86,,
coexp_unequal,4,0.05,0,2.0,UASE degree-adjusted z,-0.05183677532577526,0.031578947368421054,0.0,,,0.9619368421052632,0.72,0.56,0.0
coexp_unequal,4,0.05,0,2.0,OMNI Borda (default),0.5199360804910756,,,,,0.9254210526315789,0.66,,
coexp_unequal,4,0.05,0,2.0,OMNI elbow,0.21402270425730613,,,,,0.9833052631578947,0.82,,
coexp_unequal,4,0.05,0,2.0,OMNI degree-adjusted z,-0.0667014379546477,0.018947368421052633,0.0,,,0.9458947368421052,0.76,0.34,0.0
coexp_unequal,4,0.05,0,2.0,ASE+Procrustes Borda,0.3939577066252644,,,,,0.9663263157894737,0.76,,
coexp_unequal,4,0.05,0,2.0,raw rows Borda,0.2063672227179971,,,,,0.9642842105263157,0.8,,
coexp_unequal,4,0.05,0,2.0,raw rows degree-adjusted z,-0.006180767892380228,0.06210526315789474,17.0,,,0.9296421052631579,0.72,0.72,0.32075471698113206
coexp_unequal,4,0.05,0,3.0,DeDi,0.8770715488764794,,,,,0.7490947368421053,0.28,,
coexp_unequal,4,0.05,0,3.0,UASE Borda (default),0.4545403255645544,,,,,0.9670631578947368,0.74,,
coexp_unequal,4,0.05,0,3.0,UASE elbow,0.31427265057321035,,,,,0.9892,0.88,,
coexp_unequal,4,0.05,0,3.0,UASE degree-adjusted z,-0.05339936985496587,0.017894736842105262,0.0,,,0.9807368421052631,0.92,0.44,0.0
coexp_unequal,4,0.05,0,3.0,OMNI Borda (default),0.624554531165134,,,,,0.8904736842105263,0.38,,
coexp_unequal,4,0.05,0,3.0,OMNI elbow,0.33780961333550386,,,,,0.9808526315789474,0.8,,
coexp_unequal,4,0.05,0,3.0,OMNI degree-adjusted z,-0.012868975915471202,0.002105263157894737,0.0,,,0.9628842105263158,0.68,0.0,0.0
coexp_unequal,4,0.05,0,3.0,ASE+Procrustes Borda,0.3953329002247213,,,,,0.9856421052631579,0.86,,
coexp_unequal,4,0.05,0,3.0,raw rows Borda,0.21165807826524055,,,,,0.9795684210526315,0.9,,
coexp_unequal,4,0.05,0,3.0,raw rows degree-adjusted z,-0.07497229709716548,0.06315789473684211,14.0,,,0.9754105263157895,0.88,0.9,0.23728813559322035
coexp_unequal,4,0.05,0,,time UASE,,,,0.28972008200003074,5.0,,,,
coexp_unequal,4,0.05,0,,time OMNI,,,,1.4371788729999935,5.0,,,,
coexp_unequal,4,0.05,0,,time ASE+Procrustes,,,,0.27499109200005023,,,,,
coexp_unequal,4,0.05,1,1.0,DeDi,0.9113782135113608,,,,,0.6348,0.1,,
coexp_unequal,4,0.05,1,1.0,UASE Borda (default),0.5277639091685099,,,,,0.9618631578947369,0.78,,
coexp_unequal,4,0.05,1,1.0,UASE elbow,0.3105677651002271,,,,,0.989421052631579,0.86,,
coexp_unequal,4,0.05,1,1.0,UASE degree-adjusted z,-0.06228252184679488,0.031578947368421054,1.0,,,0.9701894736842105,0.84,0.48,0.04
coexp_unequal,4,0.05,1,1.0,OMNI Borda (default),0.6758528215622541,,,,,0.8926947368421053,0.62,,
coexp_unequal,4,0.05,1,1.0,OMNI elbow,0.34468247911550104,,,,,0.9829157894736842,0.72,,
coexp_unequal,4,0.05,1,1.0,OMNI degree-adjusted z,-0.057559649723478344,0.02736842105263158,0.0,,,0.9313263157894737,0.68,0.12,0.0
coexp_unequal,4,0.05,1,1.0,ASE+Procrustes Borda,0.4405374846628974,,,,,0.9741263157894737,0.82,,
coexp_unequal,4,0.05,1,1.0,raw rows Borda,0.21200349873498467,,,,,0.9789157894736842,0.88,,
coexp_unequal,4,0.05,1,1.0,raw rows degree-adjusted z,-0.0561606010818732,0.04421052631578947,3.0,,,0.9686736842105264,0.8,0.8,0.06976744186046512
coexp_unequal,4,0.05,1,2.0,DeDi,0.8843306209232715,,,,,0.5920210526315789,0.06,,
coexp_unequal,4,0.05,1,2.0,UASE Borda (default),0.5100807879383361,,,,,0.9793894736842105,0.74,,
coexp_unequal,4,0.05,1,2.0,UASE elbow,0.2607572491314788,,,,,0.9921052631578947,0.78,,
coexp_unequal,4,0.05,1,2.0,UASE degree-adjusted z,-0.02861162173032879,0.01263157894736842,1.0,,,0.9868421052631579,0.84,0.36,0.05263157894736842
coexp_unequal,4,0.05,1,2.0,OMNI Borda (default),0.5769519212616565,,,,,0.8880736842105263,0.46,,
coexp_unequal,4,0.05,1,2.0,OMNI elbow,0.26844722500607693,,,,,0.985757894736842,0.74,,
coexp_unequal,4,0.05,1,2.0,OMNI degree-adjusted z,-0.020909275245734348,0.005263157894736842,0.0,,,0.9635578947368421,0.7,0.0,0.0
coexp_unequal,4,0.05,1,2.0,ASE+Procrustes Borda,0.43542565591849364,,,,,0.9885263157894737,0.78,,
coexp_unequal,4,0.05,1,2.0,raw rows Borda,0.2006158152921122,,,,,0.996378947368421,0.92,,
coexp_unequal,4,0.05,1,2.0,raw rows degree-adjusted z,-0.02847595632268087,0.03684210526315789,3.0,,,0.9756210526315789,0.78,0.64,0.08571428571428572
coexp_unequal,4,0.05,1,3.0,DeDi,0.8882141814299139,,,,,0.6492210526315789,0.14,,
coexp_unequal,4,0.05,1,3.0,UASE Borda (default),0.5295600100735155,,,,,0.9908947368421053,0.82,,
coexp_unequal,4,0.05,1,3.0,UASE elbow,0.2583150410797703,,,,,0.9977157894736842,0.92,,
coexp_unequal,4,0.05,1,3.0,UASE degree-adjusted z,-0.05911426640449406,0.021052631578947368,0.0,,,0.999621052631579,0.96,0.86,0.0
coexp_unequal,4,0.05,1,3.0,OMNI Borda (default),0.6663062218334099,,,,,0.9202315789473684,0.54,,
coexp_unequal,4,0.05,1,3.0,OMNI elbow,0.3184428152874968,,,,,0.9908947368421053,0.78,,
coexp_unequal,4,0.05,1,3.0,OMNI degree-adjusted z,-0.03765561833834369,0.022105263157894735,0.0,,,0.9741473684210527,0.7,0.16,0.0
coexp_unequal,4,0.05,1,3.0,ASE+Procrustes Borda,0.4178561486625741,,,,,0.9928421052631579,0.82,,
coexp_unequal,4,0.05,1,3.0,raw rows Borda,0.19714078332178608,,,,,0.9942210526315789,0.94,,
coexp_unequal,4,0.05,1,3.0,raw rows degree-adjusted z,-0.03305507322037564,0.06526315789473684,23.0,,,0.9932,0.88,0.94,0.32857142857142857
coexp_unequal,4,0.05,1,,time UASE,,,,0.26274591100002453,5.0,,,,
coexp_unequal,4,0.05,1,,time OMNI,,,,1.3281143199999406,5.0,,,,
coexp_unequal,4,0.05,1,,time ASE+Procrustes,,,,0.2874135800000204,,,,,
coexp_unequal,4,0.05,2,1.0,DeDi,0.887253410573833,,,,,0.6226736842105263,0.1,,
coexp_unequal,4,0.05,2,1.0,UASE Borda (default),0.49949794832803585,,,,,0.9779578947368421,0.74,,
coexp_unequal,4,0.05,2,1.0,UASE elbow,0.35221914077852623,,,,,0.9564842105263158,0.86,,
coexp_unequal,4,0.05,2,1.0,UASE degree-adjusted z,-0.06897274532626688,0.03368421052631579,1.0,,,0.9801894736842105,0.82,0.52,0.037037037037037035
coexp_unequal,4,0.05,2,1.0,OMNI Borda (default),0.5978623492037812,,,,,0.8769052631578947,0.46,,
coexp_unequal,4,0.05,2,1.0,OMNI elbow,0.4533248542127718,,,,,0.8788421052631579,0.64,,
coexp_unequal,4,0.05,2,1.0,OMNI degree-adjusted z,-0.076670347090631,0.017894736842105262,0.0,,,0.9365684210526316,0.7,0.0,0.0
coexp_unequal,4,0.05,2,1.0,ASE+Procrustes Borda,0.3478351936326426,,,,,0.982421052631579,0.8,,
coexp_unequal,4,0.05,2,1.0,raw rows Borda,0.18213436260333948,,,,,0.9638,0.84,,
coexp_unequal,4,0.05,2,1.0,raw rows degree-adjusted z,-0.02870739789710221,0.08421052631578947,6.0,,,0.9327157894736842,0.7,0.68,0.15
coexp_unequal,4,0.05,2,2.0,DeDi,0.8691998480709792,,,,,0.6358526315789473,0.06,,
coexp_unequal,4,0.05,2,2.0,UASE Borda (default),0.5076951662064908,,,,,0.960557894736842,0.72,,
coexp_unequal,4,0.05,2,2.0,UASE elbow,0.3087037287073833,,,,,0.9689368421052632,0.86,,
coexp_unequal,4,0.05,2,2.0,UASE degree-adjusted z,-0.042919542526392074,0.030526315789473683,2.0,,,0.9581473684210526,0.74,0.36,0.1
coexp_unequal,4,0.05,2,2.0,OMNI Borda (default),0.6347995927812063,,,,,0.8392105263157895,0.5,,
coexp_unequal,4,0.05,2,2.0,OMNI elbow,0.36877038925599304,,,,,0.8681368421052632,0.64,,
coexp_unequal,4,0.05,2,2.0,OMNI degree-adjusted z,-0.055145244948806196,0.023157894736842106,0.0,,,0.8886105263157895,0.52,0.0,0.0
coexp_unequal,4,0.05,2,2.0,ASE+Procrustes Borda,0.3604734546134616,,,,,0.9693894736842106,0.8,,
coexp_unequal,4,0.05,2,2.0,raw rows Borda,0.18874516828329876,,,,,0.9692947368421052,0.86,,
coexp_unequal,4,0.05,2,2.0,raw rows degree-adjusted z,-0.009081947371745155,0.06,9.0,,,0.9522105263157895,0.76,0.72,0.2
coexp_unequal,4,0.05,2,3.0,DeDi,0.8742053179706105,,,,,0.6817894736842105,0.12,,
coexp_unequal,4,0.05,2,3.0,UASE Borda (default),0.4876793404306252,,,,,0.9849789473684211,0.7,,
coexp_unequal,4,0.05,2,3.0,UASE elbow,0.3168627236931552,,,,,0.9852947368421052,0.9,,
coexp_unequal,4,0.05,2,3.0,UASE degree-adjusted z,-0.03281027924742999,0.01368421052631579,0.0,,,0.990421052631579,0.78,0.14,0.0
coexp_unequal,4,0.05,2,3.0,OMNI Borda (default),0.630317137099609,,,,,0.9129894736842106,0.5,,
coexp_unequal,4,0.05,2,3.0,OMNI elbow,0.3337262830966495,,,,,0.9375157894736842,0.66,,
coexp_unequal,4,0.05,2,3.0,OMNI degree-adjusted z,-0.014112806423287482,0.009473684210526316,0.0,,,0.9561473684210526,0.66,0.0,0.0
coexp_unequal,4,0.05,2,3.0,ASE+Procrustes Borda,0.40897386658526264,,,,,0.9946842105263158,0.82,,
coexp_unequal,4,0.05,2,3.0,raw rows Borda,0.1896886612221133,,,,,0.9936947368421053,0.9,,
coexp_unequal,4,0.05,2,3.0,raw rows degree-adjusted z,-0.009062884513474605,0.049473684210526316,5.0,,,0.9834736842105263,0.84,0.84,0.10638297872340426
coexp_unequal,4,0.05,2,,time UASE,,,,0.2964408589999721,4.0,,,,
coexp_unequal,4,0.05,2,,time OMNI,,,,1.311068367999951,4.0,,,,
coexp_unequal,4,0.05,2,,time ASE+Procrustes,,,,0.2822385489999988,,,,,
coexp_unequal,4,0.05,3,1.0,DeDi,0.8267793059517023,,,,,0.5658315789473685,0.08,,
coexp_unequal,4,0.05,3,1.0,UASE Borda (default),0.47641117470274497,,,,,0.9536,0.58,,
coexp_unequal,4,0.05,3,1.0,UASE elbow,0.26593441174318855,,,,,0.9907263157894737,0.8,,
coexp_unequal,4,0.05,3,1.0,UASE degree-adjusted z,-0.034262723486907495,0.02,1.0,,,0.9601684210526316,0.62,0.18,0.1
coexp_unequal,4,0.05,3,1.0,OMNI Borda (default),0.5145104627047857,,,,,0.8782421052631579,0.34,,
coexp_unequal,4,0.05,3,1.0,OMNI elbow,0.2889029989970598,,,,,0.9738842105263158,0.64,,
coexp_unequal,4,0.05,3,1.0,OMNI degree-adjusted z,-0.028193708451987792,0.008421052631578947,0.0,,,0.9342315789473684,0.6,0.0,0.0
coexp_unequal,4,0.05,3,1.0,ASE+Procrustes Borda,0.39927724040973606,,,,,0.9793894736842105,0.74,,
coexp_unequal,4,0.05,3,1.0,raw rows Borda,0.24104736312283306,,,,,0.9744105263157895,0.76,,
coexp_unequal,4,0.05,3,1.0,raw rows degree-adjusted z,-0.00331296940932607,0.04842105263157895,4.0,,,0.9284421052631578,0.64,0.48,0.14285714285714285
coexp_unequal,4,0.05,3,2.0,DeDi,0.8626389916979644,,,,,0.6240631578947369,0.06,,
coexp_unequal,4,0.05,3,2.0,UASE Borda (default),0.44869450324183086,,,,,0.9709473684210527,0.72,,
coexp_unequal,4,0.05,3,2.0,UASE elbow,0.2575142337886972,,,,,0.9904,0.92,,
coexp_unequal,4,0.05,3,2.0,UASE degree-adjusted z,-0.043036117083319704,0.022105263157894735,1.0,,,0.9745684210526315,0.74,0.12,0.14285714285714285
coexp_unequal,4,0.05,3,2.0,OMNI Borda (default),0.4996619438765844,,,,,0.8765263157894737,0.5,,
coexp_unequal,4,0.05,3,2.0,OMNI elbow,0.2766124512408492,,,,,0.9888526315789473,0.8,,
coexp_unequal,4,0.05,3,2.0,OMNI degree-adjusted z,-0.028457355339830966,0.005263157894736842,0.0,,,0.9320631578947368,0.64,0.0,0.0
coexp_unequal,4,0.05,3,2.0,ASE+Procrustes Borda,0.39267683881985593,,,,,0.9855894736842106,0.84,,
coexp_unequal,4,0.05,3,2.0,raw rows Borda,0.18806959699865955,,,,,0.9790526315789474,0.84,,
coexp_unequal,4,0.05,3,2.0,raw rows degree-adjusted z,-0.011675895719027187,0.05052631578947368,11.0,,,0.9588,0.76,0.72,0.23404255319148937
coexp_unequal,4,0.05,3,3.0,DeDi,0.8615625700357972,,,,,0.6821052631578948,0.14,,
coexp_unequal,4,0.05,3,3.0,UASE Borda (default),0.47069705513439625,,,,,0.9730947368421052,0.76,,
coexp_unequal,4,0.05,3,3.0,UASE elbow,0.24467814316007852,,,,,0.984757894736842,0.88,,
coexp_unequal,4,0.05,3,3.0,UASE degree-adjusted z,-0.05627444637495152,0.007368421052631579,0.0,,,0.9801684210526316,0.88,0.26,0.0
coexp_unequal,4,0.05,3,3.0,OMNI Borda (default),0.6803902490878755,,,,,0.875378947368421,0.44,,
coexp_unequal,4,0.05,3,3.0,OMNI elbow,0.2717875941901066,,,,,0.9650315789473685,0.8,,
coexp_unequal,4,0.05,3,3.0,OMNI degree-adjusted z,-0.025127121587129913,0.010526315789473684,0.0,,,0.9268,0.6,0.0,0.0
coexp_unequal,4,0.05,3,3.0,ASE+Procrustes Borda,0.3834229566580776,,,,,0.9839684210526316,0.84,,
coexp_unequal,4,0.05,3,3.0,raw rows Borda,0.1721464707886193,,,,,0.9757157894736842,0.9,,
coexp_unequal,4,0.05,3,3.0,raw rows degree-adjusted z,-0.044581482259697505,0.0968421052631579,42.0,,,0.9566105263157895,0.82,0.86,0.49411764705882355
coexp_unequal,4,0.05,3,,time UASE,,,,0.2820275840000477,5.0,,,,
coexp_unequal,4,0.05,3,,time OMNI,,,,1.495388301999924,5.0,,,,
coexp_unequal,4,0.05,3,,time ASE+Procrustes,,,,0.26742453999997906,,,,,
coexp_unequal,4,0.05,4,1.0,DeDi,0.8089142586015987,,,,,0.5858947368421052,0.08,,
coexp_unequal,4,0.05,4,1.0,UASE Borda (default),0.4151226422388615,,,,,0.9816947368421053,0.78,,
coexp_unequal,4,0.05,4,1.0,UASE elbow,0.20459886468200475,,,,,0.9956105263157895,0.84,,
coexp_unequal,4,0.05,4,1.0,UASE degree-adjusted z,-0.038193255324207684,0.008421052631578947,0.0,,,0.981621052631579,0.76,0.26,0.0
coexp_unequal,4,0.05,4,1.0,OMNI Borda (default),0.4656130880292977,,,,,0.9281684210526315,0.62,,
coexp_unequal,4,0.05,4,1.0,OMNI elbow,0.24857325540554562,,,,,0.9815368421052632,0.76,,
coexp_unequal,4,0.05,4,1.0,OMNI degree-adjusted z,-0.04109044587948516,0.002105263157894737,0.0,,,0.9573052631578948,0.7,0.0,0.0
coexp_unequal,4,0.05,4,1.0,ASE+Procrustes Borda,0.4059980874785071,,,,,0.9887789473684211,0.78,,
coexp_unequal,4,0.05,4,1.0,raw rows Borda,0.19247862999313134,,,,,0.9836842105263158,0.82,,
coexp_unequal,4,0.05,4,1.0,raw rows degree-adjusted z,-0.03611392017288137,0.04421052631578947,1.0,,,0.9536210526315789,0.78,0.72,0.02702702702702703
coexp_unequal,4,0.05,4,2.0,DeDi,0.8396324311425102,,,,,0.6214526315789474,0.1,,
coexp_unequal,4,0.05,4,2.0,UASE Borda (default),0.493612179654053,,,,,0.9742947368421052,0.84,,
coexp_unequal,4,0.05,4,2.0,UASE elbow,0.22039729102359454,,,,,0.9918947368421053,0.84,,
coexp_unequal,4,0.05,4,2.0,UASE degree-adjusted z,-0.08387477787553753,0.014736842105263158,0.0,,,0.9696210526315789,0.82,0.56,0.0
coexp_unequal,4,0.05,4,2.0,OMNI Borda (default),0.5727070527915538,,,,,0.8788,0.54,,
coexp_unequal,4,0.05,4,2.0,OMNI elbow,0.24612134908262212,,,,,0.9856105263157895,0.82,,
coexp_unequal,4,0.05,4,2.0,OMNI degree-adjusted z,-0.03721367354190392,0.007368421052631579,0.0,,,0.9172,0.76,0.0,0.0
coexp_unequal,4,0.05,4,2.0,ASE+Procrustes Borda,0.41093893762597444,,,,,0.9833894736842105,0.84,,
coexp_unequal,4,0.05,4,2.0,raw rows Borda,0.20417747939676703,,,,,0.9777052631578947,0.84,,
coexp_unequal,4,0.05,4,2.0,raw rows degree-adjusted z,-0.04037673638477862,0.05263157894736842,12.0,,,0.9234105263157895,0.82,0.84,0.2222222222222222
coexp_unequal,4,0.05,4,3.0,DeDi,0.855294626656825,,,,,0.6764421052631578,0.06,,
coexp_unequal,4,0.05,4,3.0,UASE Borda (default),0.5165773172001984,,,,,0.9957684210526315,0.86,,
coexp_unequal,4,0.05,4,3.0,UASE elbow,0.24734350707507607,,,,,0.9990736842105263,0.92,,
coexp_unequal,4,0.05,4,3.0,UASE degree-adjusted z,-0.08266190701712982,0.016842105263157894,0.0,,,0.9996421052631579,0.96,0.72,0.0
coexp_unequal,4,0.05,4,3.0,OMNI Borda (default),0.7191349584513149,,,,,0.9325578947368421,0.58,,
coexp_unequal,4,0.05,4,3.0,OMNI elbow,0.272455575657327,,,,,0.9804526315789474,0.8,,
coexp_unequal,4,0.05,4,3.0,OMNI degree-adjusted z,-0.037188046454170155,0.011578947368421053,0.0,,,0.9806736842105264,0.78,0.0,0.0
coexp_unequal,4,0.05,4,3.0,ASE+Procrustes Borda,0.3702531776230683,,,,,0.9972210526315789,0.88,,
coexp_unequal,4,0.05,4,3.0,raw rows Borda,0.1939001520663163,,,,,0.9984105263157895,0.98,,
coexp_unequal,4,0.05,4,3.0,raw rows degree-adjusted z,-0.033738144978845586,0.06526315789473684,20.0,,,0.9970105263157895,0.88,0.94,0.29850746268656714
coexp_unequal,4,0.05,4,,time UASE,,,,0.3048468749999529,5.0,,,,
coexp_unequal,4,0.05,4,,time OMNI,,,,1.295167873999958,5.0,,,,
coexp_unequal,4,0.05,4,,time ASE+Procrustes,,,,0.30119309500003055,,,,,
coexp_unequal,4,0.05,5,1.0,DeDi,0.8299115910960916,,,,,0.6386105263157895,0.22,,
coexp_unequal,4,0.05,5,1.0,UASE Borda (default),0.5323183870730346,,,,,0.9665684210526316,0.74,,
coexp_unequal,4,0.05,5,1.0,UASE elbow,0.30539487466930465,,,,,0.9867368421052631,0.86,,
coexp_unequal,4,0.05,5,1.0,UASE degree-adjusted z,-0.06742624645567474,0.02526315789473684,0.0,,,0.9885684210526315,0.86,0.5,0.0
coexp_unequal,4,0.05,5,1.0,OMNI Borda (default),0.6440852917752208,,,,,0.8587157894736842,0.58,,
coexp_unequal,4,0.05,5,1.0,OMNI elbow,0.38339157167622157,,,,,0.9592947368421053,0.76,,
coexp_unequal,4,0.05,5,1.0,OMNI degree-adjusted z,-0.06219703290529962,0.01368421052631579,0.0,,,0.9384421052631579,0.78,0.0,0.0
coexp_unequal,4,0.05,5,1.0,ASE+Procrustes Borda,0.3766148204296153,,,,,0.9695263157894737,0.78,,
coexp_unequal,4,0.05,5,1.0,raw rows Borda,0.17542243194891352,,,,,0.9521368421052632,0.84,,
coexp_unequal,4,0.05,5,1.0,raw rows degree-adjusted z,-0.037384511462645736,0.0431578947368421,3.0,,,0.9322736842105264,0.74,0.64,0.08571428571428572
coexp_unequal,4,0.05,5,2.0,DeDi,0.8250960359716976,,,,,0.6308631578947368,0.12,,
coexp_unequal,4,0.05,5,2.0,UASE Borda (default),0.515219818645578,,,,,0.9534526315789473,0.76,,
coexp_unequal,4,0.05,5,2.0,UASE elbow,0.3065260488334292,,,,,0.9721894736842105,0.8,,
coexp_unequal,4,0.05,5,2.0,UASE degree-adjusted z,-0.0521408153185882,0.018947368421052633,0.0,,,0.9560842105263158,0.78,0.34,0.0
coexp_unequal,4,0.05,5,2.0,OMNI Borda (default),0.6631194303810208,,,,,0.8327789473684211,0.32,,
coexp_unequal,4,0.05,5,2.0,OMNI elbow,0.32040769364918553,,,,,0.9614947368421053,0.76,,
coexp_unequal,4,0.05,5,2.0,OMNI degree-adjusted z,-0.05502799857308487,0.008421052631578947,0.0,,,0.9204631578947369,0.7,0.0,0.0
coexp_unequal,4,0.05,5,2.0,ASE+Procrustes Borda,0.3649212548618807,,,,,0.9633263157894737,0.82,,
coexp_unequal,4,0.05,5,2.0,raw rows Borda,0.21900971955840542,,,,,0.9679473684210527,0.84,,
coexp_unequal,4,0.05,5,2.0,raw rows degree-adjusted z,-0.028540101021252044,0.05578947368421053,6.0,,,0.9375368421052631,0.82,0.78,0.13333333333333333
coexp_unequal,4,0.05,5,3.0,DeDi,0.879299775867954,,,,,0.6854736842105263,0.14,,
coexp_unequal,4,0.05,5,3.0,UASE Borda (default),0.462070077034935,,,,,0.9746842105263158,0.78,,
coexp_unequal,4,0.05,5,3.0,UASE elbow,0.26907197474104294,,,,,0.9929578947368422,0.9,,
coexp_unequal,4,0.05,5,3.0,UASE degree-adjusted z,-0.04479204146661542,0.023157894736842106,0.0,,,0.9921684210526316,0.88,0.54,0.0
coexp_unequal,4,0.05,5,3.0,OMNI Borda (default),0.6104476775509138,,,,,0.9527157894736842,0.6,,
coexp_unequal,4,0.05,5,3.0,OMNI elbow,0.294932550484251,,,,,0.9838210526315789,0.7,,
coexp_unequal,4,0.05,5,3.0,OMNI degree-adjusted z,-0.04057907980769888,0.008421052631578947,0.0,,,0.9812421052631579,0.82,0.0,0.0
coexp_unequal,4,0.05,5,3.0,ASE+Procrustes Borda,0.4109682198457392,,,,,0.9790421052631579,0.82,,
coexp_unequal,4,0.05,5,3.0,raw rows Borda,0.186151535995111,,,,,0.9908421052631579,0.88,,
coexp_unequal,4,0.05,5,3.0,raw rows degree-adjusted z,-0.022543852359422356,0.06210526315789474,14.0,,,0.9826947368421053,0.86,0.88,0.2413793103448276
coexp_unequal,4,0.05,5,,time UASE,,,,0.27235482200001115,5.0,,,,
coexp_unequal,4,0.05,5,,time OMNI,,,,1.560702853999942,5.0,,,,
coexp_unequal,4,0.05,5,,time ASE+Procrustes,,,,0.27800159299999905,,,,,
coexp_unequal,4,0.05,6,1.0,DeDi,0.8689452427444009,,,,,0.5976421052631579,0.08,,
coexp_unequal,4,0.05,6,1.0,UASE Borda (default),0.4951168246573765,,,,,0.9649473684210527,0.74,,
coexp_unequal,4,0.05,6,1.0,UASE elbow,0.27178381293561565,,,,,0.9835684210526315,0.8,,
coexp_unequal,4,0.05,6,1.0,UASE degree-adjusted z,-0.04864094732048399,0.02736842105263158,1.0,,,0.9678526315789474,0.78,0.42,0.045454545454545456
coexp_unequal,4,0.05,6,1.0,OMNI Borda (default),0.5878229916240473,,,,,0.8488947368421053,0.52,,
coexp_unequal,4,0.05,6,1.0,OMNI elbow,0.3419112827238561,,,,,0.9684842105263158,0.72,,
coexp_unequal,4,0.05,6,1.0,OMNI degree-adjusted z,-0.032570509919212044,0.024210526315789474,0.0,,,0.9063789473684211,0.64,0.08,0.0
coexp_unequal,4,0.05,6,1.0,ASE+Procrustes Borda,0.35794955373168136,,,,,0.9755789473684211,0.78,,
coexp_unequal,4,0.05,6,1.0,raw rows Borda,0.20671210929665115,,,,,0.9749578947368421,0.82,,
coexp_unequal,4,0.05,6,1.0,raw rows degree-adjusted z,-0.008659079429800797,0.05894736842105263,10.0,,,0.917978947368421,0.72,0.66,0.23255813953488372
coexp_unequal,4,0.05,6,2.0,DeDi,0.8493383932018939,,,,,0.6105684210526315,0.04,,
coexp_unequal,4,0.05,6,2.0,UASE Borda (default),0.49212442602827894,,,,,0.9785052631578948,0.76,,
coexp_unequal,4,0.05,6,2.0,UASE elbow,0.18994364542171244,,,,,0.9934315789473684,0.9,,
coexp_unequal,4,0.05,6,2.0,UASE degree-adjusted z,-0.06470599617518165,0.02736842105263158,0.0,,,0.9794526315789474,0.74,0.38,0.0
coexp_unequal,4,0.05,6,2.0,OMNI Borda (default),0.5743463208368905,,,,,0.8678421052631579,0.56,,
coexp_unequal,4,0.05,6,2.0,OMNI elbow,0.2154027124611398,,,,,0.9785368421052631,0.8,,
coexp_unequal,4,0.05,6,2.0,OMNI degree-adjusted z,-0.061655351010448715,0.014736842105263158,0.0,,,0.9185894736842105,0.58,0.0,0.0
coexp_unequal,4,0.05,6,2.0,ASE+Procrustes Borda,0.4315422969194487,,,,,0.9875368421052632,0.84,,
coexp_unequal,4,0.05,6,2.0,raw rows Borda,0.16920633644396643,,,,,0.9808631578947369,0.8,,
coexp_unequal,4,0.05,6,2.0,raw rows degree-adjusted z,-0.01545518435040109,0.056842105263157895,5.0,,,0.9554736842105264,0.8,0.7,0.125
coexp_unequal,4,0.05,6,3.0,DeDi,0.9116757872482846,,,,,0.5892,0.04,,
coexp_unequal,4,0.05,6,3.0,UASE Borda (default),0.488485602834863,,,,,0.9859894736842105,0.74,,
coexp_unequal,4,0.05,6,3.0,UASE elbow,0.330459258800335,,,,,0.995578947368421,0.92,,
coexp_unequal,4,0.05,6,3.0,UASE degree-adjusted z,-0.05224336565819785,0.016842105263157894,0.0,,,0.9945684210526315,0.9,0.5,0.0
coexp_unequal,4,0.05,6,3.0,OMNI Borda (default),0.6017494569481611,,,,,0.9122210526315789,0.52,,
coexp_unequal,4,0.05,6,3.0,OMNI elbow,0.3372462485943671,,,,,0.9638631578947369,0.74,,
coexp_unequal,4,0.05,6,3.0,OMNI degree-adjusted z,-0.019735103949087333,0.008421052631578947,0.0,,,0.9581263157894737,0.72,0.0,0.0
coexp_unequal,4,0.05,6,3.0,ASE+Procrustes Borda,0.4333038362822117,,,,,0.9892315789473685,0.8,,
coexp_unequal,4,0.05,6,3.0,raw rows Borda,0.17368073407835574,,,,,0.997621052631579,0.94,,
coexp_unequal,4,0.05,6,3.0,raw rows degree-adjusted z,-0.030015555054412953,0.06315789473684211,8.0,,,0.9787368421052631,0.9,0.9,0.1509433962264151
coexp_unequal,4,0.05,6,,time UASE,,,,0.31446837900000446,5.0,,,,
coexp_unequal,4,0.05,6,,time OMNI,,,,1.242109537000033,5.0,,,,
coexp_unequal,4,0.05,6,,time ASE+Procrustes,,,,0.28496966299996984,,,,,
coexp_unequal,4,0.05,7,1.0,DeDi,0.8323568855390481,,,,,0.5529473684210526,0.1,,
coexp_unequal,4,0.05,7,1.0,UASE Borda (default),0.4413420943278759,,,,,0.9599578947368421,0.7,,
coexp_unequal,4,0.05,7,1.0,UASE elbow,0.2747741575060148,,,,,0.9820526315789474,0.86,,
coexp_unequal,4,0.05,7,1.0,UASE degree-adjusted z,-0.031176219994062105,0.008421052631578947,0.0,,,0.9714947368421053,0.82,0.14,0.0
coexp_unequal,4,0.05,7,1.0,OMNI Borda (default),0.469929043047446,,,,,0.8471684210526316,0.4,,
coexp_unequal,4,0.05,7,1.0,OMNI elbow,0.3088387703690426,,,,,0.938821052631579,0.58,,
coexp_unequal,4,0.05,7,1.0,OMNI degree-adjusted z,-0.0434014465448307,0.0010526315789473684,0.0,,,0.9248631578947368,0.6,0.0,0.0
coexp_unequal,4,0.05,7,1.0,ASE+Procrustes Borda,0.3646063066461714,,,,,0.9712,0.74,,
coexp_unequal,4,0.05,7,1.0,raw rows Borda,0.22001485011252814,,,,,0.9687789473684211,0.82,,
coexp_unequal,4,0.05,7,1.0,raw rows degree-adjusted z,-0.0024305074313830705,0.049473684210526316,2.0,,,0.938821052631579,0.64,0.56,0.06666666666666667
coexp_unequal,4,0.05,7,2.0,DeDi,0.8351226795352624,,,,,0.6750526315789473,0.08,,
coexp_unequal,4,0.05,7,2.0,UASE Borda (default),0.5054309144771819,,,,,0.9867578947368421,0.82,,
coexp_unequal,4,0.05,7,2.0,UASE elbow,0.22246465159346127,,,,,0.9953894736842105,0.9,,
coexp_unequal,4,0.05,7,2.0,UASE degree-adjusted z,-0.060433088685154394,0.024210526315789474,1.0,,,0.9954315789473684,0.84,0.54,0.03571428571428571
coexp_unequal,4,0.05,7,2.0,OMNI Borda (default),0.6129086823032487,,,,,0.9094526315789474,0.58,,
coexp_unequal,4,0.05,7,2.0,OMNI elbow,0.26718464779601997,,,,,0.9923052631578947,0.86,,
coexp_unequal,4,0.05,7,2.0,OMNI degree-adjusted z,-0.07729226934265157,0.008421052631578947,0.0,,,0.9614736842105264,0.76,0.0,0.0
coexp_unequal,4,0.05,7,2.0,ASE+Procrustes Borda,0.37911966529422575,,,,,0.9913157894736843,0.84,,
coexp_unequal,4,0.05,7,2.0,raw rows Borda,0.21829901144753402,,,,,0.9891052631578947,0.88,,
coexp_unequal,4,0.05,7,2.0,raw rows degree-adjusted z,-0.014681696979282266,0.05368421052631579,8.0,,,0.9705684210526315,0.76,0.76,0.17391304347826086
coexp_unequal,4,0.05,7,3.0,DeDi,0.8838091495771304,,,,,0.6563157894736842,0.12,,
coexp_unequal,4,0.05,7,3.0,UASE Borda (default),0.4828275723783889,,,,,0.9740315789473685,0.64,,
coexp_unequal,4,0.05,7,3.0,UASE elbow,0.3216160017914624,,,,,0.9952631578947368,0.86,,
coexp_unequal,4,0.05,7,3.0,UASE degree-adjusted z,-0.050117619025208435,0.01368421052631579,0.0,,,0.9969894736842105,0.88,0.24,0.0
coexp_unequal,4,0.05,7,3.0,OMNI Borda (default),0.720049048375581,,,,,0.8783684210526316,0.52,,
coexp_unequal,4,0.05,7,3.0,OMNI elbow,0.36530279459655146,,,,,0.9771263157894737,0.74,,
coexp_unequal,4,0.05,7,3.0,OMNI degree-adjusted z,-0.017928443250644223,0.005263157894736842,0.0,,,0.9551578947368421,0.7,0.0,0.0
coexp_unequal,4,0.05,7,3.0,ASE+Procrustes Borda,0.42049846382827555,,,,,0.9932105263157894,0.8,,
coexp_unequal,4,0.05,7,3.0,raw rows Borda,0.1809570836580418,,,,,0.9952,0.9,,
coexp_unequal,4,0.05,7,3.0,raw rows degree-adjusted z,-0.03763290246538253,0.05052631578947368,15.0,,,0.9927368421052631,0.88,0.92,0.2459016393442623
coexp_unequal,4,0.05,7,,time UASE,,,,0.301834529999951,5.0,,,,
coexp_unequal,4,0.05,7,,time OMNI,,,,1.2172940760000301,5.0,,,,
coexp_unequal,4,0.05,7,,time ASE+Procrustes,,,,0.26748436100001527,,,,,
coexp_unequal,4,0.05,8,1.0,DeDi,0.9082946912144122,,,,,0.5425684210526316,0.0,,
coexp_unequal,4,0.05,8,1.0,UASE Borda (default),0.5094891431175421,,,,,0.9867578947368421,0.84,,
coexp_unequal,4,0.05,8,1.0,UASE elbow,0.3846807092388157,,,,,0.9953894736842105,0.9,,
coexp_unequal,4,0.05,8,1.0,UASE degree-adjusted z,-0.0609996418715962,0.035789473684210524,1.0,,,0.9849894736842105,0.76,0.54,0.03571428571428571
coexp_unequal,4,0.05,8,1.0,OMNI Borda (default),0.5613562316040441,,,,,0.9096842105263158,0.58,,
coexp_unequal,4,0.05,8,1.0,OMNI elbow,0.4041927898466747,,,,,0.9828105263157895,0.7,,
coexp_unequal,4,0.05,8,1.0,OMNI degree-adjusted z,-0.07037081423213125,0.017894736842105262,0.0,,,0.9387157894736842,0.62,0.14,0.0
coexp_unequal,4,0.05,8,1.0,ASE+Procrustes Borda,0.40329167625540413,,,,,0.9879157894736842,0.8,,
coexp_unequal,4,0.05,8,1.0,raw rows Borda,0.21964519116397097,,,,,0.9940526315789474,0.84,,
coexp_unequal,4,0.05,8,1.0,raw rows degree-adjusted z,-0.0182585162217121,0.04421052631578947,3.0,,,0.9677473684210526,0.78,0.74,0.075
coexp_unequal,4,0.05,8,2.0,DeDi,0.9030728256820929,,,,,0.5988421052631578,0.06,,
coexp_unequal,4,0.05,8,2.0,UASE Borda (default),0.5309351851453138,,,,,0.9681894736842105,0.74,,
coexp_unequal,4,0.05,8,2.0,UASE elbow,0.300610428037336,,,,,0.9848315789473684,0.82,,
coexp_unequal,4,0.05,8,2.0,UASE degree-adjusted z,-0.07252472126955559,0.029473684210526315,0.0,,,0.9678315789473684,0.8,0.52,0.0
coexp_unequal,4,0.05,8,2.0,OMNI Borda (default),0.7232455223245117,,,,,0.8116842105263158,0.46,,
coexp_unequal,4,0.05,8,2.0,OMNI elbow,0.338792661976258,,,,,0.9817473684210526,0.8,,
coexp_unequal,4,0.05,8,2.0,OMNI degree-adjusted z,-0.06098591157500044,0.014736842105263158,0.0,,,0.8696631578947368,0.58,0.0,0.0
coexp_unequal,4,0.05,8,2.0,ASE+Procrustes Borda,0.3874239529414428,,,,,0.980621052631579,0.8,,
coexp_unequal,4,0.05,8,2.0,raw rows Borda,0.20091746002666,,,,,0.986,0.84,,
coexp_unequal,4,0.05,8,2.0,raw rows degree-adjusted z,-0.03849215870249398,0.06315789473684211,14.0,,,0.9665473684210526,0.8,0.82,0.2545454545454545
coexp_unequal,4,0.05,8,3.0,DeDi,0.8749039815235837,,,,,0.6948631578947368,0.16,,
coexp_unequal,4,0.05,8,3.0,UASE Borda (default),0.5016382305067213,,,,,0.9891684210526316,0.76,,
coexp_unequal,4,0.05,8,3.0,UASE elbow,0.299432153618394,,,,,0.9976631578947368,0.9,,
coexp_unequal,4,0.05,8,3.0,UASE degree-adjusted z,-0.04687046686332529,0.02,2.0,,,0.9979368421052631,0.9,0.72,0.05263157894736842
coexp_unequal,4,0.05,8,3.0,OMNI Borda (default),0.6479014980805797,,,,,0.9312315789473684,0.44,,
coexp_unequal,4,0.05,8,3.0,OMNI elbow,0.3457169000574825,,,,,0.9859052631578947,0.76,,
coexp_unequal,4,0.05,8,3.0,OMNI degree-adjusted z,-0.043161187348742365,0.005263157894736842,0.0,,,0.978378947368421,0.78,0.0,0.0
coexp_unequal,4,0.05,8,3.0,ASE+Procrustes Borda,0.38483041673642826,,,,,0.9910315789473684,0.82,,
coexp_unequal,4,0.05,8,3.0,raw rows Borda,0.19881727316701142,,,,,0.9927263157894737,0.88,,
coexp_unequal,4,0.05,8,3.0,raw rows degree-adjusted z,-0.0014538088714021612,0.08526315789473685,31.0,,,0.9891368421052632,0.86,0.88,0.41333333333333333
coexp_unequal,4,0.05,8,,time UASE,,,,0.29921530700005405,5.0,,,,
coexp_unequal,4,0.05,8,,time OMNI,,,,1.2936161100000163,5.0,,,,
coexp_unequal,4,0.05,8,,time ASE+Procrustes,,,,0.27386513099997956,,,,,
coexp_unequal,4,0.05,9,1.0,DeDi,0.8511585042724352,,,,,0.5732631578947368,0.02,,
coexp_unequal,4,0.05,9,1.0,UASE Borda (default),0.470701419086688,,,,,0.9735578947368421,0.74,,
coexp_unequal,4,0.05,9,1.0,UASE elbow,0.2400665100049461,,,,,0.9907894736842106,0.88,,
coexp_unequal,4,0.05,9,1.0,UASE degree-adjusted z,-0.046178479509614276,0.016842105263157894,0.0,,,0.9675368421052631,0.76,0.38,0.0
coexp_unequal,4,0.05,9,1.0,OMNI Borda (default),0.5064626230463904,,,,,0.8534947368421053,0.64,,
coexp_unequal,4,0.05,9,1.0,OMNI elbow,0.30173646013707794,,,,,0.9624315789473684,0.66,,
coexp_unequal,4,0.05,9,1.0,OMNI degree-adjusted z,-0.05916406497257528,0.01263157894736842,0.0,,,0.8892842105263158,0.6,0.0,0.0
coexp_unequal,4,0.05,9,1.0,ASE+Procrustes Borda,0.3975718937600736,,,,,0.9800947368421052,0.78,,
coexp_unequal,4,0.05,9,1.0,raw rows Borda,0.19246519606512308,,,,,0.9531894736842105,0.82,,
coexp_unequal,4,0.05,9,1.0,raw rows degree-adjusted z,0.007101761477385513,0.02631578947368421,2.0,,,0.9202526315789473,0.74,0.66,0.05714285714285714
coexp_unequal,4,0.05,9,2.0,DeDi,0.8446496438748059,,,,,0.6966736842105263,0.16,,
coexp_unequal,4,0.05,9,2.0,UASE Borda (default),0.5130460228965998,,,,,0.9813894736842105,0.78,,
coexp_unequal,4,0.05,9,2.0,UASE elbow,0.21429371415719947,,,,,0.9974105263157895,0.92,,
coexp_unequal,4,0.05,9,2.0,UASE degree-adjusted z,-0.05843533752858512,0.042105263157894736,1.0,,,0.9783157894736842,0.74,0.38,0.05
coexp_unequal,4,0.05,9,2.0,OMNI Borda (default),0.6222588533040078,,,,,0.867378947368421,0.44,,
coexp_unequal,4,0.05,9,2.0,OMNI elbow,0.26325109205824676,,,,,0.9853473684210526,0.82,,
coexp_unequal,4,0.05,9,2.0,OMNI degree-adjusted z,-0.023904299412840876,0.011578947368421053,0.0,,,0.9212210526315789,0.58,0.0,0.0
coexp_unequal,4,0.05,9,2.0,ASE+Procrustes Borda,0.39522136143045944,,,,,0.9898526315789473,0.86,,
coexp_unequal,4,0.05,9,2.0,raw rows Borda,0.21615452148742917,,,,,0.9959789473684211,0.92,,
coexp_unequal,4,0.05,9,2.0,raw rows degree-adjusted z,-0.02224805614305682,0.045263157894736845,6.0,,,0.9773052631578948,0.8,0.74,0.13953488372093023
coexp_unequal,4,0.05,9,3.0,DeDi,0.8651868924654299,,,,,0.7030947368421052,0.1,,
coexp_unequal,4,0.05,9,3.0,UASE Borda (default),0.4601332769705324,,,,,0.986578947368421,0.8,,
coexp_unequal,4,0.05,9,3.0,UASE elbow,0.29489863872512817,,,,,0.9951473684210527,0.9,,
coexp_unequal,4,0.05,9,3.0,UASE degree-adjusted z,-0.04958863170631302,0.009473684210526316,0.0,,,0.9876421052631579,0.9,0.42,0.0
coexp_unequal,4,0.05,9,3.0,OMNI Borda (default),0.6551752000074854,,,,,0.9078,0.6,,
coexp_unequal,4,0.05,9,3.0,OMNI elbow,0.3032411823610324,,,,,0.9854526315789474,0.8,,
coexp_unequal,4,0.05,9,3.0,OMNI degree-adjusted z,-0.0159410632967023,0.003157894736842105,0.0,,,0.948021052631579,0.74,0.0,0.0
coexp_unequal,4,0.05,9,3.0,ASE+Procrustes Borda,0.39860721723922277,,,,,0.991621052631579,0.88,,
coexp_unequal,4,0.05,9,3.0,raw rows Borda,0.18485976012835165,,,,,0.993621052631579,0.94,,
coexp_unequal,4,0.05,9,3.0,raw rows degree-adjusted z,-0.03466419120102831,0.05368421052631579,17.0,,,0.9857052631578948,0.86,0.9,0.27419354838709675
coexp_unequal,4,0.05,9,,time UASE,,,,0.2986756960000321,5.0,,,,
coexp_unequal,4,0.05,9,,time OMNI,,,,1.4406632359999776,5.0,,,,
coexp_unequal,4,0.05,9,,time ASE+Procrustes,,,,0.2747292330000164,,,,,
