scenario,frac_changed,replicate,method,elbow_dimension,spearman_with_degree,frac_p_below_0.05,num_called_q_0.1,fdp_q_0.1,auroc,precision_at_k,power_q_0.1
dcsbm,0.0,0,DeDi,4,0.1663969071148184,,,,,,
dcsbm,0.0,0,n2v2r (default),4,0.03910469084819356,,,,,,
dcsbm,0.0,0,n2v2r euclidean only,4,0.5361841073446625,,,,,,
dcsbm,0.0,0,n2v2r cosine only,4,-0.4439144490077436,,,,,,
dcsbm,0.0,0,n2v2r ULSE,4,0.1298689622548473,,,,,,
dcsbm,0.0,0,n2v2r elbow dimension,4,-0.04992081083867658,,,,,,
dcsbm,0.0,0,n2v2r degree-adjusted z,4,-0.007022599293695993,0.024,0.0,0.0,,,
dcsbm,0.0,0,n2v2r degree-adjusted z (elbow),4,-0.0011860993428332862,0.022,0.0,0.0,,,
dcsbm,0.0,1,DeDi,4,0.10446555600255014,,,,,,
dcsbm,0.0,1,n2v2r (default),4,0.06770810966881047,,,,,,
dcsbm,0.0,1,n2v2r euclidean only,4,0.5712089178758297,,,,,,
dcsbm,0.0,1,n2v2r cosine only,4,-0.450779186954359,,,,,,
dcsbm,0.0,1,n2v2r ULSE,4,0.15598228517513363,,,,,,
dcsbm,0.0,1,n2v2r elbow dimension,4,-0.06340932244743154,,,,,,
dcsbm,0.0,1,n2v2r degree-adjusted z,4,-0.010607315601567613,0.028,0.0,0.0,,,
dcsbm,0.0,1,n2v2r degree-adjusted z (elbow),4,0.0006255936094228322,0.026,0.0,0.0,,,
dcsbm,0.0,2,DeDi,4,0.15052376579539117,,,,,,
dcsbm,0.0,2,n2v2r (default),4,0.10575335773008811,,,,,,
dcsbm,0.0,2,n2v2r euclidean only,4,0.5899161107146648,,,,,,
dcsbm,0.0,2,n2v2r cosine only,4,-0.3983845844767336,,,,,,
dcsbm,0.0,2,n2v2r ULSE,4,0.1204415539576363,,,,,,
dcsbm,0.0,2,n2v2r elbow dimension,4,0.00819370810364527,,,,,,
dcsbm,0.0,2,n2v2r degree-adjusted z,4,-0.005059567652009571,0.02,0.0,0.0,,,
dcsbm,0.0,2,n2v2r degree-adjusted z (elbow),4,0.007565989029732733,0.02,0.0,0.0,,,
dcsbm,0.0,3,DeDi,4,0.18571790895803783,,,,,,
dcsbm,0.0,3,n2v2r (default),4,0.10540750028859873,,,,,,
dcsbm,0.0,3,n2v2r euclidean only,4,0.5876367459506562,,,,,,
dcsbm,0.0,3,n2v2r cosine only,4,-0.4121389433713287,,,,,,
dcsbm,0.0,3,n2v2r ULSE,4,0.14127299516807865,,,,,,
dcsbm,0.0,3,n2v2r elbow dimension,4,-0.00703492149760075,,,,,,
dcsbm,0.0,3,n2v2r degree-adjusted z,4,-0.00786814029777742,0.039,0.0,0.0,,,
dcsbm,0.0,3,n2v2r degree-adjusted z (elbow),4,-0.001758137579243647,0.021,0.0,0.0,,,
dcsbm,0.0,4,DeDi,4,0.15122952018659125,,,,,,
dcsbm,0.0,4,n2v2r (default),4,0.0527031059700025,,,,,,
dcsbm,0.0,4,n2v2r euclidean only,4,0.5737280955722415,,,,,,
dcsbm,0.0,4,n2v2r cosine only,4,-0.4585337218313018,,,,,,
dcsbm,0.0,4,n2v2r ULSE,4,0.16433892214536344,,,,,,
dcsbm,0.0,4,n2v2r elbow dimension,4,-0.06468752611864283,,,,,,
dcsbm,0.0,4,n2v2r degree-adjusted z,4,-0.002698874814295754,0.031,0.0,0.0,,,
dcsbm,0.0,4,n2v2r degree-adjusted z (elbow),4,0.0028694303672559492,0.027,0.0,0.0,,,
dcsbm,0.0,5,DeDi,4,0.10796442282659996,,,,,,
dcsbm,0.0,5,n2v2r (default),4,0.0785672704414423,,,,,,
dcsbm,0.0,5,n2v2r euclidean only,4,0.5932865645385849,,,,,,
dcsbm,0.0,5,n2v2r cosine only,4,-0.4613895223703935,,,,,,
dcsbm,0.0,5,n2v2r ULSE,4,0.1392438242855396,,,,,,
dcsbm,0.0,5,n2v2r elbow dimension,4,-0.04851297921355209,,,,,,
dcsbm,0.0,5,n2v2r degree-adjusted z,4,0.0015519801117666197,0.026,0.0,0.0,,,
dcsbm,0.0,5,n2v2r degree-adjusted z (elbow),4,-0.0009428852517443584,0.025,0.0,0.0,,,
dcsbm,0.0,6,DeDi,4,0.17824195016656783,,,,,,
dcsbm,0.0,6,n2v2r (default),4,0.03776173853375279,,,,,,
dcsbm,0.0,6,n2v2r euclidean only,4,0.5346171359371957,,,,,,
dcsbm,0.0,6,n2v2r cosine only,4,-0.44363792549855985,,,,,,
dcsbm,0.0,6,n2v2r ULSE,4,0.12607004713281506,,,,,,
dcsbm,0.0,6,n2v2r elbow dimension,4,-0.11630304894393856,,,,,,
dcsbm,0.0,6,n2v2r degree-adjusted z,4,-0.007096148156212332,0.023,0.0,0.0,,,
dcsbm,0.0,6,n2v2r degree-adjusted z (elbow),4,0.0007292103139235033,0.029,0.0,0.0,,,
dcsbm,0.0,7,DeDi,4,0.12463725584182257,,,,,,
dcsbm,0.0,7,n2v2r (default),4,0.14895392530037144,,,,,,
dcsbm,0.0,7,n2v2r euclidean only,4,0.6512268651121412,,,,,,
dcsbm,0.0,7,n2v2r cosine only,4,-0.38529334255471265,,,,,,
dcsbm,0.0,7,n2v2r ULSE,4,0.12915100871335883,,,,,,
dcsbm,0.0,7,n2v2r elbow dimension,4,-0.06962729290326858,,,,,,
dcsbm,0.0,7,n2v2r degree-adjusted z,4,-0.008419484805786337,0.032,0.0,0.0,,,
dcsbm,0.0,7,n2v2r degree-adjusted z (elbow),4,-0.0012597374200509,0.024,0.0,0.0,,,
dcsbm,0.0,8,DeDi,4,0.09278406872931429,,,,,,
dcsbm,0.0,8,n2v2r (default),4,0.03489239114552937,,,,,,
dcsbm,0.0,8,n2v2r euclidean only,4,0.5579939418009038,,,,,,
dcsbm,0.0,8,n2v2r cosine only,4,-0.4964309946976194,,,,,,
dcsbm,0.0,8,n2v2r ULSE,4,0.11042809904013953,,,,,,
dcsbm,0.0,8,n2v2r elbow dimension,4,-0.03763764718406678,,,,,,
dcsbm,0.0,8,n2v2r degree-adjusted z,4,-0.0009436331663579554,0.029,0.0,0.0,,,
dcsbm,0.0,8,n2v2r degree-adjusted z (elbow),4,0.0037945980936581526,0.034,0.0,0.0,,,
dcsbm,0.0,9,DeDi,4,0.15545306689292704,,,,,,
dcsbm,0.0,9,n2v2r (default),4,0.1486461466607789,,,,,,
dcsbm,0.0,9,n2v2r euclidean only,4,0.6149417665550336,,,,,,
dcsbm,0.0,9,n2v2r cosine only,4,-0.3527899166261113,,,,,,
dcsbm,0.0,9,n2v2r ULSE,4,0.1419233259830238,,,,,,
dcsbm,0.0,9,n2v2r elbow dimension,4,-0.0051372834265591425,,,,,,
dcsbm,0.0,9,n2v2r degree-adjusted z,4,-0.008452656383947293,0.033,0.0,0.0,,,
dcsbm,0.0,9,n2v2r degree-adjusted z (elbow),4,-5.470580803593685e-05,0.026,0.0,0.0,,,
dcsbm,0.0,10,DeDi,4,0.13188636468440865,,,,,,
dcsbm,0.0,10,n2v2r (default),4,0.04396757655482605,,,,,,
dcsbm,0.0,10,n2v2r euclidean only,4,0.5867531663770942,,,,,,
dcsbm,0.0,10,n2v2r cosine only,4,-0.48431025284858625,,,,,,
dcsbm,0.0,10,n2v2r ULSE,4,0.1290510346219367,,,,,,
dcsbm,0.0,10,n2v2r elbow dimension,4,-0.05328868393921049,,,,,,
dcsbm,0.0,10,n2v2r degree-adjusted z,4,0.0016274139991193164,0.022,0.0,0.0,,,
dcsbm,0.0,10,n2v2r degree-adjusted z (elbow),4,0.006021024368702151,0.025,0.0,0.0,,,
dcsbm,0.0,11,DeDi,4,0.1823670181333706,,,,,,
dcsbm,0.0,11,n2v2r (default),4,0.12250471773288403,,,,,,
dcsbm,0.0,11,n2v2r euclidean only,4,0.5851867118463056,,,,,,
dcsbm,0.0,11,n2v2r cosine only,4,-0.3785865729172146,,,,,,
dcsbm,0.0,11,n2v2r ULSE,4,0.193794591086502,,,,,,
dcsbm,0.0,11,n2v2r elbow dimension,4,-0.018543949109423596,,,,,,
dcsbm,0.0,11,n2v2r degree-adjusted z,4,-0.0018138302619382062,0.042,0.0,0.0,,,
dcsbm,0.0,11,n2v2r degree-adjusted z (elbow),4,-0.0002081191757560456,0.027,0.0,0.0,,,
dcsbm,0.0,12,DeDi,4,0.12711922755427466,,,,,,
dcsbm,0.0,12,n2v2r (default),4,0.06687729659651406,,,,,,
dcsbm,0.0,12,n2v2r euclidean only,4,0.6023360054420459,,,,,,
dcsbm,0.0,12,n2v2r cosine only,4,-0.46759642678724944,,,,,,
dcsbm,0.0,12,n2v2r ULSE,4,0.11379715452858115,,,,,,
dcsbm,0.0,12,n2v2r elbow dimension,4,-0.02227148749521699,,,,,,
dcsbm,0.0,12,n2v2r degree-adjusted z,4,-0.001317862608065479,0.027,0.0,0.0,,,
dcsbm,0.0,12,n2v2r degree-adjusted z (elbow),4,0.0058368144451861545,0.029,0.0,0.0,,,
dcsbm,0.0,13,DeDi,4,0.1546287301945768,,,,,,
dcsbm,0.0,13,n2v2r (default),4,0.14096241786015545,,,,,,
dcsbm,0.0,13,n2v2r euclidean only,4,0.6142162155892588,,,,,,
dcsbm,0.0,13,n2v2r cosine only,4,-0.381780946447253,,,,,,
dcsbm,0.0,13,n2v2r ULSE,4,0.1815452265756047,,,,,,
dcsbm,0.0,13,n2v2r elbow dimension,4,-0.04676852112695568,,,,,,
dcsbm,0.0,13,n2v2r degree-adjusted z,4,-0.005320409933843216,0.052,0.0,0.0,,,
dcsbm,0.0,13,n2v2r degree-adjusted z (elbow),4,-0.0010633739428608144,0.015,0.0,0.0,,,
dcsbm,0.0,14,DeDi,4,0.10621875257293398,,,,,,
dcsbm,0.0,14,n2v2r (default),4,0.15372766933637094,,,,,,
dcsbm,0.0,14,n2v2r euclidean only,4,0.6594369425975559,,,,,,
dcsbm,0.0,14,n2v2r cosine only,4,-0.4131767486133071,,,,,,
dcsbm,0.0,14,n2v2r ULSE,4,0.17393272177966113,,,,,,
dcsbm,0.0,14,n2v2r elbow dimension,4,-0.007046751390231307,,,,,,
dcsbm,0.0,14,n2v2r degree-adjusted z,4,-0.0006805476341673982,0.036,0.0,0.0,,,
dcsbm,0.0,14,n2v2r degree-adjusted z (elbow),4,0.004042015401472292,0.027,0.0,0.0,,,
dcsbm,0.0,15,DeDi,4,0.13374932425850442,,,,,,
dcsbm,0.0,15,n2v2r (default),4,0.1617545971014483,,,,,,
dcsbm,0.0,15,n2v2r euclidean only,4,0.6377783323040785,,,,,,
dcsbm,0.0,15,n2v2r cosine only,4,-0.3492340652442343,,,,,,
dcsbm,0.0,15,n2v2r ULSE,4,0.14282523211099316,,,,,,
dcsbm,0.0,15,n2v2r elbow dimension,4,-0.014328912568032807,,,,,,
dcsbm,0.0,15,n2v2r degree-adjusted z,4,-0.0059919211476890475,0.03,0.0,0.0,,,
dcsbm,0.0,15,n2v2r degree-adjusted z (elbow),4,0.003408057263337835,0.041,0.0,0.0,,,
dcsbm,0.0,16,DeDi,4,0.13804985914359796,,,,,,
dcsbm,0.0,16,n2v2r (default),4,0.11542847737263451,,,,,,
dcsbm,0.0,16,n2v2r euclidean only,4,0.6233390727675227,,,,,,
dcsbm,0.0,16,n2v2r cosine only,4,-0.41578570484599764,,,,,,
dcsbm,0.0,16,n2v2r ULSE,4,0.14027227929762595,,,,,,
dcsbm,0.0,16,n2v2r elbow dimension,4,-0.03180090670682063,,,,,,
dcsbm,0.0,16,n2v2r degree-adjusted z,4,-0.006390004042760429,0.029,0.0,0.0,,,
dcsbm,0.0,16,n2v2r degree-adjusted z (elbow),4,0.006075756599061506,0.027,0.0,0.0,,,
dcsbm,0.0,17,DeDi,4,0.1421094842455525,,,,,,
dcsbm,0.0,17,n2v2r (default),4,0.1706577886296429,,,,,,
dcsbm,0.0,17,n2v2r euclidean only,4,0.6399515350629195,,,,,,
dcsbm,0.0,17,n2v2r cosine only,4,-0.35080364290067023,,,,,,
dcsbm,0.0,17,n2v2r ULSE,4,0.20461256893068322,,,,,,
dcsbm,0.0,17,n2v2r elbow dimension,4,-0.044873597137966244,,,,,,
dcsbm,0.0,17,n2v2r degree-adjusted z,4,-0.0025339709388387927,0.03,0.0,0.0,,,
dcsbm,0.0,17,n2v2r degree-adjusted z (elbow),4,0.0017167417445293116,0.024,0.0,0.0,,,
dcsbm,0.0,18,DeDi,4,0.1371180239812696,,,,,,
dcsbm,0.0,18,n2v2r (default),4,0.08723707514007588,,,,,,
dcsbm,0.0,18,n2v2r euclidean only,4,0.5846485793863925,,,,,,
dcsbm,0.0,18,n2v2r cosine only,4,-0.4231512312397995,,,,,,
dcsbm,0.0,18,n2v2r ULSE,4,0.1979411106464316,,,,,,
dcsbm,0.0,18,n2v2r elbow dimension,4,-0.06612257462094487,,,,,,
dcsbm,0.0,18,n2v2r degree-adjusted z,4,-0.00037450818612113566,0.023,0.0,0.0,,,
dcsbm,0.0,18,n2v2r degree-adjusted z (elbow),4,-0.00026569715899387776,0.018,0.0,0.0,,,
dcsbm,0.0,19,DeDi,4,0.11135282095142995,,,,,,
dcsbm,0.0,19,n2v2r (default),4,0.05395304285872827,,,,,,
dcsbm,0.0,19,n2v2r euclidean only,4,0.553482236197675,,,,,,
dcsbm,0.0,19,n2v2r cosine only,4,-0.44398172123127794,,,,,,
dcsbm,0.0,19,n2v2r ULSE,4,0.13553194333737548,,,,,,
dcsbm,0.0,19,n2v2r elbow dimension,4,-0.049575661748577346,,,,,,
dcsbm,0.0,19,n2v2r degree-adjusted z,4,-0.0016809286436754698,0.016,0.0,0.0,,,
dcsbm,0.0,19,n2v2r degree-adjusted z (elbow),4,-0.0048446812412317195,0.028,0.0,0.0,,,
dcsbm,0.1,0,DeDi,4,0.13605846203776026,,,,0.5198222222222222,0.11,
dcsbm,0.1,0,n2v2r (default),4,0.29035016369812333,,,,0.9865722222222222,0.81,
dcsbm,0.1,0,n2v2r euclidean only,4,0.658300043732703,,,,0.8763611111111111,0.39,
dcsbm,0.1,0,n2v2r cosine only,4,-0.18329032079117533,,,,0.9896,0.82,
dcsbm,0.1,0,n2v2r ULSE,4,0.29784832622530893,,,,0.9610222222222222,0.7,
dcsbm,0.1,0,n2v2r elbow dimension,4,0.024565175010868655,,,,1.0,1.0,
dcsbm,0.1,0,n2v2r degree-adjusted z,4,0.0004373181785861799,0.097,0.0,0.0,0.9951888888888889,0.88,0.0
dcsbm,0.1,0,n2v2r degree-adjusted z (elbow),4,0.006619153048097303,0.103,100.0,0.0,1.0,1.0,1.0
dcsbm,0.1,1,DeDi,4,0.10725127600749731,,,,0.5015222222222222,0.09,
dcsbm,0.1,1,n2v2r (default),4,0.20529215058724531,,,,0.9672666666666667,0.75,
dcsbm,0.1,1,n2v2r euclidean only,4,0.604672041162594,,,,0.8577277777777778,0.41,
dcsbm,0.1,1,n2v2r cosine only,4,-0.2393956737604537,,,,0.9763722222222222,0.76,
dcsbm,0.1,1,n2v2r ULSE,4,0.2799853178055773,,,,0.9363111111111111,0.66,
dcsbm,0.1,1,n2v2r elbow dimension,4,-0.004885371765849255,,,,1.0,1.0,
dcsbm,0.1,1,n2v2r degree-adjusted z,4,-0.005531727430034268,0.07,3.0,0.0,0.9844444444444445,0.78,0.03
dcsbm,0.1,1,n2v2r degree-adjusted z (elbow),4,0.008036288576614549,0.111,100.0,0.0,1.0,1.0,1.0
dcsbm,0.1,2,DeDi,4,0.14660392077296996,,,,0.5464111111111111,0.14,
dcsbm,0.1,2,n2v2r (default),4,0.3053957463074809,,,,0.9726222222222223,0.73,
dcsbm,0.1,2,n2v2r euclidean only,4,0.6810702462750734,,,,0.8466777777777778,0.35,
dcsbm,0.1,2,n2v2r cosine only,4,-0.16538352913040003,,,,0.9883555555555555,0.82,
dcsbm,0.1,2,n2v2r ULSE,4,0.3084921682664848,,,,0.9505666666666667,0.67,
dcsbm,0.1,2,n2v2r elbow dimension,4,0.05431648114205838,,,,1.0,1.0,
dcsbm,0.1,2,n2v2r degree-adjusted z,4,0.0016277692054057443,0.08,0.0,0.0,0.9902888888888889,0.83,0.0
dcsbm,0.1,2,n2v2r degree-adjusted z (elbow),4,0.007469073446790903,0.106,100.0,0.0,1.0,1.0,1.0
dcsbm,0.1,3,DeDi,4,0.15718891071265362,,,,0.48695555555555553,0.09,
dcsbm,0.1,3,n2v2r (default),4,0.2571462640395315,,,,0.9563777777777778,0.71,
dcsbm,0.1,3,n2v2r euclidean only,4,0.7066301171018218,,,,0.8037833333333333,0.34,
dcsbm,0.1,3,n2v2r cosine only,4,-0.2878807269475085,,,,0.9680888888888889,0.71,
dcsbm,0.1,3,n2v2r ULSE,4,0.29443576743317446,,,,0.9537388888888889,0.72,
dcsbm,0.1,3,n2v2r elbow dimension,4,0.013109278321569788,,,,1.0,1.0,
dcsbm,0.1,3,n2v2r degree-adjusted z,4,0.0007269185437392146,0.07,0.0,0.0,0.9762888888888889,0.78,0.0
dcsbm,0.1,3,n2v2r degree-adjusted z (elbow),4,0.01365247171429349,0.103,100.0,0.0,1.0,1.0,1.0
dcsbm,0.1,4,DeDi,4,0.17977361659607086,,,,0.5704833333333333,0.17,
dcsbm,0.1,4,n2v2r (default),4,0.2831043167787279,,,,0.9473611111111111,0.76,
dcsbm,0.1,4,n2v2r euclidean only,4,0.6961117379475809,,,,0.8223166666666667,0.36,
dcsbm,0.1,4,n2v2r cosine only,4,-0.23882191195583974,,,,0.96355,0.74,
dcsbm,0.1,4,n2v2r ULSE,4,0.34160321350928874,,,,0.94575,0.67,
dcsbm,0.1,4,n2v2r elbow dimension,4,0.08083486862443916,,,,0.9999666666666667,0.99,
dcsbm,0.1,4,n2v2r degree-adjusted z,4,-0.004077964796336386,0.076,2.0,0.0,0.972,0.8,0.02
dcsbm,0.1,4,n2v2r degree-adjusted z (elbow),4,0.011196673547373484,0.107,100.0,0.0,1.0,1.0,1.0
dcsbm,0.1,5,DeDi,4,0.14725594909437228,,,,0.5293166666666667,0.11,
dcsbm,0.1,5,n2v2r (default),4,0.3269766533234939,,,,0.9610555555555556,0.75,
dcsbm,0.1,5,n2v2r euclidean only,4,0.7058252954324873,,,,0.8323611111111111,0.33,
dcsbm,0.1,5,n2v2r cosine only,4,-0.17697078930344662,,,,0.9783222222222222,0.8,
dcsbm,0.1,5,n2v2r ULSE,4,0.33476132449433676,,,,0.9524722222222223,0.67,
dcsbm,0.1,5,n2v2r elbow dimension,4,0.03231583241444564,,,,0.9999777777777777,0.99,
dcsbm,0.1,5,n2v2r degree-adjusted z,4,0.0023723434574752142,0.087,0.0,0.0,0.9832666666666666,0.82,0.0
dcsbm,0.1,5,n2v2r degree-adjusted z (elbow),4,0.01088813631028977,0.111,101.0,0.009900990099009901,1.0,1.0,1.0
dcsbm,0.1,6,DeDi,4,0.12749699929485486,,,,0.5325055555555556,0.15,
dcsbm,0.1,6,n2v2r (default),4,0.278873758618546,,,,0.9655722222222223,0.76,
dcsbm,0.1,6,n2v2r euclidean only,4,0.6743780754054928,,,,0.8493,0.38,
dcsbm,0.1,6,n2v2r cosine only,4,-0.20504969681964774,,,,0.9756666666666667,0.76,
dcsbm,0.1,6,n2v2r ULSE,4,0.3371021018955589,,,,0.9525055555555556,0.67,
dcsbm,0.1,6,n2v2r elbow dimension,4,0.009476142807993497,,,,1.0,1.0,
dcsbm,0.1,6,n2v2r degree-adjusted z,4,0.003975876996910903,0.071,2.0,0.0,0.9837666666666667,0.8,0.02
dcsbm,0.1,6,n2v2r degree-adjusted z (elbow),4,0.007522361486322601,0.104,100.0,0.0,1.0,1.0,1.0
dcsbm,0.1,7,DeDi,4,0.1856629476173051,,,,0.4619111111111111,0.05,
dcsbm,0.1,7,n2v2r (default),4,0.2598929809085815,,,,0.9548944444444445,0.69,
dcsbm,0.1,7,n2v2r euclidean only,4,0.6649194726163038,,,,0.83845,0.36,
dcsbm,0.1,7,n2v2r cosine only,4,-0.2240004705259006,,,,0.9623722222222222,0.72,
dcsbm,0.1,7,n2v2r ULSE,4,0.29127606090966596,,,,0.9394833333333333,0.67,
dcsbm,0.1,7,n2v2r elbow dimension,4,0.073693238605092,,,,0.9999944444444444,0.99,
dcsbm,0.1,7,n2v2r degree-adjusted z,4,-0.01006100106809291,0.065,2.0,0.0,0.9748222222222223,0.73,0.02
dcsbm,0.1,7,n2v2r degree-adjusted z (elbow),4,0.007764594354416601,0.11,101.0,0.009900990099009901,1.0,1.0,1.0
dcsbm,0.1,8,DeDi,4,0.15670719025810106,,,,0.5116444444444445,0.13,
dcsbm,0.1,8,n2v2r (default),4,0.2910295266980659,,,,0.9514166666666667,0.7,
dcsbm,0.1,8,n2v2r euclidean only,4,0.6882651202088473,,,,0.8408555555555556,0.4,
dcsbm,0.1,8,n2v2r cosine only,4,-0.17546013657760878,,,,0.9555666666666667,0.69,
dcsbm,0.1,8,n2v2r ULSE,4,0.3468131434428518,,,,0.9406444444444444,0.68,
dcsbm,0.1,8,n2v2r elbow dimension,4,0.07628162771403971,,,,1.0,1.0,
dcsbm,0.1,8,n2v2r degree-adjusted z,4,-0.008414287323079483,0.074,3.0,0.0,0.9772222222222222,0.8,0.03
dcsbm,0.1,8,n2v2r degree-adjusted z (elbow),4,0.013844517647631553,0.107,100.0,0.0,1.0,1.0,1.0
dcsbm,0.1,9,DeDi,4,0.15835587524737307,,,,0.5096888888888889,0.15,
dcsbm,0.1,9,n2v2r (default),4,0.30191800619916886,,,,0.9627666666666667,0.71,
dcsbm,0.1,9,n2v2r euclidean only,4,0.6679690999433743,,,,0.8314833333333334,0.35,
dcsbm,0.1,9,n2v2r cosine only,4,-0.15379346324180332,,,,0.9810444444444445,0.79,
dcsbm,0.1,9,n2v2r ULSE,4,0.3007128273820575,,,,0.9460444444444445,0.61,
dcsbm,0.1,9,n2v2r elbow dimension,4,-0.008121014187235038,,,,1.0,1.0,
dcsbm,0.1,9,n2v2r degree-adjusted z,4,-0.007661201615708004,0.089,4.0,0.0,0.9864555555555555,0.83,0.04
dcsbm,0.1,9,n2v2r degree-adjusted z (elbow),4,0.011928166791843116,0.102,100.0,0.0,1.0,1.0,1.0
dcsbm,0.1,10,DeDi,4,0.11888376366768424,,,,0.4689388888888889,0.13,
dcsbm,0.1,10,n2v2r (default),4,0.24762824784013016,,,,0.9650333333333333,0.72,
dcsbm,0.1,10,n2v2r euclidean only,4,0.6749058943612694,,,,0.8420222222222222,0.38,
dcsbm,0.1,10,n2v2r cosine only,4,-0.2814180376438769,,,,0.9745944444444444,0.75,
dcsbm,0.1,10,n2v2r ULSE,4,0.3296848456390677,,,,0.9547722222222222,0.67,
dcsbm,0.1,10,n2v2r elbow dimension,4,0.029696537287800844,,,,1.0,1.0,
dcsbm,0.1,10,n2v2r degree-adjusted z,4,-0.0017608525532058074,0.077,0.0,0.0,0.9843555555555555,0.82,0.0
dcsbm,0.1,10,n2v2r degree-adjusted z (elbow),4,0.004697244911395319,0.105,100.0,0.0,1.0,1.0,1.0
dcsbm,0.1,11,DeDi,4,0.17017420058136015,,,,0.47785555555555553,0.06,
dcsbm,0.1,11,n2v2r (default),4,0.28566941687670333,,,,0.9587166666666667,0.76,
dcsbm,0.1,11,n2v2r euclidean only,4,0.6628630552515403,,,,0.8416555555555556,0.38,
dcsbm,0.1,11,n2v2r cosine only,4,-0.18766167340560758,,,,0.9787611111111111,0.79,
dcsbm,0.1,11,n2v2r ULSE,4,0.32672241164637933,,,,0.9323222222222223,0.67,
dcsbm,0.1,11,n2v2r elbow dimension,4,0.010877378023979142,,,,1.0,1.0,
dcsbm,0.1,11,n2v2r degree-adjusted z,4,0.0005752322885636649,0.079,5.0,0.0,0.9840555555555556,0.84,0.05
dcsbm,0.1,11,n2v2r degree-adjusted z (elbow),4,0.011692951614695869,0.103,100.0,0.0,1.0,1.0,1.0
dcsbm,0.1,12,DeDi,4,0.12472551501417802,,,,0.5315777777777778,0.1,
dcsbm,0.1,12,n2v2r (default),4,0.26797666174096324,,,,0.9743722222222222,0.74,
dcsbm,0.1,12,n2v2r euclidean only,4,0.670108904722319,,,,0.84285,0.36,
dcsbm,0.1,12,n2v2r cosine only,4,-0.23521296748200235,,,,0.9895,0.81,
dcsbm,0.1,12,n2v2r ULSE,4,0.2703976026223816,,,,0.9622333333333334,0.68,
dcsbm,0.1,12,n2v2r elbow dimension,4,-0.007687678833392771,,,,1.0,1.0,
dcsbm,0.1,12,n2v2r degree-adjusted z,4,-0.0005231869746139921,0.075,0.0,0.0,0.9917111111111111,0.88,0.0
dcsbm,0.1,12,n2v2r degree-adjusted z (elbow),4,0.009854842788041728,0.107,100.0,0.0,1.0,1.0,1.0
dcsbm,0.1,13,DeDi,4,0.16756618395547854,,,,0.5329555555555555,0.11,
dcsbm,0.1,13,n2v2r (default),4,0.2630744501046673,,,,0.9766944444444444,0.81,
dcsbm,0.1,13,n2v2r euclidean only,4,0.6714162098278517,,,,0.8420277777777778,0.36,
dcsbm,0.1,13,n2v2r cosine only,4,-0.24144555167888065,,,,0.9929222222222223,0.88,
dcsbm,0.1,13,n2v2r ULSE,4,0.2994759247662978,,,,0.9554166666666667,0.69,
dcsbm,0.1,13,n2v2r elbow dimension,4,-0.0008866808425716408,,,,1.0,1.0,
dcsbm,0.1,13,n2v2r degree-adjusted z,4,-5.8893784691350736e-05,0.086,0.0,0.0,0.9909111111111111,0.86,0.0
dcsbm,0.1,13,n2v2r degree-adjusted z (elbow),4,0.008853352943029967,0.109,100.0,0.0,1.0,1.0,1.0
dcsbm,0.1,14,DeDi,4,0.15616483420955543,,,,0.5014777777777778,0.17,
dcsbm,0.1,14,n2v2r (default),4,0.322275531862276,,,,0.9656722222222223,0.73,
dcsbm,0.1,14,n2v2r euclidean only,4,0.6939655962783866,,,,0.8484333333333334,0.37,
dcsbm,0.1,14,n2v2r cosine only,4,-0.14709260822533995,,,,0.9719,0.75,
dcsbm,0.1,14,n2v2r ULSE,4,0.3276047098774749,,,,0.9511,0.67,
dcsbm,0.1,14,n2v2r elbow dimension,4,0.0591262092172772,,,,1.0,1.0,
dcsbm,0.1,14,n2v2r degree-adjusted z,4,0.0007859418866532621,0.079,0.0,0.0,0.9833,0.82,0.0
dcsbm,0.1,14,n2v2r degree-adjusted z (elbow),4,0.01237875272801858,0.111,100.0,0.0,1.0,1.0,1.0
dcsbm,0.1,15,DeDi,4,0.14460469363723408,,,,0.5521055555555555,0.1,
dcsbm,0.1,15,n2v2r (default),4,0.18633314045598268,,,,0.95955,0.77,
dcsbm,0.1,15,n2v2r euclidean only,4,0.6185574023751633,,,,0.8321888888888889,0.33,
dcsbm,0.1,15,n2v2r cosine only,4,-0.3174306821133599,,,,0.9742944444444445,0.73,
dcsbm,0.1,15,n2v2r ULSE,4,0.2853358316381141,,,,0.9515277777777778,0.71,
dcsbm,0.1,15,n2v2r elbow dimension,4,-0.030039546706625973,,,,1.0,1.0,
dcsbm,0.1,15,n2v2r degree-adjusted z,4,-0.0009380241517387593,0.078,1.0,0.0,0.9745888888888888,0.83,0.01
dcsbm,0.1,15,n2v2r degree-adjusted z (elbow),4,0.008351286759124974,0.104,98.0,0.0,1.0,1.0,0.98
dcsbm,0.1,16,DeDi,4,0.17934856939065363,,,,0.4929777777777778,0.1,
dcsbm,0.1,16,n2v2r (default),4,0.2637731816818783,,,,0.9536611111111111,0.68,
dcsbm,0.1,16,n2v2r euclidean only,4,0.6962863996281787,,,,0.8069611111111111,0.34,
dcsbm,0.1,16,n2v2r cosine only,4,-0.25072285791643745,,,,0.9692555555555555,0.77,
dcsbm,0.1,16,n2v2r ULSE,4,0.3046568467129819,,,,0.9463,0.64,
dcsbm,0.1,16,n2v2r elbow dimension,4,-0.016269335313896988,,,,1.0,1.0,
dcsbm,0.1,16,n2v2r degree-adjusted z,4,-2.4685606515896383e-05,0.072,5.0,0.0,0.9794222222222222,0.78,0.05
dcsbm,0.1,16,n2v2r degree-adjusted z (elbow),4,0.01479933312658587,0.105,100.0,0.0,1.0,1.0,1.0
dcsbm,0.1,17,DeDi,4,0.1185680147171224,,,,0.48057222222222223,0.07,
dcsbm,0.1,17,n2v2r (default),4,0.27593256273875766,,,,0.9727666666666667,0.77,
dcsbm,0.1,17,n2v2r euclidean only,4,0.6613335015357502,,,,0.8474222222222222,0.35,
dcsbm,0.1,17,n2v2r cosine only,4,-0.21637190341082183,,,,0.9890388888888889,0.87,
dcsbm,0.1,17,n2v2r ULSE,4,0.3046644507513187,,,,0.9567611111111111,0.69,
dcsbm,0.1,17,n2v2r elbow dimension,4,-0.009790457950140245,,,,1.0,1.0,
dcsbm,0.1,17,n2v2r degree-adjusted z,4,0.005279581355830663,0.099,0.0,0.0,0.9878666666666667,0.83,0.0
dcsbm,0.1,17,n2v2r degree-adjusted z (elbow),4,0.010845093632031611,0.108,100.0,0.0,1.0,1.0,1.0
dcsbm,0.1,18,DeDi,4,0.19385751943922983,,,,0.5029277777777778,0.1,
dcsbm,0.1,18,n2v2r (default),4,0.16081031375563007,,,,0.9772166666666666,0.76,
dcsbm,0.1,18,n2v2r euclidean only,4,0.5916691911278107,,,,0.8742111111111112,0.43,
dcsbm,0.1,18,n2v2r cosine only,4,-0.3076315007919728,,,,0.9861166666666666,0.81,
dcsbm,0.1,18,n2v2r ULSE,4,0.27530197577423554,,,,0.9642944444444445,0.7,
dcsbm,0.1,18,n2v2r elbow dimension,4,-0.023868973022828182,,,,1.0,1.0,
dcsbm,0.1,18,n2v2r degree-adjusted z,4,-0.005402269335622712,0.082,1.0,0.0,0.9920111111111111,0.88,0.01
dcsbm,0.1,18,n2v2r degree-adjusted z (elbow),4,0.007688258391731493,0.105,100.0,0.0,1.0,1.0,1.0
dcsbm,0.1,19,DeDi,4,0.1418574029772674,,,,0.5506111111111112,0.16,
dcsbm,0.1,19,n2v2r (default),4,0.24022933211241,,,,0.9786888888888889,0.8,
dcsbm,0.1,19,n2v2r euclidean only,4,0.6362156797220431,,,,0.8509,0.35,
dcsbm,0.1,19,n2v2r cosine only,4,-0.2526721042211692,,,,0.9885722222222222,0.81,
dcsbm,0.1,19,n2v2r ULSE,4,0.24588797543332855,,,,0.9595222222222223,0.7,
dcsbm,0.1,19,n2v2r elbow dimension,4,-0.002013805394468125,,,,1.0,1.0,
dcsbm,0.1,19,n2v2r degree-adjusted z,4,0.0051759796708892355,0.09,4.0,0.0,0.9923777777777778,0.88,0.04
dcsbm,0.1,19,n2v2r degree-adjusted z (elbow),4,0.0047812679206591015,0.107,101.0,0.009900990099009901,1.0,1.0,1.0
dcsbm,0.3,0,DeDi,4,0.21741359303317406,,,,0.5056166666666667,0.3233333333333333,
dcsbm,0.3,0,n2v2r (default),4,0.44871144431434096,,,,0.7691523809523809,0.5666666666666667,
dcsbm,0.3,0,n2v2r euclidean only,4,0.815599444280282,,,,0.6621714285714285,0.41,
dcsbm,0.3,0,n2v2r cosine only,4,-0.10630397702119948,,,,0.7792404761904762,0.54,
dcsbm,0.3,0,n2v2r ULSE,4,0.451515352584256,,,,0.764145238095238,0.5933333333333334,
dcsbm,0.3,0,n2v2r elbow dimension,4,0.23471092908101476,,,,0.9963642857142857,0.9666666666666667,
dcsbm,0.3,0,n2v2r degree-adjusted z,4,0.002114154444605247,0.041,0.0,0.0,0.7805714285714286,0.5533333333333333,0.0
dcsbm,0.3,0,n2v2r degree-adjusted z (elbow),4,-0.01248406180389984,0.172,0.0,0.0,0.9983809523809524,0.98,0.0
dcsbm,0.3,1,DeDi,4,0.161243763055143,,,,0.5043595238095238,0.3,
dcsbm,0.3,1,n2v2r (default),4,0.42412077703941975,,,,0.8473690476190476,0.6366666666666667,
dcsbm,0.3,1,n2v2r euclidean only,4,0.8207863552152814,,,,0.6843904761904762,0.43,
dcsbm,0.3,1,n2v2r cosine only,4,-0.15803095683693044,,,,0.8768190476190476,0.6633333333333333,
dcsbm,0.3,1,n2v2r ULSE,4,0.4303212085571722,,,,0.8247880952380953,0.6166666666666667,
dcsbm,0.3,1,n2v2r elbow dimension,4,0.1967630809892723,,,,0.9987833333333334,0.9766666666666667,
dcsbm,0.3,1,n2v2r degree-adjusted z,4,0.01626528288797897,0.02,0.0,0.0,0.8702809523809524,0.67,0.0
dcsbm,0.3,1,n2v2r degree-adjusted z (elbow),4,0.016591258425888978,0.2,0.0,0.0,0.9999428571428571,0.9933333333333333,0.0
dcsbm,0.3,2,DeDi,4,0.14728677966693005,,,,0.4845285714285714,0.3,
dcsbm,0.3,2,n2v2r (default),4,0.40891157446978144,,,,0.8483095238095238,0.6766666666666666,
dcsbm,0.3,2,n2v2r euclidean only,4,0.8056359084432486,,,,0.6908452380952381,0.43333333333333335,
dcsbm,0.3,2,n2v2r cosine only,4,-0.15544549707565836,,,,0.8704333333333333,0.6566666666666666,
dcsbm,0.3,2,n2v2r ULSE,4,0.42763128069297823,,,,0.8160285714285714,0.6366666666666667,
dcsbm,0.3,2,n2v2r elbow dimension,4,0.1974604888602905,,,,0.9990952380952381,0.9766666666666667,
dcsbm,0.3,2,n2v2r degree-adjusted z,4,0.006382598803207147,0.015,0.0,0.0,0.8609476190476191,0.65,0.0
dcsbm,0.3,2,n2v2r degree-adjusted z (elbow),4,0.004328056292227064,0.161,0.0,0.0,0.9999,0.9933333333333333,0.0
dcsbm,0.3,3,DeDi,4,0.12015799909667799,,,,0.527602380952381,0.31,
dcsbm,0.3,3,n2v2r (default),4,0.3998756974742931,,,,0.7531238095238095,0.59,
dcsbm,0.3,3,n2v2r euclidean only,4,0.8168432977085731,,,,0.6447571428571428,0.42333333333333334,
dcsbm,0.3,3,n2v2r cosine only,4,-0.21221217296854336,,,,0.7544904761904762,0.5266666666666666,
dcsbm,0.3,3,n2v2r ULSE,4,0.42169716025939713,,,,0.791947619047619,0.5933333333333334,
dcsbm,0.3,3,n2v2r elbow dimension,4,0.23676346156587835,,,,0.9953404761904762,0.95,
dcsbm,0.3,3,n2v2r degree-adjusted z,4,0.014854244618287545,0.023,0.0,0.0,0.7669285714285714,0.5566666666666666,0.0
dcsbm,0.3,3,n2v2r degree-adjusted z (elbow),4,-0.014515185002325357,0.022,0.0,0.0,0.9997714285714285,0.9833333333333333,0.0
dcsbm,0.3,4,DeDi,4,0.16597859499741646,,,,0.49946904761904765,0.31333333333333335,
dcsbm,0.3,4,n2v2r (default),4,0.388523639243805,,,,0.8194071428571429,0.63,
dcsbm,0.3,4,n2v2r euclidean only,4,0.7882687801195309,,,,0.6674309523809524,0.4066666666666667,
dcsbm,0.3,4,n2v2r cosine only,4,-0.1577371927777964,,,,0.8516595238095238,0.67,
dcsbm,0.3,4,n2v2r ULSE,4,0.4062498840784576,,,,0.8078333333333333,0.6166666666666667,
dcsbm,0.3,4,n2v2r elbow dimension,4,0.11860636030235586,,,,0.999502380952381,0.9833333333333333,
dcsbm,0.3,4,n2v2r degree-adjusted z,4,0.021410583154879304,0.033,0.0,0.0,0.8422333333333333,0.6666666666666666,0.0
dcsbm,0.3,4,n2v2r degree-adjusted z (elbow),4,0.03335764825672119,0.146,0.0,0.0,0.9999571428571429,0.9966666666666667,0.0
dcsbm,0.3,5,DeDi,4,0.15739791896220326,,,,0.49070714285714284,0.2866666666666667,
dcsbm,0.3,5,n2v2r (default),4,0.33471004714026215,,,,0.7610142857142858,0.56,
dcsbm,0.3,5,n2v2r euclidean only,4,0.7798323105506735,,,,0.6252880952380953,0.4,
dcsbm,0.3,5,n2v2r cosine only,4,-0.26760016556366706,,,,0.8016809523809524,0.5733333333333334,
dcsbm,0.3,5,n2v2r ULSE,4,0.37849582592758163,,,,0.78155,0.5666666666666667,
dcsbm,0.3,5,n2v2r elbow dimension,4,0.09610814238309731,,,,0.9997547619047619,0.99,
dcsbm,0.3,5,n2v2r degree-adjusted z,4,0.02059980091551994,0.023,0.0,0.0,0.7930190476190476,0.59,0.0
dcsbm,0.3,5,n2v2r degree-adjusted z (elbow),4,0.05913927249614795,0.188,0.0,0.0,0.9999904761904762,0.9966666666666667,0.0
dcsbm,0.3,6,DeDi,4,0.16376705277231665,,,,0.5106880952380952,0.31333333333333335,
dcsbm,0.3,6,n2v2r (default),4,0.38342243275793425,,,,0.8057642857142857,0.6233333333333333,
dcsbm,0.3,6,n2v2r euclidean only,4,0.7804077179068276,,,,0.6808047619047619,0.45666666666666667,
dcsbm,0.3,6,n2v2r cosine only,4,-0.17214138248819924,,,,0.8147928571428571,0.6133333333333333,
dcsbm,0.3,6,n2v2r ULSE,4,0.4110087607314206,,,,0.805697619047619,0.6,
dcsbm,0.3,6,n2v2r elbow dimension,4,0.16675868341977637,,,,0.9980166666666667,0.97,
dcsbm,0.3,6,n2v2r degree-adjusted z,4,0.012043618009749318,0.026,0.0,0.0,0.8117380952380953,0.6233333333333333,0.0
dcsbm,0.3,6,n2v2r degree-adjusted z (elbow),4,-0.02159866173880928,0.02,0.0,0.0,0.9996809523809523,0.99,0.0
dcsbm,0.3,7,DeDi,4,0.11852933223271216,,,,0.5053380952380953,0.31333333333333335,
dcsbm,0.3,7,n2v2r (default),4,0.3762529095434188,,,,0.8157904761904762,0.6333333333333333,
dcsbm,0.3,7,n2v2r euclidean only,4,0.7917881899553358,,,,0.6639404761904761,0.43333333333333335,
dcsbm,0.3,7,n2v2r cosine only,4,-0.19214007143886636,,,,0.8526666666666667,0.6433333333333333,
dcsbm,0.3,7,n2v2r ULSE,4,0.3971844788575374,,,,0.8214166666666667,0.6266666666666667,
dcsbm,0.3,7,n2v2r elbow dimension,4,0.1379843107393133,,,,0.9997571428571429,0.9866666666666667,
dcsbm,0.3,7,n2v2r degree-adjusted z,4,0.01624416544281006,0.024,0.0,0.0,0.840795238095238,0.63,0.0
dcsbm,0.3,7,n2v2r degree-adjusted z (elbow),4,0.037460824333266904,0.226,0.0,0.0,1.0,1.0,0.0
dcsbm,0.3,8,DeDi,4,0.14787835214996586,,,,0.4734404761904762,0.27,
dcsbm,0.3,8,n2v2r (default),4,0.4397831481969087,,,,0.7965214285714286,0.61,
dcsbm,0.3,8,n2v2r euclidean only,4,0.8350442800169631,,,,0.6663690476190476,0.42,
dcsbm,0.3,8,n2v2r cosine only,4,-0.13824362517331085,,,,0.8100285714285714,0.5966666666666667,
dcsbm,0.3,8,n2v2r ULSE,4,0.43297973560919306,,,,0.8262261904761905,0.6433333333333333,
dcsbm,0.3,8,n2v2r elbow dimension,4,0.2211590907873256,,,,0.9993142857142857,0.9833333333333333,
dcsbm,0.3,8,n2v2r degree-adjusted z,4,0.017564087558651038,0.023,0.0,0.0,0.8134428571428571,0.62,0.0
dcsbm,0.3,8,n2v2r degree-adjusted z (elbow),4,-0.006677674621391767,0.223,0.0,0.0,0.9999571428571429,0.9933333333333333,0.0
dcsbm,0.3,9,DeDi,4,0.08909770211318117,,,,0.5238142857142857,0.32666666666666666,
dcsbm,0.3,9,n2v2r (default),4,0.42151603617560873,,,,0.781245238095238,0.6,
dcsbm,0.3,9,n2v2r euclidean only,4,0.819301390930557,,,,0.6468119047619048,0.4033333333333333,
dcsbm,0.3,9,n2v2r cosine only,4,-0.1411454319247872,,,,0.8130166666666667,0.5966666666666667,
dcsbm,0.3,9,n2v2r ULSE,4,0.4349123377990893,,,,0.8127738095238095,0.61,
dcsbm,0.3,9,n2v2r elbow dimension,4,0.1795470906852629,,,,0.9984619047619048,0.97,
dcsbm,0.3,9,n2v2r degree-adjusted z,4,0.013675027569945038,0.031,0.0,0.0,0.8024095238095238,0.5866666666666667,0.0
dcsbm,0.3,9,n2v2r degree-adjusted z (elbow),4,0.0174795190701929,0.135,0.0,0.0,0.9999761904761905,0.9966666666666667,0.0
dcsbm,0.3,10,DeDi,4,0.15276753278603575,,,,0.5188785714285714,0.31666666666666665,
dcsbm,0.3,10,n2v2r (default),4,0.4286234972687371,,,,0.8491833333333333,0.6533333333333333,
dcsbm,0.3,10,n2v2r euclidean only,4,0.7828110501980179,,,,0.6967047619047619,0.45,
dcsbm,0.3,10,n2v2r cosine only,4,-0.0892439120802555,,,,0.8829738095238095,0.71,
dcsbm,0.3,10,n2v2r ULSE,4,0.4248150349526671,,,,0.8177595238095238,0.6233333333333333,
dcsbm,0.3,10,n2v2r elbow dimension,4,0.1633986176470998,,,,0.9988142857142858,0.9733333333333334,
dcsbm,0.3,10,n2v2r degree-adjusted z,4,0.018592445449434395,0.023,0.0,0.0,0.8698428571428571,0.6833333333333333,0.0
dcsbm,0.3,10,n2v2r degree-adjusted z (elbow),4,-0.000733681537857532,0.08,0.0,0.0,0.9999476190476191,0.9933333333333333,0.0
dcsbm,0.3,11,DeDi,4,0.18549373415763995,,,,0.5511785714285714,0.36,
dcsbm,0.3,11,n2v2r (default),4,0.38523733186712383,,,,0.7821571428571429,0.6,
dcsbm,0.3,11,n2v2r euclidean only,4,0.8088325324150203,,,,0.6419714285714285,0.4033333333333333,
dcsbm,0.3,11,n2v2r cosine only,4,-0.20117911794356869,,,,0.8118285714285715,0.5833333333333334,
dcsbm,0.3,11,n2v2r ULSE,4,0.388192857387386,,,,0.8026714285714286,0.59,
dcsbm,0.3,11,n2v2r elbow dimension,4,0.1603195714010675,,,,0.9974,0.9633333333333334,
dcsbm,0.3,11,n2v2r degree-adjusted z,4,0.009828614961780264,0.023,0.0,0.0,0.8053809523809524,0.5933333333333334,0.0
dcsbm,0.3,11,n2v2r degree-adjusted z (elbow),4,0.025233694068379654,0.146,0.0,0.0,0.9999095238095238,0.9933333333333333,0.0
dcsbm,0.3,12,DeDi,4,0.191762141466598,,,,0.5290142857142857,0.33,
dcsbm,0.3,12,n2v2r (default),4,0.42831396944717,,,,0.8345285714285714,0.6433333333333333,
dcsbm,0.3,12,n2v2r euclidean only,4,0.79873979177845,,,,0.6876119047619048,0.4533333333333333,
dcsbm,0.3,12,n2v2r cosine only,4,-0.10042483388997542,,,,0.8664809523809524,0.6633333333333333,
dcsbm,0.3,12,n2v2r ULSE,4,0.42740814206265093,,,,0.800997619047619,0.5866666666666667,
dcsbm,0.3,12,n2v2r elbow dimension,4,0.18409321196364165,,,,0.998747619047619,0.9733333333333334,
dcsbm,0.3,12,n2v2r degree-adjusted z,4,0.011221102356261475,0.036,0.0,0.0,0.8603666666666666,0.6633333333333333,0.0
dcsbm,0.3,12,n2v2r degree-adjusted z (elbow),4,0.010365490496419955,0.079,0.0,0.0,0.9999333333333333,0.9933333333333333,0.0
dcsbm,0.3,13,DeDi,4,0.18134781316801346,,,,0.5105285714285714,0.30666666666666664,
dcsbm,0.3,13,n2v2r (default),4,0.3650910933277528,,,,0.8273857142857143,0.64,
dcsbm,0.3,13,n2v2r euclidean only,4,0.8004061666167804,,,,0.663747619047619,0.44666666666666666,
dcsbm,0.3,13,n2v2r cosine only,4,-0.2471606600335091,,,,0.8571714285714286,0.66,
dcsbm,0.3,13,n2v2r ULSE,4,0.38216360057750887,,,,0.8344976190476191,0.6433333333333333,
dcsbm,0.3,13,n2v2r elbow dimension,4,0.12948087058761434,,,,0.999497619047619,0.9866666666666667,
dcsbm,0.3,13,n2v2r degree-adjusted z,4,0.014014587011949676,0.037,0.0,0.0,0.8514142857142857,0.6533333333333333,0.0
dcsbm,0.3,13,n2v2r degree-adjusted z (elbow),4,0.05307767016332866,0.234,0.0,0.0,0.9999761904761905,0.9966666666666667,0.0
dcsbm,0.3,14,DeDi,4,0.18218901882689792,,,,0.5473023809523809,0.32666666666666666,
dcsbm,0.3,14,n2v2r (default),4,0.3839386343609609,,,,0.7153238095238095,0.5466666666666666,
dcsbm,0.3,14,n2v2r euclidean only,4,0.8223591581694031,,,,0.6104214285714286,0.4,
dcsbm,0.3,14,n2v2r cosine only,4,-0.25014819746936995,,,,0.7254928571428572,0.52,
dcsbm,0.3,14,n2v2r ULSE,4,0.40166521483303347,,,,0.7523214285714286,0.5633333333333334,
dcsbm,0.3,14,n2v2r elbow dimension,4,0.17466391546652388,,,,0.9982833333333333,0.9666666666666667,
dcsbm,0.3,14,n2v2r degree-adjusted z,4,0.014835184602769414,0.028,0.0,0.0,0.7304809523809523,0.5333333333333333,0.0
dcsbm,0.3,14,n2v2r degree-adjusted z (elbow),4,-0.004753478781958174,0.076,0.0,0.0,0.999647619047619,0.9866666666666667,0.0
dcsbm,0.3,15,DeDi,4,0.1994086172182752,,,,0.5060571428571429,0.31,
dcsbm,0.3,15,n2v2r (default),4,0.4171413833436279,,,,0.8454809523809523,0.6766666666666666,
dcsbm,0.3,15,n2v2r euclidean only,4,0.8270957318843788,,,,0.6753666666666667,0.43333333333333335,
dcsbm,0.3,15,n2v2r cosine only,4,-0.16790081065612117,,,,0.8736404761904762,0.6966666666666667,
dcsbm,0.3,15,n2v2r ULSE,4,0.392392693342299,,,,0.8316071428571429,0.6333333333333333,
dcsbm,0.3,15,n2v2r elbow dimension,4,0.1747807652349666,,,,0.9987880952380952,0.98,
dcsbm,0.3,15,n2v2r degree-adjusted z,4,0.010321819894569989,0.031,0.0,0.0,0.8687666666666667,0.69,0.0
dcsbm,0.3,15,n2v2r degree-adjusted z (elbow),4,0.024213220466307243,0.251,0.0,0.0,0.9999904761904762,0.9966666666666667,0.0
dcsbm,0.3,16,DeDi,4,0.16148266816024115,,,,0.5342285714285714,0.33666666666666667,
dcsbm,0.3,16,n2v2r (default),4,0.3865593825311971,,,,0.84615,0.65,
dcsbm,0.3,16,n2v2r euclidean only,4,0.7897747838803075,,,,0.6776809523809524,0.44,
dcsbm,0.3,16,n2v2r cosine only,4,-0.16104921165975622,,,,0.8898547619047619,0.7033333333333334,
dcsbm,0.3,16,n2v2r ULSE,4,0.39705746956579774,,,,0.8083166666666667,0.6033333333333334,
dcsbm,0.3,16,n2v2r elbow dimension,4,0.1395821133615869,,,,0.9990190476190476,0.9833333333333333,
dcsbm,0.3,16,n2v2r degree-adjusted z,4,0.021764276046285627,0.028,0.0,0.0,0.8749904761904762,0.69,0.0
dcsbm,0.3,16,n2v2r degree-adjusted z (elbow),4,0.051165590841295634,0.204,0.0,0.0,0.9999142857142858,0.9933333333333333,0.0
dcsbm,0.3,17,DeDi,4,0.20461223568911352,,,,0.490902380952381,0.27666666666666667,
dcsbm,0.3,17,n2v2r (default),4,0.4471881292376263,,,,0.8098571428571428,0.6033333333333334,
dcsbm,0.3,17,n2v2r euclidean only,4,0.8222143561034798,,,,0.6827190476190477,0.44333333333333336,
dcsbm,0.3,17,n2v2r cosine only,4,-0.09303525954217595,,,,0.8315095238095238,0.64,
dcsbm,0.3,17,n2v2r ULSE,4,0.4420736261554692,,,,0.8211761904761905,0.6266666666666667,
dcsbm,0.3,17,n2v2r elbow dimension,4,0.20722902150489125,,,,0.9989785714285714,0.98,
dcsbm,0.3,17,n2v2r degree-adjusted z,4,0.016140742269835685,0.031,0.0,0.0,0.8293333333333334,0.65,0.0
dcsbm,0.3,17,n2v2r degree-adjusted z (elbow),4,0.0003338130592402319,0.249,0.0,0.0,0.9999619047619047,0.9933333333333333,0.0
dcsbm,0.3,18,DeDi,4,0.15128272668753867,,,,0.5120619047619047,0.30333333333333334,
dcsbm,0.3,18,n2v2r (default),4,0.39423504778936613,,,,0.8321880952380952,0.6433333333333333,
dcsbm,0.3,18,n2v2r euclidean only,4,0.8013393175587092,,,,0.6624333333333333,0.44666666666666666,
dcsbm,0.3,18,n2v2r cosine only,4,-0.17929895883002342,,,,0.8776880952380952,0.6966666666666667,
dcsbm,0.3,18,n2v2r ULSE,4,0.4045727628638278,,,,0.8211333333333334,0.6166666666666667,
dcsbm,0.3,18,n2v2r elbow dimension,4,0.16941688191051324,,,,0.9998261904761905,0.99,
dcsbm,0.3,18,n2v2r degree-adjusted z,4,0.013800487894059004,0.037,0.0,0.0,0.8653380952380952,0.6733333333333333,0.0
dcsbm,0.3,18,n2v2r degree-adjusted z (elbow),4,0.06242505276310662,0.246,0.0,0.0,0.9999761904761905,0.9966666666666667,0.0
dcsbm,0.3,19,DeDi,4,0.16416090781419992,,,,0.5241714285714286,0.33,
dcsbm,0.3,19,n2v2r (default),4,0.40865577387576896,,,,0.7663142857142857,0.5666666666666667,
dcsbm,0.3,19,n2v2r euclidean only,4,0.8055862163517286,,,,0.6492285714285714,0.3933333333333333,
dcsbm,0.3,19,n2v2r cosine only,4,-0.1806354980491009,,,,0.7802690476190476,0.5766666666666667,
dcsbm,0.3,19,n2v2r ULSE,4,0.400244430022245,,,,0.7889,0.59,
dcsbm,0.3,19,n2v2r elbow dimension,4,0.20105821745139707,,,,0.9985738095238095,0.9666666666666667,
dcsbm,0.3,19,n2v2r degree-adjusted z,4,0.01339475583318206,0.042,0.0,0.0,0.7894619047619048,0.59,0.0
dcsbm,0.3,19,n2v2r degree-adjusted z (elbow),4,0.004554229104163119,0.159,0.0,0.0,0.9999190476190476,0.9933333333333333,0.0
sbm,0.0,0,DeDi,4,0.002655377424387121,,,,,,
sbm,0.0,0,n2v2r (default),4,0.1416363405741619,,,,,,
sbm,0.0,0,n2v2r euclidean only,4,0.3143078795508042,,,,,,
sbm,0.0,0,n2v2r cosine only,4,-0.03725670836339377,,,,,,
sbm,0.0,0,n2v2r ULSE,4,0.05487681773729837,,,,,,
sbm,0.0,0,n2v2r elbow dimension,4,0.014538514719114406,,,,,,
sbm,0.0,0,n2v2r degree-adjusted z,4,0.0012863127212843436,0.036,0.0,0.0,,,
sbm,0.0,0,n2v2r degree-adjusted z (elbow),4,-0.0005017376511176256,0.024,0.0,0.0,,,
sbm,0.0,1,DeDi,4,0.018415444089164026,,,,,,
sbm,0.0,1,n2v2r (default),4,0.16500967837514396,,,,,,
sbm,0.0,1,n2v2r euclidean only,4,0.337837428582107,,,,,,
sbm,0.0,1,n2v2r cosine only,4,-0.019406399091765305,,,,,,
sbm,0.0,1,n2v2r ULSE,4,0.0742532602740721,,,,,,
sbm,0.0,1,n2v2r elbow dimension,4,0.04516167230250522,,,,,,
sbm,0.0,1,n2v2r degree-adjusted z,4,-0.0016689973589717212,0.045,0.0,0.0,,,
sbm,0.0,1,n2v2r degree-adjusted z (elbow),4,0.008957765209352786,0.019,0.0,0.0,,,
sbm,0.0,2,DeDi,4,0.057066853295589526,,,,,,
sbm,0.0,2,n2v2r (default),4,0.33508430284968094,,,,,,
sbm,0.0,2,n2v2r euclidean only,4,0.49164438127723653,,,,,,
sbm,0.0,2,n2v2r cosine only,4,0.1512001935690184,,,,,,
sbm,0.0,2,n2v2r ULSE,4,0.14021703739064922,,,,,,
sbm,0.0,2,n2v2r elbow dimension,4,0.05092096808082722,,,,,,
sbm,0.0,2,n2v2r degree-adjusted z,4,0.0030796386286351344,0.023,0.0,0.0,,,
sbm,0.0,2,n2v2r degree-adjusted z (elbow),4,-0.007848544644611478,0.043,0.0,0.0,,,
sbm,0.0,3,DeDi,4,0.0726986452496321,,,,,,
sbm,0.0,3,n2v2r (default),4,0.24137952554919734,,,,,,
sbm,0.0,3,n2v2r euclidean only,4,0.3990463709228753,,,,,,
sbm,0.0,3,n2v2r cosine only,4,0.06505837554705081,,,,,,
sbm,0.0,3,n2v2r ULSE,4,0.10046849379820089,,,,,,
sbm,0.0,3,n2v2r elbow dimension,4,0.055642370888182136,,,,,,
sbm,0.0,3,n2v2r degree-adjusted z,4,-0.0022349408514847255,0.044,0.0,0.0,,,
sbm,0.0,3,n2v2r degree-adjusted z (elbow),4,-0.004514128211684339,0.028,0.0,0.0,,,
sbm,0.0,4,DeDi,4,-0.023205594992717973,,,,,,
sbm,0.0,4,n2v2r (default),4,0.2563143390537234,,,,,,
sbm,0.0,4,n2v2r euclidean only,4,0.41357895600535916,,,,,,
sbm,0.0,4,n2v2r cosine only,4,0.07866784487301687,,,,,,
sbm,0.0,4,n2v2r ULSE,4,0.11842654944145009,,,,,,
sbm,0.0,4,n2v2r elbow dimension,4,0.010698146237621994,,,,,,
sbm,0.0,4,n2v2r degree-adjusted z,4,0.003275434022787719,0.036,0.0,0.0,,,
sbm,0.0,4,n2v2r degree-adjusted z (elbow),4,0.001271111965912496,0.031,0.0,0.0,,,
sbm,0.0,5,DeDi,4,0.0767488149443886,,,,,,
sbm,0.0,5,n2v2r (default),4,0.2586513102975245,,,,,,
sbm,0.0,5,n2v2r euclidean only,4,0.4083162230464969,,,,,,
sbm,0.0,5,n2v2r cosine only,4,0.08850142409742488,,,,,,
sbm,0.0,5,n2v2r ULSE,4,0.13308255422516513,,,,,,
sbm,0.0,5,n2v2r elbow dimension,4,0.019923456069378297,,,,,,
sbm,0.0,5,n2v2r degree-adjusted z,4,0.0031151649598839524,0.029,0.0,0.0,,,
sbm,0.0,5,n2v2r degree-adjusted z (elbow),4,-0.00291929442971371,0.021,0.0,0.0,,,
sbm,0.0,6,DeDi,4,0.07374490873740298,,,,,,
sbm,0.0,6,n2v2r (default),4,0.51457673974063,,,,,,
sbm,0.0,6,n2v2r euclidean only,4,0.6470897136645711,,,,,,
sbm,0.0,6,n2v2r cosine only,4,0.3466033349647043,,,,,,
sbm,0.0,6,n2v2r ULSE,4,0.258267755616578,,,,,,
sbm,0.0,6,n2v2r elbow dimension,4,0.038006259968104576,,,,,,
sbm,0.0,6,n2v2r degree-adjusted z,4,-0.00046917870296233184,0.039,0.0,0.0,,,
sbm,0.0,6,n2v2r degree-adjusted z (elbow),4,0.00419665286630908,0.038,0.0,0.0,,,
sbm,0.0,7,DeDi,4,-0.03380900956193999,,,,,,
sbm,0.0,7,n2v2r (default),4,0.20540544430418398,,,,,,
sbm,0.0,7,n2v2r euclidean only,4,0.37190914390874896,,,,,,
sbm,0.0,7,n2v2r cosine only,4,0.025182719453779014,,,,,,
sbm,0.0,7,n2v2r ULSE,4,0.09655963466018179,,,,,,
sbm,0.0,7,n2v2r elbow dimension,4,0.010368748795843805,,,,,,
sbm,0.0,7,n2v2r degree-adjusted z,4,0.002877344102266663,0.036,0.0,0.0,,,
sbm,0.0,7,n2v2r degree-adjusted z (elbow),4,0.0008850236093120298,0.021,0.0,0.0,,,
sbm,0.0,8,DeDi,4,0.08047503148878261,,,,,,
sbm,0.0,8,n2v2r (default),4,0.3370952099481125,,,,,,
sbm,0.0,8,n2v2r euclidean only,4,0.4921295283603686,,,,,,
sbm,0.0,8,n2v2r cosine only,4,0.1518328412437999,,,,,,
sbm,0.0,8,n2v2r ULSE,4,0.18042657495250924,,,,,,
sbm,0.0,8,n2v2r elbow dimension,4,-0.03965108432046824,,,,,,
sbm,0.0,8,n2v2r degree-adjusted z,4,0.007751367625587248,0.032,0.0,0.0,,,
sbm,0.0,8,n2v2r degree-adjusted z (elbow),4,-0.0006814697796903936,0.022,0.0,0.0,,,
sbm,0.0,9,DeDi,4,0.014804595418731976,,,,,,
sbm,0.0,9,n2v2r (default),4,0.2637117195518158,,,,,,
sbm,0.0,9,n2v2r euclidean only,4,0.42370562867164846,,,,,,
sbm,0.0,9,n2v2r cosine only,4,0.08413330457783472,,,,,,
sbm,0.0,9,n2v2r ULSE,4,0.12162684607614507,,,,,,
sbm,0.0,9,n2v2r elbow dimension,4,0.02180561437147381,,,,,,
sbm,0.0,9,n2v2r degree-adjusted z,4,-0.0013585784291447773,0.045,0.0,0.0,,,
sbm,0.0,9,n2v2r degree-adjusted z (elbow),4,0.008505074413009246,0.02,0.0,0.0,,,
sbm,0.0,10,DeDi,4,0.02407702623506007,,,,,,
sbm,0.0,10,n2v2r (default),4,0.28519389845909987,,,,,,
sbm,0.0,10,n2v2r euclidean only,4,0.4285786050331872,,,,,,
sbm,0.0,10,n2v2r cosine only,4,0.12407748189885341,,,,,,
sbm,0.0,10,n2v2r ULSE,4,0.14409655427045084,,,,,,
sbm,0.0,10,n2v2r elbow dimension,4,-0.05293010051397422,,,,,,
sbm,0.0,10,n2v2r degree-adjusted z,4,-0.0055082178449181165,0.031,0.0,0.0,,,
sbm,0.0,10,n2v2r degree-adjusted z (elbow),4,0.009452875294717064,0.035,0.0,0.0,,,
sbm,0.0,11,DeDi,4,0.06132601696701298,,,,,,
sbm,0.0,11,n2v2r (default),4,0.19862454806979235,,,,,,
sbm,0.0,11,n2v2r euclidean only,4,0.3678699485371287,,,,,,
sbm,0.0,11,n2v2r cosine only,4,0.016945207751058535,,,,,,
sbm,0.0,11,n2v2r ULSE,4,0.08577306679989688,,,,,,
sbm,0.0,11,n2v2r elbow dimension,4,-0.03129226275445296,,,,,,
sbm,0.0,11,n2v2r degree-adjusted z,4,0.0019025002096159079,0.046,0.0,0.0,,,
sbm,0.0,11,n2v2r degree-adjusted z (elbow),4,0.0024384702890179,0.043,0.0,0.0,,,
sbm,0.0,12,DeDi,4,0.07283220166259301,,,,,,
sbm,0.0,12,n2v2r (default),4,0.21467660719127607,,,,,,
sbm,0.0,12,n2v2r euclidean only,4,0.38104990692852964,,,,,,
sbm,0.0,12,n2v2r cosine only,4,0.026876888289638974,,,,,,
sbm,0.0,12,n2v2r ULSE,4,0.08665193192710695,,,,,,
sbm,0.0,12,n2v2r elbow dimension,4,-0.02673899023513023,,,,,,
sbm,0.0,12,n2v2r degree-adjusted z,4,0.004754538848459994,0.041,0.0,0.0,,,
sbm,0.0,12,n2v2r degree-adjusted z (elbow),4,0.0037829542644817354,0.029,0.0,0.0,,,
sbm,0.0,13,DeDi,4,0.04148731792514833,,,,,,
sbm,0.0,13,n2v2r (default),4,0.2964221654863938,,,,,,
sbm,0.0,13,n2v2r euclidean only,4,0.4531951525322542,,,,,,
sbm,0.0,13,n2v2r cosine only,4,0.11866271357960138,,,,,,
sbm,0.0,13,n2v2r ULSE,4,0.11602422456161308,,,,,,
sbm,0.0,13,n2v2r elbow dimension,4,0.017846540243014703,,,,,,
sbm,0.0,13,n2v2r degree-adjusted z,4,-0.0031534803524081788,0.032,0.0,0.0,,,
sbm,0.0,13,n2v2r degree-adjusted z (elbow),4,-0.0025364051669009634,0.02,0.0,0.0,,,
sbm,0.0,14,DeDi,4,-0.002634494188808347,,,,,,
sbm,0.0,14,n2v2r (default),4,0.3247406379898243,,,,,,
sbm,0.0,14,n2v2r euclidean only,4,0.47644680125662536,,,,,,
sbm,0.0,14,n2v2r cosine only,4,0.15321877360464428,,,,,,
sbm,0.0,14,n2v2r ULSE,4,0.1371345630410962,,,,,,
sbm,0.0,14,n2v2r elbow dimension,4,-0.03253199978879758,,,,,,
sbm,0.0,14,n2v2r degree-adjusted z,4,-5.5782520956533136e-05,0.027,0.0,0.0,,,
sbm,0.0,14,n2v2r degree-adjusted z (elbow),4,0.00436027370150781,0.025,0.0,0.0,,,
sbm,0.0,15,DeDi,4,0.02046028544123797,,,,,,
sbm,0.0,15,n2v2r (default),4,0.3648551516513069,,,,,,
sbm,0.0,15,n2v2r euclidean only,4,0.5006416639164621,,,,,,
sbm,0.0,15,n2v2r cosine only,4,0.20397165173736667,,,,,,
sbm,0.0,15,n2v2r ULSE,4,0.17177168795555572,,,,,,
sbm,0.0,15,n2v2r elbow dimension,4,0.03730557361970132,,,,,,
sbm,0.0,15,n2v2r degree-adjusted z,4,-0.0014997544378992928,0.037,0.0,0.0,,,
sbm,0.0,15,n2v2r degree-adjusted z (elbow),4,0.003356627848143094,0.028,0.0,0.0,,,
sbm,0.0,16,DeDi,4,0.053344949524775066,,,,,,
sbm,0.0,16,n2v2r (default),4,0.2705310316411524,,,,,,
sbm,0.0,16,n2v2r euclidean only,4,0.42527933071838403,,,,,,
sbm,0.0,16,n2v2r cosine only,4,0.10063805673671576,,,,,,
sbm,0.0,16,n2v2r ULSE,4,0.08626099691044987,,,,,,
sbm,0.0,16,n2v2r elbow dimension,4,0.013551167099011956,,,,,,
sbm,0.0,16,n2v2r degree-adjusted z,4,-0.0003199719655979381,0.037,0.0,0.0,,,
sbm,0.0,16,n2v2r degree-adjusted z (elbow),4,-0.001811669973474698,0.031,0.0,0.0,,,
sbm,0.0,17,DeDi,4,0.020112631804400392,,,,,,
sbm,0.0,17,n2v2r (default),4,0.22644556303978475,,,,,,
sbm,0.0,17,n2v2r euclidean only,4,0.3813360550449539,,,,,,
sbm,0.0,17,n2v2r cosine only,4,0.05644834467438376,,,,,,
sbm,0.0,17,n2v2r ULSE,4,0.12171559123206944,,,,,,
sbm,0.0,17,n2v2r elbow dimension,4,-0.0392947005022052,,,,,,
sbm,0.0,17,n2v2r degree-adjusted z,4,0.00031598031119597187,0.028,0.0,0.0,,,
sbm,0.0,17,n2v2r degree-adjusted z (elbow),4,-0.002401782906440049,0.028,0.0,0.0,,,
sbm,0.0,18,DeDi,4,0.036294056991989884,,,,,,
sbm,0.0,18,n2v2r (default),4,0.26532151603689996,,,,,,
sbm,0.0,18,n2v2r euclidean only,4,0.428633806440948,,,,,,
sbm,0.0,18,n2v2r cosine only,4,0.07932757832808869,,,,,,
sbm,0.0,18,n2v2r ULSE,4,0.13866731820937722,,,,,,
sbm,0.0,18,n2v2r elbow dimension,4,-0.0005166657860340373,,,,,,
sbm,0.0,18,n2v2r degree-adjusted z,4,0.0008114336152404288,0.052,0.0,0.0,,,
sbm,0.0,18,n2v2r degree-adjusted z (elbow),4,0.0004308535315434266,0.02,0.0,0.0,,,
sbm,0.0,19,DeDi,4,0.014128176695580605,,,,,,
sbm,0.0,19,n2v2r (default),4,0.22748782785264274,,,,,,
sbm,0.0,19,n2v2r euclidean only,4,0.37251968911476996,,,,,,
sbm,0.0,19,n2v2r cosine only,4,0.06810120417082854,,,,,,
sbm,0.0,19,n2v2r ULSE,4,0.12763297593952225,,,,,,
sbm,0.0,19,n2v2r elbow dimension,4,-0.0073006823249984485,,,,,,
sbm,0.0,19,n2v2r degree-adjusted z,4,-0.0034294164527629745,0.028,0.0,0.0,,,
sbm,0.0,19,n2v2r degree-adjusted z (elbow),4,0.00040083940293634255,0.032,0.0,0.0,,,
sbm,0.1,0,DeDi,4,0.06261677801137448,,,,0.4988444444444444,0.09,
sbm,0.1,0,n2v2r (default),4,0.250527270699536,,,,0.9606777777777777,0.7,
sbm,0.1,0,n2v2r euclidean only,4,0.4054673999519909,,,,0.9171,0.61,
sbm,0.1,0,n2v2r cosine only,4,0.08498154861136946,,,,0.9785555555555555,0.77,
sbm,0.1,0,n2v2r ULSE,4,0.13827957843843475,,,,0.9654666666666667,0.73,
sbm,0.1,0,n2v2r elbow dimension,4,0.034846151488416605,,,,1.0,1.0,
sbm,0.1,0,n2v2r degree-adjusted z,4,-0.00407825643037699,0.076,0.0,0.0,0.9831777777777778,0.8,0.0
sbm,0.1,0,n2v2r degree-adjusted z (elbow),4,-0.000603641948562893,0.104,100.0,0.0,1.0,1.0,1.0
sbm,0.1,1,DeDi,4,0.07352254540136526,,,,0.48545555555555553,0.13,
sbm,0.1,1,n2v2r (default),4,0.16068410152379367,,,,0.9712277777777778,0.72,
sbm,0.1,1,n2v2r euclidean only,4,0.3322996038075609,,,,0.9344277777777777,0.61,
sbm,0.1,1,n2v2r cosine only,4,-0.021527479448905377,,,,0.9838777777777777,0.77,
sbm,0.1,1,n2v2r ULSE,4,0.07599077594965135,,,,0.9743277777777778,0.74,
sbm,0.1,1,n2v2r elbow dimension,4,0.059791191070885034,,,,1.0,1.0,
sbm,0.1,1,n2v2r degree-adjusted z,4,-0.002977489386578383,0.074,0.0,0.0,0.9873,0.81,0.0
sbm,0.1,1,n2v2r degree-adjusted z (elbow),4,0.004915627027659203,0.111,100.0,0.0,1.0,1.0,1.0
sbm,0.1,2,DeDi,4,0.07238349264119565,,,,0.5527611111111111,0.1,
sbm,0.1,2,n2v2r (default),4,0.26039302736310765,,,,0.9734444444444444,0.73,
sbm,0.1,2,n2v2r euclidean only,4,0.41707627851324297,,,,0.9294166666666667,0.57,
sbm,0.1,2,n2v2r cosine only,4,0.09263621743144639,,,,0.9888333333333333,0.84,
sbm,0.1,2,n2v2r ULSE,4,0.14488802069353054,,,,0.97665,0.77,
sbm,0.1,2,n2v2r elbow dimension,4,0.049514982226623,,,,1.0,1.0,
sbm,0.1,2,n2v2r degree-adjusted z,4,0.00704809195867229,0.077,0.0,0.0,0.9886777777777778,0.84,0.0
sbm,0.1,2,n2v2r degree-adjusted z (elbow),4,0.0047029473481327065,0.101,100.0,0.0,1.0,1.0,1.0
sbm,0.1,3,DeDi,4,0.06615074481514018,,,,0.5187055555555555,0.12,
sbm,0.1,3,n2v2r (default),4,0.18976045119055848,,,,0.9700833333333333,0.74,
sbm,0.1,3,n2v2r euclidean only,4,0.3506971756372701,,,,0.9295944444444444,0.59,
sbm,0.1,3,n2v2r cosine only,4,0.018105301762419278,,,,0.98545,0.81,
sbm,0.1,3,n2v2r ULSE,4,0.11570173413238687,,,,0.9737555555555556,0.78,
sbm,0.1,3,n2v2r elbow dimension,4,-0.02091050214482348,,,,1.0,1.0,
sbm,0.1,3,n2v2r degree-adjusted z,4,0.0017039083837503636,0.069,0.0,0.0,0.9872111111111112,0.84,0.0
sbm,0.1,3,n2v2r degree-adjusted z (elbow),4,-0.0013585410158449252,0.106,100.0,0.0,1.0,1.0,1.0
sbm,0.1,4,DeDi,4,-0.010669633816077427,,,,0.49248333333333333,0.1,
sbm,0.1,4,n2v2r (default),4,0.21418942618680908,,,,0.9681,0.69,
sbm,0.1,4,n2v2r euclidean only,4,0.3650222663532854,,,,0.92795,0.55,
sbm,0.1,4,n2v2r cosine only,4,0.04983977917696222,,,,0.9825833333333334,0.78,
sbm,0.1,4,n2v2r ULSE,4,0.12811183771414286,,,,0.9713944444444444,0.7,
sbm,0.1,4,n2v2r elbow dimension,4,0.027154095989324504,,,,1.0,1.0,
sbm,0.1,4,n2v2r degree-adjusted z,4,0.007238010047558771,0.078,0.0,0.0,0.9857333333333334,0.8,0.0
sbm,0.1,4,n2v2r degree-adjusted z (elbow),4,-0.0012825165000330738,0.105,100.0,0.0,1.0,1.0,1.0
sbm,0.1,5,DeDi,4,0.029359948634221363,,,,0.5294111111111112,0.12,
sbm,0.1,5,n2v2r (default),4,0.24917859115670588,,,,0.9696611111111111,0.72,
sbm,0.1,5,n2v2r euclidean only,4,0.3932388919961084,,,,0.9312555555555555,0.58,
sbm,0.1,5,n2v2r cosine only,4,0.09352483526655432,,,,0.9860833333333333,0.81,
sbm,0.1,5,n2v2r ULSE,4,0.14483895931624022,,,,0.9737888888888889,0.76,
sbm,0.1,5,n2v2r elbow dimension,4,0.06495801703648392,,,,1.0,1.0,
sbm,0.1,5,n2v2r degree-adjusted z,4,0.006047350102739217,0.072,0.0,0.0,0.9880777777777778,0.83,0.0
sbm,0.1,5,n2v2r degree-adjusted z (elbow),4,0.004574092883390279,0.11,100.0,0.0,1.0,1.0,1.0
sbm,0.1,6,DeDi,4,-0.010084227339885725,,,,0.49667222222222224,0.07,
sbm,0.1,6,n2v2r (default),4,0.16975361909553024,,,,0.9702555555555555,0.76,
sbm,0.1,6,n2v2r euclidean only,4,0.3315448076231684,,,,0.9304277777777777,0.61,
sbm,0.1,6,n2v2r cosine only,4,0.0004516085866143149,,,,0.9833277777777778,0.82,
sbm,0.1,6,n2v2r ULSE,4,0.09844377458339477,,,,0.9708388888888889,0.76,
sbm,0.1,6,n2v2r elbow dimension,4,-0.014040584548149784,,,,1.0,1.0,
sbm,0.1,6,n2v2r degree-adjusted z,4,0.0004329799501327234,0.081,0.0,0.0,0.9855444444444444,0.84,0.0
sbm,0.1,6,n2v2r degree-adjusted z (elbow),4,0.001042869791166572,0.107,100.0,0.0,1.0,1.0,1.0
sbm,0.1,7,DeDi,4,-0.0007326664537056017,,,,0.5112111111111111,0.12,
sbm,0.1,7,n2v2r (default),4,0.16385107541992047,,,,0.9692277777777778,0.67,
sbm,0.1,7,n2v2r euclidean only,4,0.3164106709608168,,,,0.9198555555555555,0.51,
sbm,0.1,7,n2v2r cosine only,4,0.0046990803329504975,,,,0.9871166666666666,0.85,
sbm,0.1,7,n2v2r ULSE,4,0.08044857002571082,,,,0.9710166666666666,0.71,
sbm,0.1,7,n2v2r elbow dimension,4,-0.02878287370517606,,,,1.0,1.0,
sbm,0.1,7,n2v2r degree-adjusted z,4,0.002128583294804339,0.068,0.0,0.0,0.9873555555555555,0.8,0.0
sbm,0.1,7,n2v2r degree-adjusted z (elbow),4,0.0011698651675283495,0.112,100.0,0.0,1.0,1.0,1.0
sbm,0.1,8,DeDi,4,0.015898457578333403,,,,0.4622833333333333,0.09,
sbm,0.1,8,n2v2r (default),4,0.17435058103599674,,,,0.9772833333333333,0.77,
sbm,0.1,8,n2v2r euclidean only,4,0.332316947820881,,,,0.9412055555555555,0.63,
sbm,0.1,8,n2v2r cosine only,4,0.005896322378687835,,,,0.9903666666666666,0.83,
sbm,0.1,8,n2v2r ULSE,4,0.06957874222415544,,,,0.9781,0.78,
sbm,0.1,8,n2v2r elbow dimension,4,-0.022737540021974444,,,,1.0,1.0,
sbm,0.1,8,n2v2r degree-adjusted z,4,-0.001497060432526321,0.086,0.0,0.0,0.9900111111111111,0.82,0.0
sbm,0.1,8,n2v2r degree-adjusted z (elbow),4,0.0012985867843732142,0.108,100.0,0.0,1.0,1.0,1.0
sbm,0.1,9,DeDi,4,0.04109057605167387,,,,0.4776111111111111,0.11,
sbm,0.1,9,n2v2r (default),4,0.2275823461089381,,,,0.9712111111111111,0.73,
sbm,0.1,9,n2v2r euclidean only,4,0.395917349213932,,,,0.9301666666666667,0.61,
sbm,0.1,9,n2v2r cosine only,4,0.047731932673370024,,,,0.9872555555555556,0.83,
sbm,0.1,9,n2v2r ULSE,4,0.08387468808499106,,,,0.9742388888888889,0.76,
sbm,0.1,9,n2v2r elbow dimension,4,-0.0041990726062942265,,,,1.0,1.0,
sbm,0.1,9,n2v2r degree-adjusted z,4,-9.440520425220795e-05,0.078,0.0,0.0,0.9886111111111111,0.87,0.0
sbm,0.1,9,n2v2r degree-adjusted z (elbow),4,0.010949719268708472,0.103,100.0,0.0,1.0,1.0,1.0
sbm,0.1,10,DeDi,4,0.005746303312610107,,,,0.46587222222222224,0.06,
sbm,0.1,10,n2v2r (default),4,0.20376722495146674,,,,0.9715111111111111,0.73,
sbm,0.1,10,n2v2r euclidean only,4,0.35624406038625955,,,,0.9323333333333333,0.56,
sbm,0.1,10,n2v2r cosine only,4,0.04260659075607171,,,,0.9859444444444444,0.83,
sbm,0.1,10,n2v2r ULSE,4,0.11924148099797509,,,,0.9755833333333334,0.75,
sbm,0.1,10,n2v2r elbow dimension,4,0.04558622213651903,,,,1.0,1.0,
sbm,0.1,10,n2v2r degree-adjusted z,4,0.002049475664979669,0.077,0.0,0.0,0.9886666666666667,0.84,0.0
sbm,0.1,10,n2v2r degree-adjusted z (elbow),4,0.006234868926893278,0.105,101.0,0.009900990099009901,1.0,1.0,1.0
sbm,0.1,11,DeDi,4,0.04809212679927968,,,,0.5578055555555556,0.15,
sbm,0.1,11,n2v2r (default),4,0.2044129095852408,,,,0.9714722222222222,0.69,
sbm,0.1,11,n2v2r euclidean only,4,0.3473451639461122,,,,0.9372611111111111,0.59,
sbm,0.1,11,n2v2r cosine only,4,0.05203202464145667,,,,0.9848277777777777,0.8,
sbm,0.1,11,n2v2r ULSE,4,0.12255536434824896,,,,0.9757,0.71,
sbm,0.1,11,n2v2r elbow dimension,4,0.03428867455984792,,,,1.0,1.0,
sbm,0.1,11,n2v2r degree-adjusted z,4,0.0020511585987551973,0.077,0.0,0.0,0.9891,0.83,0.0
sbm,0.1,11,n2v2r degree-adjusted z (elbow),4,0.002945753560974811,0.109,100.0,0.0,1.0,1.0,1.0
sbm,0.1,12,DeDi,4,0.03863729964333296,,,,0.5168111111111111,0.11,
sbm,0.1,12,n2v2r (default),4,0.19074414270392306,,,,0.9772944444444445,0.75,
sbm,0.1,12,n2v2r euclidean only,4,0.34797432380580434,,,,0.9456944444444444,0.61,
sbm,0.1,12,n2v2r cosine only,4,0.022796147336334286,,,,0.9873833333333333,0.83,
sbm,0.1,12,n2v2r ULSE,4,0.10727466590938695,,,,0.9789611111111111,0.78,
sbm,0.1,12,n2v2r elbow dimension,4,-0.0017198139722684241,,,,1.0,1.0,
sbm,0.1,12,n2v2r degree-adjusted z,4,0.005746058641074429,0.064,0.0,0.0,0.9892,0.83,0.0
sbm,0.1,12,n2v2r degree-adjusted z (elbow),4,-0.00036739035638153213,0.102,100.0,0.0,1.0,1.0,1.0
sbm,0.1,13,DeDi,4,0.070561117795241,,,,0.45711666666666667,0.09,
sbm,0.1,13,n2v2r (default),4,0.21811439704966878,,,,0.9715333333333334,0.74,
sbm,0.1,13,n2v2r euclidean only,4,0.36696464866935896,,,,0.9411833333333334,0.59,
sbm,0.1,13,n2v2r cosine only,4,0.05749956276215698,,,,0.9795555555555555,0.85,
sbm,0.1,13,n2v2r ULSE,4,0.13099903103351493,,,,0.9737833333333333,0.77,
sbm,0.1,13,n2v2r elbow dimension,4,0.029555941110395705,,,,1.0,1.0,
sbm,0.1,13,n2v2r degree-adjusted z,4,0.004996183679672897,0.077,0.0,0.0,0.9852777777777778,0.85,0.0
sbm,0.1,13,n2v2r degree-adjusted z (elbow),4,-0.001187895795063579,0.106,100.0,0.0,1.0,1.0,1.0
sbm,0.1,14,DeDi,4,0.06486334739287829,,,,0.5277333333333334,0.11,
sbm,0.1,14,n2v2r (default),4,0.2892103244353201,,,,0.9602555555555555,0.65,
sbm,0.1,14,n2v2r euclidean only,4,0.4397335805514696,,,,0.9111722222222223,0.53,
sbm,0.1,14,n2v2r cosine only,4,0.1247065363971522,,,,0.9804166666666667,0.78,
sbm,0.1,14,n2v2r ULSE,4,0.16692443131960094,,,,0.9659666666666666,0.69,
sbm,0.1,14,n2v2r elbow dimension,4,0.040889237472933736,,,,1.0,1.0,
sbm,0.1,14,n2v2r degree-adjusted z,4,-7.814454582843617e-06,0.063,0.0,0.0,0.9838,0.8,0.0
sbm,0.1,14,n2v2r degree-adjusted z (elbow),4,-0.000792710996880366,0.101,100.0,0.0,1.0,1.0,1.0
sbm,0.1,15,DeDi,4,0.04514156284566259,,,,0.5499388888888889,0.1,
sbm,0.1,15,n2v2r (default),4,0.17519161057451593,,,,0.9753611111111111,0.72,
sbm,0.1,15,n2v2r euclidean only,4,0.34521263542180475,,,,0.9300833333333334,0.58,
sbm,0.1,15,n2v2r cosine only,4,-0.0022895437315561275,,,,0.9902388888888889,0.85,
sbm,0.1,15,n2v2r ULSE,4,0.08407071742811743,,,,0.9772111111111111,0.76,
sbm,0.1,15,n2v2r elbow dimension,4,0.009841388515833733,,,,1.0,1.0,
sbm,0.1,15,n2v2r degree-adjusted z,4,0.003864027671922561,0.103,0.0,0.0,0.9898222222222223,0.83,0.0
sbm,0.1,15,n2v2r degree-adjusted z (elbow),4,0.005398062815712757,0.111,101.0,0.009900990099009901,1.0,1.0,1.0
sbm,0.1,16,DeDi,4,0.03179189625123989,,,,0.5060611111111111,0.12,
sbm,0.1,16,n2v2r (default),4,0.2311385036965098,,,,0.9723611111111111,0.75,
sbm,0.1,16,n2v2r euclidean only,4,0.3803029950291345,,,,0.9357888888888889,0.61,
sbm,0.1,16,n2v2r cosine only,4,0.06988068222187842,,,,0.9862055555555556,0.82,
sbm,0.1,16,n2v2r ULSE,4,0.12450101237621666,,,,0.9786888888888889,0.78,
sbm,0.1,16,n2v2r elbow dimension,4,0.006517738959764842,,,,1.0,1.0,
sbm,0.1,16,n2v2r degree-adjusted z,4,0.006053163133916645,0.074,0.0,0.0,0.9878888888888889,0.84,0.0
sbm,0.1,16,n2v2r degree-adjusted z (elbow),4,-0.0035610044272353304,0.105,100.0,0.0,1.0,1.0,1.0
sbm,0.1,17,DeDi,4,0.05411434809479848,,,,0.5452555555555556,0.13,
sbm,0.1,17,n2v2r (default),4,0.23837390172991466,,,,0.96265,0.67,
sbm,0.1,17,n2v2r euclidean only,4,0.39451110620983515,,,,0.9201388888888888,0.52,
sbm,0.1,17,n2v2r cosine only,4,0.07115675183717206,,,,0.9788666666666667,0.76,
sbm,0.1,17,n2v2r ULSE,4,0.14278548906065372,,,,0.9673777777777778,0.68,
sbm,0.1,17,n2v2r elbow dimension,4,0.03865505460972376,,,,1.0,1.0,
sbm,0.1,17,n2v2r degree-adjusted z,4,0.001737790463667783,0.066,0.0,0.0,0.9817111111111111,0.77,0.0
sbm,0.1,17,n2v2r degree-adjusted z (elbow),4,-0.002468562035782722,0.105,100.0,0.0,1.0,1.0,1.0
sbm,0.1,18,DeDi,4,0.06030235080958737,,,,0.54275,0.12,
sbm,0.1,18,n2v2r (default),4,0.13601058978437452,,,,0.9563555555555555,0.65,
sbm,0.1,18,n2v2r euclidean only,4,0.3012956089867746,,,,0.9164833333333333,0.54,
sbm,0.1,18,n2v2r cosine only,4,-0.03594750269283973,,,,0.9731555555555556,0.75,
sbm,0.1,18,n2v2r ULSE,4,0.05403938968022589,,,,0.9600333333333333,0.66,
sbm,0.1,18,n2v2r elbow dimension,4,0.013328074562381985,,,,1.0,1.0,
sbm,0.1,18,n2v2r degree-adjusted z,4,-0.0012982680743263899,0.07,0.0,0.0,0.9780111111111112,0.74,0.0
sbm,0.1,18,n2v2r degree-adjusted z (elbow),4,0.006262610620558851,0.103,100.0,0.0,1.0,1.0,1.0
sbm,0.1,19,DeDi,4,-0.01299867053245984,,,,0.4500388888888889,0.07,
sbm,0.1,19,n2v2r (default),4,0.2116894378810464,,,,0.96645,0.68,
sbm,0.1,19,n2v2r euclidean only,4,0.36081066784898985,,,,0.9228277777777778,0.53,
sbm,0.1,19,n2v2r cosine only,4,0.053902018030347235,,,,0.9851,0.84,
sbm,0.1,19,n2v2r ULSE,4,0.12017496301006862,,,,0.9698722222222222,0.69,
sbm,0.1,19,n2v2r elbow dimension,4,0.030292543316524954,,,,1.0,1.0,
sbm,0.1,19,n2v2r degree-adjusted z,4,0.0016193783859193346,0.076,0.0,0.0,0.9863777777777778,0.82,0.0
sbm,0.1,19,n2v2r degree-adjusted z (elbow),4,0.004294138731299725,0.103,100.0,0.0,1.0,1.0,1.0
sbm,0.3,0,DeDi,4,0.08324324723315903,,,,0.5362309523809524,0.35333333333333333,
sbm,0.3,0,n2v2r (default),4,0.29858407724464037,,,,0.8263095238095238,0.6,
sbm,0.3,0,n2v2r euclidean only,4,0.502011032775127,,,,0.7640523809523809,0.53,
sbm,0.3,0,n2v2r cosine only,4,0.07130056596459995,,,,0.8552738095238095,0.6533333333333333,
sbm,0.3,0,n2v2r ULSE,4,0.19496243312475306,,,,0.8312595238095238,0.63,
sbm,0.3,0,n2v2r elbow dimension,4,0.06611245349610169,,,,0.9999809523809524,0.9966666666666667,
sbm,0.3,0,n2v2r degree-adjusted z,4,0.0027700133430165305,0.021,0.0,0.0,0.8451095238095238,0.64,0.0
sbm,0.3,0,n2v2r degree-adjusted z (elbow),4,0.007417404482180158,0.218,0.0,0.0,1.0,1.0,0.0
sbm,0.3,1,DeDi,4,0.040069095831815636,,,,0.5327238095238095,0.32,
sbm,0.3,1,n2v2r (default),4,0.20641839371742768,,,,0.8328761904761904,0.6266666666666667,
sbm,0.3,1,n2v2r euclidean only,4,0.41302603594636766,,,,0.7748357142857143,0.5466666666666666,
sbm,0.3,1,n2v2r cosine only,4,-0.01530137701416456,,,,0.8558880952380953,0.6333333333333333,
sbm,0.3,1,n2v2r ULSE,4,0.11046581384280324,,,,0.8335071428571429,0.6266666666666667,
sbm,0.3,1,n2v2r elbow dimension,4,0.05689150729380713,,,,0.9999976190476191,0.9966666666666667,
sbm,0.3,1,n2v2r degree-adjusted z,4,0.0021763802852107247,0.026,0.0,0.0,0.8441095238095238,0.6333333333333333,0.0
sbm,0.3,1,n2v2r degree-adjusted z (elbow),4,0.01735963484293578,0.299,268.0,0.0,1.0,1.0,0.8933333333333333
sbm,0.3,2,DeDi,4,0.028941588573647755,,,,0.48153809523809527,0.29333333333333333,
sbm,0.3,2,n2v2r (default),4,0.24796473369601346,,,,0.822897619047619,0.6066666666666667,
sbm,0.3,2,n2v2r euclidean only,4,0.456360192097157,,,,0.7736095238095239,0.56,
sbm,0.3,2,n2v2r cosine only,4,0.020292478894112502,,,,0.839997619047619,0.6233333333333333,
sbm,0.3,2,n2v2r ULSE,4,0.17852390554287534,,,,0.8273190476190476,0.62,
sbm,0.3,2,n2v2r elbow dimension,4,0.07191923928093585,,,,0.9999904761904762,0.9966666666666667,
sbm,0.3,2,n2v2r degree-adjusted z,4,0.002298790621471056,0.021,0.0,0.0,0.8319285714285715,0.6233333333333333,0.0
sbm,0.3,2,n2v2r degree-adjusted z (elbow),4,-0.03927232844275796,0.19,0.0,0.0,1.0,1.0,0.0
sbm,0.3,3,DeDi,4,0.031316872923121526,,,,0.5338095238095238,0.36,
sbm,0.3,3,n2v2r (default),4,0.19773493022043384,,,,0.83985,0.64,
sbm,0.3,3,n2v2r euclidean only,4,0.3947975342852867,,,,0.7867238095238095,0.5666666666666667,
sbm,0.3,3,n2v2r cosine only,4,-0.01493673211086301,,,,0.86215,0.6733333333333333,
sbm,0.3,3,n2v2r ULSE,4,0.12043819471775882,,,,0.8408095238095238,0.6533333333333333,
sbm,0.3,3,n2v2r elbow dimension,4,0.07715923787863747,,,,1.0,1.0,
sbm,0.3,3,n2v2r degree-adjusted z,4,0.0010324217107190526,0.009,0.0,0.0,0.8453619047619048,0.66,0.0
sbm,0.3,3,n2v2r degree-adjusted z (elbow),4,-0.011787837936842125,0.277,0.0,0.0,1.0,1.0,0.0
sbm,0.3,4,DeDi,4,-0.008815541889709502,,,,0.5178214285714285,0.3,
sbm,0.3,4,n2v2r (default),4,0.22448753643886254,,,,0.8310571428571428,0.6366666666666667,
sbm,0.3,4,n2v2r euclidean only,4,0.43443474675067695,,,,0.7720476190476191,0.55,
sbm,0.3,4,n2v2r cosine only,4,-0.0032550995889872843,,,,0.8531571428571428,0.66,
sbm,0.3,4,n2v2r ULSE,4,0.11023081583162853,,,,0.8383666666666667,0.6333333333333333,
sbm,0.3,4,n2v2r elbow dimension,4,0.0570582325011991,,,,1.0,1.0,
sbm,0.3,4,n2v2r degree-adjusted z,4,0.002996163323472749,0.011,0.0,0.0,0.8444333333333334,0.65,0.0
sbm,0.3,4,n2v2r degree-adjusted z (elbow),4,0.017537481034199064,0.268,0.0,0.0,1.0,1.0,0.0
sbm,0.3,5,DeDi,4,0.02408702980757706,,,,0.4749690476190476,0.28,
sbm,0.3,5,n2v2r (default),4,0.17274490682521831,,,,0.8303142857142857,0.62,
sbm,0.3,5,n2v2r euclidean only,4,0.38002324414050725,,,,0.7719404761904762,0.54,
sbm,0.3,5,n2v2r cosine only,4,-0.0407289783267902,,,,0.8558428571428571,0.6433333333333333,
sbm,0.3,5,n2v2r ULSE,4,0.0900383361087459,,,,0.836947619047619,0.6333333333333333,
sbm,0.3,5,n2v2r elbow dimension,4,-0.0038883864518084845,,,,1.0,1.0,
sbm,0.3,5,n2v2r degree-adjusted z,4,0.005966034137898902,0.024,0.0,0.0,0.8476714285714285,0.6366666666666667,0.0
sbm,0.3,5,n2v2r degree-adjusted z (elbow),4,0.07020357956378376,0.26,165.0,0.0,1.0,1.0,0.55
sbm,0.3,6,DeDi,4,0.06030157892631123,,,,0.5057952380952381,0.30333333333333334,
sbm,0.3,6,n2v2r (default),4,0.27959984862989795,,,,0.8318619047619048,0.62,
sbm,0.3,6,n2v2r euclidean only,4,0.47120723688710264,,,,0.7748571428571429,0.5466666666666666,
sbm,0.3,6,n2v2r cosine only,4,0.06628000427683862,,,,0.8586428571428572,0.65,
sbm,0.3,6,n2v2r ULSE,4,0.19634427631061727,,,,0.8366761904761905,0.6333333333333333,
sbm,0.3,6,n2v2r elbow dimension,4,0.1115578681911913,,,,0.9999857142857143,0.9966666666666667,
sbm,0.3,6,n2v2r degree-adjusted z,4,-0.00018541774366321313,0.022,0.0,0.0,0.8523904761904761,0.6333333333333333,0.0
sbm,0.3,6,n2v2r degree-adjusted z (elbow),4,0.002746429803005258,0.296,278.0,0.0,1.0,1.0,0.9266666666666666
sbm,0.3,7,DeDi,4,0.06033305998194886,,,,0.492952380952381,0.31333333333333335,
sbm,0.3,7,n2v2r (default),4,0.26522249791100294,,,,0.8286642857142857,0.62,
sbm,0.3,7,n2v2r euclidean only,4,0.46749590096020843,,,,0.7784095238095238,0.5633333333333334,
sbm,0.3,7,n2v2r cosine only,4,0.04329352218023287,,,,0.8466333333333333,0.6266666666666667,
sbm,0.3,7,n2v2r ULSE,4,0.17431151827202362,,,,0.8331690476190476,0.63,
sbm,0.3,7,n2v2r elbow dimension,4,0.10706732788778905,,,,0.9999833333333333,0.9966666666666667,
sbm,0.3,7,n2v2r degree-adjusted z,4,0.0028611248626410125,0.042,0.0,0.0,0.8388476190476191,0.6333333333333333,0.0
sbm,0.3,7,n2v2r degree-adjusted z (elbow),4,-0.033227623132065315,0.287,0.0,0.0,0.999995238095238,0.9966666666666667,0.0
sbm,0.3,8,DeDi,4,0.028439032304599484,,,,0.4830833333333333,0.27,
sbm,0.3,8,n2v2r (default),4,0.22728311306431306,,,,0.832704761904762,0.6366666666666667,
sbm,0.3,8,n2v2r euclidean only,4,0.4474163569957489,,,,0.7747857142857143,0.5633333333333334,
sbm,0.3,8,n2v2r cosine only,4,-0.007176325484486797,,,,0.8546833333333334,0.6533333333333333,
sbm,0.3,8,n2v2r ULSE,4,0.15503049717431175,,,,0.8362619047619048,0.63,
sbm,0.3,8,n2v2r elbow dimension,4,0.04825802389221392,,,,1.0,1.0,
sbm,0.3,8,n2v2r degree-adjusted z,4,0.005382204162369338,0.016,0.0,0.0,0.8426428571428571,0.6533333333333333,0.0
sbm,0.3,8,n2v2r degree-adjusted z (elbow),4,0.012702197735924934,0.216,0.0,0.0,1.0,1.0,0.0
sbm,0.3,9,DeDi,4,0.08013345525070785,,,,0.5364,0.33666666666666667,
sbm,0.3,9,n2v2r (default),4,0.2348024590378721,,,,0.8219880952380952,0.6,
sbm,0.3,9,n2v2r euclidean only,4,0.43066425849683787,,,,0.765897619047619,0.5466666666666666,
sbm,0.3,9,n2v2r cosine only,4,0.02159263520821004,,,,0.846402380952381,0.63,
sbm,0.3,9,n2v2r ULSE,4,0.16091628248866283,,,,0.8269142857142857,0.6,
sbm,0.3,9,n2v2r elbow dimension,4,0.054648426299721026,,,,0.999995238095238,0.9966666666666667,
sbm,0.3,9,n2v2r degree-adjusted z,4,0.006330029497356787,0.023,0.0,0.0,0.8389,0.6133333333333333,0.0
sbm,0.3,9,n2v2r degree-adjusted z (elbow),4,0.0502231492945526,0.284,0.0,0.0,0.999995238095238,0.9966666666666667,0.0
sbm,0.3,10,DeDi,4,0.020636052966904118,,,,0.5139428571428571,0.3,
sbm,0.3,10,n2v2r (default),4,0.25527322047282736,,,,0.8422095238095239,0.6466666666666666,
sbm,0.3,10,n2v2r euclidean only,4,0.4655413195528773,,,,0.795052380952381,0.5633333333333334,
sbm,0.3,10,n2v2r cosine only,4,0.026846222670441337,,,,0.8549,0.66,
sbm,0.3,10,n2v2r ULSE,4,0.18294356452828536,,,,0.8439547619047619,0.65,
sbm,0.3,10,n2v2r elbow dimension,4,0.07911184050308506,,,,1.0,1.0,
sbm,0.3,10,n2v2r degree-adjusted z,4,0.004620670001932902,0.022,0.0,0.0,0.8536714285714285,0.67,0.0
sbm,0.3,10,n2v2r degree-adjusted z (elbow),4,-0.017807945931192393,0.262,0.0,0.0,1.0,1.0,0.0
sbm,0.3,11,DeDi,4,0.030978701475616197,,,,0.5197095238095238,0.33,
sbm,0.3,11,n2v2r (default),4,0.2425503943901187,,,,0.828202380952381,0.6266666666666667,
sbm,0.3,11,n2v2r euclidean only,4,0.452345281940476,,,,0.772747619047619,0.5433333333333333,
sbm,0.3,11,n2v2r cosine only,4,0.01754141931880827,,,,0.8501571428571428,0.64,
sbm,0.3,11,n2v2r ULSE,4,0.15819568852741014,,,,0.8326880952380953,0.6233333333333333,
sbm,0.3,11,n2v2r elbow dimension,4,0.09115496208952005,,,,0.9999904761904762,0.9966666666666667,
sbm,0.3,11,n2v2r degree-adjusted z,4,-0.002887274472178344,0.02,0.0,0.0,0.8382761904761905,0.64,0.0
sbm,0.3,11,n2v2r degree-adjusted z (elbow),4,-0.01358023849093289,0.278,0.0,0.0,1.0,1.0,0.0
sbm,0.3,12,DeDi,4,0.04430729698306343,,,,0.5537452380952381,0.35333333333333333,
sbm,0.3,12,n2v2r (default),4,0.2869596647600641,,,,0.8219095238095238,0.5966666666666667,
sbm,0.3,12,n2v2r euclidean only,4,0.49574735142665705,,,,0.7631595238095238,0.5366666666666666,
sbm,0.3,12,n2v2r cosine only,4,0.054880983708603136,,,,0.8477047619047618,0.6466666666666666,
sbm,0.3,12,n2v2r ULSE,4,0.19802364379163392,,,,0.8297285714285715,0.6,
sbm,0.3,12,n2v2r elbow dimension,4,0.12971823286762243,,,,1.0,1.0,
sbm,0.3,12,n2v2r degree-adjusted z,4,-0.0004909629839676668,0.015,0.0,0.0,0.8330238095238095,0.6233333333333333,0.0
sbm,0.3,12,n2v2r degree-adjusted z (elbow),4,-0.03873670753481818,0.277,0.0,0.0,1.0,1.0,0.0
sbm,0.3,13,DeDi,4,0.04532217240752201,,,,0.47545952380952383,0.3,
sbm,0.3,13,n2v2r (default),4,0.21277358894868112,,,,0.8479761904761904,0.6333333333333333,
sbm,0.3,13,n2v2r euclidean only,4,0.43250452999591477,,,,0.7896619047619048,0.5833333333333334,
sbm,0.3,13,n2v2r cosine only,4,-0.02531104769891919,,,,0.8679261904761905,0.67,
sbm,0.3,13,n2v2r ULSE,4,0.1361780739774134,,,,0.8548095238095238,0.65,
sbm,0.3,13,n2v2r elbow dimension,4,-0.006299805665527951,,,,1.0,1.0,
sbm,0.3,13,n2v2r degree-adjusted z,4,0.00238855947780303,0.017,0.0,0.0,0.860652380952381,0.6633333333333333,0.0
sbm,0.3,13,n2v2r degree-adjusted z (elbow),4,0.020303244745951295,0.292,0.0,0.0,1.0,1.0,0.0
sbm,0.3,14,DeDi,4,0.054844445629070794,,,,0.520552380952381,0.3233333333333333,
sbm,0.3,14,n2v2r (default),4,0.37826480622008196,,,,0.8356785714285714,0.6266666666666667,
sbm,0.3,14,n2v2r euclidean only,4,0.5642134671348641,,,,0.7780380952380952,0.56,
sbm,0.3,14,n2v2r cosine only,4,0.16638926923629374,,,,0.8613380952380952,0.6533333333333333,
sbm,0.3,14,n2v2r ULSE,4,0.2564619098432467,,,,0.8396047619047619,0.64,
sbm,0.3,14,n2v2r elbow dimension,4,0.24947884897569791,,,,1.0,1.0,
sbm,0.3,14,n2v2r degree-adjusted z,4,0.005398908451916071,0.034,0.0,0.0,0.8430285714285715,0.63,0.0
sbm,0.3,14,n2v2r degree-adjusted z (elbow),4,-0.07183442756534292,0.253,0.0,0.0,0.9999904761904762,0.9966666666666667,0.0
sbm,0.3,15,DeDi,4,0.00013676430419940576,,,,0.49911428571428573,0.28,
sbm,0.3,15,n2v2r (default),4,0.25786852274407235,,,,0.8483809523809523,0.6533333333333333,
sbm,0.3,15,n2v2r euclidean only,4,0.45161510804165306,,,,0.8002666666666667,0.5733333333333334,
sbm,0.3,15,n2v2r cosine only,4,0.045424738504096146,,,,0.8634595238095238,0.6633333333333333,
sbm,0.3,15,n2v2r ULSE,4,0.20073746114856791,,,,0.8498476190476191,0.6433333333333333,
sbm,0.3,15,n2v2r elbow dimension,4,0.12683444556223536,,,,1.0,1.0,
sbm,0.3,15,n2v2r degree-adjusted z,4,-0.0013667703628293553,0.026,0.0,0.0,0.8549476190476191,0.66,0.0
sbm,0.3,15,n2v2r degree-adjusted z (elbow),4,-0.06708985150875628,0.28,0.0,0.0,1.0,1.0,0.0
sbm,0.3,16,DeDi,4,0.04399837900828625,,,,0.49934047619047617,0.2833333333333333,
sbm,0.3,16,n2v2r (default),4,0.21725965644458256,,,,0.8482309523809524,0.63,
sbm,0.3,16,n2v2r euclidean only,4,0.4359307261038799,,,,0.7841833333333333,0.5366666666666666,
sbm,0.3,16,n2v2r cosine only,4,-0.018342379547381295,,,,0.8720666666666667,0.6666666666666666,
sbm,0.3,16,n2v2r ULSE,4,0.14089234633380163,,,,0.8543095238095239,0.6533333333333333,
sbm,0.3,16,n2v2r elbow dimension,4,0.08040798909450864,,,,1.0,1.0,
sbm,0.3,16,n2v2r degree-adjusted z,4,0.001170971825782357,0.018,0.0,0.0,0.8661047619047619,0.6566666666666666,0.0
sbm,0.3,16,n2v2r degree-adjusted z (elbow),4,0.039977480402581915,0.294,0.0,0.0,1.0,1.0,0.0
sbm,0.3,17,DeDi,4,0.014688042730028248,,,,0.5139547619047619,0.31,
sbm,0.3,17,n2v2r (default),4,0.27860521214978656,,,,0.8216333333333333,0.5966666666666667,
sbm,0.3,17,n2v2r euclidean only,4,0.491309286799555,,,,0.754447619047619,0.5233333333333333,
sbm,0.3,17,n2v2r cosine only,4,0.04458499420947716,,,,0.8551928571428571,0.6466666666666666,
sbm,0.3,17,n2v2r ULSE,4,0.18219247411649106,,,,0.827252380952381,0.6033333333333334,
sbm,0.3,17,n2v2r elbow dimension,4,0.08801351066896336,,,,1.0,1.0,
sbm,0.3,17,n2v2r degree-adjusted z,4,-0.00031979473995601463,0.015,0.0,0.0,0.8435142857142857,0.6433333333333333,0.0
sbm,0.3,17,n2v2r degree-adjusted z (elbow),4,0.029718121066700208,0.287,0.0,0.0,1.0,1.0,0.0
sbm,0.3,18,DeDi,4,0.010613485355031135,,,,0.4912690476190476,0.29333333333333333,
sbm,0.3,18,n2v2r (default),4,0.2725157636714631,,,,0.8288761904761904,0.6166666666666667,
sbm,0.3,18,n2v2r euclidean only,4,0.47444288012291946,,,,0.7638857142857143,0.5566666666666666,
sbm,0.3,18,n2v2r cosine only,4,0.05189911698124898,,,,0.8611833333333333,0.6533333333333333,
sbm,0.3,18,n2v2r ULSE,4,0.18376158209630764,,,,0.8347333333333333,0.6166666666666667,
sbm,0.3,18,n2v2r elbow dimension,4,0.08956146180604158,,,,0.9999976190476191,1.0,
sbm,0.3,18,n2v2r degree-adjusted z,4,0.0008864112046490434,0.029,0.0,0.0,0.8465238095238096,0.64,0.0
sbm,0.3,18,n2v2r degree-adjusted z (elbow),4,0.008355859341004562,0.291,0.0,0.0,1.0,1.0,0.0
sbm,0.3,19,DeDi,4,0.0593697452264448,,,,0.5121071428571429,0.2833333333333333,
sbm,0.3,19,n2v2r (default),4,0.2581221039826685,,,,0.8356595238095238,0.6333333333333333,
sbm,0.3,19,n2v2r euclidean only,4,0.4744643532327753,,,,0.7719738095238096,0.5466666666666666,
sbm,0.3,19,n2v2r cosine only,4,0.025906378067761065,,,,0.8587,0.66,
sbm,0.3,19,n2v2r ULSE,4,0.14832503526954008,,,,0.842202380952381,0.6466666666666666,
sbm,0.3,19,n2v2r elbow dimension,4,0.07072710791578933,,,,1.0,1.0,
sbm,0.3,19,n2v2r degree-adjusted z,4,0.004459879303846409,0.028,0.0,0.0,0.8521619047619048,0.6633333333333333,0.0
sbm,0.3,19,n2v2r degree-adjusted z (elbow),4,0.018804576077670745,0.29,181.0,0.0,1.0,1.0,0.6033333333333334
weighted,0.0,0,DeDi,4,0.019081531081531083,,,,,,
weighted,0.0,0,n2v2r (default),4,-0.5093401187087521,,,,,,
weighted,0.0,0,n2v2r euclidean only,4,-0.04800938079509828,,,,,,
weighted,0.0,0,n2v2r cosine only,4,-0.7724989425962729,,,,,,
weighted,0.0,0,n2v2r ULSE,4,-0.5994470004055271,,,,,,
weighted,0.0,0,n2v2r elbow dimension,4,-0.3328356263967784,,,,,,
weighted,0.0,0,n2v2r degree-adjusted z,4,-0.01317842517842518,0.031,0.0,0.0,,,
weighted,0.0,0,n2v2r degree-adjusted z (elbow),4,-0.000611016611016611,0.031,0.0,0.0,,,
weighted,0.0,1,DeDi,4,0.013854013854013855,,,,,,
weighted,0.0,1,n2v2r (default),4,-0.47785303946117047,,,,,,
weighted,0.0,1,n2v2r euclidean only,4,-0.018635001709777246,,,,,,
weighted,0.0,1,n2v2r cosine only,4,-0.7380484527557291,,,,,,
weighted,0.0,1,n2v2r ULSE,4,-0.5615409788181616,,,,,,
weighted,0.0,1,n2v2r elbow dimension,4,-0.2666831426988316,,,,,,
weighted,0.0,1,n2v2r degree-adjusted z,4,-0.0022532782532782535,0.021,0.0,0.0,,,
weighted,0.0,1,n2v2r degree-adjusted z (elbow),4,-0.0017646377646377647,0.037,0.0,0.0,,,
weighted,0.0,2,DeDi,4,0.011367587367587369,,,,,,
weighted,0.0,2,n2v2r (default),4,-0.4616285377902223,,,,,,
weighted,0.0,2,n2v2r euclidean only,4,0.04671716305049573,,,,,,
weighted,0.0,2,n2v2r cosine only,4,-0.7484398039323819,,,,,,
weighted,0.0,2,n2v2r ULSE,4,-0.5773674010625719,,,,,,
weighted,0.0,2,n2v2r elbow dimension,4,-0.24954049591424574,,,,,,
weighted,0.0,2,n2v2r degree-adjusted z,4,-0.005382845382845383,0.034,0.0,0.0,,,
weighted,0.0,2,n2v2r degree-adjusted z (elbow),4,0.0022272142272142274,0.016,0.0,0.0,,,
weighted,0.0,3,DeDi,4,0.020941976941976942,,,,,,
weighted,0.0,3,n2v2r (default),4,-0.4939427969158221,,,,,,
weighted,0.0,3,n2v2r euclidean only,4,-0.009979721925767892,,,,,,
weighted,0.0,3,n2v2r cosine only,4,-0.7751162493836955,,,,,,
weighted,0.0,3,n2v2r ULSE,4,-0.586219998497121,,,,,,
weighted,0.0,3,n2v2r elbow dimension,4,-0.24092141481014,,,,,,
weighted,0.0,3,n2v2r degree-adjusted z,4,0.0027831627831627834,0.026,0.0,0.0,,,
weighted,0.0,3,n2v2r degree-adjusted z (elbow),4,-0.001756969756969757,0.013,0.0,0.0,,,
weighted,0.0,4,DeDi,4,-0.03256720456720457,,,,,,
weighted,0.0,4,n2v2r (default),4,-0.436026771885344,,,,,,
weighted,0.0,4,n2v2r euclidean only,4,0.056598430918400874,,,,,,
weighted,0.0,4,n2v2r cosine only,4,-0.7414055743922019,,,,,,
weighted,0.0,4,n2v2r ULSE,4,-0.5460389848206127,,,,,,
weighted,0.0,4,n2v2r elbow dimension,4,-0.27579493380800457,,,,,,
weighted,0.0,4,n2v2r degree-adjusted z,4,-0.006170934170934171,0.034,0.0,0.0,,,
weighted,0.0,4,n2v2r degree-adjusted z (elbow),4,-0.0002472842472842473,0.024,0.0,0.0,,,
weighted,0.0,5,DeDi,4,0.016522192522192523,,,,,,
weighted,0.0,5,n2v2r (default),4,-0.4638985267829619,,,,,,
weighted,0.0,5,n2v2r euclidean only,4,0.02077041113219793,,,,,,
weighted,0.0,5,n2v2r cosine only,4,-0.7484356204556648,,,,,,
weighted,0.0,5,n2v2r ULSE,4,-0.5614403082856173,,,,,,
weighted,0.0,5,n2v2r elbow dimension,4,-0.29448982636549226,,,,,,
weighted,0.0,5,n2v2r degree-adjusted z,4,-0.013784869784869787,0.029,0.0,0.0,,,
weighted,0.0,5,n2v2r degree-adjusted z (elbow),4,-0.0013781653781653781,0.012,0.0,0.0,,,
weighted,0.0,6,DeDi,4,0.04185066585066585,,,,,,
weighted,0.0,6,n2v2r (default),4,-0.48728108683113397,,,,,,
weighted,0.0,6,n2v2r euclidean only,4,0.007745517348839606,,,,,,
weighted,0.0,6,n2v2r cosine only,4,-0.7637112017235603,,,,,,
weighted,0.0,6,n2v2r ULSE,4,-0.594432727714974,,,,,,
weighted,0.0,6,n2v2r elbow dimension,4,-0.25930329256352364,,,,,,
weighted,0.0,6,n2v2r degree-adjusted z,4,-0.00199966999967,0.021,0.0,0.0,,,
weighted,0.0,6,n2v2r degree-adjusted z (elbow),4,0.0007544527544527545,0.026,0.0,0.0,,,
weighted,0.0,7,DeDi,4,0.006322854322854322,,,,,,
weighted,0.0,7,n2v2r (default),4,-0.5119974451492022,,,,,,
weighted,0.0,7,n2v2r euclidean only,4,-0.05625164555822746,,,,,,
weighted,0.0,7,n2v2r cosine only,4,-0.7725015602492382,,,,,,
weighted,0.0,7,n2v2r ULSE,4,-0.5844196147445696,,,,,,
weighted,0.0,7,n2v2r elbow dimension,4,-0.3024826725140353,,,,,,
weighted,0.0,7,n2v2r degree-adjusted z,4,0.002146646146646147,0.033,0.0,0.0,,,
weighted,0.0,7,n2v2r degree-adjusted z (elbow),4,0.00013393213393213393,0.036,0.0,0.0,,,
weighted,0.0,8,DeDi,4,0.028548688548688552,,,,,,
weighted,0.0,8,n2v2r (default),4,-0.44132407031104487,,,,,,
weighted,0.0,8,n2v2r euclidean only,4,0.07218268685688946,,,,,,
weighted,0.0,8,n2v2r cosine only,4,-0.737881356640769,,,,,,
weighted,0.0,8,n2v2r ULSE,4,-0.5691203842927505,,,,,,
weighted,0.0,8,n2v2r elbow dimension,4,-0.29000640882155565,,,,,,
weighted,0.0,8,n2v2r degree-adjusted z,4,-0.008742572742572743,0.036,0.0,0.0,,,
weighted,0.0,8,n2v2r degree-adjusted z (elbow),4,-0.005088221088221089,0.034,0.0,0.0,,,
weighted,0.0,9,DeDi,4,0.018080850080850083,,,,,,
weighted,0.0,9,n2v2r (default),4,-0.4613491322546035,,,,,,
weighted,0.0,9,n2v2r euclidean only,4,0.03377927115017569,,,,,,
weighted,0.0,9,n2v2r cosine only,4,-0.7407460709690358,,,,,,
weighted,0.0,9,n2v2r ULSE,4,-0.5871742222583818,,,,,,
weighted,0.0,9,n2v2r elbow dimension,4,-0.282460469490453,,,,,,
weighted,0.0,9,n2v2r degree-adjusted z,4,-0.003891747891747892,0.033,0.0,0.0,,,
weighted,0.0,9,n2v2r degree-adjusted z (elbow),4,-0.00685044685044685,0.038,0.0,0.0,,,
weighted,0.0,10,DeDi,4,0.010686550686550687,,,,,,
weighted,0.0,10,n2v2r (default),4,-0.46953972534658683,,,,,,
weighted,0.0,10,n2v2r euclidean only,4,0.08248223056626709,,,,,,
weighted,0.0,10,n2v2r cosine only,4,-0.7648088391242853,,,,,,
weighted,0.0,10,n2v2r ULSE,4,-0.5714915903547857,,,,,,
weighted,0.0,10,n2v2r elbow dimension,4,-0.24734444798947045,,,,,,
weighted,0.0,10,n2v2r degree-adjusted z,4,-0.003468903468903469,0.039,0.0,0.0,,,
weighted,0.0,10,n2v2r degree-adjusted z (elbow),4,0.0015732015732015732,0.024,0.0,0.0,,,
weighted,0.0,11,DeDi,4,0.003712323712323712,,,,,,
weighted,0.0,11,n2v2r (default),4,-0.47578996775632676,,,,,,
weighted,0.0,11,n2v2r euclidean only,4,0.023162032373490245,,,,,,
weighted,0.0,11,n2v2r cosine only,4,-0.7667169883248479,,,,,,
weighted,0.0,11,n2v2r ULSE,4,-0.5927854194659712,,,,,,
weighted,0.0,11,n2v2r elbow dimension,4,-0.24750951158540957,,,,,,
weighted,0.0,11,n2v2r degree-adjusted z,4,0.0013945933945933946,0.027,0.0,0.0,,,
weighted,0.0,11,n2v2r degree-adjusted z (elbow),4,-0.0008385128385128386,0.03,0.0,0.0,,,
weighted,0.0,12,DeDi,4,0.05027882627882628,,,,,,
weighted,0.0,12,n2v2r (default),4,-0.4462011790523054,,,,,,
weighted,0.0,12,n2v2r euclidean only,4,0.022820817202414526,,,,,,
weighted,0.0,12,n2v2r cosine only,4,-0.7290003539764124,,,,,,
weighted,0.0,12,n2v2r ULSE,4,-0.5417350017415643,,,,,,
weighted,0.0,12,n2v2r elbow dimension,4,-0.28601375230317044,,,,,,
weighted,0.0,12,n2v2r degree-adjusted z,4,0.00451994851994852,0.036,0.0,0.0,,,
weighted,0.0,12,n2v2r degree-adjusted z (elbow),4,-0.004120924120924121,0.024,0.0,0.0,,,
weighted,0.0,13,DeDi,4,-0.026026238026238033,,,,,,
weighted,0.0,13,n2v2r (default),4,-0.46555984825359586,,,,,,
weighted,0.0,13,n2v2r euclidean only,4,0.015939492856420316,,,,,,
weighted,0.0,13,n2v2r cosine only,4,-0.7451470143317233,,,,,,
weighted,0.0,13,n2v2r ULSE,4,-0.5768398668690956,,,,,,
weighted,0.0,13,n2v2r elbow dimension,4,-0.2587569346518372,,,,,,
weighted,0.0,13,n2v2r degree-adjusted z,4,-0.0027616107616107613,0.038,0.0,0.0,,,
weighted,0.0,13,n2v2r degree-adjusted z (elbow),4,0.004453540453540454,0.017,0.0,0.0,,,
weighted,0.0,14,DeDi,4,0.024332916332916336,,,,,,
weighted,0.0,14,n2v2r (default),4,-0.5130332895190879,,,,,,
weighted,0.0,14,n2v2r euclidean only,4,-0.029237183903262593,,,,,,
weighted,0.0,14,n2v2r cosine only,4,-0.771474887196129,,,,,,
weighted,0.0,14,n2v2r ULSE,4,-0.5949491134187735,,,,,,
weighted,0.0,14,n2v2r elbow dimension,4,-0.3184036031754441,,,,,,
weighted,0.0,14,n2v2r degree-adjusted z,4,0.003792243792243792,0.031,0.0,0.0,,,
weighted,0.0,14,n2v2r degree-adjusted z (elbow),4,-0.001298065298065298,0.03,0.0,0.0,,,
weighted,0.0,15,DeDi,4,0.10067161667161666,,,,,,
weighted,0.0,15,n2v2r (default),4,-0.42200493937952016,,,,,,
weighted,0.0,15,n2v2r euclidean only,4,0.05208009207947072,,,,,,
weighted,0.0,15,n2v2r cosine only,4,-0.7073855427604405,,,,,,
weighted,0.0,15,n2v2r ULSE,4,-0.5365279292537809,,,,,,
weighted,0.0,15,n2v2r elbow dimension,4,-0.23066905642334742,,,,,,
weighted,0.0,15,n2v2r degree-adjusted z,4,-0.015861219861219866,0.027,0.0,0.0,,,
weighted,0.0,15,n2v2r degree-adjusted z (elbow),4,-0.0014524334524334526,0.015,0.0,0.0,,,
weighted,0.0,16,DeDi,4,-0.0160979800979801,,,,,,
weighted,0.0,16,n2v2r (default),4,-0.5080883584861694,,,,,,
weighted,0.0,16,n2v2r euclidean only,4,-0.01759224275884674,,,,,,
weighted,0.0,16,n2v2r cosine only,4,-0.7846012380751238,,,,,,
weighted,0.0,16,n2v2r ULSE,4,-0.5819830981075288,,,,,,
weighted,0.0,16,n2v2r elbow dimension,4,-0.2787764748372483,,,,,,
weighted,0.0,16,n2v2r degree-adjusted z,4,0.0003453603453603454,0.045,0.0,0.0,,,
weighted,0.0,16,n2v2r degree-adjusted z (elbow),4,0.005043569043569044,0.031,0.0,0.0,,,
weighted,0.0,17,DeDi,4,0.013138369138369138,,,,,,
weighted,0.0,17,n2v2r (default),4,-0.47000749286853133,,,,,,
weighted,0.0,17,n2v2r euclidean only,4,0.023350821834180052,,,,,,
weighted,0.0,17,n2v2r cosine only,4,-0.7559778525707372,,,,,,
weighted,0.0,17,n2v2r ULSE,4,-0.5995986463673426,,,,,,
weighted,0.0,17,n2v2r elbow dimension,4,-0.2581013478753135,,,,,,
weighted,0.0,17,n2v2r degree-adjusted z,4,-0.005361041361041361,0.023,0.0,0.0,,,
weighted,0.0,17,n2v2r degree-adjusted z (elbow),4,0.0009268689268689271,0.024,0.0,0.0,,,
weighted,0.0,18,DeDi,4,-0.018264258264258267,,,,,,
weighted,0.0,18,n2v2r (default),4,-0.48284900768798644,,,,,,
weighted,0.0,18,n2v2r euclidean only,4,0.03372321318637416,,,,,,
weighted,0.0,18,n2v2r cosine only,4,-0.7781127208356688,,,,,,
weighted,0.0,18,n2v2r ULSE,4,-0.5850583104480356,,,,,,
weighted,0.0,18,n2v2r elbow dimension,4,-0.2788390928432239,,,,,,
weighted,0.0,18,n2v2r degree-adjusted z,4,-0.005061737061737063,0.042,0.0,0.0,,,
weighted,0.0,18,n2v2r degree-adjusted z (elbow),4,0.0010250890250890253,0.018,0.0,0.0,,,
weighted,0.0,19,DeDi,4,-0.030629166629166628,,,,,,
weighted,0.0,19,n2v2r (default),4,-0.5251976348898311,,,,,,
weighted,0.0,19,n2v2r euclidean only,4,-0.02078043077027386,,,,,,
weighted,0.0,19,n2v2r cosine only,4,-0.7939776623104539,,,,,,
weighted,0.0,19,n2v2r ULSE,4,-0.6205576852378403,,,,,,
weighted,0.0,19,n2v2r elbow dimension,4,-0.2588266553470597,,,,,,
weighted,0.0,19,n2v2r degree-adjusted z,4,-0.0019359619359619364,0.054,0.0,0.0,,,
weighted,0.0,19,n2v2r degree-adjusted z (elbow),4,-0.0007719967719967721,0.017,0.0,0.0,,,
weighted,0.1,0,DeDi,4,0.026999018999019,,,,0.6607,0.33,
weighted,0.1,0,n2v2r (default),4,0.20369554558379874,,,,0.9990111111111111,0.96,
weighted,0.1,0,n2v2r euclidean only,4,0.6021173357904771,,,,0.9109444444444444,0.41,
weighted,0.1,0,n2v2r cosine only,4,-0.2617499790862286,,,,0.9994111111111111,0.97,
weighted,0.1,0,n2v2r ULSE,4,0.19528664993314923,,,,0.9992166666666666,0.95,
weighted,0.1,0,n2v2r elbow dimension,4,0.05228908417313239,,,,1.0,1.0,
weighted,0.1,0,n2v2r degree-adjusted z,4,0.007224127224127223,0.096,13.0,0.0,0.9998444444444444,0.99,0.13
weighted,0.1,0,n2v2r degree-adjusted z (elbow),4,0.013758157758157759,0.102,100.0,0.0,1.0,1.0,1.0
weighted,0.1,1,DeDi,4,0.01557985557985558,,,,0.5851666666666666,0.16,
weighted,0.1,1,n2v2r (default),4,0.3229560971155421,,,,0.9997888888888888,0.99,
weighted,0.1,1,n2v2r euclidean only,4,0.681022107304631,,,,0.9252111111111111,0.43,
weighted,0.1,1,n2v2r cosine only,4,-0.2595808683054288,,,,1.0,1.0,
weighted,0.1,1,n2v2r ULSE,4,0.2437653758981493,,,,0.9996,0.98,
weighted,0.1,1,n2v2r elbow dimension,4,-0.03361386537898317,,,,1.0,1.0,
weighted,0.1,1,n2v2r degree-adjusted z,4,0.03656174456174456,0.114,101.0,0.009900990099009901,1.0,1.0,1.0
weighted,0.1,1,n2v2r degree-adjusted z (elbow),4,0.014604470604470603,0.104,100.0,0.0,1.0,1.0,1.0
weighted,0.1,2,DeDi,4,0.08946859746859748,,,,0.6005111111111111,0.22,
weighted,0.1,2,n2v2r (default),4,0.2422263631200202,,,,0.9999111111111111,0.98,
weighted,0.1,2,n2v2r euclidean only,4,0.6786861782727597,,,,0.9257444444444445,0.42,
weighted,0.1,2,n2v2r cosine only,4,-0.3700382439844443,,,,0.9991666666666666,0.98,
weighted,0.1,2,n2v2r ULSE,4,0.21791843741489608,,,,0.9998666666666667,0.99,
weighted,0.1,2,n2v2r elbow dimension,4,0.0012349644723994937,,,,1.0,1.0,
weighted,0.1,2,n2v2r degree-adjusted z,4,0.02510431310431311,0.113,100.0,0.0,1.0,1.0,1.0
weighted,0.1,2,n2v2r degree-adjusted z (elbow),4,0.0035331395331395336,0.103,100.0,0.0,1.0,1.0,1.0
weighted,0.1,3,DeDi,4,0.02480916080916081,,,,0.5317444444444445,0.2,
weighted,0.1,3,n2v2r (default),4,0.31736840097945307,,,,0.9993666666666666,0.94,
weighted,0.1,3,n2v2r euclidean only,4,0.7475940474326406,,,,0.8972833333333333,0.43,
weighted,0.1,3,n2v2r cosine only,4,-0.34916611230354067,,,,0.9997333333333334,0.98,
weighted,0.1,3,n2v2r ULSE,4,0.24340353788175353,,,,0.9995222222222222,0.96,
weighted,0.1,3,n2v2r elbow dimension,4,0.014055873001337997,,,,1.0,1.0,
weighted,0.1,3,n2v2r degree-adjusted z,4,0.020594240594240597,0.112,100.0,0.0,1.0,1.0,1.0
weighted,0.1,3,n2v2r degree-adjusted z (elbow),4,0.012962016962016964,0.104,100.0,0.0,1.0,1.0,1.0
weighted,0.1,4,DeDi,4,-0.011376803376803378,,,,0.6498,0.29,
weighted,0.1,4,n2v2r (default),4,0.3536477418417,,,,0.9999555555555556,0.99,
weighted,0.1,4,n2v2r euclidean only,4,0.716899256434153,,,,0.9244555555555556,0.44,
weighted,0.1,4,n2v2r cosine only,4,-0.24492251109101149,,,,1.0,1.0,
weighted,0.1,4,n2v2r ULSE,4,0.25432932503390554,,,,0.9999666666666667,0.99,
weighted,0.1,4,n2v2r elbow dimension,4,0.06952657632093984,,,,1.0,1.0,
weighted,0.1,4,n2v2r degree-adjusted z,4,0.02421993621993622,0.109,100.0,0.0,1.0,1.0,1.0
weighted,0.1,4,n2v2r degree-adjusted z (elbow),4,0.011281283281283281,0.102,100.0,0.0,1.0,1.0,1.0
weighted,0.1,5,DeDi,4,0.05766808566808567,,,,0.5995666666666667,0.25,
weighted,0.1,5,n2v2r (default),4,0.4044350859810239,,,,0.9998888888888889,0.99,
weighted,0.1,5,n2v2r euclidean only,4,0.7269443490710099,,,,0.9195166666666666,0.42,
weighted,0.1,5,n2v2r cosine only,4,-0.17059632674472297,,,,1.0,1.0,
weighted,0.1,5,n2v2r ULSE,4,0.30448319993463585,,,,0.9998666666666667,0.98,
weighted,0.1,5,n2v2r elbow dimension,4,-0.0011667202797719578,,,,1.0,1.0,
weighted,0.1,5,n2v2r degree-adjusted z,4,0.009347613347613349,0.115,101.0,0.009900990099009901,0.9999888888888889,0.99,1.0
weighted,0.1,5,n2v2r degree-adjusted z (elbow),4,0.014348174348174349,0.103,100.0,0.0,1.0,1.0,1.0
weighted,0.1,6,DeDi,4,0.01954781554781555,,,,0.5935444444444444,0.21,
weighted,0.1,6,n2v2r (default),4,0.36000652656715476,,,,0.9999444444444444,0.99,
weighted,0.1,6,n2v2r euclidean only,4,0.6940263984586841,,,,0.9329611111111111,0.51,
weighted,0.1,6,n2v2r cosine only,4,-0.15537175347421023,,,,1.0,1.0,
weighted,0.1,6,n2v2r ULSE,4,0.2796360953869708,,,,1.0,1.0,
weighted,0.1,6,n2v2r elbow dimension,4,0.10040421263529645,,,,1.0,1.0,
weighted,0.1,6,n2v2r degree-adjusted z,4,0.016985680985680988,0.115,100.0,0.0,1.0,1.0,1.0
weighted,0.1,6,n2v2r degree-adjusted z (elbow),4,0.011815463815463816,0.104,100.0,0.0,1.0,1.0,1.0
weighted,0.1,7,DeDi,4,0.12991702591702592,,,,0.7534777777777778,0.43,
weighted,0.1,7,n2v2r (default),4,0.4417923482282842,,,,0.9995111111111111,0.96,
weighted,0.1,7,n2v2r euclidean only,4,0.7606329501908088,,,,0.9117388888888889,0.41,
weighted,0.1,7,n2v2r cosine only,4,-0.16713316270453854,,,,0.9999555555555556,0.99,
weighted,0.1,7,n2v2r ULSE,4,0.3015673616131276,,,,0.9993777777777778,0.97,
weighted,0.1,7,n2v2r elbow dimension,4,0.13157859510458644,,,,1.0,1.0,
weighted,0.1,7,n2v2r degree-adjusted z,4,0.0036349836349836356,0.108,101.0,0.009900990099009901,1.0,1.0,1.0
weighted,0.1,7,n2v2r degree-adjusted z (elbow),4,0.010995142995142995,0.104,100.0,0.0,1.0,1.0,1.0
weighted,0.1,8,DeDi,4,0.020982284982284983,,,,0.5217111111111111,0.11,
weighted,0.1,8,n2v2r (default),4,0.3509120765996376,,,,0.9999555555555556,0.99,
weighted,0.1,8,n2v2r euclidean only,4,0.7372848508183124,,,,0.9108833333333334,0.37,
weighted,0.1,8,n2v2r cosine only,4,-0.30810753865877416,,,,1.0,1.0,
weighted,0.1,8,n2v2r ULSE,4,0.25071434351792,,,,0.9999333333333333,0.98,
weighted,0.1,8,n2v2r elbow dimension,4,0.001866525697588305,,,,1.0,1.0,
weighted,0.1,8,n2v2r degree-adjusted z,4,0.019812127812127815,0.111,100.0,0.0,1.0,1.0,1.0
weighted,0.1,8,n2v2r degree-adjusted z (elbow),4,0.02036048036048036,0.105,100.0,0.0,1.0,1.0,1.0
weighted,0.1,9,DeDi,4,0.10216003816003817,,,,0.6806888888888889,0.24,
weighted,0.1,9,n2v2r (default),4,0.3662976522755121,,,,0.9998444444444444,0.98,
weighted,0.1,9,n2v2r euclidean only,4,0.729761514361459,,,,0.9131944444444444,0.42,
weighted,0.1,9,n2v2r cosine only,4,-0.21191867742828668,,,,1.0,1.0,
weighted,0.1,9,n2v2r ULSE,4,0.2935729263980853,,,,0.9997555555555555,0.96,
weighted,0.1,9,n2v2r elbow dimension,4,0.16087079227205264,,,,1.0,1.0,
weighted,0.1,9,n2v2r degree-adjusted z,4,0.0004603804603804604,0.12,104.0,0.038461538461538464,0.9999666666666667,0.99,1.0
weighted,0.1,9,n2v2r degree-adjusted z (elbow),4,0.009783537783537783,0.102,100.0,0.0,1.0,1.0,1.0
weighted,0.1,10,DeDi,4,0.07437959037959038,,,,0.5727222222222222,0.17,
weighted,0.1,10,n2v2r (default),4,0.3319796878416177,,,,0.9994222222222222,0.98,
weighted,0.1,10,n2v2r euclidean only,4,0.735134866172675,,,,0.9089833333333334,0.4,
weighted,0.1,10,n2v2r cosine only,4,-0.2664162167801547,,,,0.9999666666666667,0.99,
weighted,0.1,10,n2v2r ULSE,4,0.25367775879185817,,,,0.9994555555555555,0.97,
weighted,0.1,10,n2v2r elbow dimension,4,0.06363319025717533,,,,1.0,1.0,
weighted,0.1,10,n2v2r degree-adjusted z,4,0.017993177993177997,0.105,99.0,0.0,0.9999888888888889,0.99,0.99
weighted,0.1,10,n2v2r degree-adjusted z (elbow),4,0.00872984072984073,0.103,100.0,0.0,1.0,1.0,1.0
weighted,0.1,11,DeDi,4,-0.02401774801774802,,,,0.5603666666666667,0.16,
weighted,0.1,11,n2v2r (default),4,0.2772605883729517,,,,0.9997888888888888,0.97,
weighted,0.1,11,n2v2r euclidean only,4,0.7200483175751374,,,,0.90765,0.42,
weighted,0.1,11,n2v2r cosine only,4,-0.4020449836192223,,,,1.0,1.0,
weighted,0.1,11,n2v2r ULSE,4,0.2259366744046971,,,,0.9999444444444444,0.99,
weighted,0.1,11,n2v2r elbow dimension,4,0.016507432087856627,,,,1.0,1.0,
weighted,0.1,11,n2v2r degree-adjusted z,4,0.0011442251442251444,0.11,100.0,0.0,1.0,1.0,1.0
weighted,0.1,11,n2v2r degree-adjusted z (elbow),4,0.007782871782871783,0.104,100.0,0.0,1.0,1.0,1.0
weighted,0.1,12,DeDi,4,0.08220373020373022,,,,0.5239111111111111,0.16,
weighted,0.1,12,n2v2r (default),4,0.39874596624062886,,,,0.9998333333333334,0.98,
weighted,0.1,12,n2v2r euclidean only,4,0.737922215465624,,,,0.9291555555555555,0.43,
weighted,0.1,12,n2v2r cosine only,4,-0.12019066366155275,,,,1.0,1.0,
weighted,0.1,12,n2v2r ULSE,4,0.31570431495904366,,,,0.9999888888888889,0.99,
weighted,0.1,12,n2v2r elbow dimension,4,0.18466229972224285,,,,1.0,1.0,
weighted,0.1,12,n2v2r degree-adjusted z,4,0.010188886188886189,0.102,100.0,0.0,1.0,1.0,1.0
weighted,0.1,12,n2v2r degree-adjusted z (elbow),4,0.005762309762309762,0.107,100.0,0.0,1.0,1.0,1.0
weighted,0.1,13,DeDi,4,0.09584776784776786,,,,0.5532111111111111,0.16,
weighted,0.1,13,n2v2r (default),4,0.2048417095791406,,,,0.9980333333333333,0.93,
weighted,0.1,13,n2v2r euclidean only,4,0.6997687093298623,,,,0.9146722222222222,0.52,
weighted,0.1,13,n2v2r cosine only,4,-0.4450653718307716,,,,0.9998888888888889,0.98,
weighted,0.1,13,n2v2r ULSE,4,0.16997947574781389,,,,0.9992111111111112,0.95,
weighted,0.1,13,n2v2r elbow dimension,4,0.008085189701441989,,,,1.0,1.0,
weighted,0.1,13,n2v2r degree-adjusted z,4,0.013595269595269598,0.11,100.0,0.01,0.9999777777777777,0.99,0.99
weighted,0.1,13,n2v2r degree-adjusted z (elbow),4,0.01496885096885097,0.102,100.0,0.0,1.0,1.0,1.0
weighted,0.1,14,DeDi,4,0.07795345795345796,,,,0.5706555555555556,0.21,
weighted,0.1,14,n2v2r (default),4,0.17091173670464696,,,,0.9992666666666666,0.97,
weighted,0.1,14,n2v2r euclidean only,4,0.6053539128927586,,,,0.9206055555555556,0.42,
weighted,0.1,14,n2v2r cosine only,4,-0.37563250350015565,,,,0.9990333333333333,0.93,
weighted,0.1,14,n2v2r ULSE,4,0.1568523569690697,,,,0.9996,0.98,
weighted,0.1,14,n2v2r elbow dimension,4,0.02508530082283267,,,,1.0,1.0,
weighted,0.1,14,n2v2r degree-adjusted z,4,0.01807732207732208,0.106,87.0,0.011494252873563218,0.9997222222222222,0.97,0.86
weighted,0.1,14,n2v2r degree-adjusted z (elbow),4,0.010045078045078046,0.101,100.0,0.0,1.0,1.0,1.0
weighted,0.1,15,DeDi,4,0.08243487443487443,,,,0.6609444444444444,0.23,
weighted,0.1,15,n2v2r (default),4,0.2997168791871531,,,,0.9998111111111111,0.98,
weighted,0.1,15,n2v2r euclidean only,4,0.723058739179205,,,,0.9131777777777778,0.49,
weighted,0.1,15,n2v2r cosine only,4,-0.3476974754984899,,,,1.0,1.0,
weighted,0.1,15,n2v2r ULSE,4,0.23234656353111308,,,,0.9996222222222222,0.96,
weighted,0.1,15,n2v2r elbow dimension,4,0.0628589825290874,,,,1.0,1.0,
weighted,0.1,15,n2v2r degree-adjusted z,4,0.016293172293172294,0.106,100.0,0.0,1.0,1.0,1.0
weighted,0.1,15,n2v2r degree-adjusted z (elbow),4,0.0061681381681381675,0.104,100.0,0.0,1.0,1.0,1.0
weighted,0.1,16,DeDi,4,0.043258759258759265,,,,0.5722444444444444,0.14,
weighted,0.1,16,n2v2r (default),4,0.3960543345110631,,,,0.9999444444444444,0.99,
weighted,0.1,16,n2v2r euclidean only,4,0.707182469746039,,,,0.9327,0.45,
weighted,0.1,16,n2v2r cosine only,4,-0.15574388731055783,,,,1.0,1.0,
weighted,0.1,16,n2v2r ULSE,4,0.2816329432044038,,,,0.9999333333333333,0.99,
weighted,0.1,16,n2v2r elbow dimension,4,0.05730778682173603,,,,1.0,1.0,
weighted,0.1,16,n2v2r degree-adjusted z,4,0.014267306267306266,0.111,104.0,0.038461538461538464,1.0,1.0,1.0
weighted,0.1,16,n2v2r degree-adjusted z (elbow),4,0.015136611136611137,0.104,100.0,0.0,1.0,1.0,1.0
weighted,0.1,17,DeDi,4,0.06525716925716926,,,,0.5618888888888889,0.11,
weighted,0.1,17,n2v2r (default),4,0.3172256567276442,,,,0.9996777777777778,0.97,
weighted,0.1,17,n2v2r euclidean only,4,0.6798880174349202,,,,0.9323833333333333,0.48,
weighted,0.1,17,n2v2r cosine only,4,-0.22189601916868257,,,,1.0,1.0,
weighted,0.1,17,n2v2r ULSE,4,0.2405813836163841,,,,0.9996888888888888,0.98,
weighted,0.1,17,n2v2r elbow dimension,4,0.011239883142925696,,,,1.0,1.0,
weighted,0.1,17,n2v2r degree-adjusted z,4,0.016201168201168202,0.103,100.0,0.0,1.0,1.0,1.0
weighted,0.1,17,n2v2r degree-adjusted z (elbow),4,0.005258537258537258,0.103,100.0,0.0,1.0,1.0,1.0
weighted,0.1,18,DeDi,4,0.036511920511920516,,,,0.6191666666666666,0.2,
weighted,0.1,18,n2v2r (default),4,0.3315445663352829,,,,0.9998888888888889,0.98,
weighted,0.1,18,n2v2r euclidean only,4,0.691567034629785,,,,0.9210611111111111,0.45,
weighted,0.1,18,n2v2r cosine only,4,-0.21420879997952005,,,,0.9999555555555556,0.99,
weighted,0.1,18,n2v2r ULSE,4,0.24684775854514449,,,,0.9999111111111111,0.98,
weighted,0.1,18,n2v2r elbow dimension,4,-0.026766654470156186,,,,1.0,1.0,
weighted,0.1,18,n2v2r degree-adjusted z,4,0.01777768177768178,0.107,100.0,0.0,1.0,1.0,1.0
weighted,0.1,18,n2v2r degree-adjusted z (elbow),4,0.01121872721872722,0.104,100.0,0.0,1.0,1.0,1.0
weighted,0.1,19,DeDi,4,0.03583389583389584,,,,0.5014,0.12,
weighted,0.1,19,n2v2r (default),4,0.41824180717610154,,,,1.0,1.0,
weighted,0.1,19,n2v2r euclidean only,4,0.7552462821415805,,,,0.9275055555555556,0.44,
weighted,0.1,19,n2v2r cosine only,4,-0.18457786214067928,,,,1.0,1.0,
weighted,0.1,19,n2v2r ULSE,4,0.2912320459481464,,,,0.9999222222222223,0.98,
weighted,0.1,19,n2v2r elbow dimension,4,0.06548359415142374,,,,1.0,1.0,
weighted,0.1,19,n2v2r degree-adjusted z,4,0.008065760065760067,0.113,101.0,0.009900990099009901,1.0,1.0,1.0
weighted,0.1,19,n2v2r degree-adjusted z (elbow),4,0.01112012312012312,0.106,100.0,0.0,1.0,1.0,1.0
weighted,0.3,0,DeDi,4,0.2856715776715777,,,,0.5433095238095238,0.35333333333333333,
weighted,0.3,0,n2v2r (default),4,0.46520658209707705,,,,0.9709404761904762,0.86,
weighted,0.3,0,n2v2r euclidean only,4,0.8419810188041245,,,,0.7680976190476191,0.5033333333333333,
weighted,0.3,0,n2v2r cosine only,4,-0.09802377196212388,,,,0.9932904761904762,0.93,
weighted,0.3,0,n2v2r ULSE,4,0.4178992425249674,,,,0.9651571428571428,0.87,
weighted,0.3,0,n2v2r elbow dimension,4,0.3049389255286897,,,,0.999597619047619,0.98,
weighted,0.3,0,n2v2r degree-adjusted z,4,0.004940776940776942,0.088,0.0,0.0,0.9839666666666667,0.8833333333333333,0.0
weighted,0.3,0,n2v2r degree-adjusted z (elbow),4,-0.03807393807393808,0.031,0.0,0.0,1.0,1.0,0.0
weighted,0.3,1,DeDi,4,0.04992480192480193,,,,0.5558761904761905,0.3466666666666667,
weighted,0.3,1,n2v2r (default),4,0.45401614870531265,,,,0.9661380952380952,0.8433333333333334,
weighted,0.3,1,n2v2r euclidean only,4,0.8279565827629888,,,,0.77885,0.5166666666666667,
weighted,0.3,1,n2v2r cosine only,4,-0.08613805267656036,,,,0.9878333333333333,0.91,
weighted,0.3,1,n2v2r ULSE,4,0.42324909626252705,,,,0.9674285714285714,0.8766666666666667,
weighted,0.3,1,n2v2r elbow dimension,4,0.28122399172523566,,,,0.9996714285714285,0.9866666666666667,
weighted,0.3,1,n2v2r degree-adjusted z,4,0.016942960942960945,0.062,0.0,0.0,0.9762285714285714,0.8733333333333333,0.0
weighted,0.3,1,n2v2r degree-adjusted z (elbow),4,-0.06531835731835732,0.3,295.0,0.0,1.0,1.0,0.9833333333333333
weighted,0.3,2,DeDi,4,0.015523983523983525,,,,0.5023333333333333,0.30666666666666664,
weighted,0.3,2,n2v2r (default),4,0.42037891012391915,,,,0.9670595238095238,0.84,
weighted,0.3,2,n2v2r euclidean only,4,0.7943107227768126,,,,0.7749571428571429,0.5133333333333333,
weighted,0.3,2,n2v2r cosine only,4,-0.079267205437717,,,,0.9930738095238095,0.93,
weighted,0.3,2,n2v2r ULSE,4,0.40376091562041977,,,,0.9679119047619048,0.84,
weighted,0.3,2,n2v2r elbow dimension,4,0.21530555368774384,,,,1.0,1.0,
weighted,0.3,2,n2v2r degree-adjusted z,4,0.02994703794703795,0.049,0.0,0.0,0.9865761904761905,0.9066666666666666,0.0
weighted,0.3,2,n2v2r degree-adjusted z (elbow),4,0.039571539571539575,0.3,300.0,0.0,1.0,1.0,1.0
weighted,0.3,3,DeDi,4,0.12323581523581524,,,,0.5366095238095238,0.33666666666666667,
weighted,0.3,3,n2v2r (default),4,0.46357876886380567,,,,0.9557285714285715,0.8333333333333334,
weighted,0.3,3,n2v2r euclidean only,4,0.8164505751207621,,,,0.7609666666666667,0.49333333333333335,
weighted,0.3,3,n2v2r cosine only,4,-0.023712051482267966,,,,0.9897047619047619,0.9433333333333334,
weighted,0.3,3,n2v2r ULSE,4,0.4254711373814739,,,,0.955695238095238,0.83,
weighted,0.3,3,n2v2r elbow dimension,4,0.2891374983949641,,,,0.9994333333333333,0.99,
weighted,0.3,3,n2v2r degree-adjusted z,4,0.009340581340581341,0.083,0.0,0.0,0.9866,0.9233333333333333,0.0
weighted,0.3,3,n2v2r degree-adjusted z (elbow),4,0.022115026115026117,0.298,0.0,0.0,0.9992380952380953,0.9966666666666667,0.0
weighted,0.3,4,DeDi,4,0.09195772395772397,,,,0.4419,0.24333333333333335,
weighted,0.3,4,n2v2r (default),4,0.4132253702172741,,,,0.9330119047619048,0.79,
weighted,0.3,4,n2v2r euclidean only,4,0.8700493657770776,,,,0.7085214285714285,0.4766666666666667,
weighted,0.3,4,n2v2r cosine only,4,-0.24003924916466785,,,,0.9592904761904761,0.83,
weighted,0.3,4,n2v2r ULSE,4,0.3818463570857658,,,,0.9506642857142857,0.83,
weighted,0.3,4,n2v2r elbow dimension,4,0.25942269971686316,,,,1.0,1.0,
weighted,0.3,4,n2v2r degree-adjusted z,4,0.0027223107223107224,0.055,0.0,0.0,0.9521952380952381,0.81,0.0
weighted,0.3,4,n2v2r degree-adjusted z (elbow),4,4.6752046752046755e-05,0.3,300.0,0.0,1.0,1.0,1.0
weighted,0.3,5,DeDi,4,0.11955016755016758,,,,0.5123904761904762,0.32,
weighted,0.3,5,n2v2r (default),4,0.47351497134641546,,,,0.9691119047619048,0.8633333333333333,
weighted,0.3,5,n2v2r euclidean only,4,0.836934659964064,,,,0.7712404761904762,0.5166666666666667,
weighted,0.3,5,n2v2r cosine only,4,-0.07191830249029374,,,,0.9908785714285714,0.92,
weighted,0.3,5,n2v2r ULSE,4,0.4340079702767855,,,,0.9622547619047619,0.8533333333333334,
weighted,0.3,5,n2v2r elbow dimension,4,0.2997113613075909,,,,0.9990619047619047,0.9733333333333334,
weighted,0.3,5,n2v2r degree-adjusted z,4,-0.0008125088125088125,0.084,0.0,0.0,0.9853380952380952,0.91,0.0
weighted,0.3,5,n2v2r degree-adjusted z (elbow),4,-0.08962208962208963,0.291,0.0,0.0,1.0,1.0,0.0
weighted,0.3,6,DeDi,4,0.032682164682164686,,,,0.5058523809523809,0.30333333333333334,
weighted,0.3,6,n2v2r (default),4,0.42041594942465094,,,,0.95615,0.82,
weighted,0.3,6,n2v2r euclidean only,4,0.810859372111808,,,,0.7555904761904761,0.5066666666666667,
weighted,0.3,6,n2v2r cosine only,4,-0.12884685572004803,,,,0.9898047619047619,0.91,
weighted,0.3,6,n2v2r ULSE,4,0.38911113046580076,,,,0.9542809523809523,0.82,
weighted,0.3,6,n2v2r elbow dimension,4,0.20757337288037528,,,,0.9997833333333334,0.9933333333333333,
weighted,0.3,6,n2v2r degree-adjusted z,4,0.019773991773991775,0.045,0.0,0.0,0.9783428571428572,0.8666666666666667,0.0
weighted,0.3,6,n2v2r degree-adjusted z (elbow),4,0.015126423126423127,0.3,296.0,0.0,1.0,1.0,0.9866666666666667
weighted,0.3,7,DeDi,4,0.16883877683877688,,,,0.5311285714285714,0.33,
weighted,0.3,7,n2v2r (default),4,0.4262318957075513,,,,0.9660166666666666,0.84,
weighted,0.3,7,n2v2r euclidean only,4,0.8278444275375673,,,,0.7538952380952381,0.49333333333333335,
weighted,0.3,7,n2v2r cosine only,4,-0.15565289073649607,,,,0.9898404761904762,0.9233333333333333,
weighted,0.3,7,n2v2r ULSE,4,0.38446005967498775,,,,0.9675190476190476,0.85,
weighted,0.3,7,n2v2r elbow dimension,4,0.3002146633602197,,,,0.9996357142857143,0.9833333333333333,
weighted,0.3,7,n2v2r degree-adjusted z,4,0.010071814071814072,0.068,0.0,0.0,0.9876,0.9233333333333333,0.0
weighted,0.3,7,n2v2r degree-adjusted z (elbow),4,-0.02438648438648439,0.297,0.0,0.0,1.0,1.0,0.0
weighted,0.3,8,DeDi,4,0.12261984261984261,,,,0.49001428571428574,0.26666666666666666,
weighted,0.3,8,n2v2r (default),4,0.4083494385255507,,,,0.9737357142857143,0.85,
weighted,0.3,8,n2v2r euclidean only,4,0.778012864723271,,,,0.7731904761904762,0.4866666666666667,
weighted,0.3,8,n2v2r cosine only,4,-0.0767298409298866,,,,0.9977857142857143,0.9766666666666667,
weighted,0.3,8,n2v2r ULSE,4,0.3836053467330941,,,,0.9701214285714286,0.8633333333333333,
weighted,0.3,8,n2v2r elbow dimension,4,0.22445341563701124,,,,1.0,1.0,
weighted,0.3,8,n2v2r degree-adjusted z,4,0.02770615570615571,0.127,0.0,0.0,0.9937428571428571,0.9533333333333334,0.0
weighted,0.3,8,n2v2r degree-adjusted z (elbow),4,0.04993314193314193,0.3,300.0,0.0,1.0,1.0,1.0
weighted,0.3,9,DeDi,4,0.14802984402984404,,,,0.5266904761904762,0.3233333333333333,
weighted,0.3,9,n2v2r (default),4,0.43891145651308255,,,,0.973002380952381,0.8766666666666667,
weighted,0.3,9,n2v2r euclidean only,4,0.808933443578662,,,,0.7651,0.4633333333333333,
weighted,0.3,9,n2v2r cosine only,4,-0.08329152578224656,,,,0.99765,0.9566666666666667,
weighted,0.3,9,n2v2r ULSE,4,0.3944409567573215,,,,0.9716809523809524,0.8766666666666667,
weighted,0.3,9,n2v2r elbow dimension,4,0.252645889420306,,,,1.0,1.0,
weighted,0.3,9,n2v2r degree-adjusted z,4,0.0014587214587214587,0.12,0.0,0.0,0.9953619047619048,0.9433333333333334,0.0
weighted,0.3,9,n2v2r degree-adjusted z (elbow),4,0.04756462756462757,0.3,300.0,0.0,1.0,1.0,1.0
weighted,0.3,10,DeDi,4,0.10715624315624317,,,,0.5197666666666667,0.31,
weighted,0.3,10,n2v2r (default),4,0.4761953756244789,,,,0.9686452380952381,0.85,
weighted,0.3,10,n2v2r euclidean only,4,0.8473723443464451,,,,0.7629476190476191,0.49333333333333335,
weighted,0.3,10,n2v2r cosine only,4,-0.08792569190587803,,,,0.9965857142857143,0.9566666666666667,
weighted,0.3,10,n2v2r ULSE,4,0.42352632020847925,,,,0.9651380952380952,0.8366666666666667,
weighted,0.3,10,n2v2r elbow dimension,4,0.2768235634047833,,,,0.9991642857142857,0.9833333333333333,
weighted,0.3,10,n2v2r degree-adjusted z,4,0.019521271521271522,0.085,1.0,0.0,0.9838904761904762,0.9266666666666666,0.0033333333333333335
weighted,0.3,10,n2v2r degree-adjusted z (elbow),4,-0.051912003912003915,0.3,290.0,0.0,1.0,1.0,0.9666666666666667
weighted,0.3,11,DeDi,4,0.04545546945546946,,,,0.5076,0.30333333333333334,
weighted,0.3,11,n2v2r (default),4,0.43080938253523093,,,,0.9752857142857143,0.8433333333333334,
weighted,0.3,11,n2v2r euclidean only,4,0.7721218956238227,,,,0.790947619047619,0.52,
weighted,0.3,11,n2v2r cosine only,4,-0.005344998098642883,,,,0.9993571428571428,0.9833333333333333,
weighted,0.3,11,n2v2r ULSE,4,0.389526817235588,,,,0.9671857142857143,0.8466666666666667,
weighted,0.3,11,n2v2r elbow dimension,4,0.2332902007456835,,,,0.9997452380952381,0.9933333333333333,
weighted,0.3,11,n2v2r degree-adjusted z,4,0.014850230850230852,0.178,0.0,0.0,0.996247619047619,0.9666666666666667,0.0
weighted,0.3,11,n2v2r degree-adjusted z (elbow),4,0.05226068826068827,0.3,300.0,0.0,1.0,1.0,1.0
weighted,0.3,12,DeDi,4,0.052182004182004194,,,,0.5039047619047619,0.30333333333333334,
weighted,0.3,12,n2v2r (default),4,0.438225350924339,,,,0.9654142857142857,0.85,
weighted,0.3,12,n2v2r euclidean only,4,0.8416482280950325,,,,0.7345642857142857,0.44,
weighted,0.3,12,n2v2r cosine only,4,-0.14640551436634316,,,,0.9955380952380952,0.95,
weighted,0.3,12,n2v2r ULSE,4,0.40710769663268376,,,,0.9590166666666666,0.8433333333333334,
weighted,0.3,12,n2v2r elbow dimension,4,0.2733612076542615,,,,1.0,1.0,
weighted,0.3,12,n2v2r degree-adjusted z,4,0.0037529557529557534,0.072,0.0,0.0,0.9927523809523809,0.9366666666666666,0.0
weighted,0.3,12,n2v2r degree-adjusted z (elbow),4,0.04786801186801187,0.3,300.0,0.0,1.0,1.0,1.0
weighted,0.3,13,DeDi,4,0.17211238011238011,,,,0.5030285714285714,0.30666666666666664,
weighted,0.3,13,n2v2r (default),4,0.40226339201956707,,,,0.9633119047619048,0.8366666666666667,
weighted,0.3,13,n2v2r euclidean only,4,0.7953287797159995,,,,0.7552261904761904,0.4633333333333333,
weighted,0.3,13,n2v2r cosine only,4,-0.0934418474204047,,,,0.9940547619047619,0.9333333333333333,
weighted,0.3,13,n2v2r ULSE,4,0.37952626540647305,,,,0.9608119047619048,0.8266666666666667,
weighted,0.3,13,n2v2r elbow dimension,4,0.18337497881855666,,,,1.0,1.0,
weighted,0.3,13,n2v2r degree-adjusted z,4,0.020133560133560133,0.049,0.0,0.0,0.9860333333333333,0.9033333333333333,0.0
weighted,0.3,13,n2v2r degree-adjusted z (elbow),4,0.0648987168987169,0.15,0.0,0.0,1.0,1.0,0.0
weighted,0.3,14,DeDi,4,0.1110808110808111,,,,0.5618190476190477,0.39,
weighted,0.3,14,n2v2r (default),4,0.37822286291623536,,,,0.9688809523809524,0.84,
weighted,0.3,14,n2v2r euclidean only,4,0.7971523235080957,,,,0.7419333333333333,0.45666666666666667,
weighted,0.3,14,n2v2r cosine only,4,-0.19157262915908974,,,,0.9960261904761905,0.9466666666666667,
weighted,0.3,14,n2v2r ULSE,4,0.34007483370179475,,,,0.9706928571428571,0.8566666666666667,
weighted,0.3,14,n2v2r elbow dimension,4,0.16087060075428844,,,,0.9999904761904762,0.9966666666666667,
weighted,0.3,14,n2v2r degree-adjusted z,4,0.02334471534471535,0.049,0.0,0.0,0.989352380952381,0.92,0.0
weighted,0.3,14,n2v2r degree-adjusted z (elbow),4,0.065986193986194,0.3,300.0,0.0,1.0,1.0,1.0
weighted,0.3,15,DeDi,4,0.07987253587253589,,,,0.5343,0.32666666666666666,
weighted,0.3,15,n2v2r (default),4,0.36257828485939214,,,,0.9579571428571428,0.8466666666666667,
weighted,0.3,15,n2v2r euclidean only,4,0.8103992743903728,,,,0.7359690476190476,0.47333333333333333,
weighted,0.3,15,n2v2r cosine only,4,-0.23797270680779786,,,,0.9806309523809524,0.89,
weighted,0.3,15,n2v2r ULSE,4,0.3528878829997764,,,,0.9607738095238095,0.8466666666666667,
weighted,0.3,15,n2v2r elbow dimension,4,0.21899413742078175,,,,1.0,1.0,
weighted,0.3,15,n2v2r degree-adjusted z,4,0.012651708651708652,0.052,0.0,0.0,0.981795238095238,0.8866666666666667,0.0
weighted,0.3,15,n2v2r degree-adjusted z (elbow),4,0.05916214716214717,0.3,300.0,0.0,1.0,1.0,1.0
weighted,0.3,16,DeDi,4,0.18401602001602002,,,,0.6434809523809524,0.48,
weighted,0.3,16,n2v2r (default),4,0.45959531054981606,,,,0.9545333333333333,0.8433333333333334,
weighted,0.3,16,n2v2r euclidean only,4,0.8207535523288554,,,,0.75695,0.4766666666666667,
weighted,0.3,16,n2v2r cosine only,4,-0.06099705304866459,,,,0.9801095238095238,0.9033333333333333,
weighted,0.3,16,n2v2r ULSE,4,0.43114942948563795,,,,0.9548952380952381,0.8366666666666667,
weighted,0.3,16,n2v2r elbow dimension,4,0.2731076453626079,,,,0.9997333333333334,0.99,
weighted,0.3,16,n2v2r degree-adjusted z,4,0.011401007401007402,0.115,2.0,0.0,0.9778571428571429,0.8866666666666667,0.006666666666666667
weighted,0.3,16,n2v2r degree-adjusted z (elbow),4,-0.018746658746658748,0.3,300.0,0.0,1.0,1.0,1.0
weighted,0.3,17,DeDi,4,0.0934026934026934,,,,0.5262952380952381,0.33666666666666667,
weighted,0.3,17,n2v2r (default),4,0.43492715902278933,,,,0.9676404761904762,0.8466666666666667,
weighted,0.3,17,n2v2r euclidean only,4,0.8481659741133715,,,,0.72585,0.43666666666666665,
weighted,0.3,17,n2v2r cosine only,4,-0.1581529330949225,,,,0.9962809523809524,0.9433333333333334,
weighted,0.3,17,n2v2r ULSE,4,0.3910305467811235,,,,0.9593738095238096,0.84,
weighted,0.3,17,n2v2r elbow dimension,4,0.24743089207933472,,,,1.0,1.0,
weighted,0.3,17,n2v2r degree-adjusted z,4,0.010254058254058255,0.087,0.0,0.0,0.9949476190476191,0.9433333333333334,0.0
weighted,0.3,17,n2v2r degree-adjusted z (elbow),4,0.044366696366696365,0.3,300.0,0.0,1.0,1.0,1.0
weighted,0.3,18,DeDi,4,0.08652013452013453,,,,0.5904095238095238,0.41333333333333333,
weighted,0.3,18,n2v2r (default),4,0.4113532640772392,,,,0.9660166666666666,0.85,
weighted,0.3,18,n2v2r euclidean only,4,0.8258080343372778,,,,0.747602380952381,0.5033333333333333,
weighted,0.3,18,n2v2r cosine only,4,-0.18712372175365338,,,,0.9946071428571429,0.9366666666666666,
weighted,0.3,18,n2v2r ULSE,4,0.3600149324568617,,,,0.9628095238095238,0.8466666666666667,
weighted,0.3,18,n2v2r elbow dimension,4,0.24139243558113568,,,,0.9998952380952381,0.9933333333333333,
weighted,0.3,18,n2v2r degree-adjusted z,4,0.004038412038412039,0.052,0.0,0.0,0.9882761904761905,0.93,0.0
weighted,0.3,18,n2v2r degree-adjusted z (elbow),4,0.021715725715725716,0.3,300.0,0.0,1.0,1.0,1.0
weighted,0.3,19,DeDi,4,0.128965208965209,,,,0.4406047619047619,0.24,
weighted,0.3,19,n2v2r (default),4,0.43990475481589897,,,,0.9658904761904762,0.85,
weighted,0.3,19,n2v2r euclidean only,4,0.820710450741291,,,,0.7583071428571428,0.4766666666666667,
weighted,0.3,19,n2v2r cosine only,4,-0.07527652569715347,,,,0.9922690476190477,0.9366666666666666,
weighted,0.3,19,n2v2r ULSE,4,0.40070866678307904,,,,0.9657380952380953,0.8433333333333334,
weighted,0.3,19,n2v2r elbow dimension,4,0.20369849480314497,,,,0.9995261904761905,0.9866666666666667,
weighted,0.3,19,n2v2r degree-adjusted z,4,0.007491703491703492,0.08,0.0,0.0,0.9847095238095238,0.8966666666666666,0.0
weighted,0.3,19,n2v2r degree-adjusted z (elbow),4,0.005095409095409096,0.0,0.0,0.0,1.0,1.0,0.0
coexpression,0.0,0,DeDi,5,0.9026843666843668,,,,,,
coexpression,0.0,0,n2v2r (default),5,0.43544984521812485,,,,,,
coexpression,0.0,0,n2v2r euclidean only,5,0.9810248161785496,,,,,,
coexpression,0.0,0,n2v2r cosine only,5,-0.6489138178248319,,,,,,
coexpression,0.0,0,n2v2r ULSE,5,0.4126740868611372,,,,,,
coexpression,0.0,0,n2v2r elbow dimension,5,0.03326634267785509,,,,,,
coexpression,0.0,0,n2v2r degree-adjusted z,5,0.026391134391134396,0.026,0.0,0.0,,,
coexpression,0.0,0,n2v2r degree-adjusted z (elbow),5,-0.004469296469296469,0.036,0.0,0.0,,,
coexpression,0.0,1,DeDi,5,0.9205094485094486,,,,,,
coexpression,0.0,1,n2v2r (default),5,0.44227637452027596,,,,,,
coexpression,0.0,1,n2v2r euclidean only,5,0.9842924023132528,,,,,,
coexpression,0.0,1,n2v2r cosine only,5,-0.6644094160437501,,,,,,
coexpression,0.0,1,n2v2r ULSE,5,0.4426697183662467,,,,,,
coexpression,0.0,1,n2v2r elbow dimension,5,0.04799645268757868,,,,,,
coexpression,0.0,1,n2v2r degree-adjusted z,5,0.02984424584424585,0.033,2.0,1.0,,,
coexpression,0.0,1,n2v2r degree-adjusted z (elbow),5,-0.02366714366714367,0.036,0.0,0.0,,,
coexpression,0.0,2,DeDi,5,0.8754365394365394,,,,,,
coexpression,0.0,2,n2v2r (default),5,0.45215514069134816,,,,,,
coexpression,0.0,2,n2v2r euclidean only,5,0.9856109010137171,,,,,,
coexpression,0.0,2,n2v2r cosine only,5,-0.6499294976699858,,,,,,
coexpression,0.0,2,n2v2r ULSE,5,0.42184621623054774,,,,,,
coexpression,0.0,2,n2v2r elbow dimension,5,-0.005848029444842063,,,,,,
coexpression,0.0,2,n2v2r degree-adjusted z,5,0.06315857115857117,0.035,0.0,0.0,,,
coexpression,0.0,2,n2v2r degree-adjusted z (elbow),5,-0.039233811233811235,0.049,0.0,0.0,,,
coexpression,0.0,3,DeDi,5,0.8813190893190894,,,,,,
coexpression,0.0,3,n2v2r (default),5,0.4566554277032448,,,,,,
coexpression,0.0,3,n2v2r euclidean only,5,0.9830677771375101,,,,,,
coexpression,0.0,3,n2v2r cosine only,5,-0.6324278371893037,,,,,,
coexpression,0.0,3,n2v2r ULSE,5,0.4386911308162779,,,,,,
coexpression,0.0,3,n2v2r elbow dimension,5,0.009010491772363195,,,,,,
coexpression,0.0,3,n2v2r degree-adjusted z,5,0.024611688611688613,0.03,0.0,0.0,,,
coexpression,0.0,3,n2v2r degree-adjusted z (elbow),5,-0.0268989148989149,0.061,0.0,0.0,,,
coexpression,0.0,4,DeDi,5,0.8997230517230518,,,,,,
coexpression,0.0,4,n2v2r (default),5,0.44957384905609676,,,,,,
coexpression,0.0,4,n2v2r euclidean only,5,0.9815988276730536,,,,,,
coexpression,0.0,4,n2v2r cosine only,5,-0.6349822127998703,,,,,,
coexpression,0.0,4,n2v2r ULSE,5,0.4246129954125377,,,,,,
coexpression,0.0,4,n2v2r elbow dimension,5,0.016026368154110866,,,,,,
coexpression,0.0,4,n2v2r degree-adjusted z,5,0.09378075378075379,0.035,0.0,0.0,,,
coexpression,0.0,4,n2v2r degree-adjusted z (elbow),5,0.00587950187950188,0.058,3.0,1.0,,,
coexpression,0.0,5,DeDi,5,0.9017232377232379,,,,,,
coexpression,0.0,5,n2v2r (default),5,0.42554034413761294,,,,,,
coexpression,0.0,5,n2v2r euclidean only,5,0.9787354660561425,,,,,,
coexpression,0.0,5,n2v2r cosine only,5,-0.6642147637292999,,,,,,
coexpression,0.0,5,n2v2r ULSE,5,0.3974221053812912,,,,,,
coexpression,0.0,5,n2v2r elbow dimension,5,0.010938559868613184,,,,,,
coexpression,0.0,5,n2v2r degree-adjusted z,5,0.010866346866346868,0.02,0.0,0.0,,,
coexpression,0.0,5,n2v2r degree-adjusted z (elbow),5,-0.018599022599022602,0.048,1.0,1.0,,,
coexpression,0.0,6,DeDi,5,0.916018324018324,,,,,,
coexpression,0.0,6,n2v2r (default),5,0.41142357177700856,,,,,,
coexpression,0.0,6,n2v2r euclidean only,5,0.9801392688026797,,,,,,
coexpression,0.0,6,n2v2r cosine only,5,-0.6908912346702758,,,,,,
coexpression,0.0,6,n2v2r ULSE,5,0.43253296611531683,,,,,,
coexpression,0.0,6,n2v2r elbow dimension,5,0.03279025450897144,,,,,,
coexpression,0.0,6,n2v2r degree-adjusted z,5,0.03530644730644731,0.026,0.0,0.0,,,
coexpression,0.0,6,n2v2r degree-adjusted z (elbow),5,-0.035073923073923076,0.031,0.0,0.0,,,
coexpression,0.0,7,DeDi,5,0.9258417378417381,,,,,,
coexpression,0.0,7,n2v2r (default),5,0.42292939963760273,,,,,,
coexpression,0.0,7,n2v2r euclidean only,5,0.983586699321673,,,,,,
coexpression,0.0,7,n2v2r cosine only,5,-0.6702941748491914,,,,,,
coexpression,0.0,7,n2v2r ULSE,5,0.43790002421243335,,,,,,
coexpression,0.0,7,n2v2r elbow dimension,5,0.05358357402546638,,,,,,
coexpression,0.0,7,n2v2r degree-adjusted z,5,0.07093379893379893,0.036,2.0,1.0,,,
coexpression,0.0,7,n2v2r degree-adjusted z (elbow),5,-0.004516972516972517,0.036,0.0,0.0,,,
coexpression,0.0,8,DeDi,5,0.9222125742125742,,,,,,
coexpression,0.0,8,n2v2r (default),5,0.4162546119316848,,,,,,
coexpression,0.0,8,n2v2r euclidean only,5,0.9853613120337731,,,,,,
coexpression,0.0,8,n2v2r cosine only,5,-0.661192574437156,,,,,,
coexpression,0.0,8,n2v2r ULSE,5,0.41293614707061693,,,,,,
coexpression,0.0,8,n2v2r elbow dimension,5,0.04879139001250994,,,,,,
coexpression,0.0,8,n2v2r degree-adjusted z,5,0.06802139602139602,0.042,0.0,0.0,,,
coexpression,0.0,8,n2v2r degree-adjusted z (elbow),5,-0.003846027846027846,0.04,0.0,0.0,,,
coexpression,0.0,9,DeDi,5,0.8889506649506649,,,,,,
coexpression,0.0,9,n2v2r (default),5,0.433389558301882,,,,,,
coexpression,0.0,9,n2v2r euclidean only,5,0.9841498212002565,,,,,,
coexpression,0.0,9,n2v2r cosine only,5,-0.6881372305204674,,,,,,
coexpression,0.0,9,n2v2r ULSE,5,0.4101250517905709,,,,,,
coexpression,0.0,9,n2v2r elbow dimension,5,-0.016623789092180413,,,,,,
coexpression,0.0,9,n2v2r degree-adjusted z,5,0.0511892191892192,0.031,4.0,1.0,,,
coexpression,0.0,9,n2v2r degree-adjusted z (elbow),5,-0.014723570723570724,0.043,0.0,0.0,,,
coexpression,0.0,10,DeDi,5,0.9026158106158106,,,,,,
coexpression,0.0,10,n2v2r (default),5,0.4362148993508782,,,,,,
coexpression,0.0,10,n2v2r euclidean only,5,0.9848667260053406,,,,,,
coexpression,0.0,10,n2v2r cosine only,5,-0.6772605729767947,,,,,,
coexpression,0.0,10,n2v2r ULSE,5,0.3957542362970535,,,,,,
coexpression,0.0,10,n2v2r elbow dimension,5,0.008873774120474926,,,,,,
coexpression,0.0,10,n2v2r degree-adjusted z,5,0.010055782055782057,0.027,0.0,0.0,,,
coexpression,0.0,10,n2v2r degree-adjusted z (elbow),5,-0.015727299727299728,0.042,1.0,1.0,,,
coexpression,0.0,11,DeDi,5,0.9128321288321288,,,,,,
coexpression,0.0,11,n2v2r (default),5,0.41428075918003526,,,,,,
coexpression,0.0,11,n2v2r euclidean only,5,0.9768389738784526,,,,,,
coexpression,0.0,11,n2v2r cosine only,5,-0.6384525843051212,,,,,,
coexpression,0.0,11,n2v2r ULSE,5,0.4209805699164859,,,,,,
coexpression,0.0,11,n2v2r elbow dimension,5,0.05272224523223114,,,,,,
coexpression,0.0,11,n2v2r degree-adjusted z,5,0.04095908895908896,0.02,0.0,0.0,,,
coexpression,0.0,11,n2v2r degree-adjusted z (elbow),5,-0.021224997224997225,0.036,0.0,0.0,,,
coexpression,0.0,12,DeDi,5,0.9113955593955595,,,,,,
coexpression,0.0,12,n2v2r (default),5,0.4289025912658094,,,,,,
coexpression,0.0,12,n2v2r euclidean only,5,0.9825967251428731,,,,,,
coexpression,0.0,12,n2v2r cosine only,5,-0.6547552805755079,,,,,,
coexpression,0.0,12,n2v2r ULSE,5,0.414210368555085,,,,,,
coexpression,0.0,12,n2v2r elbow dimension,5,0.057487338105708705,,,,,,
coexpression,0.0,12,n2v2r degree-adjusted z,5,0.006981846981846981,0.052,1.0,1.0,,,
coexpression,0.0,12,n2v2r degree-adjusted z (elbow),5,-0.014197646197646198,0.051,0.0,0.0,,,
coexpression,0.0,13,DeDi,5,0.902066666066666,,,,,,
coexpression,0.0,13,n2v2r (default),5,0.41282022588941236,,,,,,
coexpression,0.0,13,n2v2r euclidean only,5,0.9817037742337926,,,,,,
coexpression,0.0,13,n2v2r cosine only,5,-0.677649683989082,,,,,,
coexpression,0.0,13,n2v2r ULSE,5,0.37381177991943987,,,,,,
coexpression,0.0,13,n2v2r elbow dimension,5,0.023133730730843356,,,,,,
coexpression,0.0,13,n2v2r degree-adjusted z,5,0.032498396498396497,0.036,0.0,0.0,,,
coexpression,0.0,13,n2v2r degree-adjusted z (elbow),5,-0.01341952941952942,0.046,0.0,0.0,,,
coexpression,0.0,14,DeDi,5,0.9076086676086678,,,,,,
coexpression,0.0,14,n2v2r (default),5,0.43228952766407563,,,,,,
coexpression,0.0,14,n2v2r euclidean only,5,0.9814153747391987,,,,,,
coexpression,0.0,14,n2v2r cosine only,5,-0.6535517188369386,,,,,,
coexpression,0.0,14,n2v2r ULSE,5,0.4081535084369799,,,,,,
coexpression,0.0,14,n2v2r elbow dimension,5,0.039898490425643085,,,,,,
coexpression,0.0,14,n2v2r degree-adjusted z,5,0.039839835839835844,0.021,1.0,1.0,,,
coexpression,0.0,14,n2v2r degree-adjusted z (elbow),5,-0.010641250641250643,0.046,0.0,0.0,,,
coexpression,0.0,15,DeDi,5,0.9078673878673879,,,,,,
coexpression,0.0,15,n2v2r (default),5,0.4459804042707086,,,,,,
coexpression,0.0,15,n2v2r euclidean only,5,0.9745705045952603,,,,,,
coexpression,0.0,15,n2v2r cosine only,5,-0.6463233207835885,,,,,,
coexpression,0.0,15,n2v2r ULSE,5,0.44811799350101084,,,,,,
coexpression,0.0,15,n2v2r elbow dimension,5,0.02792632553084886,,,,,,
coexpression,0.0,15,n2v2r degree-adjusted z,5,0.0777987417987418,0.02,0.0,0.0,,,
coexpression,0.0,15,n2v2r degree-adjusted z (elbow),5,0.00143980943980944,0.038,0.0,0.0,,,
coexpression,0.0,16,DeDi,4,0.897040821040821,,,,,,
coexpression,0.0,16,n2v2r (default),4,0.45104968876659496,,,,,,
coexpression,0.0,16,n2v2r euclidean only,4,0.9829776357817589,,,,,,
coexpression,0.0,16,n2v2r cosine only,4,-0.6586060095420085,,,,,,
coexpression,0.0,16,n2v2r ULSE,4,0.38596693028308304,,,,,,
coexpression,0.0,16,n2v2r elbow dimension,4,-0.09479797919966323,,,,,,
coexpression,0.0,16,n2v2r degree-adjusted z,4,0.030440478440478445,0.03,1.0,1.0,,,
coexpression,0.0,16,n2v2r degree-adjusted z (elbow),4,-0.023710079710079712,0.036,2.0,1.0,,,
coexpression,0.0,17,DeDi,5,0.8972041292041293,,,,,,
coexpression,0.0,17,n2v2r (default),5,0.42447313615172716,,,,,,
coexpression,0.0,17,n2v2r euclidean only,5,0.9815067372875528,,,,,,
coexpression,0.0,17,n2v2r cosine only,5,-0.6958449564843134,,,,,,
coexpression,0.0,17,n2v2r ULSE,5,0.37316403233356416,,,,,,
coexpression,0.0,17,n2v2r elbow dimension,5,-0.0030173148849259638,,,,,,
coexpression,0.0,17,n2v2r degree-adjusted z,5,0.07382913782913783,0.048,3.0,1.0,,,
coexpression,0.0,17,n2v2r degree-adjusted z (elbow),5,0.007781731781731782,0.065,0.0,0.0,,,
coexpression,0.0,18,DeDi,5,0.9018242538242539,,,,,,
coexpression,0.0,18,n2v2r (default),5,0.3955018800136723,,,,,,
coexpression,0.0,18,n2v2r euclidean only,5,0.9722652151034559,,,,,,
coexpression,0.0,18,n2v2r cosine only,5,-0.6651394548783113,,,,,,
coexpression,0.0,18,n2v2r ULSE,5,0.42339842906976216,,,,,,
coexpression,0.0,18,n2v2r elbow dimension,5,0.0636562112112786,,,,,,
coexpression,0.0,18,n2v2r degree-adjusted z,5,0.06760812760812761,0.013,0.0,0.0,,,
coexpression,0.0,18,n2v2r degree-adjusted z (elbow),5,-0.014252714252714252,0.047,0.0,0.0,,,
coexpression,0.0,19,DeDi,5,0.9290714690714691,,,,,,
coexpression,0.0,19,n2v2r (default),5,0.45420622750168854,,,,,,
coexpression,0.0,19,n2v2r euclidean only,5,0.9840691564405806,,,,,,
coexpression,0.0,19,n2v2r cosine only,5,-0.6273087089327279,,,,,,
coexpression,0.0,19,n2v2r ULSE,5,0.43187008808476346,,,,,,
coexpression,0.0,19,n2v2r elbow dimension,5,0.08752374353724186,,,,,,
coexpression,0.0,19,n2v2r degree-adjusted z,5,-0.011358491358491358,0.028,0.0,0.0,,,
coexpression,0.0,19,n2v2r degree-adjusted z (elbow),5,-0.02166989766989767,0.046,0.0,0.0,,,
coexpression,0.1,0,DeDi,5,0.9015750255750257,,,,0.6539,0.13,
coexpression,0.1,0,n2v2r (default),5,0.5597819122383619,,,,0.95525,0.67,
coexpression,0.1,0,n2v2r euclidean only,5,0.9904100540578816,,,,0.6913111111111111,0.23,
coexpression,0.1,0,n2v2r cosine only,5,-0.4178422987862838,,,,0.9144444444444444,0.41,
coexpression,0.1,0,n2v2r ULSE,5,0.563198931230792,,,,0.9599444444444445,0.7,
coexpression,0.1,0,n2v2r elbow dimension,5,0.40390063222364936,,,,0.9760666666666666,0.71,
coexpression,0.1,0,n2v2r degree-adjusted z,5,0.014257214257214256,0.073,15.0,0.0,0.9826222222222222,0.87,0.15
coexpression,0.1,0,n2v2r degree-adjusted z (elbow),5,-0.004734268734268734,0.098,42.0,0.0,0.9966,0.98,0.42
coexpression,0.1,1,DeDi,5,0.9287961767961769,,,,0.6292,0.05,
coexpression,0.1,1,n2v2r (default),5,0.5817185572699441,,,,0.9603555555555555,0.76,
coexpression,0.1,1,n2v2r euclidean only,5,0.9927315226630673,,,,0.7133388888888889,0.25,
coexpression,0.1,1,n2v2r cosine only,5,-0.41606350373569917,,,,0.8965888888888889,0.36,
coexpression,0.1,1,n2v2r ULSE,5,0.570362677917086,,,,0.9671166666666666,0.77,
coexpression,0.1,1,n2v2r elbow dimension,5,0.48254629545259164,,,,0.9870166666666667,0.81,
coexpression,0.1,1,n2v2r degree-adjusted z,5,0.01561087561087561,0.09,26.0,0.0,0.9913666666666666,0.88,0.26
coexpression,0.1,1,n2v2r degree-adjusted z (elbow),5,-0.04923993723993725,0.102,86.0,0.0,0.9998666666666667,0.98,0.86
coexpression,0.1,2,DeDi,5,0.9095313095313095,,,,0.6748444444444445,0.11,
coexpression,0.1,2,n2v2r (default),5,0.5937135756460548,,,,0.9754833333333334,0.76,
coexpression,0.1,2,n2v2r euclidean only,5,0.9925103472970365,,,,0.7499944444444444,0.25,
coexpression,0.1,2,n2v2r cosine only,5,-0.35614053115108435,,,,0.9006222222222222,0.33,
coexpression,0.1,2,n2v2r ULSE,5,0.5811254376303647,,,,0.9795833333333334,0.77,
coexpression,0.1,2,n2v2r elbow dimension,5,0.4706376464959766,,,,0.9889166666666667,0.81,
coexpression,0.1,2,n2v2r degree-adjusted z,5,-0.02051632451632452,0.109,24.0,0.0,0.9932444444444445,0.89,0.24
coexpression,0.1,2,n2v2r degree-adjusted z (elbow),5,-0.04311149511149512,0.103,96.0,0.0,0.9999777777777777,0.99,0.96
coexpression,0.1,3,DeDi,5,0.8937673857673858,,,,0.6506222222222222,0.1,
coexpression,0.1,3,n2v2r (default),5,0.5438867851532032,,,,0.9634333333333334,0.67,
coexpression,0.1,3,n2v2r euclidean only,5,0.9908127144621943,,,,0.6647555555555555,0.13,
coexpression,0.1,3,n2v2r cosine only,5,-0.4303264198385316,,,,0.9209277777777778,0.38,
coexpression,0.1,3,n2v2r ULSE,5,0.5505751389027876,,,,0.9699222222222222,0.75,
coexpression,0.1,3,n2v2r elbow dimension,5,0.40283632724453344,,,,0.9891111111111112,0.82,
coexpression,0.1,3,n2v2r degree-adjusted z,5,0.0031374871374871376,0.101,12.0,0.0,0.9945888888888889,0.89,0.12
coexpression,0.1,3,n2v2r degree-adjusted z (elbow),5,-0.0044562284562284565,0.102,82.0,0.0,1.0,1.0,0.82
coexpression,0.1,4,DeDi,5,0.9182794622794624,,,,0.6889444444444445,0.19,
coexpression,0.1,4,n2v2r (default),5,0.5166207401650951,,,,0.9670777777777778,0.77,
coexpression,0.1,4,n2v2r euclidean only,5,0.988920188925839,,,,0.7397,0.21,
coexpression,0.1,4,n2v2r cosine only,5,-0.4440801706889234,,,,0.9004055555555556,0.37,
coexpression,0.1,4,n2v2r ULSE,5,0.5221596956859044,,,,0.9700888888888889,0.78,
coexpression,0.1,4,n2v2r elbow dimension,5,0.43439008539753066,,,,0.9907611111111111,0.86,
coexpression,0.1,4,n2v2r degree-adjusted z,5,0.03385967785967786,0.05,0.0,0.0,0.9815,0.82,0.0
coexpression,0.1,4,n2v2r degree-adjusted z (elbow),5,-0.010107202107202107,0.103,83.0,0.0,0.9985111111111111,0.98,0.83
coexpression,0.1,5,DeDi,5,0.8960824760824762,,,,0.7219888888888889,0.26,
coexpression,0.1,5,n2v2r (default),5,0.5796284490949517,,,,0.96585,0.69,
coexpression,0.1,5,n2v2r euclidean only,5,0.992746627528075,,,,0.7602777777777778,0.3,
coexpression,0.1,5,n2v2r cosine only,5,-0.3384640122182257,,,,0.8892111111111111,0.32,
coexpression,0.1,5,n2v2r ULSE,5,0.5797494880156742,,,,0.9735888888888888,0.76,
coexpression,0.1,5,n2v2r elbow dimension,5,0.45645450744272636,,,,0.9874666666666667,0.83,
coexpression,0.1,5,n2v2r degree-adjusted z,5,-0.002495870495870496,0.088,6.0,0.0,0.9881111111111112,0.84,0.06
coexpression,0.1,5,n2v2r degree-adjusted z (elbow),5,-0.062007482007482004,0.108,95.0,0.010526315789473684,0.9998,0.98,0.94
coexpression,0.1,6,DeDi,5,0.9086919806919806,,,,0.657,0.09,
coexpression,0.1,6,n2v2r (default),5,0.582036306388449,,,,0.9708777777777777,0.75,
coexpression,0.1,6,n2v2r euclidean only,5,0.9910059392774236,,,,0.7105333333333334,0.21,
coexpression,0.1,6,n2v2r cosine only,5,-0.38995942585091387,,,,0.9164833333333333,0.43,
coexpression,0.1,6,n2v2r ULSE,5,0.5583673420212226,,,,0.9752277777777778,0.77,
coexpression,0.1,6,n2v2r elbow dimension,5,0.50165032460225,,,,0.9929166666666667,0.86,
coexpression,0.1,6,n2v2r degree-adjusted z,5,0.007562923562923563,0.095,17.0,0.0,0.9913333333333333,0.86,0.17
coexpression,0.1,6,n2v2r degree-adjusted z (elbow),5,-0.07438219438219439,0.116,101.0,0.0297029702970297,0.9998444444444444,0.97,0.98
coexpression,0.1,7,DeDi,5,0.9007137247137247,,,,0.6479444444444444,0.12,
coexpression,0.1,7,n2v2r (default),5,0.5199589735127025,,,,0.9706333333333333,0.75,
coexpression,0.1,7,n2v2r euclidean only,5,0.9892968310445671,,,,0.69125,0.19,
coexpression,0.1,7,n2v2r cosine only,5,-0.46800569961057714,,,,0.9261,0.44,
coexpression,0.1,7,n2v2r ULSE,5,0.5203672596891308,,,,0.9721777777777778,0.75,
coexpression,0.1,7,n2v2r elbow dimension,5,0.3848156498376669,,,,0.9865555555555555,0.81,
coexpression,0.1,7,n2v2r degree-adjusted z,5,0.012216048216048218,0.106,17.0,0.0,0.9923,0.9,0.17
coexpression,0.1,7,n2v2r degree-adjusted z (elbow),5,-0.0009807009807009806,0.106,92.0,0.010869565217391304,0.9990333333333333,0.98,0.91
coexpression,0.1,8,DeDi,5,0.9077504357504358,,,,0.6925555555555556,0.17,
coexpression,0.1,8,n2v2r (default),5,0.52874192694964,,,,0.9773888888888889,0.75,
coexpression,0.1,8,n2v2r euclidean only,5,0.9890311537148992,,,,0.7162055555555555,0.22,
coexpression,0.1,8,n2v2r cosine only,5,-0.43999599259533734,,,,0.9366333333333333,0.46,
coexpression,0.1,8,n2v2r ULSE,5,0.5230078746307757,,,,0.9794,0.77,
coexpression,0.1,8,n2v2r elbow dimension,5,0.37646645838926457,,,,0.9931611111111112,0.87,
coexpression,0.1,8,n2v2r degree-adjusted z,5,0.00947754947754948,0.105,13.0,0.0,0.9871888888888889,0.83,0.13
coexpression,0.1,8,n2v2r degree-adjusted z (elbow),5,-0.010208002208002208,0.098,27.0,0.0,0.9997888888888888,0.98,0.27
coexpression,0.1,9,DeDi,5,0.9100317580317581,,,,0.6750777777777778,0.18,
coexpression,0.1,9,n2v2r (default),5,0.5530163244011398,,,,0.9763277777777778,0.8,
coexpression,0.1,9,n2v2r euclidean only,5,0.9912303630990882,,,,0.7183055555555555,0.25,
coexpression,0.1,9,n2v2r cosine only,5,-0.4247036943940296,,,,0.9386555555555556,0.49,
coexpression,0.1,9,n2v2r ULSE,5,0.5627768161283528,,,,0.9750777777777778,0.81,
coexpression,0.1,9,n2v2r elbow dimension,5,0.4088064897531469,,,,0.9903611111111111,0.84,
coexpression,0.1,9,n2v2r degree-adjusted z,5,0.03726819726819727,0.098,23.0,0.0,0.9947777777777778,0.9,0.23
coexpression,0.1,9,n2v2r degree-adjusted z (elbow),5,-0.051039603039603046,0.104,94.0,0.0,0.9999666666666667,0.99,0.94
coexpression,0.1,10,DeDi,5,0.9191787551787551,,,,0.6654555555555556,0.11,
coexpression,0.1,10,n2v2r (default),5,0.5555840242546248,,,,0.9583055555555555,0.73,
coexpression,0.1,10,n2v2r euclidean only,5,0.9906851034555457,,,,0.7083611111111111,0.21,
coexpression,0.1,10,n2v2r cosine only,5,-0.4043117598102702,,,,0.9071666666666667,0.43,
coexpression,0.1,10,n2v2r ULSE,5,0.557644122271949,,,,0.9637055555555556,0.75,
coexpression,0.1,10,n2v2r elbow dimension,5,0.3848957862715825,,,,0.9801888888888889,0.79,
coexpression,0.1,10,n2v2r degree-adjusted z,5,-0.04506542106542107,0.111,43.0,0.0,0.9859555555555556,0.93,0.43
coexpression,0.1,10,n2v2r degree-adjusted z (elbow),5,0.012098904098904099,0.098,80.0,0.0,0.9917555555555555,0.97,0.8
coexpression,0.1,11,DeDi,5,0.8927388647388648,,,,0.6879555555555555,0.23,
coexpression,0.1,11,n2v2r (default),5,0.5924340928580958,,,,0.9659611111111112,0.74,
coexpression,0.1,11,n2v2r euclidean only,5,0.9923602003746744,,,,0.7302,0.28,
coexpression,0.1,11,n2v2r cosine only,5,-0.35646365379442363,,,,0.9186722222222222,0.41,
coexpression,0.1,11,n2v2r ULSE,5,0.5979628056572333,,,,0.9682111111111111,0.75,
coexpression,0.1,11,n2v2r elbow dimension,5,0.45746531595071493,,,,0.9860333333333333,0.82,
coexpression,0.1,11,n2v2r degree-adjusted z,5,0.005321297321297321,0.107,25.0,0.0,0.9927777777777778,0.88,0.25
coexpression,0.1,11,n2v2r degree-adjusted z (elbow),5,-0.06586463386463387,0.107,99.0,0.010101010101010102,0.9999222222222223,0.99,0.98
coexpression,0.1,12,DeDi,5,0.9033206193206194,,,,0.6683555555555556,0.2,
coexpression,0.1,12,n2v2r (default),5,0.566338972085893,,,,0.9619388888888889,0.76,
coexpression,0.1,12,n2v2r euclidean only,5,0.9913300532116384,,,,0.7188833333333333,0.27,
coexpression,0.1,12,n2v2r cosine only,5,-0.41424757789923333,,,,0.9012111111111111,0.34,
coexpression,0.1,12,n2v2r ULSE,5,0.5386493772075648,,,,0.9644888888888888,0.75,
coexpression,0.1,12,n2v2r elbow dimension,5,0.40108773753616234,,,,0.9874277777777778,0.8,
coexpression,0.1,12,n2v2r degree-adjusted z,5,0.01932112332112332,0.102,38.0,0.02631578947368421,0.9846,0.88,0.37
coexpression,0.1,12,n2v2r degree-adjusted z (elbow),5,-0.07403035403035405,0.108,90.0,0.0,0.9979666666666667,0.98,0.9
coexpression,0.1,13,DeDi,5,0.9156549516549518,,,,0.6318444444444444,0.06,
coexpression,0.1,13,n2v2r (default),5,0.5280418768322902,,,,0.9672833333333334,0.8,
coexpression,0.1,13,n2v2r euclidean only,5,0.9900090944505253,,,,0.7002055555555555,0.2,
coexpression,0.1,13,n2v2r cosine only,5,-0.5240379954994722,,,,0.8985777777777778,0.47,
coexpression,0.1,13,n2v2r ULSE,5,0.49757815278026934,,,,0.9731222222222222,0.77,
coexpression,0.1,13,n2v2r elbow dimension,5,0.41764747065540625,,,,0.9923555555555555,0.86,
coexpression,0.1,13,n2v2r degree-adjusted z,5,0.0019142419142419145,0.104,36.0,0.0,0.9879555555555556,0.87,0.36
coexpression,0.1,13,n2v2r degree-adjusted z (elbow),5,-0.04170812970812971,0.106,63.0,0.0,0.9983777777777778,0.96,0.63
coexpression,0.1,14,DeDi,5,0.9009316809316811,,,,0.6974777777777778,0.19,
coexpression,0.1,14,n2v2r (default),5,0.5785175932952388,,,,0.9853111111111111,0.85,
coexpression,0.1,14,n2v2r euclidean only,5,0.9896656242394897,,,,0.7588666666666667,0.28,
coexpression,0.1,14,n2v2r cosine only,5,-0.40710347793948926,,,,0.9277111111111112,0.44,
coexpression,0.1,14,n2v2r ULSE,5,0.5680205099682728,,,,0.9848222222222223,0.82,
coexpression,0.1,14,n2v2r elbow dimension,5,0.44246275186725875,,,,0.9964555555555555,0.91,
coexpression,0.1,14,n2v2r degree-adjusted z,5,-0.001420741420741421,0.109,30.0,0.0,0.9967222222222222,0.92,0.3
coexpression,0.1,14,n2v2r degree-adjusted z (elbow),5,-0.09437029037029038,0.108,100.0,0.01,0.9999777777777777,0.99,0.99
coexpression,0.1,15,DeDi,5,0.9143903303903304,,,,0.6672111111111111,0.19,
coexpression,0.1,15,n2v2r (default),5,0.5586908160576454,,,,0.9557277777777777,0.67,
coexpression,0.1,15,n2v2r euclidean only,5,0.990964325880052,,,,0.6896055555555556,0.23,
coexpression,0.1,15,n2v2r cosine only,5,-0.3987745357502825,,,,0.9159222222222222,0.41,
coexpression,0.1,15,n2v2r ULSE,5,0.5457591314366191,,,,0.9613166666666667,0.69,
coexpression,0.1,15,n2v2r elbow dimension,5,0.42778149372258717,,,,0.9793666666666667,0.77,
coexpression,0.1,15,n2v2r degree-adjusted z,5,0.03656559656559657,0.102,18.0,0.0,0.9801888888888889,0.85,0.18
coexpression,0.1,15,n2v2r degree-adjusted z (elbow),5,-0.006615054615054615,0.105,78.0,0.0,0.9969777777777777,0.95,0.78
coexpression,0.1,16,DeDi,3,0.9059829299829301,,,,0.7095,0.24,
coexpression,0.1,16,n2v2r (default),3,0.5956233616062615,,,,0.95855,0.74,
coexpression,0.1,16,n2v2r euclidean only,3,0.99149540744935,,,,0.6992111111111111,0.24,
coexpression,0.1,16,n2v2r cosine only,3,-0.36901338168651404,,,,0.9156444444444445,0.42,
coexpression,0.1,16,n2v2r ULSE,3,0.5800385948635784,,,,0.9673722222222222,0.77,
coexpression,0.1,16,n2v2r elbow dimension,3,0.5830678315940466,,,,0.6963611111111111,0.29,
coexpression,0.1,16,n2v2r degree-adjusted z,3,-0.009540933540933542,0.102,29.0,0.0,0.9919444444444444,0.86,0.29
coexpression,0.1,16,n2v2r degree-adjusted z (elbow),3,-0.10537456537456538,0.07,12.0,0.16666666666666666,0.8603222222222222,0.48,0.1
coexpression,0.1,17,DeDi,5,0.9156942996942997,,,,0.6387222222222222,0.03,
coexpression,0.1,17,n2v2r (default),5,0.5565280099722067,,,,0.9712,0.77,
coexpression,0.1,17,n2v2r euclidean only,5,0.9908544447844216,,,,0.7125833333333333,0.19,
coexpression,0.1,17,n2v2r cosine only,5,-0.42046855206165135,,,,0.9126388888888889,0.39,
coexpression,0.1,17,n2v2r ULSE,5,0.5570593599335569,,,,0.9737222222222223,0.77,
coexpression,0.1,17,n2v2r elbow dimension,5,0.4228856451701602,,,,0.9900388888888889,0.83,
coexpression,0.1,17,n2v2r degree-adjusted z,5,-0.008385380385380385,0.108,26.0,0.0,0.9928888888888889,0.89,0.26
coexpression,0.1,17,n2v2r degree-adjusted z (elbow),5,-0.01786100986100986,0.105,91.0,0.0,0.9996888888888888,0.98,0.91
coexpression,0.1,18,DeDi,5,0.9090577050577051,,,,0.6630222222222222,0.17,
coexpression,0.1,18,n2v2r (default),5,0.5913503956346016,,,,0.9669277777777778,0.79,
coexpression,0.1,18,n2v2r euclidean only,5,0.9920404120136335,,,,0.7052555555555555,0.25,
coexpression,0.1,18,n2v2r cosine only,5,-0.37763637375019693,,,,0.9361,0.54,
coexpression,0.1,18,n2v2r ULSE,5,0.5972386721570198,,,,0.9674222222222222,0.77,
coexpression,0.1,18,n2v2r elbow dimension,5,0.4624847103823315,,,,0.98785,0.86,
coexpression,0.1,18,n2v2r degree-adjusted z,5,-0.006839202839202839,0.106,33.0,0.0,0.9865555555555555,0.92,0.33
coexpression,0.1,18,n2v2r degree-adjusted z (elbow),5,-0.09363209763209765,0.107,98.0,0.030612244897959183,0.9996,0.96,0.95
coexpression,0.1,19,DeDi,5,0.9134856974856976,,,,0.6921333333333334,0.13,
coexpression,0.1,19,n2v2r (default),5,0.5142339647409588,,,,0.9665888888888889,0.73,
coexpression,0.1,19,n2v2r euclidean only,5,0.9907571842875892,,,,0.7220166666666666,0.23,
coexpression,0.1,19,n2v2r cosine only,5,-0.47143289893335594,,,,0.8961,0.33,
coexpression,0.1,19,n2v2r ULSE,5,0.4956594075473889,,,,0.9695388888888888,0.76,
coexpression,0.1,19,n2v2r elbow dimension,5,0.4182554923123316,,,,0.9894611111111111,0.82,
coexpression,0.1,19,n2v2r degree-adjusted z,5,0.01770935370935371,0.07,3.0,0.0,0.9877666666666667,0.86,0.03
coexpression,0.1,19,n2v2r degree-adjusted z (elbow),5,-0.03957621957621958,0.101,89.0,0.0,0.9993666666666666,0.97,0.89
coexpression,0.3,0,DeDi,7,0.9249929169929171,,,,0.751347619047619,0.4633333333333333,
coexpression,0.3,0,n2v2r (default),7,0.6676380217371034,,,,0.8536690476190476,0.6633333333333333,
coexpression,0.3,0,n2v2r euclidean only,7,0.9928429156834809,,,,0.741252380952381,0.4533333333333333,
coexpression,0.3,0,n2v2r cosine only,7,-0.19547747242271823,,,,0.7052142857142857,0.4266666666666667,
coexpression,0.3,0,n2v2r ULSE,7,0.6793755907100315,,,,0.8299380952380953,0.6566666666666666,
coexpression,0.3,0,n2v2r elbow dimension,7,0.6561963654967095,,,,0.8517619047619047,0.6633333333333333,
coexpression,0.3,0,n2v2r degree-adjusted z,7,0.03186375186375187,0.02,0.0,0.0,0.7946,0.5866666666666667,0.0
coexpression,0.3,0,n2v2r degree-adjusted z (elbow),7,0.05197916797916798,0.025,0.0,0.0,0.8138714285714286,0.62,0.0
coexpression,0.3,1,DeDi,7,0.9071364911364912,,,,0.6851857142857143,0.39,
coexpression,0.3,1,n2v2r (default),7,0.6553706437779111,,,,0.8284071428571429,0.6666666666666666,
coexpression,0.3,1,n2v2r euclidean only,7,0.9944676187871434,,,,0.7098404761904762,0.4066666666666667,
coexpression,0.3,1,n2v2r cosine only,7,-0.2354195181449659,,,,0.7059357142857143,0.42,
coexpression,0.3,1,n2v2r ULSE,7,0.6787787227045482,,,,0.836654761904762,0.6633333333333333,
coexpression,0.3,1,n2v2r elbow dimension,7,0.6707802531859205,,,,0.8365714285714285,0.6633333333333333,
coexpression,0.3,1,n2v2r degree-adjusted z,7,0.051160155160155166,0.029,0.0,0.0,0.8237,0.6133333333333333,0.0
coexpression,0.3,1,n2v2r degree-adjusted z (elbow),7,0.035385743385743386,0.028,0.0,0.0,0.8330142857142857,0.58,0.0
coexpression,0.3,2,DeDi,6,0.8953876153876155,,,,0.7079380952380953,0.43,
coexpression,0.3,2,n2v2r (default),6,0.7264178877672934,,,,0.5798547619047619,0.37333333333333335,
coexpression,0.3,2,n2v2r euclidean only,6,0.9953802678952015,,,,0.7196309523809524,0.47333333333333333,
coexpression,0.3,2,n2v2r cosine only,6,-0.1308093434944523,,,,0.36020714285714284,0.14333333333333334,
coexpression,0.3,2,n2v2r ULSE,6,0.7435268358277384,,,,0.6479809523809524,0.4533333333333333,
coexpression,0.3,2,n2v2r elbow dimension,6,0.653895355344285,,,,0.3947809523809524,0.19333333333333333,
coexpression,0.3,2,n2v2r degree-adjusted z,6,0.02504982104982105,0.013,0.0,0.0,0.45675714285714286,0.24333333333333335,0.0
coexpression,0.3,2,n2v2r degree-adjusted z (elbow),6,0.012728316728316728,0.011,0.0,0.0,0.23577142857142858,0.11666666666666667,0.0
coexpression,0.3,3,DeDi,6,0.9181591381591382,,,,0.7204380952380952,0.41333333333333333,
coexpression,0.3,3,n2v2r (default),6,0.7085215190418471,,,,0.810947619047619,0.6133333333333333,
coexpression,0.3,3,n2v2r euclidean only,6,0.9915064533088732,,,,0.7133261904761905,0.41,
coexpression,0.3,3,n2v2r cosine only,6,-0.11237852420108352,,,,0.7116333333333333,0.46,
coexpression,0.3,3,n2v2r ULSE,6,0.6984353014850936,,,,0.8107214285714286,0.6266666666666667,
coexpression,0.3,3,n2v2r elbow dimension,6,0.6515548212904224,,,,0.8232571428571429,0.6333333333333333,
coexpression,0.3,3,n2v2r degree-adjusted z,6,0.05382631782631783,0.004,0.0,0.0,0.7829428571428572,0.5533333333333333,0.0
coexpression,0.3,3,n2v2r degree-adjusted z (elbow),6,0.03604592404592405,0.023,0.0,0.0,0.8289285714285715,0.61,0.0
coexpression,0.3,4,DeDi,7,0.909152061152061,,,,0.6677619047619048,0.3566666666666667,
coexpression,0.3,4,n2v2r (default),7,0.677792175127241,,,,0.7503904761904762,0.5633333333333334,
coexpression,0.3,4,n2v2r euclidean only,7,0.9942339604209587,,,,0.7152571428571428,0.42333333333333334,
coexpression,0.3,4,n2v2r cosine only,7,-0.24852747756985433,,,,0.5908976190476191,0.32666666666666666,
coexpression,0.3,4,n2v2r ULSE,7,0.712927804813743,,,,0.7742952380952381,0.5766666666666667,
coexpression,0.3,4,n2v2r elbow dimension,7,0.6788775968500743,,,,0.7736,0.58,
coexpression,0.3,4,n2v2r degree-adjusted z,7,0.05689787689787691,0.025,0.0,0.0,0.7301666666666666,0.5,0.0
coexpression,0.3,4,n2v2r degree-adjusted z (elbow),7,0.054858294858294854,0.032,0.0,0.0,0.7589142857142858,0.5233333333333333,0.0
coexpression,0.3,5,DeDi,7,0.9060151500151501,,,,0.6972285714285714,0.42,
coexpression,0.3,5,n2v2r (default),7,0.6882759506745854,,,,0.799052380952381,0.6233333333333333,
coexpression,0.3,5,n2v2r euclidean only,7,0.9945204695999225,,,,0.7138714285714286,0.4533333333333333,
coexpression,0.3,5,n2v2r cosine only,7,-0.16408648814528,,,,0.6765404761904762,0.4266666666666667,
coexpression,0.3,5,n2v2r ULSE,7,0.7242054840744473,,,,0.7996309523809524,0.6333333333333333,
coexpression,0.3,5,n2v2r elbow dimension,7,0.6849252123417716,,,,0.8100404761904761,0.6433333333333333,
coexpression,0.3,5,n2v2r degree-adjusted z,7,0.08862055662055662,0.029,0.0,0.0,0.7634428571428571,0.53,0.0
coexpression,0.3,5,n2v2r degree-adjusted z (elbow),7,0.0671011511011511,0.03,5.0,0.4,0.7792619047619047,0.5366666666666666,0.01
coexpression,0.3,6,DeDi,7,0.9252654852654855,,,,0.7086428571428571,0.43333333333333335,
coexpression,0.3,6,n2v2r (default),7,0.6839160952615527,,,,0.8471809523809524,0.6633333333333333,
coexpression,0.3,6,n2v2r euclidean only,7,0.995689298133226,,,,0.7059047619047619,0.43,
coexpression,0.3,6,n2v2r cosine only,7,-0.18455794756368535,,,,0.7486285714285714,0.4866666666666667,
coexpression,0.3,6,n2v2r ULSE,7,0.6960354673835153,,,,0.8515904761904762,0.6633333333333333,
coexpression,0.3,6,n2v2r elbow dimension,7,0.6957901450009388,,,,0.8545380952380952,0.67,
coexpression,0.3,6,n2v2r degree-adjusted z,7,0.06390817590817591,0.032,0.0,0.0,0.8575571428571429,0.6566666666666666,0.0
coexpression,0.3,6,n2v2r degree-adjusted z (elbow),7,0.05865643065643066,0.022,0.0,0.0,0.8580333333333333,0.66,0.0
coexpression,0.3,7,DeDi,6,0.9097020337020337,,,,0.7206666666666667,0.44,
coexpression,0.3,7,n2v2r (default),6,0.6702400486259776,,,,0.8327690476190476,0.6666666666666666,
coexpression,0.3,7,n2v2r euclidean only,6,0.9942394266691349,,,,0.7150809523809524,0.42333333333333334,
coexpression,0.3,7,n2v2r cosine only,6,-0.21395054725239046,,,,0.7090166666666666,0.4266666666666667,
coexpression,0.3,7,n2v2r ULSE,6,0.6799674040024247,,,,0.8164523809523809,0.65,
coexpression,0.3,7,n2v2r elbow dimension,6,0.62810222840381,,,,0.8888285714285714,0.7233333333333334,
coexpression,0.3,7,n2v2r degree-adjusted z,6,0.03398202998202998,0.028,0.0,0.0,0.8391714285714286,0.6366666666666667,0.0
coexpression,0.3,7,n2v2r degree-adjusted z (elbow),6,0.07016060216060216,0.005,0.0,0.0,0.8948666666666667,0.7266666666666667,0.0
coexpression,0.3,8,DeDi,7,0.9084365724365726,,,,0.7245761904761905,0.44333333333333336,
coexpression,0.3,8,n2v2r (default),7,0.7112094401536924,,,,0.7015309523809524,0.5166666666666667,
coexpression,0.3,8,n2v2r euclidean only,7,0.9939088831779562,,,,0.7370642857142857,0.4633333333333333,
coexpression,0.3,8,n2v2r cosine only,7,-0.1794550376814694,,,,0.5149238095238096,0.27666666666666667,
coexpression,0.3,8,n2v2r ULSE,7,0.7198405659023951,,,,0.7270023809523809,0.5266666666666666,
coexpression,0.3,8,n2v2r elbow dimension,7,0.6819531132604392,,,,0.7031,0.5,
coexpression,0.3,8,n2v2r degree-adjusted z,7,0.0547943827943828,0.029,0.0,0.0,0.6397761904761905,0.45666666666666667,0.0
coexpression,0.3,8,n2v2r degree-adjusted z (elbow),7,0.045626853626853626,0.028,0.0,0.0,0.643652380952381,0.42,0.0
coexpression,0.3,9,DeDi,5,0.8757711477711478,,,,0.7295095238095238,0.4633333333333333,
coexpression,0.3,9,n2v2r (default),5,0.6959383507484357,,,,0.7900309523809523,0.6133333333333333,
coexpression,0.3,9,n2v2r euclidean only,5,0.9939277411990773,,,,0.7093190476190476,0.42,
coexpression,0.3,9,n2v2r cosine only,5,-0.17534703807097218,,,,0.6684904761904762,0.42,
coexpression,0.3,9,n2v2r ULSE,5,0.706637119913226,,,,0.8224333333333333,0.64,
coexpression,0.3,9,n2v2r elbow dimension,5,0.5891923062294016,,,,0.7589095238095238,0.5433333333333333,
coexpression,0.3,9,n2v2r degree-adjusted z,5,0.04833728433728434,0.042,0.0,0.0,0.7487619047619047,0.5066666666666667,0.0
coexpression,0.3,9,n2v2r degree-adjusted z (elbow),5,0.07714386514386515,0.002,0.0,0.0,0.7526857142857143,0.5333333333333333,0.0
coexpression,0.3,10,DeDi,7,0.8812921732921732,,,,0.7195238095238096,0.44333333333333336,
coexpression,0.3,10,n2v2r (default),7,0.6490699094334138,,,,0.7322738095238095,0.5266666666666666,
coexpression,0.3,10,n2v2r euclidean only,7,0.9943242486261387,,,,0.7319333333333333,0.45666666666666667,
coexpression,0.3,10,n2v2r cosine only,7,-0.21904629936043993,,,,0.5581833333333334,0.31333333333333335,
coexpression,0.3,10,n2v2r ULSE,7,0.6680251282207536,,,,0.75465,0.5533333333333333,
coexpression,0.3,10,n2v2r elbow dimension,7,0.6359749881479198,,,,0.7454571428571428,0.54,
coexpression,0.3,10,n2v2r degree-adjusted z,7,0.05031995031995032,0.03,0.0,0.0,0.6687904761904762,0.4533333333333333,0.0
coexpression,0.3,10,n2v2r degree-adjusted z (elbow),7,0.04955389355389356,0.023,0.0,0.0,0.6832333333333334,0.45,0.0
coexpression,0.3,11,DeDi,6,0.9171050451050452,,,,0.7115285714285714,0.43,
coexpression,0.3,11,n2v2r (default),6,0.7209807368466606,,,,0.659797619047619,0.44333333333333336,
coexpression,0.3,11,n2v2r euclidean only,6,0.9941308204793476,,,,0.732302380952381,0.45666666666666667,
coexpression,0.3,11,n2v2r cosine only,6,-0.1411330793838346,,,,0.46873333333333334,0.25666666666666665,
coexpression,0.3,11,n2v2r ULSE,6,0.7315266697532333,,,,0.7178642857142857,0.49666666666666665,
coexpression,0.3,11,n2v2r elbow dimension,6,0.6477844168169961,,,,0.5543571428571429,0.3233333333333333,
coexpression,0.3,11,n2v2r degree-adjusted z,6,0.06290761490761491,0.015,0.0,0.0,0.5877095238095238,0.36,0.0
coexpression,0.3,11,n2v2r degree-adjusted z (elbow),6,0.023539679539679538,0.035,9.0,0.2222222222222222,0.4777571428571429,0.32666666666666666,0.023333333333333334
coexpression,0.3,12,DeDi,6,0.9210463290463291,,,,0.7409380952380953,0.48,
coexpression,0.3,12,n2v2r (default),6,0.7144892820845331,,,,0.7482714285714286,0.55,
coexpression,0.3,12,n2v2r euclidean only,6,0.9930882892381564,,,,0.7429238095238095,0.4533333333333333,
coexpression,0.3,12,n2v2r cosine only,6,-0.09109305412340929,,,,0.5826761904761905,0.33666666666666667,
coexpression,0.3,12,n2v2r ULSE,6,0.7302548505500844,,,,0.7748952380952381,0.58,
coexpression,0.3,12,n2v2r elbow dimension,6,0.652231120822327,,,,0.7936547619047619,0.58,
coexpression,0.3,12,n2v2r degree-adjusted z,6,0.03524047124047124,0.033,0.0,0.0,0.6956476190476191,0.47,0.0
coexpression,0.3,12,n2v2r degree-adjusted z (elbow),6,0.06464898464898465,0.01,0.0,0.0,0.7694809523809524,0.49333333333333335,0.0
coexpression,0.3,13,DeDi,7,0.9010355170355171,,,,0.7243142857142857,0.47,
coexpression,0.3,13,n2v2r (default),7,0.6967938121379296,,,,0.8412428571428572,0.67,
coexpression,0.3,13,n2v2r euclidean only,7,0.9935480305415354,,,,0.7350309523809524,0.46,
coexpression,0.3,13,n2v2r cosine only,7,-0.14439977725813835,,,,0.7077023809523809,0.43333333333333335,
coexpression,0.3,13,n2v2r ULSE,7,0.7237562449495376,,,,0.8417238095238095,0.68,
coexpression,0.3,13,n2v2r elbow dimension,7,0.6836065655612487,,,,0.841447619047619,0.6533333333333333,
coexpression,0.3,13,n2v2r degree-adjusted z,7,0.020643644643644644,0.051,0.0,0.0,0.8112238095238096,0.5933333333333334,0.0
coexpression,0.3,13,n2v2r degree-adjusted z (elbow),7,0.06182766182766183,0.021,2.0,0.0,0.8384190476190476,0.61,0.006666666666666667
coexpression,0.3,14,DeDi,7,0.9117704637704639,,,,0.7072142857142857,0.42333333333333334,
coexpression,0.3,14,n2v2r (default),7,0.6902910847716525,,,,0.710754761904762,0.5,
coexpression,0.3,14,n2v2r euclidean only,7,0.992215012210757,,,,0.7321690476190477,0.46,
coexpression,0.3,14,n2v2r cosine only,7,-0.1766869657691591,,,,0.529897619047619,0.2866666666666667,
coexpression,0.3,14,n2v2r ULSE,7,0.7014054584078516,,,,0.7494642857142857,0.56,
coexpression,0.3,14,n2v2r elbow dimension,7,0.673901201082368,,,,0.7181857142857143,0.51,
coexpression,0.3,14,n2v2r degree-adjusted z,7,-0.0034812514812514813,0.015,0.0,0.0,0.6706428571428571,0.45666666666666667,0.0
coexpression,0.3,14,n2v2r degree-adjusted z (elbow),7,0.04138812538812539,0.015,0.0,0.0,0.6843,0.46,0.0
coexpression,0.3,15,DeDi,7,0.9091454251454252,,,,0.7140285714285715,0.41333333333333333,
coexpression,0.3,15,n2v2r (default),7,0.6716714121368563,,,,0.8228166666666666,0.6533333333333333,
coexpression,0.3,15,n2v2r euclidean only,7,0.9914150851531134,,,,0.7241285714285715,0.43333333333333335,
coexpression,0.3,15,n2v2r cosine only,7,-0.17394749108330182,,,,0.68805,0.43,
coexpression,0.3,15,n2v2r ULSE,7,0.6890708274232682,,,,0.8144666666666667,0.6166666666666667,
coexpression,0.3,15,n2v2r elbow dimension,7,0.6735244503715518,,,,0.7892190476190476,0.5866666666666667,
coexpression,0.3,15,n2v2r degree-adjusted z,7,0.03891386691386692,0.02,0.0,0.0,0.7866142857142857,0.5333333333333333,0.0
coexpression,0.3,15,n2v2r degree-adjusted z (elbow),7,0.028050808050808056,0.013,0.0,0.0,0.7703952380952381,0.54,0.0
coexpression,0.3,16,DeDi,6,0.897867057867058,,,,0.7304809523809523,0.45,
coexpression,0.3,16,n2v2r (default),6,0.6978566815059181,,,,0.8020333333333334,0.6166666666666667,
coexpression,0.3,16,n2v2r euclidean only,6,0.9942447514505366,,,,0.7303690476190476,0.44,
coexpression,0.3,16,n2v2r cosine only,6,-0.14816781772703438,,,,0.6651404761904762,0.4033333333333333,
coexpression,0.3,16,n2v2r ULSE,6,0.7222708182778236,,,,0.7990214285714285,0.6133333333333333,
coexpression,0.3,16,n2v2r elbow dimension,6,0.6370049758986992,,,,0.8538238095238095,0.6433333333333333,
coexpression,0.3,16,n2v2r degree-adjusted z,6,0.0276944436944437,0.034,0.0,0.0,0.7884571428571429,0.57,0.0
coexpression,0.3,16,n2v2r degree-adjusted z (elbow),6,0.05924089124089124,0.011,0.0,0.0,0.8470380952380953,0.61,0.0
coexpression,0.3,17,DeDi,5,0.9182927702927705,,,,0.676152380952381,0.4,
coexpression,0.3,17,n2v2r (default),5,0.6930624843883629,,,,0.805002380952381,0.6266666666666667,
coexpression,0.3,17,n2v2r euclidean only,5,0.9949392042104599,,,,0.6825976190476191,0.3933333333333333,
coexpression,0.3,17,n2v2r cosine only,5,-0.15161250535759638,,,,0.7305261904761905,0.51,
coexpression,0.3,17,n2v2r ULSE,5,0.692675312030433,,,,0.846347619047619,0.6766666666666666,
coexpression,0.3,17,n2v2r elbow dimension,5,0.6162894780492233,,,,0.8597714285714285,0.6666666666666666,
coexpression,0.3,17,n2v2r degree-adjusted z,5,0.04273686673686674,0.028,0.0,0.0,0.8151142857142857,0.62,0.0
coexpression,0.3,17,n2v2r degree-adjusted z (elbow),5,0.041001521001521005,0.02,0.0,0.0,0.8825857142857143,0.71,0.0
coexpression,0.3,18,DeDi,7,0.9016634776634778,,,,0.6792238095238096,0.37,
coexpression,0.3,18,n2v2r (default),7,0.6867567289264596,,,,0.8062571428571429,0.6266666666666667,
coexpression,0.3,18,n2v2r euclidean only,7,0.9940183082107888,,,,0.7013666666666667,0.39666666666666667,
coexpression,0.3,18,n2v2r cosine only,7,-0.1811774012669489,,,,0.7013095238095238,0.44,
coexpression,0.3,18,n2v2r ULSE,7,0.7114913843324578,,,,0.807395238095238,0.6266666666666667,
coexpression,0.3,18,n2v2r elbow dimension,7,0.6780855035830425,,,,0.8021190476190476,0.6133333333333333,
coexpression,0.3,18,n2v2r degree-adjusted z,7,0.04143246543246543,0.036,0.0,0.0,0.8083047619047619,0.5866666666666667,0.0
coexpression,0.3,18,n2v2r degree-adjusted z (elbow),7,0.05787716187716188,0.017,0.0,0.0,0.8012,0.6,0.0
coexpression,0.3,19,DeDi,7,0.8877599877599879,,,,0.7197190476190476,0.43,
coexpression,0.3,19,n2v2r (default),7,0.6999399783356586,,,,0.8817119047619048,0.69,
coexpression,0.3,19,n2v2r euclidean only,7,0.9949684929571803,,,,0.7364547619047619,0.44333333333333336,
coexpression,0.3,19,n2v2r cosine only,7,-0.11842370960835212,,,,0.7709071428571429,0.49666666666666665,
coexpression,0.3,19,n2v2r ULSE,7,0.7309526251240804,,,,0.8718380952380952,0.68,
coexpression,0.3,19,n2v2r elbow dimension,7,0.7080785188426499,,,,0.8923,0.7066666666666667,
coexpression,0.3,19,n2v2r degree-adjusted z,7,0.034615810615810615,0.017,0.0,0.0,0.8417142857142857,0.6366666666666667,0.0
coexpression,0.3,19,n2v2r degree-adjusted z (elbow),7,0.028905508905508904,0.014,0.0,0.0,0.8460761904761904,0.6233333333333333,0.0
