scenario,samples,rep,ranking,sets,called,total,auroc
"mixed (5% switch, 5% hub, 5% both)",150,0,"default (euclidean + cosine, 4-24)",switch,15,15,1.0
"mixed (5% switch, 5% hub, 5% both)",150,0,"default (euclidean + cosine, 4-24)",hub,9,15,0.9888888888888889
"mixed (5% switch, 5% hub, 5% both)",150,0,"default (euclidean + cosine, 4-24)",both,15,15,1.0
"mixed (5% switch, 5% hub, 5% both)",150,0,"default (euclidean + cosine, 4-24)",null: random,0,20,
"mixed (5% switch, 5% hub, 5% both)",150,0,"default (euclidean + cosine, 4-24)",null: module,0,20,
"mixed (5% switch, 5% hub, 5% both)",150,0,"default (euclidean + cosine, 4-24)",null: hub-rich module,0,20,
"mixed (5% switch, 5% hub, 5% both)",150,0,"cosine, 4-24",switch,15,15,1.0
"mixed (5% switch, 5% hub, 5% both)",150,0,"cosine, 4-24",hub,0,15,0.6911111111111111
"mixed (5% switch, 5% hub, 5% both)",150,0,"cosine, 4-24",both,15,15,1.0
"mixed (5% switch, 5% hub, 5% both)",150,0,"cosine, 4-24",null: random,0,20,
"mixed (5% switch, 5% hub, 5% both)",150,0,"cosine, 4-24",null: module,0,20,
"mixed (5% switch, 5% hub, 5% both)",150,0,"cosine, 4-24",null: hub-rich module,0,20,
"mixed (5% switch, 5% hub, 5% both)",150,0,"radial, 4-24",switch,0,15,0.6255555555555555
"mixed (5% switch, 5% hub, 5% both)",150,0,"radial, 4-24",hub,14,15,1.0
"mixed (5% switch, 5% hub, 5% both)",150,0,"radial, 4-24",both,15,15,1.0
"mixed (5% switch, 5% hub, 5% both)",150,0,"radial, 4-24",null: random,0,20,
"mixed (5% switch, 5% hub, 5% both)",150,0,"radial, 4-24",null: module,0,20,
"mixed (5% switch, 5% hub, 5% both)",150,0,"radial, 4-24",null: hub-rich module,0,20,
"mixed (5% switch, 5% hub, 5% both)",150,0,"euclidean, 4-24",switch,3,15,0.9933333333333333
"mixed (5% switch, 5% hub, 5% both)",150,0,"euclidean, 4-24",hub,15,15,1.0
"mixed (5% switch, 5% hub, 5% both)",150,0,"euclidean, 4-24",both,15,15,1.0
"mixed (5% switch, 5% hub, 5% both)",150,0,"euclidean, 4-24",null: random,0,20,
"mixed (5% switch, 5% hub, 5% both)",150,0,"euclidean, 4-24",null: module,0,20,
"mixed (5% switch, 5% hub, 5% both)",150,0,"euclidean, 4-24",null: hub-rich module,0,20,
"mixed (5% switch, 5% hub, 5% both)",150,0,"radial + cosine, 4-24",switch,7,15,1.0
"mixed (5% switch, 5% hub, 5% both)",150,0,"radial + cosine, 4-24",hub,8,15,0.9977777777777778
"mixed (5% switch, 5% hub, 5% both)",150,0,"radial + cosine, 4-24",both,15,15,1.0
"mixed (5% switch, 5% hub, 5% both)",150,0,"radial + cosine, 4-24",null: random,0,20,
"mixed (5% switch, 5% hub, 5% both)",150,0,"radial + cosine, 4-24",null: module,0,20,
"mixed (5% switch, 5% hub, 5% both)",150,0,"radial + cosine, 4-24",null: hub-rich module,0,20,
"mixed (5% switch, 5% hub, 5% both)",150,0,"cosine, d=8 (true rank)",switch,15,15,1.0
"mixed (5% switch, 5% hub, 5% both)",150,0,"cosine, d=8 (true rank)",hub,6,15,0.9855555555555555
"mixed (5% switch, 5% hub, 5% both)",150,0,"cosine, d=8 (true rank)",both,15,15,1.0
"mixed (5% switch, 5% hub, 5% both)",150,0,"cosine, d=8 (true rank)",null: random,0,20,
"mixed (5% switch, 5% hub, 5% both)",150,0,"cosine, d=8 (true rank)",null: module,0,20,
"mixed (5% switch, 5% hub, 5% both)",150,0,"cosine, d=8 (true rank)",null: hub-rich module,0,20,
"mixed (5% switch, 5% hub, 5% both)",150,0,"radial, d=8 (true rank)",switch,0,15,0.5444444444444444
"mixed (5% switch, 5% hub, 5% both)",150,0,"radial, d=8 (true rank)",hub,12,15,1.0
"mixed (5% switch, 5% hub, 5% both)",150,0,"radial, d=8 (true rank)",both,14,15,1.0
"mixed (5% switch, 5% hub, 5% both)",150,0,"radial, d=8 (true rank)",null: random,0,20,
"mixed (5% switch, 5% hub, 5% both)",150,0,"radial, d=8 (true rank)",null: module,0,20,
"mixed (5% switch, 5% hub, 5% both)",150,0,"radial, d=8 (true rank)",null: hub-rich module,0,20,
"mixed (5% switch, 5% hub, 5% both)",150,0,degree difference,switch,0,15,0.8166666666666667
"mixed (5% switch, 5% hub, 5% both)",150,0,degree difference,hub,12,15,1.0
"mixed (5% switch, 5% hub, 5% both)",150,0,degree difference,both,15,15,1.0
"mixed (5% switch, 5% hub, 5% both)",150,0,degree difference,null: random,0,20,
"mixed (5% switch, 5% hub, 5% both)",150,0,degree difference,null: module,0,20,
"mixed (5% switch, 5% hub, 5% both)",150,0,degree difference,null: hub-rich module,0,20,
"mixed (5% switch, 5% hub, 5% both)",150,0,"overlap: min(cosine, radial)",switch,0,15,0.6766666666666666
"mixed (5% switch, 5% hub, 5% both)",150,0,"overlap: min(cosine, radial)",hub,2,15,0.9188888888888889
"mixed (5% switch, 5% hub, 5% both)",150,0,"overlap: min(cosine, radial)",both,15,15,1.0
"mixed (5% switch, 5% hub, 5% both)",150,0,"overlap: min(cosine, radial)",null: random,0,20,
"mixed (5% switch, 5% hub, 5% both)",150,0,"overlap: min(cosine, radial)",null: module,0,20,
"mixed (5% switch, 5% hub, 5% both)",150,0,"overlap: min(cosine, radial)",null: hub-rich module,0,20,
"mixed (5% switch, 5% hub, 5% both)",150,0,"max(euclidean, cosine)",switch,15,15,1.0
"mixed (5% switch, 5% hub, 5% both)",150,0,"max(euclidean, cosine)",hub,10,15,0.9966666666666667
"mixed (5% switch, 5% hub, 5% both)",150,0,"max(euclidean, cosine)",both,15,15,1.0
"mixed (5% switch, 5% hub, 5% both)",150,0,"max(euclidean, cosine)",null: random,0,20,
"mixed (5% switch, 5% hub, 5% both)",150,0,"max(euclidean, cosine)",null: module,0,20,
"mixed (5% switch, 5% hub, 5% both)",150,0,"max(euclidean, cosine)",null: hub-rich module,0,20,
"mixed (5% switch, 5% hub, 5% both)",150,0,"min(euclidean, cosine)",switch,3,15,0.9811111111111112
"mixed (5% switch, 5% hub, 5% both)",150,0,"min(euclidean, cosine)",hub,2,15,0.9133333333333333
"mixed (5% switch, 5% hub, 5% both)",150,0,"min(euclidean, cosine)",both,15,15,1.0
"mixed (5% switch, 5% hub, 5% both)",150,0,"min(euclidean, cosine)",null: random,0,20,
"mixed (5% switch, 5% hub, 5% both)",150,0,"min(euclidean, cosine)",null: module,0,20,
"mixed (5% switch, 5% hub, 5% both)",150,0,"min(euclidean, cosine)",null: hub-rich module,0,20,
"mixed (5% switch, 5% hub, 5% both)",150,1,"default (euclidean + cosine, 4-24)",switch,3,15,0.8966666666666666
"mixed (5% switch, 5% hub, 5% both)",150,1,"default (euclidean + cosine, 4-24)",hub,8,15,0.9633333333333334
"mixed (5% switch, 5% hub, 5% both)",150,1,"default (euclidean + cosine, 4-24)",both,15,15,1.0
"mixed (5% switch, 5% hub, 5% both)",150,1,"default (euclidean + cosine, 4-24)",null: random,0,20,
"mixed (5% switch, 5% hub, 5% both)",150,1,"default (euclidean + cosine, 4-24)",null: module,0,20,
"mixed (5% switch, 5% hub, 5% both)",150,1,"default (euclidean + cosine, 4-24)",null: hub-rich module,0,20,
"mixed (5% switch, 5% hub, 5% both)",150,1,"cosine, 4-24",switch,13,15,0.9755555555555555
"mixed (5% switch, 5% hub, 5% both)",150,1,"cosine, 4-24",hub,4,15,0.8155555555555556
"mixed (5% switch, 5% hub, 5% both)",150,1,"cosine, 4-24",both,15,15,0.9977777777777778
"mixed (5% switch, 5% hub, 5% both)",150,1,"cosine, 4-24",null: random,0,20,
"mixed (5% switch, 5% hub, 5% both)",150,1,"cosine, 4-24",null: module,2,20,
"mixed (5% switch, 5% hub, 5% both)",150,1,"cosine, 4-24",null: hub-rich module,3,20,
"mixed (5% switch, 5% hub, 5% both)",150,1,"radial, 4-24",switch,0,15,0.6711111111111111
"mixed (5% switch, 5% hub, 5% both)",150,1,"radial, 4-24",hub,15,15,1.0
"mixed (5% switch, 5% hub, 5% both)",150,1,"radial, 4-24",both,15,15,1.0
"mixed (5% switch, 5% hub, 5% both)",150,1,"radial, 4-24",null: random,0,20,
"mixed (5% switch, 5% hub, 5% both)",150,1,"radial, 4-24",null: module,0,20,
"mixed (5% switch, 5% hub, 5% both)",150,1,"radial, 4-24",null: hub-rich module,0,20,
"mixed (5% switch, 5% hub, 5% both)",150,1,"euclidean, 4-24",switch,3,15,0.82
"mixed (5% switch, 5% hub, 5% both)",150,1,"euclidean, 4-24",hub,15,15,1.0
"mixed (5% switch, 5% hub, 5% both)",150,1,"euclidean, 4-24",both,15,15,1.0
"mixed (5% switch, 5% hub, 5% both)",150,1,"euclidean, 4-24",null: random,0,20,
"mixed (5% switch, 5% hub, 5% both)",150,1,"euclidean, 4-24",null: module,0,20,
"mixed (5% switch, 5% hub, 5% both)",150,1,"euclidean, 4-24",null: hub-rich module,0,20,
"mixed (5% switch, 5% hub, 5% both)",150,1,"radial + cosine, 4-24",switch,3,15,0.9255555555555556
"mixed (5% switch, 5% hub, 5% both)",150,1,"radial + cosine, 4-24",hub,11,15,0.9822222222222222
"mixed (5% switch, 5% hub, 5% both)",150,1,"radial + cosine, 4-24",both,15,15,1.0
"mixed (5% switch, 5% hub, 5% both)",150,1,"radial + cosine, 4-24",null: random,0,20,
"mixed (5% switch, 5% hub, 5% both)",150,1,"radial + cosine, 4-24",null: module,0,20,
"mixed (5% switch, 5% hub, 5% both)",150,1,"radial + cosine, 4-24",null: hub-rich module,1,20,
"mixed (5% switch, 5% hub, 5% both)",150,1,"cosine, d=8 (true rank)",switch,15,15,1.0
"mixed (5% switch, 5% hub, 5% both)",150,1,"cosine, d=8 (true rank)",hub,12,15,0.9877777777777778
"mixed (5% switch, 5% hub, 5% both)",150,1,"cosine, d=8 (true rank)",both,15,15,1.0
"mixed (5% switch, 5% hub, 5% both)",150,1,"cosine, d=8 (true rank)",null: random,0,20,
"mixed (5% switch, 5% hub, 5% both)",150,1,"cosine, d=8 (true rank)",null: module,0,20,
"mixed (5% switch, 5% hub, 5% both)",150,1,"cosine, d=8 (true rank)",null: hub-rich module,0,20,
"mixed (5% switch, 5% hub, 5% both)",150,1,"radial, d=8 (true rank)",switch,0,15,0.6988888888888889
"mixed (5% switch, 5% hub, 5% both)",150,1,"radial, d=8 (true rank)",hub,11,15,1.0
"mixed (5% switch, 5% hub, 5% both)",150,1,"radial, d=8 (true rank)",both,14,15,1.0
"mixed (5% switch, 5% hub, 5% both)",150,1,"radial, d=8 (true rank)",null: random,0,20,
"mixed (5% switch, 5% hub, 5% both)",150,1,"radial, d=8 (true rank)",null: module,0,20,
"mixed (5% switch, 5% hub, 5% both)",150,1,"radial, d=8 (true rank)",null: hub-rich module,0,20,
"mixed (5% switch, 5% hub, 5% both)",150,1,degree difference,switch,1,15,0.82
"mixed (5% switch, 5% hub, 5% both)",150,1,degree difference,hub,10,15,0.9966666666666667
"mixed (5% switch, 5% hub, 5% both)",150,1,degree difference,both,15,15,1.0
"mixed (5% switch, 5% hub, 5% both)",150,1,degree difference,null: random,0,20,
"mixed (5% switch, 5% hub, 5% both)",150,1,degree difference,null: module,0,20,
"mixed (5% switch, 5% hub, 5% both)",150,1,degree difference,null: hub-rich module,0,20,
"mixed (5% switch, 5% hub, 5% both)",150,1,"overlap: min(cosine, radial)",switch,0,15,0.65
"mixed (5% switch, 5% hub, 5% both)",150,1,"overlap: min(cosine, radial)",hub,5,15,0.9333333333333333
"mixed (5% switch, 5% hub, 5% both)",150,1,"overlap: min(cosine, radial)",both,15,15,1.0
"mixed (5% switch, 5% hub, 5% both)",150,1,"overlap: min(cosine, radial)",null: random,0,20,
"mixed (5% switch, 5% hub, 5% both)",150,1,"overlap: min(cosine, radial)",null: module,0,20,
"mixed (5% switch, 5% hub, 5% both)",150,1,"overlap: min(cosine, radial)",null: hub-rich module,0,20,
"mixed (5% switch, 5% hub, 5% both)",150,1,"max(euclidean, cosine)",switch,14,15,0.9944444444444445
"mixed (5% switch, 5% hub, 5% both)",150,1,"max(euclidean, cosine)",hub,14,15,0.9966666666666667
"mixed (5% switch, 5% hub, 5% both)",150,1,"max(euclidean, cosine)",both,15,15,1.0
"mixed (5% switch, 5% hub, 5% both)",150,1,"max(euclidean, cosine)",null: random,0,20,
"mixed (5% switch, 5% hub, 5% both)",150,1,"max(euclidean, cosine)",null: module,1,20,
"mixed (5% switch, 5% hub, 5% both)",150,1,"max(euclidean, cosine)",null: hub-rich module,0,20,
"mixed (5% switch, 5% hub, 5% both)",150,1,"min(euclidean, cosine)",switch,3,15,0.77
"mixed (5% switch, 5% hub, 5% both)",150,1,"min(euclidean, cosine)",hub,7,15,0.9155555555555556
"mixed (5% switch, 5% hub, 5% both)",150,1,"min(euclidean, cosine)",both,15,15,1.0
"mixed (5% switch, 5% hub, 5% both)",150,1,"min(euclidean, cosine)",null: random,0,20,
"mixed (5% switch, 5% hub, 5% both)",150,1,"min(euclidean, cosine)",null: module,2,20,
"mixed (5% switch, 5% hub, 5% both)",150,1,"min(euclidean, cosine)",null: hub-rich module,0,20,
"mixed (5% switch, 5% hub, 5% both)",150,2,"default (euclidean + cosine, 4-24)",switch,15,15,0.9533333333333334
"mixed (5% switch, 5% hub, 5% both)",150,2,"default (euclidean + cosine, 4-24)",hub,12,15,0.95
"mixed (5% switch, 5% hub, 5% both)",150,2,"default (euclidean + cosine, 4-24)",both,15,15,0.99
"mixed (5% switch, 5% hub, 5% both)",150,2,"default (euclidean + cosine, 4-24)",null: random,0,20,
"mixed (5% switch, 5% hub, 5% both)",150,2,"default (euclidean + cosine, 4-24)",null: module,3,20,
"mixed (5% switch, 5% hub, 5% both)",150,2,"default (euclidean + cosine, 4-24)",null: hub-rich module,0,20,
"mixed (5% switch, 5% hub, 5% both)",150,2,"cosine, 4-24",switch,15,15,0.98
"mixed (5% switch, 5% hub, 5% both)",150,2,"cosine, 4-24",hub,0,15,0.86
"mixed (5% switch, 5% hub, 5% both)",150,2,"cosine, 4-24",both,15,15,0.9855555555555555
"mixed (5% switch, 5% hub, 5% both)",150,2,"cosine, 4-24",null: random,0,20,
"mixed (5% switch, 5% hub, 5% both)",150,2,"cosine, 4-24",null: module,3,20,
"mixed (5% switch, 5% hub, 5% both)",150,2,"cosine, 4-24",null: hub-rich module,0,20,
"mixed (5% switch, 5% hub, 5% both)",150,2,"radial, 4-24",switch,0,15,0.8655555555555555
"mixed (5% switch, 5% hub, 5% both)",150,2,"radial, 4-24",hub,14,15,1.0
"mixed (5% switch, 5% hub, 5% both)",150,2,"radial, 4-24",both,15,15,1.0
"mixed (5% switch, 5% hub, 5% both)",150,2,"radial, 4-24",null: random,0,20,
"mixed (5% switch, 5% hub, 5% both)",150,2,"radial, 4-24",null: module,0,20,
"mixed (5% switch, 5% hub, 5% both)",150,2,"radial, 4-24",null: hub-rich module,0,20,
"mixed (5% switch, 5% hub, 5% both)",150,2,"euclidean, 4-24",switch,9,15,0.9555555555555556
"mixed (5% switch, 5% hub, 5% both)",150,2,"euclidean, 4-24",hub,15,15,1.0
"mixed (5% switch, 5% hub, 5% both)",150,2,"euclidean, 4-24",both,15,15,1.0
"mixed (5% switch, 5% hub, 5% both)",150,2,"euclidean, 4-24",null: random,0,20,
"mixed (5% switch, 5% hub, 5% both)",150,2,"euclidean, 4-24",null: module,3,20,
"mixed (5% switch, 5% hub, 5% both)",150,2,"euclidean, 4-24",null: hub-rich module,0,20,
"mixed (5% switch, 5% hub, 5% both)",150,2,"radial + cosine, 4-24",switch,11,15,0.9533333333333334
"mixed (5% switch, 5% hub, 5% both)",150,2,"radial + cosine, 4-24",hub,9,15,0.95
"mixed (5% switch, 5% hub, 5% both)",150,2,"radial + cosine, 4-24",both,15,15,0.9866666666666667
"mixed (5% switch, 5% hub, 5% both)",150,2,"radial + cosine, 4-24",null: random,0,20,
"mixed (5% switch, 5% hub, 5% both)",150,2,"radial + cosine, 4-24",null: module,3,20,
"mixed (5% switch, 5% hub, 5% both)",150,2,"radial + cosine, 4-24",null: hub-rich module,0,20,
"mixed (5% switch, 5% hub, 5% both)",150,2,"cosine, d=8 (true rank)",switch,15,15,0.9822222222222222
"mixed (5% switch, 5% hub, 5% both)",150,2,"cosine, d=8 (true rank)",hub,6,15,0.9455555555555556
"mixed (5% switch, 5% hub, 5% both)",150,2,"cosine, d=8 (true rank)",both,15,15,0.9933333333333333
"mixed (5% switch, 5% hub, 5% both)",150,2,"cosine, d=8 (true rank)",null: random,0,20,
"mixed (5% switch, 5% hub, 5% both)",150,2,"cosine, d=8 (true rank)",null: module,3,20,
"mixed (5% switch, 5% hub, 5% both)",150,2,"cosine, d=8 (true rank)",null: hub-rich module,0,20,
"mixed (5% switch, 5% hub, 5% both)",150,2,"radial, d=8 (true rank)",switch,0,15,0.7811111111111111
"mixed (5% switch, 5% hub, 5% both)",150,2,"radial, d=8 (true rank)",hub,13,15,0.9944444444444445
"mixed (5% switch, 5% hub, 5% both)",150,2,"radial, d=8 (true rank)",both,14,15,0.9966666666666667
"mixed (5% switch, 5% hub, 5% both)",150,2,"radial, d=8 (true rank)",null: random,0,20,
"mixed (5% switch, 5% hub, 5% both)",150,2,"radial, d=8 (true rank)",null: module,2,20,
"mixed (5% switch, 5% hub, 5% both)",150,2,"radial, d=8 (true rank)",null: hub-rich module,0,20,
"mixed (5% switch, 5% hub, 5% both)",150,2,degree difference,switch,1,15,0.8566666666666667
"mixed (5% switch, 5% hub, 5% both)",150,2,degree difference,hub,12,15,0.9766666666666667
"mixed (5% switch, 5% hub, 5% both)",150,2,degree difference,both,15,15,0.9944444444444445
"mixed (5% switch, 5% hub, 5% both)",150,2,degree difference,null: random,0,20,
"mixed (5% switch, 5% hub, 5% both)",150,2,degree difference,null: module,2,20,
"mixed (5% switch, 5% hub, 5% both)",150,2,degree difference,null: hub-rich module,0,20,
"mixed (5% switch, 5% hub, 5% both)",150,2,"overlap: min(cosine, radial)",switch,1,15,0.8555555555555555
"mixed (5% switch, 5% hub, 5% both)",150,2,"overlap: min(cosine, radial)",hub,1,15,0.9388888888888889
"mixed (5% switch, 5% hub, 5% both)",150,2,"overlap: min(cosine, radial)",both,14,15,0.9611111111111111
"mixed (5% switch, 5% hub, 5% both)",150,2,"overlap: min(cosine, radial)",null: random,0,20,
"mixed (5% switch, 5% hub, 5% both)",150,2,"overlap: min(cosine, radial)",null: module,3,20,
"mixed (5% switch, 5% hub, 5% both)",150,2,"overlap: min(cosine, radial)",null: hub-rich module,0,20,
"mixed (5% switch, 5% hub, 5% both)",150,2,"max(euclidean, cosine)",switch,15,15,1.0
"mixed (5% switch, 5% hub, 5% both)",150,2,"max(euclidean, cosine)",hub,13,15,0.9777777777777777
"mixed (5% switch, 5% hub, 5% both)",150,2,"max(euclidean, cosine)",both,15,15,1.0
"mixed (5% switch, 5% hub, 5% both)",150,2,"max(euclidean, cosine)",null: random,0,20,
"mixed (5% switch, 5% hub, 5% both)",150,2,"max(euclidean, cosine)",null: module,3,20,
"mixed (5% switch, 5% hub, 5% both)",150,2,"max(euclidean, cosine)",null: hub-rich module,0,20,
"mixed (5% switch, 5% hub, 5% both)",150,2,"min(euclidean, cosine)",switch,5,15,0.9522222222222222
"mixed (5% switch, 5% hub, 5% both)",150,2,"min(euclidean, cosine)",hub,1,15,0.9388888888888889
"mixed (5% switch, 5% hub, 5% both)",150,2,"min(euclidean, cosine)",both,14,15,0.97
"mixed (5% switch, 5% hub, 5% both)",150,2,"min(euclidean, cosine)",null: random,0,20,
"mixed (5% switch, 5% hub, 5% both)",150,2,"min(euclidean, cosine)",null: module,3,20,
"mixed (5% switch, 5% hub, 5% both)",150,2,"min(euclidean, cosine)",null: hub-rich module,0,20,
"mixed (5% switch, 5% hub, 5% both)",150,3,"default (euclidean + cosine, 4-24)",switch,12,15,0.9922222222222222
"mixed (5% switch, 5% hub, 5% both)",150,3,"default (euclidean + cosine, 4-24)",hub,10,15,0.97
"mixed (5% switch, 5% hub, 5% both)",150,3,"default (euclidean + cosine, 4-24)",both,15,15,1.0
"mixed (5% switch, 5% hub, 5% both)",150,3,"default (euclidean + cosine, 4-24)",null: random,0,20,
"mixed (5% switch, 5% hub, 5% both)",150,3,"default (euclidean + cosine, 4-24)",null: module,0,20,
"mixed (5% switch, 5% hub, 5% both)",150,3,"default (euclidean + cosine, 4-24)",null: hub-rich module,0,20,
"mixed (5% switch, 5% hub, 5% both)",150,3,"cosine, 4-24",switch,10,15,0.9744444444444444
"mixed (5% switch, 5% hub, 5% both)",150,3,"cosine, 4-24",hub,2,15,0.8
"mixed (5% switch, 5% hub, 5% both)",150,3,"cosine, 4-24",both,15,15,1.0
"mixed (5% switch, 5% hub, 5% both)",150,3,"cosine, 4-24",null: random,0,20,
"mixed (5% switch, 5% hub, 5% both)",150,3,"cosine, 4-24",null: module,0,20,
"mixed (5% switch, 5% hub, 5% both)",150,3,"cosine, 4-24",null: hub-rich module,0,20,
"mixed (5% switch, 5% hub, 5% both)",150,3,"radial, 4-24",switch,0,15,0.8088888888888889
"mixed (5% switch, 5% hub, 5% both)",150,3,"radial, 4-24",hub,11,15,1.0
"mixed (5% switch, 5% hub, 5% both)",150,3,"radial, 4-24",both,14,15,1.0
"mixed (5% switch, 5% hub, 5% both)",150,3,"radial, 4-24",null: random,0,20,
"mixed (5% switch, 5% hub, 5% both)",150,3,"radial, 4-24",null: module,0,20,
"mixed (5% switch, 5% hub, 5% both)",150,3,"radial, 4-24",null: hub-rich module,0,20,
"mixed (5% switch, 5% hub, 5% both)",150,3,"euclidean, 4-24",switch,10,15,0.9877777777777778
"mixed (5% switch, 5% hub, 5% both)",150,3,"euclidean, 4-24",hub,15,15,1.0
"mixed (5% switch, 5% hub, 5% both)",150,3,"euclidean, 4-24",both,15,15,1.0
"mixed (5% switch, 5% hub, 5% both)",150,3,"euclidean, 4-24",null: random,0,20,
"mixed (5% switch, 5% hub, 5% both)",150,3,"euclidean, 4-24",null: module,0,20,
"mixed (5% switch, 5% hub, 5% both)",150,3,"euclidean, 4-24",null: hub-rich module,0,20,
"mixed (5% switch, 5% hub, 5% both)",150,3,"radial + cosine, 4-24",switch,8,15,0.9744444444444444
"mixed (5% switch, 5% hub, 5% both)",150,3,"radial + cosine, 4-24",hub,11,15,0.9722222222222222
"mixed (5% switch, 5% hub, 5% both)",150,3,"radial + cosine, 4-24",both,15,15,1.0
"mixed (5% switch, 5% hub, 5% both)",150,3,"radial + cosine, 4-24",null: random,0,20,
"mixed (5% switch, 5% hub, 5% both)",150,3,"radial + cosine, 4-24",null: module,0,20,
"mixed (5% switch, 5% hub, 5% both)",150,3,"radial + cosine, 4-24",null: hub-rich module,0,20,
"mixed (5% switch, 5% hub, 5% both)",150,3,"cosine, d=8 (true rank)",switch,15,15,1.0
"mixed (5% switch, 5% hub, 5% both)",150,3,"cosine, d=8 (true rank)",hub,10,15,0.9477777777777778
"mixed (5% switch, 5% hub, 5% both)",150,3,"cosine, d=8 (true rank)",both,15,15,1.0
"mixed (5% switch, 5% hub, 5% both)",150,3,"cosine, d=8 (true rank)",null: random,0,20,
"mixed (5% switch, 5% hub, 5% both)",150,3,"cosine, d=8 (true rank)",null: module,0,20,
"mixed (5% switch, 5% hub, 5% both)",150,3,"cosine, d=8 (true rank)",null: hub-rich module,0,20,
"mixed (5% switch, 5% hub, 5% both)",150,3,"radial, d=8 (true rank)",switch,0,15,0.7244444444444444
"mixed (5% switch, 5% hub, 5% both)",150,3,"radial, d=8 (true rank)",hub,8,15,1.0
"mixed (5% switch, 5% hub, 5% both)",150,3,"radial, d=8 (true rank)",both,13,15,1.0
"mixed (5% switch, 5% hub, 5% both)",150,3,"radial, d=8 (true rank)",null: random,0,20,
"mixed (5% switch, 5% hub, 5% both)",150,3,"radial, d=8 (true rank)",null: module,0,20,
"mixed (5% switch, 5% hub, 5% both)",150,3,"radial, d=8 (true rank)",null: hub-rich module,0,20,
"mixed (5% switch, 5% hub, 5% both)",150,3,degree difference,switch,0,15,0.7222222222222222
"mixed (5% switch, 5% hub, 5% both)",150,3,degree difference,hub,12,15,1.0
"mixed (5% switch, 5% hub, 5% both)",150,3,degree difference,both,14,15,1.0
"mixed (5% switch, 5% hub, 5% both)",150,3,degree difference,null: random,0,20,
"mixed (5% switch, 5% hub, 5% both)",150,3,degree difference,null: module,0,20,
"mixed (5% switch, 5% hub, 5% both)",150,3,degree difference,null: hub-rich module,0,20,
"mixed (5% switch, 5% hub, 5% both)",150,3,"overlap: min(cosine, radial)",switch,0,15,0.7088888888888889
"mixed (5% switch, 5% hub, 5% both)",150,3,"overlap: min(cosine, radial)",hub,11,15,0.9555555555555556
"mixed (5% switch, 5% hub, 5% both)",150,3,"overlap: min(cosine, radial)",both,14,15,0.9944444444444445
"mixed (5% switch, 5% hub, 5% both)",150,3,"overlap: min(cosine, radial)",null: random,0,20,
"mixed (5% switch, 5% hub, 5% both)",150,3,"overlap: min(cosine, radial)",null: module,0,20,
"mixed (5% switch, 5% hub, 5% both)",150,3,"overlap: min(cosine, radial)",null: hub-rich module,2,20,
"mixed (5% switch, 5% hub, 5% both)",150,3,"max(euclidean, cosine)",switch,15,15,1.0
"mixed (5% switch, 5% hub, 5% both)",150,3,"max(euclidean, cosine)",hub,12,15,1.0
"mixed (5% switch, 5% hub, 5% both)",150,3,"max(euclidean, cosine)",both,15,15,1.0
"mixed (5% switch, 5% hub, 5% both)",150,3,"max(euclidean, cosine)",null: random,0,20,
"mixed (5% switch, 5% hub, 5% both)",150,3,"max(euclidean, cosine)",null: module,0,20,
"mixed (5% switch, 5% hub, 5% both)",150,3,"max(euclidean, cosine)",null: hub-rich module,0,20,
"mixed (5% switch, 5% hub, 5% both)",150,3,"min(euclidean, cosine)",switch,7,15,0.89
"mixed (5% switch, 5% hub, 5% both)",150,3,"min(euclidean, cosine)",hub,8,15,0.9077777777777778
"mixed (5% switch, 5% hub, 5% both)",150,3,"min(euclidean, cosine)",both,15,15,1.0
"mixed (5% switch, 5% hub, 5% both)",150,3,"min(euclidean, cosine)",null: random,0,20,
"mixed (5% switch, 5% hub, 5% both)",150,3,"min(euclidean, cosine)",null: module,0,20,
"mixed (5% switch, 5% hub, 5% both)",150,3,"min(euclidean, cosine)",null: hub-rich module,0,20,
"mixed (5% switch, 5% hub, 5% both)",150,4,"default (euclidean + cosine, 4-24)",switch,11,15,0.9944444444444445
"mixed (5% switch, 5% hub, 5% both)",150,4,"default (euclidean + cosine, 4-24)",hub,9,15,0.9744444444444444
"mixed (5% switch, 5% hub, 5% both)",150,4,"default (euclidean + cosine, 4-24)",both,15,15,1.0
"mixed (5% switch, 5% hub, 5% both)",150,4,"default (euclidean + cosine, 4-24)",null: random,0,20,
"mixed (5% switch, 5% hub, 5% both)",150,4,"default (euclidean + cosine, 4-24)",null: module,0,20,
"mixed (5% switch, 5% hub, 5% both)",150,4,"default (euclidean + cosine, 4-24)",null: hub-rich module,0,20,
"mixed (5% switch, 5% hub, 5% both)",150,4,"cosine, 4-24",switch,14,15,1.0
"mixed (5% switch, 5% hub, 5% both)",150,4,"cosine, 4-24",hub,0,15,0.74
"mixed (5% switch, 5% hub, 5% both)",150,4,"cosine, 4-24",both,15,15,1.0
"mixed (5% switch, 5% hub, 5% both)",150,4,"cosine, 4-24",null: random,0,20,
"mixed (5% switch, 5% hub, 5% both)",150,4,"cosine, 4-24",null: module,0,20,
"mixed (5% switch, 5% hub, 5% both)",150,4,"cosine, 4-24",null: hub-rich module,0,20,
"mixed (5% switch, 5% hub, 5% both)",150,4,"radial, 4-24",switch,0,15,0.7844444444444445
"mixed (5% switch, 5% hub, 5% both)",150,4,"radial, 4-24",hub,9,15,1.0
"mixed (5% switch, 5% hub, 5% both)",150,4,"radial, 4-24",both,12,15,0.9988888888888889
"mixed (5% switch, 5% hub, 5% both)",150,4,"radial, 4-24",null: random,0,20,
"mixed (5% switch, 5% hub, 5% both)",150,4,"radial, 4-24",null: module,0,20,
"mixed (5% switch, 5% hub, 5% both)",150,4,"radial, 4-24",null: hub-rich module,0,20,
"mixed (5% switch, 5% hub, 5% both)",150,4,"euclidean, 4-24",switch,5,15,0.9711111111111111
"mixed (5% switch, 5% hub, 5% both)",150,4,"euclidean, 4-24",hub,14,15,1.0
"mixed (5% switch, 5% hub, 5% both)",150,4,"euclidean, 4-24",both,15,15,1.0
"mixed (5% switch, 5% hub, 5% both)",150,4,"euclidean, 4-24",null: random,0,20,
"mixed (5% switch, 5% hub, 5% both)",150,4,"euclidean, 4-24",null: module,0,20,
"mixed (5% switch, 5% hub, 5% both)",150,4,"euclidean, 4-24",null: hub-rich module,0,20,
"mixed (5% switch, 5% hub, 5% both)",150,4,"radial + cosine, 4-24",switch,8,15,0.9933333333333333
"mixed (5% switch, 5% hub, 5% both)",150,4,"radial + cosine, 4-24",hub,7,15,0.9788888888888889
"mixed (5% switch, 5% hub, 5% both)",150,4,"radial + cosine, 4-24",both,15,15,1.0
"mixed (5% switch, 5% hub, 5% both)",150,4,"radial + cosine, 4-24",null: random,0,20,
"mixed (5% switch, 5% hub, 5% both)",150,4,"radial + cosine, 4-24",null: module,0,20,
"mixed (5% switch, 5% hub, 5% both)",150,4,"radial + cosine, 4-24",null: hub-rich module,0,20,
"mixed (5% switch, 5% hub, 5% both)",150,4,"cosine, d=8 (true rank)",switch,15,15,1.0
"mixed (5% switch, 5% hub, 5% both)",150,4,"cosine, d=8 (true rank)",hub,3,15,0.84
"mixed (5% switch, 5% hub, 5% both)",150,4,"cosine, d=8 (true rank)",both,14,15,0.9911111111111112
"mixed (5% switch, 5% hub, 5% both)",150,4,"cosine, d=8 (true rank)",null: random,0,20,
"mixed (5% switch, 5% hub, 5% both)",150,4,"cosine, d=8 (true rank)",null: module,1,20,
"mixed (5% switch, 5% hub, 5% both)",150,4,"cosine, d=8 (true rank)",null: hub-rich module,1,20,
"mixed (5% switch, 5% hub, 5% both)",150,4,"radial, d=8 (true rank)",switch,0,15,0.6344444444444445
"mixed (5% switch, 5% hub, 5% both)",150,4,"radial, d=8 (true rank)",hub,4,15,0.99
"mixed (5% switch, 5% hub, 5% both)",150,4,"radial, d=8 (true rank)",both,10,15,0.9988888888888889
"mixed (5% switch, 5% hub, 5% both)",150,4,"radial, d=8 (true rank)",null: random,0,20,
"mixed (5% switch, 5% hub, 5% both)",150,4,"radial, d=8 (true rank)",null: module,0,20,
"mixed (5% switch, 5% hub, 5% both)",150,4,"radial, d=8 (true rank)",null: hub-rich module,0,20,
"mixed (5% switch, 5% hub, 5% both)",150,4,degree difference,switch,0,15,0.7411111111111112
"mixed (5% switch, 5% hub, 5% both)",150,4,degree difference,hub,2,15,0.9888888888888889
"mixed (5% switch, 5% hub, 5% both)",150,4,degree difference,both,8,15,1.0
"mixed (5% switch, 5% hub, 5% both)",150,4,degree difference,null: random,0,20,
"mixed (5% switch, 5% hub, 5% both)",150,4,degree difference,null: module,0,20,
"mixed (5% switch, 5% hub, 5% both)",150,4,degree difference,null: hub-rich module,0,20,
"mixed (5% switch, 5% hub, 5% both)",150,4,"overlap: min(cosine, radial)",switch,0,15,0.7188888888888889
"mixed (5% switch, 5% hub, 5% both)",150,4,"overlap: min(cosine, radial)",hub,3,15,0.9133333333333333
"mixed (5% switch, 5% hub, 5% both)",150,4,"overlap: min(cosine, radial)",both,12,15,0.9988888888888889
"mixed (5% switch, 5% hub, 5% both)",150,4,"overlap: min(cosine, radial)",null: random,0,20,
"mixed (5% switch, 5% hub, 5% both)",150,4,"overlap: min(cosine, radial)",null: module,0,20,
"mixed (5% switch, 5% hub, 5% both)",150,4,"overlap: min(cosine, radial)",null: hub-rich module,0,20,
"mixed (5% switch, 5% hub, 5% both)",150,4,"max(euclidean, cosine)",switch,15,15,1.0
"mixed (5% switch, 5% hub, 5% both)",150,4,"max(euclidean, cosine)",hub,10,15,0.9866666666666667
"mixed (5% switch, 5% hub, 5% both)",150,4,"max(euclidean, cosine)",both,15,15,1.0
"mixed (5% switch, 5% hub, 5% both)",150,4,"max(euclidean, cosine)",null: random,0,20,
"mixed (5% switch, 5% hub, 5% both)",150,4,"max(euclidean, cosine)",null: module,0,20,
"mixed (5% switch, 5% hub, 5% both)",150,4,"max(euclidean, cosine)",null: hub-rich module,0,20,
"mixed (5% switch, 5% hub, 5% both)",150,4,"min(euclidean, cosine)",switch,2,15,0.9122222222222223
"mixed (5% switch, 5% hub, 5% both)",150,4,"min(euclidean, cosine)",hub,4,15,0.91
"mixed (5% switch, 5% hub, 5% both)",150,4,"min(euclidean, cosine)",both,15,15,1.0
"mixed (5% switch, 5% hub, 5% both)",150,4,"min(euclidean, cosine)",null: random,0,20,
"mixed (5% switch, 5% hub, 5% both)",150,4,"min(euclidean, cosine)",null: module,0,20,
"mixed (5% switch, 5% hub, 5% both)",150,4,"min(euclidean, cosine)",null: hub-rich module,0,20,
"mixed (5% switch, 5% hub, 5% both)",150,5,"default (euclidean + cosine, 4-24)",switch,11,15,0.9833333333333333
"mixed (5% switch, 5% hub, 5% both)",150,5,"default (euclidean + cosine, 4-24)",hub,8,15,0.9733333333333334
"mixed (5% switch, 5% hub, 5% both)",150,5,"default (euclidean + cosine, 4-24)",both,15,15,1.0
"mixed (5% switch, 5% hub, 5% both)",150,5,"default (euclidean + cosine, 4-24)",null: random,0,20,
"mixed (5% switch, 5% hub, 5% both)",150,5,"default (euclidean + cosine, 4-24)",null: module,0,20,
"mixed (5% switch, 5% hub, 5% both)",150,5,"default (euclidean + cosine, 4-24)",null: hub-rich module,1,20,
"mixed (5% switch, 5% hub, 5% both)",150,5,"cosine, 4-24",switch,15,15,0.9966666666666667
"mixed (5% switch, 5% hub, 5% both)",150,5,"cosine, 4-24",hub,1,15,0.7555555555555555
"mixed (5% switch, 5% hub, 5% both)",150,5,"cosine, 4-24",both,15,15,1.0
"mixed (5% switch, 5% hub, 5% both)",150,5,"cosine, 4-24",null: random,0,20,
"mixed (5% switch, 5% hub, 5% both)",150,5,"cosine, 4-24",null: module,3,20,
"mixed (5% switch, 5% hub, 5% both)",150,5,"cosine, 4-24",null: hub-rich module,1,20,
"mixed (5% switch, 5% hub, 5% both)",150,5,"radial, 4-24",switch,0,15,0.8477777777777777
"mixed (5% switch, 5% hub, 5% both)",150,5,"radial, 4-24",hub,14,15,1.0
"mixed (5% switch, 5% hub, 5% both)",150,5,"radial, 4-24",both,15,15,1.0
"mixed (5% switch, 5% hub, 5% both)",150,5,"radial, 4-24",null: random,0,20,
"mixed (5% switch, 5% hub, 5% both)",150,5,"radial, 4-24",null: module,0,20,
"mixed (5% switch, 5% hub, 5% both)",150,5,"radial, 4-24",null: hub-rich module,0,20,
"mixed (5% switch, 5% hub, 5% both)",150,5,"euclidean, 4-24",switch,8,15,0.9677777777777777
"mixed (5% switch, 5% hub, 5% both)",150,5,"euclidean, 4-24",hub,15,15,1.0
"mixed (5% switch, 5% hub, 5% both)",150,5,"euclidean, 4-24",both,15,15,1.0
"mixed (5% switch, 5% hub, 5% both)",150,5,"euclidean, 4-24",null: random,0,20,
"mixed (5% switch, 5% hub, 5% both)",150,5,"euclidean, 4-24",null: module,0,20,
"mixed (5% switch, 5% hub, 5% both)",150,5,"euclidean, 4-24",null: hub-rich module,0,20,
"mixed (5% switch, 5% hub, 5% both)",150,5,"radial + cosine, 4-24",switch,7,15,0.9688888888888889
"mixed (5% switch, 5% hub, 5% both)",150,5,"radial + cosine, 4-24",hub,11,15,0.9833333333333333
"mixed (5% switch, 5% hub, 5% both)",150,5,"radial + cosine, 4-24",both,15,15,1.0
"mixed (5% switch, 5% hub, 5% both)",150,5,"radial + cosine, 4-24",null: random,0,20,
"mixed (5% switch, 5% hub, 5% both)",150,5,"radial + cosine, 4-24",null: module,1,20,
"mixed (5% switch, 5% hub, 5% both)",150,5,"radial + cosine, 4-24",null: hub-rich module,1,20,
"mixed (5% switch, 5% hub, 5% both)",150,5,"cosine, d=8 (true rank)",switch,15,15,0.99
"mixed (5% switch, 5% hub, 5% both)",150,5,"cosine, d=8 (true rank)",hub,1,15,0.7822222222222223
"mixed (5% switch, 5% hub, 5% both)",150,5,"cosine, d=8 (true rank)",both,14,15,0.9733333333333334
"mixed (5% switch, 5% hub, 5% both)",150,5,"cosine, d=8 (true rank)",null: random,0,20,
"mixed (5% switch, 5% hub, 5% both)",150,5,"cosine, d=8 (true rank)",null: module,2,20,
"mixed (5% switch, 5% hub, 5% both)",150,5,"cosine, d=8 (true rank)",null: hub-rich module,1,20,
"mixed (5% switch, 5% hub, 5% both)",150,5,"radial, d=8 (true rank)",switch,0,15,0.7677777777777778
"mixed (5% switch, 5% hub, 5% both)",150,5,"radial, d=8 (true rank)",hub,13,15,0.9933333333333333
"mixed (5% switch, 5% hub, 5% both)",150,5,"radial, d=8 (true rank)",both,15,15,1.0
"mixed (5% switch, 5% hub, 5% both)",150,5,"radial, d=8 (true rank)",null: random,0,20,
"mixed (5% switch, 5% hub, 5% both)",150,5,"radial, d=8 (true rank)",null: module,0,20,
"mixed (5% switch, 5% hub, 5% both)",150,5,"radial, d=8 (true rank)",null: hub-rich module,0,20,
"mixed (5% switch, 5% hub, 5% both)",150,5,degree difference,switch,0,15,0.91
"mixed (5% switch, 5% hub, 5% both)",150,5,degree difference,hub,12,15,0.9955555555555555
"mixed (5% switch, 5% hub, 5% both)",150,5,degree difference,both,15,15,1.0
"mixed (5% switch, 5% hub, 5% both)",150,5,degree difference,null: random,0,20,
"mixed (5% switch, 5% hub, 5% both)",150,5,degree difference,null: module,0,20,
"mixed (5% switch, 5% hub, 5% both)",150,5,degree difference,null: hub-rich module,0,20,
"mixed (5% switch, 5% hub, 5% both)",150,5,"overlap: min(cosine, radial)",switch,1,15,0.8333333333333334
"mixed (5% switch, 5% hub, 5% both)",150,5,"overlap: min(cosine, radial)",hub,1,15,0.9144444444444444
"mixed (5% switch, 5% hub, 5% both)",150,5,"overlap: min(cosine, radial)",both,15,15,1.0
"mixed (5% switch, 5% hub, 5% both)",150,5,"overlap: min(cosine, radial)",null: random,0,20,
"mixed (5% switch, 5% hub, 5% both)",150,5,"overlap: min(cosine, radial)",null: module,0,20,
"mixed (5% switch, 5% hub, 5% both)",150,5,"overlap: min(cosine, radial)",null: hub-rich module,0,20,
"mixed (5% switch, 5% hub, 5% both)",150,5,"max(euclidean, cosine)",switch,15,15,1.0
"mixed (5% switch, 5% hub, 5% both)",150,5,"max(euclidean, cosine)",hub,12,15,0.9922222222222222
"mixed (5% switch, 5% hub, 5% both)",150,5,"max(euclidean, cosine)",both,15,15,1.0
"mixed (5% switch, 5% hub, 5% both)",150,5,"max(euclidean, cosine)",null: random,0,20,
"mixed (5% switch, 5% hub, 5% both)",150,5,"max(euclidean, cosine)",null: module,0,20,
"mixed (5% switch, 5% hub, 5% both)",150,5,"max(euclidean, cosine)",null: hub-rich module,0,20,
"mixed (5% switch, 5% hub, 5% both)",150,5,"min(euclidean, cosine)",switch,6,15,0.9355555555555556
"mixed (5% switch, 5% hub, 5% both)",150,5,"min(euclidean, cosine)",hub,1,15,0.9177777777777778
"mixed (5% switch, 5% hub, 5% both)",150,5,"min(euclidean, cosine)",both,15,15,1.0
"mixed (5% switch, 5% hub, 5% both)",150,5,"min(euclidean, cosine)",null: random,0,20,
"mixed (5% switch, 5% hub, 5% both)",150,5,"min(euclidean, cosine)",null: module,1,20,
"mixed (5% switch, 5% hub, 5% both)",150,5,"min(euclidean, cosine)",null: hub-rich module,1,20,
"mixed (5% switch, 5% hub, 5% both)",150,6,"default (euclidean + cosine, 4-24)",switch,15,15,1.0
"mixed (5% switch, 5% hub, 5% both)",150,6,"default (euclidean + cosine, 4-24)",hub,13,15,0.9888888888888889
"mixed (5% switch, 5% hub, 5% both)",150,6,"default (euclidean + cosine, 4-24)",both,15,15,1.0
"mixed (5% switch, 5% hub, 5% both)",150,6,"default (euclidean + cosine, 4-24)",null: random,0,20,
"mixed (5% switch, 5% hub, 5% both)",150,6,"default (euclidean + cosine, 4-24)",null: module,0,20,
"mixed (5% switch, 5% hub, 5% both)",150,6,"default (euclidean + cosine, 4-24)",null: hub-rich module,0,20,
"mixed (5% switch, 5% hub, 5% both)",150,6,"cosine, 4-24",switch,15,15,1.0
"mixed (5% switch, 5% hub, 5% both)",150,6,"cosine, 4-24",hub,0,15,0.8444444444444444
"mixed (5% switch, 5% hub, 5% both)",150,6,"cosine, 4-24",both,15,15,1.0
"mixed (5% switch, 5% hub, 5% both)",150,6,"cosine, 4-24",null: random,0,20,
"mixed (5% switch, 5% hub, 5% both)",150,6,"cosine, 4-24",null: module,0,20,
"mixed (5% switch, 5% hub, 5% both)",150,6,"cosine, 4-24",null: hub-rich module,0,20,
"mixed (5% switch, 5% hub, 5% both)",150,6,"radial, 4-24",switch,0,15,0.6711111111111111
"mixed (5% switch, 5% hub, 5% both)",150,6,"radial, 4-24",hub,15,15,1.0
"mixed (5% switch, 5% hub, 5% both)",150,6,"radial, 4-24",both,15,15,1.0
"mixed (5% switch, 5% hub, 5% both)",150,6,"radial, 4-24",null: random,0,20,
"mixed (5% switch, 5% hub, 5% both)",150,6,"radial, 4-24",null: module,0,20,
"mixed (5% switch, 5% hub, 5% both)",150,6,"radial, 4-24",null: hub-rich module,0,20,
"mixed (5% switch, 5% hub, 5% both)",150,6,"euclidean, 4-24",switch,6,15,0.9844444444444445
"mixed (5% switch, 5% hub, 5% both)",150,6,"euclidean, 4-24",hub,15,15,1.0
"mixed (5% switch, 5% hub, 5% both)",150,6,"euclidean, 4-24",both,15,15,1.0
"mixed (5% switch, 5% hub, 5% both)",150,6,"euclidean, 4-24",null: random,0,20,
"mixed (5% switch, 5% hub, 5% both)",150,6,"euclidean, 4-24",null: module,0,20,
"mixed (5% switch, 5% hub, 5% both)",150,6,"euclidean, 4-24",null: hub-rich module,0,20,
"mixed (5% switch, 5% hub, 5% both)",150,6,"radial + cosine, 4-24",switch,11,15,0.99
"mixed (5% switch, 5% hub, 5% both)",150,6,"radial + cosine, 4-24",hub,13,15,1.0
"mixed (5% switch, 5% hub, 5% both)",150,6,"radial + cosine, 4-24",both,15,15,1.0
"mixed (5% switch, 5% hub, 5% both)",150,6,"radial + cosine, 4-24",null: random,0,20,
"mixed (5% switch, 5% hub, 5% both)",150,6,"radial + cosine, 4-24",null: module,0,20,
"mixed (5% switch, 5% hub, 5% both)",150,6,"radial + cosine, 4-24",null: hub-rich module,0,20,
"mixed (5% switch, 5% hub, 5% both)",150,6,"cosine, d=8 (true rank)",switch,15,15,1.0
"mixed (5% switch, 5% hub, 5% both)",150,6,"cosine, d=8 (true rank)",hub,8,15,0.9666666666666667
"mixed (5% switch, 5% hub, 5% both)",150,6,"cosine, d=8 (true rank)",both,15,15,1.0
"mixed (5% switch, 5% hub, 5% both)",150,6,"cosine, d=8 (true rank)",null: random,0,20,
"mixed (5% switch, 5% hub, 5% both)",150,6,"cosine, d=8 (true rank)",null: module,0,20,
"mixed (5% switch, 5% hub, 5% both)",150,6,"cosine, d=8 (true rank)",null: hub-rich module,0,20,
"mixed (5% switch, 5% hub, 5% both)",150,6,"radial, d=8 (true rank)",switch,0,15,0.6811111111111111
"mixed (5% switch, 5% hub, 5% both)",150,6,"radial, d=8 (true rank)",hub,12,15,1.0
"mixed (5% switch, 5% hub, 5% both)",150,6,"radial, d=8 (true rank)",both,14,15,1.0
"mixed (5% switch, 5% hub, 5% both)",150,6,"radial, d=8 (true rank)",null: random,0,20,
"mixed (5% switch, 5% hub, 5% both)",150,6,"radial, d=8 (true rank)",null: module,0,20,
"mixed (5% switch, 5% hub, 5% both)",150,6,"radial, d=8 (true rank)",null: hub-rich module,0,20,
"mixed (5% switch, 5% hub, 5% both)",150,6,degree difference,switch,0,15,0.6344444444444445
"mixed (5% switch, 5% hub, 5% both)",150,6,degree difference,hub,13,15,1.0
"mixed (5% switch, 5% hub, 5% both)",150,6,degree difference,both,15,15,1.0
"mixed (5% switch, 5% hub, 5% both)",150,6,degree difference,null: random,0,20,
"mixed (5% switch, 5% hub, 5% both)",150,6,degree difference,null: module,0,20,
"mixed (5% switch, 5% hub, 5% both)",150,6,degree difference,null: hub-rich module,0,20,
"mixed (5% switch, 5% hub, 5% both)",150,6,"overlap: min(cosine, radial)",switch,1,15,0.7866666666666666
"mixed (5% switch, 5% hub, 5% both)",150,6,"overlap: min(cosine, radial)",hub,4,15,0.9422222222222222
"mixed (5% switch, 5% hub, 5% both)",150,6,"overlap: min(cosine, radial)",both,15,15,1.0
"mixed (5% switch, 5% hub, 5% both)",150,6,"overlap: min(cosine, radial)",null: random,0,20,
"mixed (5% switch, 5% hub, 5% both)",150,6,"overlap: min(cosine, radial)",null: module,0,20,
"mixed (5% switch, 5% hub, 5% both)",150,6,"overlap: min(cosine, radial)",null: hub-rich module,0,20,
"mixed (5% switch, 5% hub, 5% both)",150,6,"max(euclidean, cosine)",switch,15,15,1.0
"mixed (5% switch, 5% hub, 5% both)",150,6,"max(euclidean, cosine)",hub,15,15,1.0
"mixed (5% switch, 5% hub, 5% both)",150,6,"max(euclidean, cosine)",both,15,15,1.0
"mixed (5% switch, 5% hub, 5% both)",150,6,"max(euclidean, cosine)",null: random,0,20,
"mixed (5% switch, 5% hub, 5% both)",150,6,"max(euclidean, cosine)",null: module,0,20,
"mixed (5% switch, 5% hub, 5% both)",150,6,"max(euclidean, cosine)",null: hub-rich module,0,20,
"mixed (5% switch, 5% hub, 5% both)",150,6,"min(euclidean, cosine)",switch,9,15,0.9955555555555555
"mixed (5% switch, 5% hub, 5% both)",150,6,"min(euclidean, cosine)",hub,5,15,0.9533333333333334
"mixed (5% switch, 5% hub, 5% both)",150,6,"min(euclidean, cosine)",both,15,15,1.0
"mixed (5% switch, 5% hub, 5% both)",150,6,"min(euclidean, cosine)",null: random,0,20,
"mixed (5% switch, 5% hub, 5% both)",150,6,"min(euclidean, cosine)",null: module,0,20,
"mixed (5% switch, 5% hub, 5% both)",150,6,"min(euclidean, cosine)",null: hub-rich module,0,20,
"mixed (5% switch, 5% hub, 5% both)",150,7,"default (euclidean + cosine, 4-24)",switch,14,15,0.9933333333333333
"mixed (5% switch, 5% hub, 5% both)",150,7,"default (euclidean + cosine, 4-24)",hub,15,15,1.0
"mixed (5% switch, 5% hub, 5% both)",150,7,"default (euclidean + cosine, 4-24)",both,15,15,1.0
"mixed (5% switch, 5% hub, 5% both)",150,7,"default (euclidean + cosine, 4-24)",null: random,0,20,
"mixed (5% switch, 5% hub, 5% both)",150,7,"default (euclidean + cosine, 4-24)",null: module,0,20,
"mixed (5% switch, 5% hub, 5% both)",150,7,"default (euclidean + cosine, 4-24)",null: hub-rich module,0,20,
"mixed (5% switch, 5% hub, 5% both)",150,7,"cosine, 4-24",switch,15,15,1.0
"mixed (5% switch, 5% hub, 5% both)",150,7,"cosine, 4-24",hub,1,15,0.8466666666666667
"mixed (5% switch, 5% hub, 5% both)",150,7,"cosine, 4-24",both,15,15,1.0
"mixed (5% switch, 5% hub, 5% both)",150,7,"cosine, 4-24",null: random,0,20,
"mixed (5% switch, 5% hub, 5% both)",150,7,"cosine, 4-24",null: module,0,20,
"mixed (5% switch, 5% hub, 5% both)",150,7,"cosine, 4-24",null: hub-rich module,0,20,
"mixed (5% switch, 5% hub, 5% both)",150,7,"radial, 4-24",switch,0,15,0.8488888888888889
"mixed (5% switch, 5% hub, 5% both)",150,7,"radial, 4-24",hub,14,15,1.0
"mixed (5% switch, 5% hub, 5% both)",150,7,"radial, 4-24",both,15,15,1.0
"mixed (5% switch, 5% hub, 5% both)",150,7,"radial, 4-24",null: random,0,20,
"mixed (5% switch, 5% hub, 5% both)",150,7,"radial, 4-24",null: module,0,20,
"mixed (5% switch, 5% hub, 5% both)",150,7,"radial, 4-24",null: hub-rich module,0,20,
"mixed (5% switch, 5% hub, 5% both)",150,7,"euclidean, 4-24",switch,4,15,0.9922222222222222
"mixed (5% switch, 5% hub, 5% both)",150,7,"euclidean, 4-24",hub,15,15,1.0
"mixed (5% switch, 5% hub, 5% both)",150,7,"euclidean, 4-24",both,15,15,1.0
"mixed (5% switch, 5% hub, 5% both)",150,7,"euclidean, 4-24",null: random,0,20,
"mixed (5% switch, 5% hub, 5% both)",150,7,"euclidean, 4-24",null: module,0,20,
"mixed (5% switch, 5% hub, 5% both)",150,7,"euclidean, 4-24",null: hub-rich module,0,20,
"mixed (5% switch, 5% hub, 5% both)",150,7,"radial + cosine, 4-24",switch,12,15,0.9966666666666667
"mixed (5% switch, 5% hub, 5% both)",150,7,"radial + cosine, 4-24",hub,13,15,1.0
"mixed (5% switch, 5% hub, 5% both)",150,7,"radial + cosine, 4-24",both,15,15,1.0
"mixed (5% switch, 5% hub, 5% both)",150,7,"radial + cosine, 4-24",null: random,0,20,
"mixed (5% switch, 5% hub, 5% both)",150,7,"radial + cosine, 4-24",null: module,0,20,
"mixed (5% switch, 5% hub, 5% both)",150,7,"radial + cosine, 4-24",null: hub-rich module,0,20,
"mixed (5% switch, 5% hub, 5% both)",150,7,"cosine, d=8 (true rank)",switch,15,15,1.0
"mixed (5% switch, 5% hub, 5% both)",150,7,"cosine, d=8 (true rank)",hub,6,15,0.9511111111111111
"mixed (5% switch, 5% hub, 5% both)",150,7,"cosine, d=8 (true rank)",both,15,15,1.0
"mixed (5% switch, 5% hub, 5% both)",150,7,"cosine, d=8 (true rank)",null: random,0,20,
"mixed (5% switch, 5% hub, 5% both)",150,7,"cosine, d=8 (true rank)",null: module,0,20,
"mixed (5% switch, 5% hub, 5% both)",150,7,"cosine, d=8 (true rank)",null: hub-rich module,2,20,
"mixed (5% switch, 5% hub, 5% both)",150,7,"radial, d=8 (true rank)",switch,0,15,0.6144444444444445
"mixed (5% switch, 5% hub, 5% both)",150,7,"radial, d=8 (true rank)",hub,11,15,0.9988888888888889
"mixed (5% switch, 5% hub, 5% both)",150,7,"radial, d=8 (true rank)",both,15,15,1.0
"mixed (5% switch, 5% hub, 5% both)",150,7,"radial, d=8 (true rank)",null: random,0,20,
"mixed (5% switch, 5% hub, 5% both)",150,7,"radial, d=8 (true rank)",null: module,0,20,
"mixed (5% switch, 5% hub, 5% both)",150,7,"radial, d=8 (true rank)",null: hub-rich module,0,20,
"mixed (5% switch, 5% hub, 5% both)",150,7,degree difference,switch,1,15,0.8755555555555555
"mixed (5% switch, 5% hub, 5% both)",150,7,degree difference,hub,12,15,1.0
"mixed (5% switch, 5% hub, 5% both)",150,7,degree difference,both,15,15,1.0
"mixed (5% switch, 5% hub, 5% both)",150,7,degree difference,null: random,0,20,
"mixed (5% switch, 5% hub, 5% both)",150,7,degree difference,null: module,0,20,
"mixed (5% switch, 5% hub, 5% both)",150,7,degree difference,null: hub-rich module,0,20,
"mixed (5% switch, 5% hub, 5% both)",150,7,"overlap: min(cosine, radial)",switch,0,15,0.7855555555555556
"mixed (5% switch, 5% hub, 5% both)",150,7,"overlap: min(cosine, radial)",hub,2,15,0.9733333333333334
"mixed (5% switch, 5% hub, 5% both)",150,7,"overlap: min(cosine, radial)",both,15,15,1.0
"mixed (5% switch, 5% hub, 5% both)",150,7,"overlap: min(cosine, radial)",null: random,0,20,
"mixed (5% switch, 5% hub, 5% both)",150,7,"overlap: min(cosine, radial)",null: module,0,20,
"mixed (5% switch, 5% hub, 5% both)",150,7,"overlap: min(cosine, radial)",null: hub-rich module,0,20,
"mixed (5% switch, 5% hub, 5% both)",150,7,"max(euclidean, cosine)",switch,15,15,1.0
"mixed (5% switch, 5% hub, 5% both)",150,7,"max(euclidean, cosine)",hub,15,15,1.0
"mixed (5% switch, 5% hub, 5% both)",150,7,"max(euclidean, cosine)",both,15,15,1.0
"mixed (5% switch, 5% hub, 5% both)",150,7,"max(euclidean, cosine)",null: random,0,20,
"mixed (5% switch, 5% hub, 5% both)",150,7,"max(euclidean, cosine)",null: module,0,20,
"mixed (5% switch, 5% hub, 5% both)",150,7,"max(euclidean, cosine)",null: hub-rich module,0,20,
"mixed (5% switch, 5% hub, 5% both)",150,7,"min(euclidean, cosine)",switch,6,15,0.9088888888888889
"mixed (5% switch, 5% hub, 5% both)",150,7,"min(euclidean, cosine)",hub,5,15,0.9555555555555556
"mixed (5% switch, 5% hub, 5% both)",150,7,"min(euclidean, cosine)",both,15,15,1.0
"mixed (5% switch, 5% hub, 5% both)",150,7,"min(euclidean, cosine)",null: random,0,20,
"mixed (5% switch, 5% hub, 5% both)",150,7,"min(euclidean, cosine)",null: module,0,20,
"mixed (5% switch, 5% hub, 5% both)",150,7,"min(euclidean, cosine)",null: hub-rich module,0,20,
"mixed (5% switch, 5% hub, 5% both)",400,0,"default (euclidean + cosine, 4-24)",switch,14,15,0.99
"mixed (5% switch, 5% hub, 5% both)",400,0,"default (euclidean + cosine, 4-24)",hub,7,15,0.9077777777777778
"mixed (5% switch, 5% hub, 5% both)",400,0,"default (euclidean + cosine, 4-24)",both,15,15,0.9944444444444445
"mixed (5% switch, 5% hub, 5% both)",400,0,"default (euclidean + cosine, 4-24)",null: random,0,20,
"mixed (5% switch, 5% hub, 5% both)",400,0,"default (euclidean + cosine, 4-24)",null: module,4,20,
"mixed (5% switch, 5% hub, 5% both)",400,0,"default (euclidean + cosine, 4-24)",null: hub-rich module,0,20,
"mixed (5% switch, 5% hub, 5% both)",400,0,"cosine, 4-24",switch,15,15,1.0
"mixed (5% switch, 5% hub, 5% both)",400,0,"cosine, 4-24",hub,0,15,0.64
"mixed (5% switch, 5% hub, 5% both)",400,0,"cosine, 4-24",both,15,15,0.9966666666666667
"mixed (5% switch, 5% hub, 5% both)",400,0,"cosine, 4-24",null: random,0,20,
"mixed (5% switch, 5% hub, 5% both)",400,0,"cosine, 4-24",null: module,3,20,
"mixed (5% switch, 5% hub, 5% both)",400,0,"cosine, 4-24",null: hub-rich module,0,20,
"mixed (5% switch, 5% hub, 5% both)",400,0,"radial, 4-24",switch,0,15,0.5944444444444444
"mixed (5% switch, 5% hub, 5% both)",400,0,"radial, 4-24",hub,14,15,1.0
"mixed (5% switch, 5% hub, 5% both)",400,0,"radial, 4-24",both,15,15,1.0
"mixed (5% switch, 5% hub, 5% both)",400,0,"radial, 4-24",null: random,0,20,
"mixed (5% switch, 5% hub, 5% both)",400,0,"radial, 4-24",null: module,0,20,
"mixed (5% switch, 5% hub, 5% both)",400,0,"radial, 4-24",null: hub-rich module,0,20,
"mixed (5% switch, 5% hub, 5% both)",400,0,"euclidean, 4-24",switch,3,15,0.9477777777777778
"mixed (5% switch, 5% hub, 5% both)",400,0,"euclidean, 4-24",hub,14,15,0.9988888888888889
"mixed (5% switch, 5% hub, 5% both)",400,0,"euclidean, 4-24",both,15,15,1.0
"mixed (5% switch, 5% hub, 5% both)",400,0,"euclidean, 4-24",null: random,0,20,
"mixed (5% switch, 5% hub, 5% both)",400,0,"euclidean, 4-24",null: module,0,20,
"mixed (5% switch, 5% hub, 5% both)",400,0,"euclidean, 4-24",null: hub-rich module,0,20,
"mixed (5% switch, 5% hub, 5% both)",400,0,"radial + cosine, 4-24",switch,14,15,0.9888888888888889
"mixed (5% switch, 5% hub, 5% both)",400,0,"radial + cosine, 4-24",hub,13,15,0.9877777777777778
"mixed (5% switch, 5% hub, 5% both)",400,0,"radial + cosine, 4-24",both,15,15,1.0
"mixed (5% switch, 5% hub, 5% both)",400,0,"radial + cosine, 4-24",null: random,0,20,
"mixed (5% switch, 5% hub, 5% both)",400,0,"radial + cosine, 4-24",null: module,0,20,
"mixed (5% switch, 5% hub, 5% both)",400,0,"radial + cosine, 4-24",null: hub-rich module,0,20,
"mixed (5% switch, 5% hub, 5% both)",400,0,"cosine, d=8 (true rank)",switch,15,15,1.0
"mixed (5% switch, 5% hub, 5% both)",400,0,"cosine, d=8 (true rank)",hub,9,15,0.9533333333333334
"mixed (5% switch, 5% hub, 5% both)",400,0,"cosine, d=8 (true rank)",both,15,15,1.0
"mixed (5% switch, 5% hub, 5% both)",400,0,"cosine, d=8 (true rank)",null: random,0,20,
"mixed (5% switch, 5% hub, 5% both)",400,0,"cosine, d=8 (true rank)",null: module,0,20,
"mixed (5% switch, 5% hub, 5% both)",400,0,"cosine, d=8 (true rank)",null: hub-rich module,0,20,
"mixed (5% switch, 5% hub, 5% both)",400,0,"radial, d=8 (true rank)",switch,0,15,0.42444444444444446
"mixed (5% switch, 5% hub, 5% both)",400,0,"radial, d=8 (true rank)",hub,10,15,1.0
"mixed (5% switch, 5% hub, 5% both)",400,0,"radial, d=8 (true rank)",both,14,15,1.0
"mixed (5% switch, 5% hub, 5% both)",400,0,"radial, d=8 (true rank)",null: random,0,20,
"mixed (5% switch, 5% hub, 5% both)",400,0,"radial, d=8 (true rank)",null: module,0,20,
"mixed (5% switch, 5% hub, 5% both)",400,0,"radial, d=8 (true rank)",null: hub-rich module,0,20,
"mixed (5% switch, 5% hub, 5% both)",400,0,degree difference,switch,1,15,0.8566666666666667
"mixed (5% switch, 5% hub, 5% both)",400,0,degree difference,hub,9,15,1.0
"mixed (5% switch, 5% hub, 5% both)",400,0,degree difference,both,14,15,1.0
"mixed (5% switch, 5% hub, 5% both)",400,0,degree difference,null: random,0,20,
"mixed (5% switch, 5% hub, 5% both)",400,0,degree difference,null: module,0,20,
"mixed (5% switch, 5% hub, 5% both)",400,0,degree difference,null: hub-rich module,0,20,
"mixed (5% switch, 5% hub, 5% both)",400,0,"overlap: min(cosine, radial)",switch,0,15,0.8033333333333333
"mixed (5% switch, 5% hub, 5% both)",400,0,"overlap: min(cosine, radial)",hub,0,15,0.8466666666666667
"mixed (5% switch, 5% hub, 5% both)",400,0,"overlap: min(cosine, radial)",both,14,15,0.99
"mixed (5% switch, 5% hub, 5% both)",400,0,"overlap: min(cosine, radial)",null: random,0,20,
"mixed (5% switch, 5% hub, 5% both)",400,0,"overlap: min(cosine, radial)",null: module,4,20,
"mixed (5% switch, 5% hub, 5% both)",400,0,"overlap: min(cosine, radial)",null: hub-rich module,0,20,
"mixed (5% switch, 5% hub, 5% both)",400,0,"max(euclidean, cosine)",switch,15,15,1.0
"mixed (5% switch, 5% hub, 5% both)",400,0,"max(euclidean, cosine)",hub,8,15,0.9588888888888889
"mixed (5% switch, 5% hub, 5% both)",400,0,"max(euclidean, cosine)",both,15,15,1.0
"mixed (5% switch, 5% hub, 5% both)",400,0,"max(euclidean, cosine)",null: random,0,20,
"mixed (5% switch, 5% hub, 5% both)",400,0,"max(euclidean, cosine)",null: module,0,20,
"mixed (5% switch, 5% hub, 5% both)",400,0,"max(euclidean, cosine)",null: hub-rich module,0,20,
"mixed (5% switch, 5% hub, 5% both)",400,0,"min(euclidean, cosine)",switch,9,15,0.9155555555555556
"mixed (5% switch, 5% hub, 5% both)",400,0,"min(euclidean, cosine)",hub,1,15,0.7588888888888888
"mixed (5% switch, 5% hub, 5% both)",400,0,"min(euclidean, cosine)",both,12,15,0.9766666666666667
"mixed (5% switch, 5% hub, 5% both)",400,0,"min(euclidean, cosine)",null: random,0,20,
"mixed (5% switch, 5% hub, 5% both)",400,0,"min(euclidean, cosine)",null: module,4,20,
"mixed (5% switch, 5% hub, 5% both)",400,0,"min(euclidean, cosine)",null: hub-rich module,0,20,
"mixed (5% switch, 5% hub, 5% both)",400,1,"default (euclidean + cosine, 4-24)",switch,9,15,0.8777777777777778
"mixed (5% switch, 5% hub, 5% both)",400,1,"default (euclidean + cosine, 4-24)",hub,8,15,0.8777777777777778
"mixed (5% switch, 5% hub, 5% both)",400,1,"default (euclidean + cosine, 4-24)",both,13,15,0.9855555555555555
"mixed (5% switch, 5% hub, 5% both)",400,1,"default (euclidean + cosine, 4-24)",null: random,0,20,
"mixed (5% switch, 5% hub, 5% both)",400,1,"default (euclidean + cosine, 4-24)",null: module,2,20,
"mixed (5% switch, 5% hub, 5% both)",400,1,"default (euclidean + cosine, 4-24)",null: hub-rich module,2,20,
"mixed (5% switch, 5% hub, 5% both)",400,1,"cosine, 4-24",switch,10,15,0.91
"mixed (5% switch, 5% hub, 5% both)",400,1,"cosine, 4-24",hub,2,15,0.6711111111111111
"mixed (5% switch, 5% hub, 5% both)",400,1,"cosine, 4-24",both,11,15,0.9466666666666667
"mixed (5% switch, 5% hub, 5% both)",400,1,"cosine, 4-24",null: random,0,20,
"mixed (5% switch, 5% hub, 5% both)",400,1,"cosine, 4-24",null: module,2,20,
"mixed (5% switch, 5% hub, 5% both)",400,1,"cosine, 4-24",null: hub-rich module,5,20,
"mixed (5% switch, 5% hub, 5% both)",400,1,"radial, 4-24",switch,0,15,0.6733333333333333
"mixed (5% switch, 5% hub, 5% both)",400,1,"radial, 4-24",hub,15,15,1.0
"mixed (5% switch, 5% hub, 5% both)",400,1,"radial, 4-24",both,15,15,1.0
"mixed (5% switch, 5% hub, 5% both)",400,1,"radial, 4-24",null: random,0,20,
"mixed (5% switch, 5% hub, 5% both)",400,1,"radial, 4-24",null: module,0,20,
"mixed (5% switch, 5% hub, 5% both)",400,1,"radial, 4-24",null: hub-rich module,0,20,
"mixed (5% switch, 5% hub, 5% both)",400,1,"euclidean, 4-24",switch,3,15,0.8822222222222222
"mixed (5% switch, 5% hub, 5% both)",400,1,"euclidean, 4-24",hub,15,15,1.0
"mixed (5% switch, 5% hub, 5% both)",400,1,"euclidean, 4-24",both,15,15,1.0
"mixed (5% switch, 5% hub, 5% both)",400,1,"euclidean, 4-24",null: random,0,20,
"mixed (5% switch, 5% hub, 5% both)",400,1,"euclidean, 4-24",null: module,0,20,
"mixed (5% switch, 5% hub, 5% both)",400,1,"euclidean, 4-24",null: hub-rich module,0,20,
"mixed (5% switch, 5% hub, 5% both)",400,1,"radial + cosine, 4-24",switch,8,15,0.88
"mixed (5% switch, 5% hub, 5% both)",400,1,"radial + cosine, 4-24",hub,9,15,0.9455555555555556
"mixed (5% switch, 5% hub, 5% both)",400,1,"radial + cosine, 4-24",both,15,15,1.0
"mixed (5% switch, 5% hub, 5% both)",400,1,"radial + cosine, 4-24",null: random,0,20,
"mixed (5% switch, 5% hub, 5% both)",400,1,"radial + cosine, 4-24",null: module,0,20,
"mixed (5% switch, 5% hub, 5% both)",400,1,"radial + cosine, 4-24",null: hub-rich module,5,20,
"mixed (5% switch, 5% hub, 5% both)",400,1,"cosine, d=8 (true rank)",switch,15,15,1.0
"mixed (5% switch, 5% hub, 5% both)",400,1,"cosine, d=8 (true rank)",hub,12,15,0.8733333333333333
"mixed (5% switch, 5% hub, 5% both)",400,1,"cosine, d=8 (true rank)",both,15,15,1.0
"mixed (5% switch, 5% hub, 5% both)",400,1,"cosine, d=8 (true rank)",null: random,0,20,
"mixed (5% switch, 5% hub, 5% both)",400,1,"cosine, d=8 (true rank)",null: module,3,20,
"mixed (5% switch, 5% hub, 5% both)",400,1,"cosine, d=8 (true rank)",null: hub-rich module,5,20,
"mixed (5% switch, 5% hub, 5% both)",400,1,"radial, d=8 (true rank)",switch,0,15,0.5033333333333333
"mixed (5% switch, 5% hub, 5% both)",400,1,"radial, d=8 (true rank)",hub,11,15,0.99
"mixed (5% switch, 5% hub, 5% both)",400,1,"radial, d=8 (true rank)",both,15,15,1.0
"mixed (5% switch, 5% hub, 5% both)",400,1,"radial, d=8 (true rank)",null: random,0,20,
"mixed (5% switch, 5% hub, 5% both)",400,1,"radial, d=8 (true rank)",null: module,2,20,
"mixed (5% switch, 5% hub, 5% both)",400,1,"radial, d=8 (true rank)",null: hub-rich module,0,20,
"mixed (5% switch, 5% hub, 5% both)",400,1,degree difference,switch,2,15,0.73
"mixed (5% switch, 5% hub, 5% both)",400,1,degree difference,hub,13,15,0.99
"mixed (5% switch, 5% hub, 5% both)",400,1,degree difference,both,15,15,1.0
"mixed (5% switch, 5% hub, 5% both)",400,1,degree difference,null: random,0,20,
"mixed (5% switch, 5% hub, 5% both)",400,1,degree difference,null: module,2,20,
"mixed (5% switch, 5% hub, 5% both)",400,1,degree difference,null: hub-rich module,0,20,
"mixed (5% switch, 5% hub, 5% both)",400,1,"overlap: min(cosine, radial)",switch,1,15,0.5911111111111111
"mixed (5% switch, 5% hub, 5% both)",400,1,"overlap: min(cosine, radial)",hub,3,15,0.7977777777777778
"mixed (5% switch, 5% hub, 5% both)",400,1,"overlap: min(cosine, radial)",both,15,15,0.9911111111111112
"mixed (5% switch, 5% hub, 5% both)",400,1,"overlap: min(cosine, radial)",null: random,0,20,
"mixed (5% switch, 5% hub, 5% both)",400,1,"overlap: min(cosine, radial)",null: module,2,20,
"mixed (5% switch, 5% hub, 5% both)",400,1,"overlap: min(cosine, radial)",null: hub-rich module,3,20,
"mixed (5% switch, 5% hub, 5% both)",400,1,"max(euclidean, cosine)",switch,14,15,0.9888888888888889
"mixed (5% switch, 5% hub, 5% both)",400,1,"max(euclidean, cosine)",hub,10,15,0.9522222222222222
"mixed (5% switch, 5% hub, 5% both)",400,1,"max(euclidean, cosine)",both,15,15,1.0
"mixed (5% switch, 5% hub, 5% both)",400,1,"max(euclidean, cosine)",null: random,0,20,
"mixed (5% switch, 5% hub, 5% both)",400,1,"max(euclidean, cosine)",null: module,2,20,
"mixed (5% switch, 5% hub, 5% both)",400,1,"max(euclidean, cosine)",null: hub-rich module,2,20,
"mixed (5% switch, 5% hub, 5% both)",400,1,"min(euclidean, cosine)",switch,5,15,0.7688888888888888
"mixed (5% switch, 5% hub, 5% both)",400,1,"min(euclidean, cosine)",hub,4,15,0.8
"mixed (5% switch, 5% hub, 5% both)",400,1,"min(euclidean, cosine)",both,13,15,0.9811111111111112
"mixed (5% switch, 5% hub, 5% both)",400,1,"min(euclidean, cosine)",null: random,0,20,
"mixed (5% switch, 5% hub, 5% both)",400,1,"min(euclidean, cosine)",null: module,1,20,
"mixed (5% switch, 5% hub, 5% both)",400,1,"min(euclidean, cosine)",null: hub-rich module,2,20,
"mixed (5% switch, 5% hub, 5% both)",400,2,"default (euclidean + cosine, 4-24)",switch,10,15,0.9755555555555555
"mixed (5% switch, 5% hub, 5% both)",400,2,"default (euclidean + cosine, 4-24)",hub,5,15,0.9055555555555556
"mixed (5% switch, 5% hub, 5% both)",400,2,"default (euclidean + cosine, 4-24)",both,14,15,1.0
"mixed (5% switch, 5% hub, 5% both)",400,2,"default (euclidean + cosine, 4-24)",null: random,0,20,
"mixed (5% switch, 5% hub, 5% both)",400,2,"default (euclidean + cosine, 4-24)",null: module,0,20,
"mixed (5% switch, 5% hub, 5% both)",400,2,"default (euclidean + cosine, 4-24)",null: hub-rich module,0,20,
"mixed (5% switch, 5% hub, 5% both)",400,2,"cosine, 4-24",switch,15,15,1.0
"mixed (5% switch, 5% hub, 5% both)",400,2,"cosine, 4-24",hub,0,15,0.6177777777777778
"mixed (5% switch, 5% hub, 5% both)",400,2,"cosine, 4-24",both,14,15,0.9922222222222222
"mixed (5% switch, 5% hub, 5% both)",400,2,"cosine, 4-24",null: random,0,20,
"mixed (5% switch, 5% hub, 5% both)",400,2,"cosine, 4-24",null: module,0,20,
"mixed (5% switch, 5% hub, 5% both)",400,2,"cosine, 4-24",null: hub-rich module,0,20,
"mixed (5% switch, 5% hub, 5% both)",400,2,"radial, 4-24",switch,0,15,0.7111111111111111
"mixed (5% switch, 5% hub, 5% both)",400,2,"radial, 4-24",hub,13,15,1.0
"mixed (5% switch, 5% hub, 5% both)",400,2,"radial, 4-24",both,15,15,1.0
"mixed (5% switch, 5% hub, 5% both)",400,2,"radial, 4-24",null: random,0,20,
"mixed (5% switch, 5% hub, 5% both)",400,2,"radial, 4-24",null: module,0,20,
"mixed (5% switch, 5% hub, 5% both)",400,2,"radial, 4-24",null: hub-rich module,0,20,
"mixed (5% switch, 5% hub, 5% both)",400,2,"euclidean, 4-24",switch,1,15,0.9077777777777778
"mixed (5% switch, 5% hub, 5% both)",400,2,"euclidean, 4-24",hub,12,15,1.0
"mixed (5% switch, 5% hub, 5% both)",400,2,"euclidean, 4-24",both,15,15,1.0
"mixed (5% switch, 5% hub, 5% both)",400,2,"euclidean, 4-24",null: random,0,20,
"mixed (5% switch, 5% hub, 5% both)",400,2,"euclidean, 4-24",null: module,0,20,
"mixed (5% switch, 5% hub, 5% both)",400,2,"euclidean, 4-24",null: hub-rich module,0,20,
"mixed (5% switch, 5% hub, 5% both)",400,2,"radial + cosine, 4-24",switch,8,15,0.9744444444444444
"mixed (5% switch, 5% hub, 5% both)",400,2,"radial + cosine, 4-24",hub,9,15,0.9655555555555555
"mixed (5% switch, 5% hub, 5% both)",400,2,"radial + cosine, 4-24",both,15,15,1.0
"mixed (5% switch, 5% hub, 5% both)",400,2,"radial + cosine, 4-24",null: random,0,20,
"mixed (5% switch, 5% hub, 5% both)",400,2,"radial + cosine, 4-24",null: module,0,20,
"mixed (5% switch, 5% hub, 5% both)",400,2,"radial + cosine, 4-24",null: hub-rich module,0,20,
"mixed (5% switch, 5% hub, 5% both)",400,2,"cosine, d=8 (true rank)",switch,15,15,1.0
"mixed (5% switch, 5% hub, 5% both)",400,2,"cosine, d=8 (true rank)",hub,9,15,0.9411111111111111
"mixed (5% switch, 5% hub, 5% both)",400,2,"cosine, d=8 (true rank)",both,15,15,1.0
"mixed (5% switch, 5% hub, 5% both)",400,2,"cosine, d=8 (true rank)",null: random,0,20,
"mixed (5% switch, 5% hub, 5% both)",400,2,"cosine, d=8 (true rank)",null: module,0,20,
"mixed (5% switch, 5% hub, 5% both)",400,2,"cosine, d=8 (true rank)",null: hub-rich module,6,20,
"mixed (5% switch, 5% hub, 5% both)",400,2,"radial, d=8 (true rank)",switch,0,15,0.5844444444444444
"mixed (5% switch, 5% hub, 5% both)",400,2,"radial, d=8 (true rank)",hub,10,15,0.9877777777777778
"mixed (5% switch, 5% hub, 5% both)",400,2,"radial, d=8 (true rank)",both,15,15,1.0
"mixed (5% switch, 5% hub, 5% both)",400,2,"radial, d=8 (true rank)",null: random,0,20,
"mixed (5% switch, 5% hub, 5% both)",400,2,"radial, d=8 (true rank)",null: module,0,20,
"mixed (5% switch, 5% hub, 5% both)",400,2,"radial, d=8 (true rank)",null: hub-rich module,0,20,
"mixed (5% switch, 5% hub, 5% both)",400,2,degree difference,switch,0,15,0.7822222222222223
"mixed (5% switch, 5% hub, 5% both)",400,2,degree difference,hub,9,15,0.9922222222222222
"mixed (5% switch, 5% hub, 5% both)",400,2,degree difference,both,14,15,1.0
"mixed (5% switch, 5% hub, 5% both)",400,2,degree difference,null: random,0,20,
"mixed (5% switch, 5% hub, 5% both)",400,2,degree difference,null: module,0,20,
"mixed (5% switch, 5% hub, 5% both)",400,2,degree difference,null: hub-rich module,0,20,
"mixed (5% switch, 5% hub, 5% both)",400,2,"overlap: min(cosine, radial)",switch,1,15,0.7166666666666667
"mixed (5% switch, 5% hub, 5% both)",400,2,"overlap: min(cosine, radial)",hub,3,15,0.82
"mixed (5% switch, 5% hub, 5% both)",400,2,"overlap: min(cosine, radial)",both,14,15,1.0
"mixed (5% switch, 5% hub, 5% both)",400,2,"overlap: min(cosine, radial)",null: random,0,20,
"mixed (5% switch, 5% hub, 5% both)",400,2,"overlap: min(cosine, radial)",null: module,0,20,
"mixed (5% switch, 5% hub, 5% both)",400,2,"overlap: min(cosine, radial)",null: hub-rich module,0,20,
"mixed (5% switch, 5% hub, 5% both)",400,2,"max(euclidean, cosine)",switch,15,15,1.0
"mixed (5% switch, 5% hub, 5% both)",400,2,"max(euclidean, cosine)",hub,9,15,0.9922222222222222
"mixed (5% switch, 5% hub, 5% both)",400,2,"max(euclidean, cosine)",both,15,15,1.0
"mixed (5% switch, 5% hub, 5% both)",400,2,"max(euclidean, cosine)",null: random,0,20,
"mixed (5% switch, 5% hub, 5% both)",400,2,"max(euclidean, cosine)",null: module,0,20,
"mixed (5% switch, 5% hub, 5% both)",400,2,"max(euclidean, cosine)",null: hub-rich module,0,20,
"mixed (5% switch, 5% hub, 5% both)",400,2,"min(euclidean, cosine)",switch,1,15,0.8833333333333333
"mixed (5% switch, 5% hub, 5% both)",400,2,"min(euclidean, cosine)",hub,1,15,0.7888888888888889
"mixed (5% switch, 5% hub, 5% both)",400,2,"min(euclidean, cosine)",both,14,15,1.0
"mixed (5% switch, 5% hub, 5% both)",400,2,"min(euclidean, cosine)",null: random,0,20,
"mixed (5% switch, 5% hub, 5% both)",400,2,"min(euclidean, cosine)",null: module,0,20,
"mixed (5% switch, 5% hub, 5% both)",400,2,"min(euclidean, cosine)",null: hub-rich module,0,20,
"mixed (5% switch, 5% hub, 5% both)",400,3,"default (euclidean + cosine, 4-24)",switch,14,15,0.9966666666666667
"mixed (5% switch, 5% hub, 5% both)",400,3,"default (euclidean + cosine, 4-24)",hub,10,15,0.9622222222222222
"mixed (5% switch, 5% hub, 5% both)",400,3,"default (euclidean + cosine, 4-24)",both,15,15,1.0
"mixed (5% switch, 5% hub, 5% both)",400,3,"default (euclidean + cosine, 4-24)",null: random,0,20,
"mixed (5% switch, 5% hub, 5% both)",400,3,"default (euclidean + cosine, 4-24)",null: module,1,20,
"mixed (5% switch, 5% hub, 5% both)",400,3,"default (euclidean + cosine, 4-24)",null: hub-rich module,1,20,
"mixed (5% switch, 5% hub, 5% both)",400,3,"cosine, 4-24",switch,15,15,1.0
"mixed (5% switch, 5% hub, 5% both)",400,3,"cosine, 4-24",hub,3,15,0.8211111111111111
"mixed (5% switch, 5% hub, 5% both)",400,3,"cosine, 4-24",both,15,15,0.9988888888888889
"mixed (5% switch, 5% hub, 5% both)",400,3,"cosine, 4-24",null: random,0,20,
"mixed (5% switch, 5% hub, 5% both)",400,3,"cosine, 4-24",null: module,2,20,
"mixed (5% switch, 5% hub, 5% both)",400,3,"cosine, 4-24",null: hub-rich module,0,20,
"mixed (5% switch, 5% hub, 5% both)",400,3,"radial, 4-24",switch,0,15,0.6844444444444444
"mixed (5% switch, 5% hub, 5% both)",400,3,"radial, 4-24",hub,13,15,1.0
"mixed (5% switch, 5% hub, 5% both)",400,3,"radial, 4-24",both,15,15,1.0
"mixed (5% switch, 5% hub, 5% both)",400,3,"radial, 4-24",null: random,0,20,
"mixed (5% switch, 5% hub, 5% both)",400,3,"radial, 4-24",null: module,0,20,
"mixed (5% switch, 5% hub, 5% both)",400,3,"radial, 4-24",null: hub-rich module,0,20,
"mixed (5% switch, 5% hub, 5% both)",400,3,"euclidean, 4-24",switch,1,15,0.8722222222222222
"mixed (5% switch, 5% hub, 5% both)",400,3,"euclidean, 4-24",hub,15,15,1.0
"mixed (5% switch, 5% hub, 5% both)",400,3,"euclidean, 4-24",both,14,15,1.0
"mixed (5% switch, 5% hub, 5% both)",400,3,"euclidean, 4-24",null: random,0,20,
"mixed (5% switch, 5% hub, 5% both)",400,3,"euclidean, 4-24",null: module,0,20,
"mixed (5% switch, 5% hub, 5% both)",400,3,"euclidean, 4-24",null: hub-rich module,0,20,
"mixed (5% switch, 5% hub, 5% both)",400,3,"radial + cosine, 4-24",switch,13,15,0.9955555555555555
"mixed (5% switch, 5% hub, 5% both)",400,3,"radial + cosine, 4-24",hub,12,15,1.0
"mixed (5% switch, 5% hub, 5% both)",400,3,"radial + cosine, 4-24",both,15,15,1.0
"mixed (5% switch, 5% hub, 5% both)",400,3,"radial + cosine, 4-24",null: random,0,20,
"mixed (5% switch, 5% hub, 5% both)",400,3,"radial + cosine, 4-24",null: module,0,20,
"mixed (5% switch, 5% hub, 5% both)",400,3,"radial + cosine, 4-24",null: hub-rich module,0,20,
"mixed (5% switch, 5% hub, 5% both)",400,3,"cosine, d=8 (true rank)",switch,15,15,1.0
"mixed (5% switch, 5% hub, 5% both)",400,3,"cosine, d=8 (true rank)",hub,12,15,0.9911111111111112
"mixed (5% switch, 5% hub, 5% both)",400,3,"cosine, d=8 (true rank)",both,15,15,1.0
"mixed (5% switch, 5% hub, 5% both)",400,3,"cosine, d=8 (true rank)",null: random,0,20,
"mixed (5% switch, 5% hub, 5% both)",400,3,"cosine, d=8 (true rank)",null: module,0,20,
"mixed (5% switch, 5% hub, 5% both)",400,3,"cosine, d=8 (true rank)",null: hub-rich module,0,20,
"mixed (5% switch, 5% hub, 5% both)",400,3,"radial, d=8 (true rank)",switch,1,15,0.6922222222222222
"mixed (5% switch, 5% hub, 5% both)",400,3,"radial, d=8 (true rank)",hub,11,15,0.9911111111111112
"mixed (5% switch, 5% hub, 5% both)",400,3,"radial, d=8 (true rank)",both,15,15,1.0
"mixed (5% switch, 5% hub, 5% both)",400,3,"radial, d=8 (true rank)",null: random,0,20,
"mixed (5% switch, 5% hub, 5% both)",400,3,"radial, d=8 (true rank)",null: module,1,20,
"mixed (5% switch, 5% hub, 5% both)",400,3,"radial, d=8 (true rank)",null: hub-rich module,0,20,
"mixed (5% switch, 5% hub, 5% both)",400,3,degree difference,switch,0,15,0.8711111111111111
"mixed (5% switch, 5% hub, 5% both)",400,3,degree difference,hub,10,15,1.0
"mixed (5% switch, 5% hub, 5% both)",400,3,degree difference,both,15,15,1.0
"mixed (5% switch, 5% hub, 5% both)",400,3,degree difference,null: random,0,20,
"mixed (5% switch, 5% hub, 5% both)",400,3,degree difference,null: module,0,20,
"mixed (5% switch, 5% hub, 5% both)",400,3,degree difference,null: hub-rich module,0,20,
"mixed (5% switch, 5% hub, 5% both)",400,3,"overlap: min(cosine, radial)",switch,0,15,0.8455555555555555
"mixed (5% switch, 5% hub, 5% both)",400,3,"overlap: min(cosine, radial)",hub,10,15,0.9622222222222222
"mixed (5% switch, 5% hub, 5% both)",400,3,"overlap: min(cosine, radial)",both,14,15,0.9922222222222222
"mixed (5% switch, 5% hub, 5% both)",400,3,"overlap: min(cosine, radial)",null: random,0,20,
"mixed (5% switch, 5% hub, 5% both)",400,3,"overlap: min(cosine, radial)",null: module,2,20,
"mixed (5% switch, 5% hub, 5% both)",400,3,"overlap: min(cosine, radial)",null: hub-rich module,0,20,
"mixed (5% switch, 5% hub, 5% both)",400,3,"max(euclidean, cosine)",switch,15,15,1.0
"mixed (5% switch, 5% hub, 5% both)",400,3,"max(euclidean, cosine)",hub,10,15,0.9822222222222222
"mixed (5% switch, 5% hub, 5% both)",400,3,"max(euclidean, cosine)",both,15,15,1.0
"mixed (5% switch, 5% hub, 5% both)",400,3,"max(euclidean, cosine)",null: random,0,20,
"mixed (5% switch, 5% hub, 5% both)",400,3,"max(euclidean, cosine)",null: module,0,20,
"mixed (5% switch, 5% hub, 5% both)",400,3,"max(euclidean, cosine)",null: hub-rich module,0,20,
"mixed (5% switch, 5% hub, 5% both)",400,3,"min(euclidean, cosine)",switch,12,15,0.9322222222222222
"mixed (5% switch, 5% hub, 5% both)",400,3,"min(euclidean, cosine)",hub,10,15,0.9088888888888889
"mixed (5% switch, 5% hub, 5% both)",400,3,"min(euclidean, cosine)",both,14,15,0.9822222222222222
"mixed (5% switch, 5% hub, 5% both)",400,3,"min(euclidean, cosine)",null: random,0,20,
"mixed (5% switch, 5% hub, 5% both)",400,3,"min(euclidean, cosine)",null: module,2,20,
"mixed (5% switch, 5% hub, 5% both)",400,3,"min(euclidean, cosine)",null: hub-rich module,2,20,
"mixed (5% switch, 5% hub, 5% both)",400,4,"default (euclidean + cosine, 4-24)",switch,4,15,0.9955555555555555
"mixed (5% switch, 5% hub, 5% both)",400,4,"default (euclidean + cosine, 4-24)",hub,4,15,0.9611111111111111
"mixed (5% switch, 5% hub, 5% both)",400,4,"default (euclidean + cosine, 4-24)",both,15,15,1.0
"mixed (5% switch, 5% hub, 5% both)",400,4,"default (euclidean + cosine, 4-24)",null: random,0,20,
"mixed (5% switch, 5% hub, 5% both)",400,4,"default (euclidean + cosine, 4-24)",null: module,0,20,
"mixed (5% switch, 5% hub, 5% both)",400,4,"default (euclidean + cosine, 4-24)",null: hub-rich module,0,20,
"mixed (5% switch, 5% hub, 5% both)",400,4,"cosine, 4-24",switch,14,15,1.0
"mixed (5% switch, 5% hub, 5% both)",400,4,"cosine, 4-24",hub,0,15,0.63
"mixed (5% switch, 5% hub, 5% both)",400,4,"cosine, 4-24",both,14,15,1.0
"mixed (5% switch, 5% hub, 5% both)",400,4,"cosine, 4-24",null: random,0,20,
"mixed (5% switch, 5% hub, 5% both)",400,4,"cosine, 4-24",null: module,0,20,
"mixed (5% switch, 5% hub, 5% both)",400,4,"cosine, 4-24",null: hub-rich module,0,20,
"mixed (5% switch, 5% hub, 5% both)",400,4,"radial, 4-24",switch,0,15,0.5855555555555556
"mixed (5% switch, 5% hub, 5% both)",400,4,"radial, 4-24",hub,13,15,1.0
"mixed (5% switch, 5% hub, 5% both)",400,4,"radial, 4-24",both,14,15,1.0
"mixed (5% switch, 5% hub, 5% both)",400,4,"radial, 4-24",null: random,0,20,
"mixed (5% switch, 5% hub, 5% both)",400,4,"radial, 4-24",null: module,0,20,
"mixed (5% switch, 5% hub, 5% both)",400,4,"radial, 4-24",null: hub-rich module,0,20,
"mixed (5% switch, 5% hub, 5% both)",400,4,"euclidean, 4-24",switch,0,15,0.77
"mixed (5% switch, 5% hub, 5% both)",400,4,"euclidean, 4-24",hub,13,15,1.0
"mixed (5% switch, 5% hub, 5% both)",400,4,"euclidean, 4-24",both,15,15,1.0
"mixed (5% switch, 5% hub, 5% both)",400,4,"euclidean, 4-24",null: random,0,20,
"mixed (5% switch, 5% hub, 5% both)",400,4,"euclidean, 4-24",null: module,0,20,
"mixed (5% switch, 5% hub, 5% both)",400,4,"euclidean, 4-24",null: hub-rich module,0,20,
"mixed (5% switch, 5% hub, 5% both)",400,4,"radial + cosine, 4-24",switch,3,15,0.9611111111111111
"mixed (5% switch, 5% hub, 5% both)",400,4,"radial + cosine, 4-24",hub,7,15,0.9922222222222222
"mixed (5% switch, 5% hub, 5% both)",400,4,"radial + cosine, 4-24",both,15,15,1.0
"mixed (5% switch, 5% hub, 5% both)",400,4,"radial + cosine, 4-24",null: random,0,20,
"mixed (5% switch, 5% hub, 5% both)",400,4,"radial + cosine, 4-24",null: module,0,20,
"mixed (5% switch, 5% hub, 5% both)",400,4,"radial + cosine, 4-24",null: hub-rich module,0,20,
"mixed (5% switch, 5% hub, 5% both)",400,4,"cosine, d=8 (true rank)",switch,15,15,1.0
"mixed (5% switch, 5% hub, 5% both)",400,4,"cosine, d=8 (true rank)",hub,9,15,0.8855555555555555
"mixed (5% switch, 5% hub, 5% both)",400,4,"cosine, d=8 (true rank)",both,14,15,0.9922222222222222
"mixed (5% switch, 5% hub, 5% both)",400,4,"cosine, d=8 (true rank)",null: random,0,20,
"mixed (5% switch, 5% hub, 5% both)",400,4,"cosine, d=8 (true rank)",null: module,0,20,
"mixed (5% switch, 5% hub, 5% both)",400,4,"cosine, d=8 (true rank)",null: hub-rich module,6,20,
"mixed (5% switch, 5% hub, 5% both)",400,4,"radial, d=8 (true rank)",switch,0,15,0.5611111111111111
"mixed (5% switch, 5% hub, 5% both)",400,4,"radial, d=8 (true rank)",hub,11,15,0.9944444444444445
"mixed (5% switch, 5% hub, 5% both)",400,4,"radial, d=8 (true rank)",both,14,15,0.9977777777777778
"mixed (5% switch, 5% hub, 5% both)",400,4,"radial, d=8 (true rank)",null: random,0,20,
"mixed (5% switch, 5% hub, 5% both)",400,4,"radial, d=8 (true rank)",null: module,0,20,
"mixed (5% switch, 5% hub, 5% both)",400,4,"radial, d=8 (true rank)",null: hub-rich module,0,20,
"mixed (5% switch, 5% hub, 5% both)",400,4,degree difference,switch,0,15,0.7744444444444445
"mixed (5% switch, 5% hub, 5% both)",400,4,degree difference,hub,9,15,1.0
"mixed (5% switch, 5% hub, 5% both)",400,4,degree difference,both,13,15,1.0
"mixed (5% switch, 5% hub, 5% both)",400,4,degree difference,null: random,0,20,
"mixed (5% switch, 5% hub, 5% both)",400,4,degree difference,null: module,0,20,
"mixed (5% switch, 5% hub, 5% both)",400,4,degree difference,null: hub-rich module,0,20,
"mixed (5% switch, 5% hub, 5% both)",400,4,"overlap: min(cosine, radial)",switch,0,15,0.5577777777777778
"mixed (5% switch, 5% hub, 5% both)",400,4,"overlap: min(cosine, radial)",hub,2,15,0.92
"mixed (5% switch, 5% hub, 5% both)",400,4,"overlap: min(cosine, radial)",both,15,15,1.0
"mixed (5% switch, 5% hub, 5% both)",400,4,"overlap: min(cosine, radial)",null: random,0,20,
"mixed (5% switch, 5% hub, 5% both)",400,4,"overlap: min(cosine, radial)",null: module,0,20,
"mixed (5% switch, 5% hub, 5% both)",400,4,"overlap: min(cosine, radial)",null: hub-rich module,0,20,
"mixed (5% switch, 5% hub, 5% both)",400,4,"max(euclidean, cosine)",switch,15,15,1.0
"mixed (5% switch, 5% hub, 5% both)",400,4,"max(euclidean, cosine)",hub,7,15,0.98
"mixed (5% switch, 5% hub, 5% both)",400,4,"max(euclidean, cosine)",both,15,15,1.0
"mixed (5% switch, 5% hub, 5% both)",400,4,"max(euclidean, cosine)",null: random,0,20,
"mixed (5% switch, 5% hub, 5% both)",400,4,"max(euclidean, cosine)",null: module,0,20,
"mixed (5% switch, 5% hub, 5% both)",400,4,"max(euclidean, cosine)",null: hub-rich module,0,20,
"mixed (5% switch, 5% hub, 5% both)",400,4,"min(euclidean, cosine)",switch,0,15,0.7322222222222222
"mixed (5% switch, 5% hub, 5% both)",400,4,"min(euclidean, cosine)",hub,1,15,0.82
"mixed (5% switch, 5% hub, 5% both)",400,4,"min(euclidean, cosine)",both,15,15,1.0
"mixed (5% switch, 5% hub, 5% both)",400,4,"min(euclidean, cosine)",null: random,0,20,
"mixed (5% switch, 5% hub, 5% both)",400,4,"min(euclidean, cosine)",null: module,0,20,
"mixed (5% switch, 5% hub, 5% both)",400,4,"min(euclidean, cosine)",null: hub-rich module,0,20,
"mixed (5% switch, 5% hub, 5% both)",400,5,"default (euclidean + cosine, 4-24)",switch,12,15,0.9011111111111111
"mixed (5% switch, 5% hub, 5% both)",400,5,"default (euclidean + cosine, 4-24)",hub,9,15,0.8544444444444445
"mixed (5% switch, 5% hub, 5% both)",400,5,"default (euclidean + cosine, 4-24)",both,14,15,0.93
"mixed (5% switch, 5% hub, 5% both)",400,5,"default (euclidean + cosine, 4-24)",null: random,0,20,
"mixed (5% switch, 5% hub, 5% both)",400,5,"default (euclidean + cosine, 4-24)",null: module,3,20,
"mixed (5% switch, 5% hub, 5% both)",400,5,"default (euclidean + cosine, 4-24)",null: hub-rich module,8,20,
"mixed (5% switch, 5% hub, 5% both)",400,5,"cosine, 4-24",switch,12,15,0.9244444444444444
"mixed (5% switch, 5% hub, 5% both)",400,5,"cosine, 4-24",hub,9,15,0.6766666666666666
"mixed (5% switch, 5% hub, 5% both)",400,5,"cosine, 4-24",both,5,15,0.7088888888888889
"mixed (5% switch, 5% hub, 5% both)",400,5,"cosine, 4-24",null: random,1,20,
"mixed (5% switch, 5% hub, 5% both)",400,5,"cosine, 4-24",null: module,7,20,
"mixed (5% switch, 5% hub, 5% both)",400,5,"cosine, 4-24",null: hub-rich module,10,20,
"mixed (5% switch, 5% hub, 5% both)",400,5,"radial, 4-24",switch,0,15,0.6655555555555556
"mixed (5% switch, 5% hub, 5% both)",400,5,"radial, 4-24",hub,14,15,1.0
"mixed (5% switch, 5% hub, 5% both)",400,5,"radial, 4-24",both,15,15,1.0
"mixed (5% switch, 5% hub, 5% both)",400,5,"radial, 4-24",null: random,0,20,
"mixed (5% switch, 5% hub, 5% both)",400,5,"radial, 4-24",null: module,0,20,
"mixed (5% switch, 5% hub, 5% both)",400,5,"radial, 4-24",null: hub-rich module,0,20,
"mixed (5% switch, 5% hub, 5% both)",400,5,"euclidean, 4-24",switch,5,15,0.8777777777777778
"mixed (5% switch, 5% hub, 5% both)",400,5,"euclidean, 4-24",hub,14,15,1.0
"mixed (5% switch, 5% hub, 5% both)",400,5,"euclidean, 4-24",both,15,15,1.0
"mixed (5% switch, 5% hub, 5% both)",400,5,"euclidean, 4-24",null: random,0,20,
"mixed (5% switch, 5% hub, 5% both)",400,5,"euclidean, 4-24",null: module,0,20,
"mixed (5% switch, 5% hub, 5% both)",400,5,"euclidean, 4-24",null: hub-rich module,0,20,
"mixed (5% switch, 5% hub, 5% both)",400,5,"radial + cosine, 4-24",switch,12,15,0.8788888888888889
"mixed (5% switch, 5% hub, 5% both)",400,5,"radial + cosine, 4-24",hub,10,15,0.91
"mixed (5% switch, 5% hub, 5% both)",400,5,"radial + cosine, 4-24",both,15,15,0.9988888888888889
"mixed (5% switch, 5% hub, 5% both)",400,5,"radial + cosine, 4-24",null: random,0,20,
"mixed (5% switch, 5% hub, 5% both)",400,5,"radial + cosine, 4-24",null: module,3,20,
"mixed (5% switch, 5% hub, 5% both)",400,5,"radial + cosine, 4-24",null: hub-rich module,8,20,
"mixed (5% switch, 5% hub, 5% both)",400,5,"cosine, d=8 (true rank)",switch,15,15,1.0
"mixed (5% switch, 5% hub, 5% both)",400,5,"cosine, d=8 (true rank)",hub,13,15,0.98
"mixed (5% switch, 5% hub, 5% both)",400,5,"cosine, d=8 (true rank)",both,14,15,0.9866666666666667
"mixed (5% switch, 5% hub, 5% both)",400,5,"cosine, d=8 (true rank)",null: random,0,20,
"mixed (5% switch, 5% hub, 5% both)",400,5,"cosine, d=8 (true rank)",null: module,1,20,
"mixed (5% switch, 5% hub, 5% both)",400,5,"cosine, d=8 (true rank)",null: hub-rich module,5,20,
"mixed (5% switch, 5% hub, 5% both)",400,5,"radial, d=8 (true rank)",switch,0,15,0.6288888888888889
"mixed (5% switch, 5% hub, 5% both)",400,5,"radial, d=8 (true rank)",hub,11,15,0.9988888888888889
"mixed (5% switch, 5% hub, 5% both)",400,5,"radial, d=8 (true rank)",both,15,15,1.0
"mixed (5% switch, 5% hub, 5% both)",400,5,"radial, d=8 (true rank)",null: random,0,20,
"mixed (5% switch, 5% hub, 5% both)",400,5,"radial, d=8 (true rank)",null: module,0,20,
"mixed (5% switch, 5% hub, 5% both)",400,5,"radial, d=8 (true rank)",null: hub-rich module,0,20,
"mixed (5% switch, 5% hub, 5% both)",400,5,degree difference,switch,1,15,0.7677777777777778
"mixed (5% switch, 5% hub, 5% both)",400,5,degree difference,hub,13,15,0.9955555555555555
"mixed (5% switch, 5% hub, 5% both)",400,5,degree difference,both,15,15,1.0
"mixed (5% switch, 5% hub, 5% both)",400,5,degree difference,null: random,0,20,
"mixed (5% switch, 5% hub, 5% both)",400,5,degree difference,null: module,0,20,
"mixed (5% switch, 5% hub, 5% both)",400,5,degree difference,null: hub-rich module,0,20,
"mixed (5% switch, 5% hub, 5% both)",400,5,"overlap: min(cosine, radial)",switch,5,15,0.6988888888888889
"mixed (5% switch, 5% hub, 5% both)",400,5,"overlap: min(cosine, radial)",hub,9,15,0.7544444444444445
"mixed (5% switch, 5% hub, 5% both)",400,5,"overlap: min(cosine, radial)",both,10,15,0.8844444444444445
"mixed (5% switch, 5% hub, 5% both)",400,5,"overlap: min(cosine, radial)",null: random,0,20,
"mixed (5% switch, 5% hub, 5% both)",400,5,"overlap: min(cosine, radial)",null: module,6,20,
"mixed (5% switch, 5% hub, 5% both)",400,5,"overlap: min(cosine, radial)",null: hub-rich module,8,20,
"mixed (5% switch, 5% hub, 5% both)",400,5,"max(euclidean, cosine)",switch,13,15,0.9711111111111111
"mixed (5% switch, 5% hub, 5% both)",400,5,"max(euclidean, cosine)",hub,12,15,0.9688888888888889
"mixed (5% switch, 5% hub, 5% both)",400,5,"max(euclidean, cosine)",both,14,15,1.0
"mixed (5% switch, 5% hub, 5% both)",400,5,"max(euclidean, cosine)",null: random,0,20,
"mixed (5% switch, 5% hub, 5% both)",400,5,"max(euclidean, cosine)",null: module,0,20,
"mixed (5% switch, 5% hub, 5% both)",400,5,"max(euclidean, cosine)",null: hub-rich module,0,20,
"mixed (5% switch, 5% hub, 5% both)",400,5,"min(euclidean, cosine)",switch,12,15,0.8188888888888889
"mixed (5% switch, 5% hub, 5% both)",400,5,"min(euclidean, cosine)",hub,9,15,0.7155555555555555
"mixed (5% switch, 5% hub, 5% both)",400,5,"min(euclidean, cosine)",both,9,15,0.8433333333333334
"mixed (5% switch, 5% hub, 5% both)",400,5,"min(euclidean, cosine)",null: random,1,20,
"mixed (5% switch, 5% hub, 5% both)",400,5,"min(euclidean, cosine)",null: module,6,20,
"mixed (5% switch, 5% hub, 5% both)",400,5,"min(euclidean, cosine)",null: hub-rich module,8,20,
"mixed (5% switch, 5% hub, 5% both)",400,6,"default (euclidean + cosine, 4-24)",switch,11,15,0.9933333333333333
"mixed (5% switch, 5% hub, 5% both)",400,6,"default (euclidean + cosine, 4-24)",hub,15,15,1.0
"mixed (5% switch, 5% hub, 5% both)",400,6,"default (euclidean + cosine, 4-24)",both,15,15,1.0
"mixed (5% switch, 5% hub, 5% both)",400,6,"default (euclidean + cosine, 4-24)",null: random,0,20,
"mixed (5% switch, 5% hub, 5% both)",400,6,"default (euclidean + cosine, 4-24)",null: module,0,20,
"mixed (5% switch, 5% hub, 5% both)",400,6,"default (euclidean + cosine, 4-24)",null: hub-rich module,0,20,
"mixed (5% switch, 5% hub, 5% both)",400,6,"cosine, 4-24",switch,15,15,1.0
"mixed (5% switch, 5% hub, 5% both)",400,6,"cosine, 4-24",hub,4,15,0.9311111111111111
"mixed (5% switch, 5% hub, 5% both)",400,6,"cosine, 4-24",both,15,15,1.0
"mixed (5% switch, 5% hub, 5% both)",400,6,"cosine, 4-24",null: random,0,20,
"mixed (5% switch, 5% hub, 5% both)",400,6,"cosine, 4-24",null: module,1,20,
"mixed (5% switch, 5% hub, 5% both)",400,6,"cosine, 4-24",null: hub-rich module,2,20,
"mixed (5% switch, 5% hub, 5% both)",400,6,"radial, 4-24",switch,0,15,0.36666666666666664
"mixed (5% switch, 5% hub, 5% both)",400,6,"radial, 4-24",hub,15,15,1.0
"mixed (5% switch, 5% hub, 5% both)",400,6,"radial, 4-24",both,15,15,1.0
"mixed (5% switch, 5% hub, 5% both)",400,6,"radial, 4-24",null: random,0,20,
"mixed (5% switch, 5% hub, 5% both)",400,6,"radial, 4-24",null: module,0,20,
"mixed (5% switch, 5% hub, 5% both)",400,6,"radial, 4-24",null: hub-rich module,0,20,
"mixed (5% switch, 5% hub, 5% both)",400,6,"euclidean, 4-24",switch,0,15,0.7811111111111111
"mixed (5% switch, 5% hub, 5% both)",400,6,"euclidean, 4-24",hub,15,15,1.0
"mixed (5% switch, 5% hub, 5% both)",400,6,"euclidean, 4-24",both,15,15,1.0
"mixed (5% switch, 5% hub, 5% both)",400,6,"euclidean, 4-24",null: random,0,20,
"mixed (5% switch, 5% hub, 5% both)",400,6,"euclidean, 4-24",null: module,0,20,
"mixed (5% switch, 5% hub, 5% both)",400,6,"euclidean, 4-24",null: hub-rich module,0,20,
"mixed (5% switch, 5% hub, 5% both)",400,6,"radial + cosine, 4-24",switch,2,15,0.9911111111111112
"mixed (5% switch, 5% hub, 5% both)",400,6,"radial + cosine, 4-24",hub,15,15,1.0
"mixed (5% switch, 5% hub, 5% both)",400,6,"radial + cosine, 4-24",both,15,15,1.0
"mixed (5% switch, 5% hub, 5% both)",400,6,"radial + cosine, 4-24",null: random,0,20,
"mixed (5% switch, 5% hub, 5% both)",400,6,"radial + cosine, 4-24",null: module,0,20,
"mixed (5% switch, 5% hub, 5% both)",400,6,"radial + cosine, 4-24",null: hub-rich module,0,20,
"mixed (5% switch, 5% hub, 5% both)",400,6,"cosine, d=8 (true rank)",switch,15,15,1.0
"mixed (5% switch, 5% hub, 5% both)",400,6,"cosine, d=8 (true rank)",hub,10,15,0.9233333333333333
"mixed (5% switch, 5% hub, 5% both)",400,6,"cosine, d=8 (true rank)",both,15,15,1.0
"mixed (5% switch, 5% hub, 5% both)",400,6,"cosine, d=8 (true rank)",null: random,0,20,
"mixed (5% switch, 5% hub, 5% both)",400,6,"cosine, d=8 (true rank)",null: module,2,20,
"mixed (5% switch, 5% hub, 5% both)",400,6,"cosine, d=8 (true rank)",null: hub-rich module,5,20,
"mixed (5% switch, 5% hub, 5% both)",400,6,"radial, d=8 (true rank)",switch,0,15,0.47444444444444445
"mixed (5% switch, 5% hub, 5% both)",400,6,"radial, d=8 (true rank)",hub,14,15,1.0
"mixed (5% switch, 5% hub, 5% both)",400,6,"radial, d=8 (true rank)",both,15,15,1.0
"mixed (5% switch, 5% hub, 5% both)",400,6,"radial, d=8 (true rank)",null: random,0,20,
"mixed (5% switch, 5% hub, 5% both)",400,6,"radial, d=8 (true rank)",null: module,0,20,
"mixed (5% switch, 5% hub, 5% both)",400,6,"radial, d=8 (true rank)",null: hub-rich module,0,20,
"mixed (5% switch, 5% hub, 5% both)",400,6,degree difference,switch,1,15,0.9044444444444445
"mixed (5% switch, 5% hub, 5% both)",400,6,degree difference,hub,13,15,1.0
"mixed (5% switch, 5% hub, 5% both)",400,6,degree difference,both,15,15,1.0
"mixed (5% switch, 5% hub, 5% both)",400,6,degree difference,null: random,0,20,
"mixed (5% switch, 5% hub, 5% both)",400,6,degree difference,null: module,0,20,
"mixed (5% switch, 5% hub, 5% both)",400,6,degree difference,null: hub-rich module,0,20,
"mixed (5% switch, 5% hub, 5% both)",400,6,"overlap: min(cosine, radial)",switch,0,15,0.41
"mixed (5% switch, 5% hub, 5% both)",400,6,"overlap: min(cosine, radial)",hub,10,15,0.9822222222222222
"mixed (5% switch, 5% hub, 5% both)",400,6,"overlap: min(cosine, radial)",both,15,15,1.0
"mixed (5% switch, 5% hub, 5% both)",400,6,"overlap: min(cosine, radial)",null: random,0,20,
"mixed (5% switch, 5% hub, 5% both)",400,6,"overlap: min(cosine, radial)",null: module,0,20,
"mixed (5% switch, 5% hub, 5% both)",400,6,"overlap: min(cosine, radial)",null: hub-rich module,0,20,
"mixed (5% switch, 5% hub, 5% both)",400,6,"max(euclidean, cosine)",switch,15,15,1.0
"mixed (5% switch, 5% hub, 5% both)",400,6,"max(euclidean, cosine)",hub,15,15,1.0
"mixed (5% switch, 5% hub, 5% both)",400,6,"max(euclidean, cosine)",both,15,15,1.0
"mixed (5% switch, 5% hub, 5% both)",400,6,"max(euclidean, cosine)",null: random,0,20,
"mixed (5% switch, 5% hub, 5% both)",400,6,"max(euclidean, cosine)",null: module,0,20,
"mixed (5% switch, 5% hub, 5% both)",400,6,"max(euclidean, cosine)",null: hub-rich module,0,20,
"mixed (5% switch, 5% hub, 5% both)",400,6,"min(euclidean, cosine)",switch,1,15,0.7622222222222222
"mixed (5% switch, 5% hub, 5% both)",400,6,"min(euclidean, cosine)",hub,14,15,0.9855555555555555
"mixed (5% switch, 5% hub, 5% both)",400,6,"min(euclidean, cosine)",both,15,15,1.0
"mixed (5% switch, 5% hub, 5% both)",400,6,"min(euclidean, cosine)",null: random,0,20,
"mixed (5% switch, 5% hub, 5% both)",400,6,"min(euclidean, cosine)",null: module,2,20,
"mixed (5% switch, 5% hub, 5% both)",400,6,"min(euclidean, cosine)",null: hub-rich module,2,20,
"mixed (5% switch, 5% hub, 5% both)",400,7,"default (euclidean + cosine, 4-24)",switch,12,15,0.9511111111111111
"mixed (5% switch, 5% hub, 5% both)",400,7,"default (euclidean + cosine, 4-24)",hub,12,15,0.9611111111111111
"mixed (5% switch, 5% hub, 5% both)",400,7,"default (euclidean + cosine, 4-24)",both,15,15,0.9933333333333333
"mixed (5% switch, 5% hub, 5% both)",400,7,"default (euclidean + cosine, 4-24)",null: random,0,20,
"mixed (5% switch, 5% hub, 5% both)",400,7,"default (euclidean + cosine, 4-24)",null: module,3,20,
"mixed (5% switch, 5% hub, 5% both)",400,7,"default (euclidean + cosine, 4-24)",null: hub-rich module,7,20,
"mixed (5% switch, 5% hub, 5% both)",400,7,"cosine, 4-24",switch,15,15,0.9877777777777778
"mixed (5% switch, 5% hub, 5% both)",400,7,"cosine, 4-24",hub,12,15,0.8122222222222222
"mixed (5% switch, 5% hub, 5% both)",400,7,"cosine, 4-24",both,14,15,0.9644444444444444
"mixed (5% switch, 5% hub, 5% both)",400,7,"cosine, 4-24",null: random,0,20,
"mixed (5% switch, 5% hub, 5% both)",400,7,"cosine, 4-24",null: module,5,20,
"mixed (5% switch, 5% hub, 5% both)",400,7,"cosine, 4-24",null: hub-rich module,7,20,
"mixed (5% switch, 5% hub, 5% both)",400,7,"radial, 4-24",switch,0,15,0.8122222222222222
"mixed (5% switch, 5% hub, 5% both)",400,7,"radial, 4-24",hub,15,15,1.0
"mixed (5% switch, 5% hub, 5% both)",400,7,"radial, 4-24",both,15,15,1.0
"mixed (5% switch, 5% hub, 5% both)",400,7,"radial, 4-24",null: random,0,20,
"mixed (5% switch, 5% hub, 5% both)",400,7,"radial, 4-24",null: module,0,20,
"mixed (5% switch, 5% hub, 5% both)",400,7,"radial, 4-24",null: hub-rich module,0,20,
"mixed (5% switch, 5% hub, 5% both)",400,7,"euclidean, 4-24",switch,5,15,0.9088888888888889
"mixed (5% switch, 5% hub, 5% both)",400,7,"euclidean, 4-24",hub,15,15,1.0
"mixed (5% switch, 5% hub, 5% both)",400,7,"euclidean, 4-24",both,15,15,1.0
"mixed (5% switch, 5% hub, 5% both)",400,7,"euclidean, 4-24",null: random,0,20,
"mixed (5% switch, 5% hub, 5% both)",400,7,"euclidean, 4-24",null: module,0,20,
"mixed (5% switch, 5% hub, 5% both)",400,7,"euclidean, 4-24",null: hub-rich module,0,20,
"mixed (5% switch, 5% hub, 5% both)",400,7,"radial + cosine, 4-24",switch,11,15,0.9655555555555555
"mixed (5% switch, 5% hub, 5% both)",400,7,"radial + cosine, 4-24",hub,13,15,0.9811111111111112
"mixed (5% switch, 5% hub, 5% both)",400,7,"radial + cosine, 4-24",both,15,15,1.0
"mixed (5% switch, 5% hub, 5% both)",400,7,"radial + cosine, 4-24",null: random,0,20,
"mixed (5% switch, 5% hub, 5% both)",400,7,"radial + cosine, 4-24",null: module,0,20,
"mixed (5% switch, 5% hub, 5% both)",400,7,"radial + cosine, 4-24",null: hub-rich module,2,20,
"mixed (5% switch, 5% hub, 5% both)",400,7,"cosine, d=8 (true rank)",switch,15,15,1.0
"mixed (5% switch, 5% hub, 5% both)",400,7,"cosine, d=8 (true rank)",hub,12,15,0.9422222222222222
"mixed (5% switch, 5% hub, 5% both)",400,7,"cosine, d=8 (true rank)",both,15,15,0.9711111111111111
"mixed (5% switch, 5% hub, 5% both)",400,7,"cosine, d=8 (true rank)",null: random,0,20,
"mixed (5% switch, 5% hub, 5% both)",400,7,"cosine, d=8 (true rank)",null: module,2,20,
"mixed (5% switch, 5% hub, 5% both)",400,7,"cosine, d=8 (true rank)",null: hub-rich module,4,20,
"mixed (5% switch, 5% hub, 5% both)",400,7,"radial, d=8 (true rank)",switch,0,15,0.7644444444444445
"mixed (5% switch, 5% hub, 5% both)",400,7,"radial, d=8 (true rank)",hub,15,15,1.0
"mixed (5% switch, 5% hub, 5% both)",400,7,"radial, d=8 (true rank)",both,15,15,1.0
"mixed (5% switch, 5% hub, 5% both)",400,7,"radial, d=8 (true rank)",null: random,0,20,
"mixed (5% switch, 5% hub, 5% both)",400,7,"radial, d=8 (true rank)",null: module,0,20,
"mixed (5% switch, 5% hub, 5% both)",400,7,"radial, d=8 (true rank)",null: hub-rich module,0,20,
"mixed (5% switch, 5% hub, 5% both)",400,7,degree difference,switch,0,15,0.9644444444444444
"mixed (5% switch, 5% hub, 5% both)",400,7,degree difference,hub,13,15,1.0
"mixed (5% switch, 5% hub, 5% both)",400,7,degree difference,both,15,15,1.0
"mixed (5% switch, 5% hub, 5% both)",400,7,degree difference,null: random,0,20,
"mixed (5% switch, 5% hub, 5% both)",400,7,degree difference,null: module,0,20,
"mixed (5% switch, 5% hub, 5% both)",400,7,degree difference,null: hub-rich module,0,20,
"mixed (5% switch, 5% hub, 5% both)",400,7,"overlap: min(cosine, radial)",switch,4,15,0.7833333333333333
"mixed (5% switch, 5% hub, 5% both)",400,7,"overlap: min(cosine, radial)",hub,11,15,0.8555555555555555
"mixed (5% switch, 5% hub, 5% both)",400,7,"overlap: min(cosine, radial)",both,15,15,0.9911111111111112
"mixed (5% switch, 5% hub, 5% both)",400,7,"overlap: min(cosine, radial)",null: random,0,20,
"mixed (5% switch, 5% hub, 5% both)",400,7,"overlap: min(cosine, radial)",null: module,3,20,
"mixed (5% switch, 5% hub, 5% both)",400,7,"overlap: min(cosine, radial)",null: hub-rich module,4,20,
"mixed (5% switch, 5% hub, 5% both)",400,7,"max(euclidean, cosine)",switch,15,15,1.0
"mixed (5% switch, 5% hub, 5% both)",400,7,"max(euclidean, cosine)",hub,14,15,0.9933333333333333
"mixed (5% switch, 5% hub, 5% both)",400,7,"max(euclidean, cosine)",both,15,15,1.0
"mixed (5% switch, 5% hub, 5% both)",400,7,"max(euclidean, cosine)",null: random,0,20,
"mixed (5% switch, 5% hub, 5% both)",400,7,"max(euclidean, cosine)",null: module,0,20,
"mixed (5% switch, 5% hub, 5% both)",400,7,"max(euclidean, cosine)",null: hub-rich module,2,20,
"mixed (5% switch, 5% hub, 5% both)",400,7,"min(euclidean, cosine)",switch,9,15,0.8622222222222222
"mixed (5% switch, 5% hub, 5% both)",400,7,"min(euclidean, cosine)",hub,12,15,0.8788888888888889
"mixed (5% switch, 5% hub, 5% both)",400,7,"min(euclidean, cosine)",both,15,15,0.98
"mixed (5% switch, 5% hub, 5% both)",400,7,"min(euclidean, cosine)",null: random,0,20,
"mixed (5% switch, 5% hub, 5% both)",400,7,"min(euclidean, cosine)",null: module,4,20,
"mixed (5% switch, 5% hub, 5% both)",400,7,"min(euclidean, cosine)",null: hub-rich module,7,20,
module switches only (10%),150,0,"default (euclidean + cosine, 4-24)",switch,15,15,1.0
module switches only (10%),150,0,"default (euclidean + cosine, 4-24)",null: random,0,20,
module switches only (10%),150,0,"default (euclidean + cosine, 4-24)",null: module,0,20,
module switches only (10%),150,0,"default (euclidean + cosine, 4-24)",null: hub-rich module,0,20,
module switches only (10%),150,0,"cosine, 4-24",switch,15,15,1.0
module switches only (10%),150,0,"cosine, 4-24",null: random,0,20,
module switches only (10%),150,0,"cosine, 4-24",null: module,1,20,
module switches only (10%),150,0,"cosine, 4-24",null: hub-rich module,1,20,
module switches only (10%),150,0,"radial, 4-24",switch,0,15,0.7466666666666667
module switches only (10%),150,0,"radial, 4-24",null: random,0,20,
module switches only (10%),150,0,"radial, 4-24",null: module,0,20,
module switches only (10%),150,0,"radial, 4-24",null: hub-rich module,0,20,
module switches only (10%),150,0,"euclidean, 4-24",switch,13,15,1.0
module switches only (10%),150,0,"euclidean, 4-24",null: random,0,20,
module switches only (10%),150,0,"euclidean, 4-24",null: module,0,20,
module switches only (10%),150,0,"euclidean, 4-24",null: hub-rich module,0,20,
module switches only (10%),150,0,"radial + cosine, 4-24",switch,15,15,1.0
module switches only (10%),150,0,"radial + cosine, 4-24",null: random,0,20,
module switches only (10%),150,0,"radial + cosine, 4-24",null: module,0,20,
module switches only (10%),150,0,"radial + cosine, 4-24",null: hub-rich module,0,20,
module switches only (10%),150,0,"cosine, d=8 (true rank)",switch,15,15,1.0
module switches only (10%),150,0,"cosine, d=8 (true rank)",null: random,0,20,
module switches only (10%),150,0,"cosine, d=8 (true rank)",null: module,0,20,
module switches only (10%),150,0,"cosine, d=8 (true rank)",null: hub-rich module,3,20,
module switches only (10%),150,0,"radial, d=8 (true rank)",switch,0,15,0.6077777777777778
module switches only (10%),150,0,"radial, d=8 (true rank)",null: random,0,20,
module switches only (10%),150,0,"radial, d=8 (true rank)",null: module,0,20,
module switches only (10%),150,0,"radial, d=8 (true rank)",null: hub-rich module,0,20,
module switches only (10%),150,0,degree difference,switch,0,15,0.7855555555555556
module switches only (10%),150,0,degree difference,null: random,0,20,
module switches only (10%),150,0,degree difference,null: module,0,20,
module switches only (10%),150,0,degree difference,null: hub-rich module,0,20,
module switches only (10%),150,0,"overlap: min(cosine, radial)",switch,0,15,0.8233333333333334
module switches only (10%),150,0,"overlap: min(cosine, radial)",null: random,0,20,
module switches only (10%),150,0,"overlap: min(cosine, radial)",null: module,0,20,
module switches only (10%),150,0,"overlap: min(cosine, radial)",null: hub-rich module,0,20,
module switches only (10%),150,0,"max(euclidean, cosine)",switch,15,15,1.0
module switches only (10%),150,0,"max(euclidean, cosine)",null: random,0,20,
module switches only (10%),150,0,"max(euclidean, cosine)",null: module,0,20,
module switches only (10%),150,0,"max(euclidean, cosine)",null: hub-rich module,0,20,
module switches only (10%),150,0,"min(euclidean, cosine)",switch,12,15,0.9933333333333333
module switches only (10%),150,0,"min(euclidean, cosine)",null: random,0,20,
module switches only (10%),150,0,"min(euclidean, cosine)",null: module,1,20,
module switches only (10%),150,0,"min(euclidean, cosine)",null: hub-rich module,1,20,
module switches only (10%),150,1,"default (euclidean + cosine, 4-24)",switch,15,15,1.0
module switches only (10%),150,1,"default (euclidean + cosine, 4-24)",null: random,0,20,
module switches only (10%),150,1,"default (euclidean + cosine, 4-24)",null: module,3,20,
module switches only (10%),150,1,"default (euclidean + cosine, 4-24)",null: hub-rich module,1,20,
module switches only (10%),150,1,"cosine, 4-24",switch,15,15,1.0
module switches only (10%),150,1,"cosine, 4-24",null: random,0,20,
module switches only (10%),150,1,"cosine, 4-24",null: module,3,20,
module switches only (10%),150,1,"cosine, 4-24",null: hub-rich module,1,20,
module switches only (10%),150,1,"radial, 4-24",switch,0,15,0.5133333333333333
module switches only (10%),150,1,"radial, 4-24",null: random,0,20,
module switches only (10%),150,1,"radial, 4-24",null: module,0,20,
module switches only (10%),150,1,"radial, 4-24",null: hub-rich module,0,20,
module switches only (10%),150,1,"euclidean, 4-24",switch,4,15,0.9744444444444444
module switches only (10%),150,1,"euclidean, 4-24",null: random,0,20,
module switches only (10%),150,1,"euclidean, 4-24",null: module,0,20,
module switches only (10%),150,1,"euclidean, 4-24",null: hub-rich module,0,20,
module switches only (10%),150,1,"radial + cosine, 4-24",switch,8,15,0.9711111111111111
module switches only (10%),150,1,"radial + cosine, 4-24",null: random,0,20,
module switches only (10%),150,1,"radial + cosine, 4-24",null: module,1,20,
module switches only (10%),150,1,"radial + cosine, 4-24",null: hub-rich module,0,20,
module switches only (10%),150,1,"cosine, d=8 (true rank)",switch,15,15,1.0
module switches only (10%),150,1,"cosine, d=8 (true rank)",null: random,0,20,
module switches only (10%),150,1,"cosine, d=8 (true rank)",null: module,0,20,
module switches only (10%),150,1,"cosine, d=8 (true rank)",null: hub-rich module,1,20,
module switches only (10%),150,1,"radial, d=8 (true rank)",switch,0,15,0.47
module switches only (10%),150,1,"radial, d=8 (true rank)",null: random,0,20,
module switches only (10%),150,1,"radial, d=8 (true rank)",null: module,0,20,
module switches only (10%),150,1,"radial, d=8 (true rank)",null: hub-rich module,0,20,
module switches only (10%),150,1,degree difference,switch,0,15,0.7188888888888889
module switches only (10%),150,1,degree difference,null: random,0,20,
module switches only (10%),150,1,degree difference,null: module,0,20,
module switches only (10%),150,1,degree difference,null: hub-rich module,0,20,
module switches only (10%),150,1,"overlap: min(cosine, radial)",switch,0,15,0.6177777777777778
module switches only (10%),150,1,"overlap: min(cosine, radial)",null: random,0,20,
module switches only (10%),150,1,"overlap: min(cosine, radial)",null: module,0,20,
module switches only (10%),150,1,"overlap: min(cosine, radial)",null: hub-rich module,0,20,
module switches only (10%),150,1,"max(euclidean, cosine)",switch,15,15,1.0
module switches only (10%),150,1,"max(euclidean, cosine)",null: random,0,20,
module switches only (10%),150,1,"max(euclidean, cosine)",null: module,0,20,
module switches only (10%),150,1,"max(euclidean, cosine)",null: hub-rich module,0,20,
module switches only (10%),150,1,"min(euclidean, cosine)",switch,8,15,0.9344444444444444
module switches only (10%),150,1,"min(euclidean, cosine)",null: random,0,20,
module switches only (10%),150,1,"min(euclidean, cosine)",null: module,3,20,
module switches only (10%),150,1,"min(euclidean, cosine)",null: hub-rich module,1,20,
module switches only (10%),150,2,"default (euclidean + cosine, 4-24)",switch,13,15,0.95
module switches only (10%),150,2,"default (euclidean + cosine, 4-24)",null: random,0,20,
module switches only (10%),150,2,"default (euclidean + cosine, 4-24)",null: module,1,20,
module switches only (10%),150,2,"default (euclidean + cosine, 4-24)",null: hub-rich module,2,20,
module switches only (10%),150,2,"cosine, 4-24",switch,15,15,0.9511111111111111
module switches only (10%),150,2,"cosine, 4-24",null: random,0,20,
module switches only (10%),150,2,"cosine, 4-24",null: module,1,20,
module switches only (10%),150,2,"cosine, 4-24",null: hub-rich module,2,20,
module switches only (10%),150,2,"radial, 4-24",switch,1,15,0.7622222222222222
module switches only (10%),150,2,"radial, 4-24",null: random,0,20,
module switches only (10%),150,2,"radial, 4-24",null: module,0,20,
module switches only (10%),150,2,"radial, 4-24",null: hub-rich module,0,20,
module switches only (10%),150,2,"euclidean, 4-24",switch,5,15,0.9277777777777778
module switches only (10%),150,2,"euclidean, 4-24",null: random,0,20,
module switches only (10%),150,2,"euclidean, 4-24",null: module,0,20,
module switches only (10%),150,2,"euclidean, 4-24",null: hub-rich module,2,20,
module switches only (10%),150,2,"radial + cosine, 4-24",switch,12,15,0.9533333333333334
module switches only (10%),150,2,"radial + cosine, 4-24",null: random,1,20,
module switches only (10%),150,2,"radial + cosine, 4-24",null: module,1,20,
module switches only (10%),150,2,"radial + cosine, 4-24",null: hub-rich module,2,20,
module switches only (10%),150,2,"cosine, d=8 (true rank)",switch,15,15,1.0
module switches only (10%),150,2,"cosine, d=8 (true rank)",null: random,0,20,
module switches only (10%),150,2,"cosine, d=8 (true rank)",null: module,0,20,
module switches only (10%),150,2,"cosine, d=8 (true rank)",null: hub-rich module,0,20,
module switches only (10%),150,2,"radial, d=8 (true rank)",switch,0,15,0.7366666666666667
module switches only (10%),150,2,"radial, d=8 (true rank)",null: random,0,20,
module switches only (10%),150,2,"radial, d=8 (true rank)",null: module,0,20,
module switches only (10%),150,2,"radial, d=8 (true rank)",null: hub-rich module,0,20,
module switches only (10%),150,2,degree difference,switch,1,15,0.8088888888888889
module switches only (10%),150,2,degree difference,null: random,0,20,
module switches only (10%),150,2,degree difference,null: module,0,20,
module switches only (10%),150,2,degree difference,null: hub-rich module,0,20,
module switches only (10%),150,2,"overlap: min(cosine, radial)",switch,0,15,0.69
module switches only (10%),150,2,"overlap: min(cosine, radial)",null: random,0,20,
module switches only (10%),150,2,"overlap: min(cosine, radial)",null: module,1,20,
module switches only (10%),150,2,"overlap: min(cosine, radial)",null: hub-rich module,2,20,
module switches only (10%),150,2,"max(euclidean, cosine)",switch,15,15,1.0
module switches only (10%),150,2,"max(euclidean, cosine)",null: random,0,20,
module switches only (10%),150,2,"max(euclidean, cosine)",null: module,0,20,
module switches only (10%),150,2,"max(euclidean, cosine)",null: hub-rich module,2,20,
module switches only (10%),150,2,"min(euclidean, cosine)",switch,7,15,0.8666666666666667
module switches only (10%),150,2,"min(euclidean, cosine)",null: random,0,20,
module switches only (10%),150,2,"min(euclidean, cosine)",null: module,1,20,
module switches only (10%),150,2,"min(euclidean, cosine)",null: hub-rich module,2,20,
module switches only (10%),150,3,"default (euclidean + cosine, 4-24)",switch,14,15,0.9466666666666667
module switches only (10%),150,3,"default (euclidean + cosine, 4-24)",null: random,0,20,
module switches only (10%),150,3,"default (euclidean + cosine, 4-24)",null: module,7,20,
module switches only (10%),150,3,"default (euclidean + cosine, 4-24)",null: hub-rich module,8,20,
module switches only (10%),150,3,"cosine, 4-24",switch,14,15,0.8944444444444445
module switches only (10%),150,3,"cosine, 4-24",null: random,0,20,
module switches only (10%),150,3,"cosine, 4-24",null: module,7,20,
module switches only (10%),150,3,"cosine, 4-24",null: hub-rich module,8,20,
module switches only (10%),150,3,"radial, 4-24",switch,4,15,0.7811111111111111
module switches only (10%),150,3,"radial, 4-24",null: random,0,20,
module switches only (10%),150,3,"radial, 4-24",null: module,0,20,
module switches only (10%),150,3,"radial, 4-24",null: hub-rich module,0,20,
module switches only (10%),150,3,"euclidean, 4-24",switch,14,15,0.9666666666666667
module switches only (10%),150,3,"euclidean, 4-24",null: random,0,20,
module switches only (10%),150,3,"euclidean, 4-24",null: module,4,20,
module switches only (10%),150,3,"euclidean, 4-24",null: hub-rich module,2,20,
module switches only (10%),150,3,"radial + cosine, 4-24",switch,12,15,0.8633333333333333
module switches only (10%),150,3,"radial + cosine, 4-24",null: random,0,20,
module switches only (10%),150,3,"radial + cosine, 4-24",null: module,6,20,
module switches only (10%),150,3,"radial + cosine, 4-24",null: hub-rich module,8,20,
module switches only (10%),150,3,"cosine, d=8 (true rank)",switch,15,15,1.0
module switches only (10%),150,3,"cosine, d=8 (true rank)",null: random,0,20,
module switches only (10%),150,3,"cosine, d=8 (true rank)",null: module,1,20,
module switches only (10%),150,3,"cosine, d=8 (true rank)",null: hub-rich module,3,20,
module switches only (10%),150,3,"radial, d=8 (true rank)",switch,2,15,0.7144444444444444
module switches only (10%),150,3,"radial, d=8 (true rank)",null: random,0,20,
module switches only (10%),150,3,"radial, d=8 (true rank)",null: module,0,20,
module switches only (10%),150,3,"radial, d=8 (true rank)",null: hub-rich module,0,20,
module switches only (10%),150,3,degree difference,switch,1,15,0.8566666666666667
module switches only (10%),150,3,degree difference,null: random,0,20,
module switches only (10%),150,3,degree difference,null: module,0,20,
module switches only (10%),150,3,degree difference,null: hub-rich module,0,20,
module switches only (10%),150,3,"overlap: min(cosine, radial)",switch,5,15,0.6022222222222222
module switches only (10%),150,3,"overlap: min(cosine, radial)",null: random,0,20,
module switches only (10%),150,3,"overlap: min(cosine, radial)",null: module,8,20,
module switches only (10%),150,3,"overlap: min(cosine, radial)",null: hub-rich module,8,20,
module switches only (10%),150,3,"max(euclidean, cosine)",switch,15,15,0.9977777777777778
module switches only (10%),150,3,"max(euclidean, cosine)",null: random,0,20,
module switches only (10%),150,3,"max(euclidean, cosine)",null: module,4,20,
module switches only (10%),150,3,"max(euclidean, cosine)",null: hub-rich module,2,20,
module switches only (10%),150,3,"min(euclidean, cosine)",switch,12,15,0.8155555555555556
module switches only (10%),150,3,"min(euclidean, cosine)",null: random,0,20,
module switches only (10%),150,3,"min(euclidean, cosine)",null: module,8,20,
module switches only (10%),150,3,"min(euclidean, cosine)",null: hub-rich module,8,20,
module switches only (10%),150,4,"default (euclidean + cosine, 4-24)",switch,15,15,1.0
module switches only (10%),150,4,"default (euclidean + cosine, 4-24)",null: random,0,20,
module switches only (10%),150,4,"default (euclidean + cosine, 4-24)",null: module,0,20,
module switches only (10%),150,4,"default (euclidean + cosine, 4-24)",null: hub-rich module,0,20,
module switches only (10%),150,4,"cosine, 4-24",switch,15,15,1.0
module switches only (10%),150,4,"cosine, 4-24",null: random,0,20,
module switches only (10%),150,4,"cosine, 4-24",null: module,0,20,
module switches only (10%),150,4,"cosine, 4-24",null: hub-rich module,0,20,
module switches only (10%),150,4,"radial, 4-24",switch,3,15,0.7988888888888889
module switches only (10%),150,4,"radial, 4-24",null: random,0,20,
module switches only (10%),150,4,"radial, 4-24",null: module,1,20,
module switches only (10%),150,4,"radial, 4-24",null: hub-rich module,0,20,
module switches only (10%),150,4,"euclidean, 4-24",switch,14,15,0.9933333333333333
module switches only (10%),150,4,"euclidean, 4-24",null: random,0,20,
module switches only (10%),150,4,"euclidean, 4-24",null: module,0,20,
module switches only (10%),150,4,"euclidean, 4-24",null: hub-rich module,0,20,
module switches only (10%),150,4,"radial + cosine, 4-24",switch,14,15,1.0
module switches only (10%),150,4,"radial + cosine, 4-24",null: random,0,20,
module switches only (10%),150,4,"radial + cosine, 4-24",null: module,0,20,
module switches only (10%),150,4,"radial + cosine, 4-24",null: hub-rich module,0,20,
module switches only (10%),150,4,"cosine, d=8 (true rank)",switch,15,15,1.0
module switches only (10%),150,4,"cosine, d=8 (true rank)",null: random,0,20,
module switches only (10%),150,4,"cosine, d=8 (true rank)",null: module,0,20,
module switches only (10%),150,4,"cosine, d=8 (true rank)",null: hub-rich module,0,20,
module switches only (10%),150,4,"radial, d=8 (true rank)",switch,2,15,0.6977777777777778
module switches only (10%),150,4,"radial, d=8 (true rank)",null: random,0,20,
module switches only (10%),150,4,"radial, d=8 (true rank)",null: module,2,20,
module switches only (10%),150,4,"radial, d=8 (true rank)",null: hub-rich module,1,20,
module switches only (10%),150,4,degree difference,switch,5,15,0.7988888888888889
module switches only (10%),150,4,degree difference,null: random,0,20,
module switches only (10%),150,4,degree difference,null: module,2,20,
module switches only (10%),150,4,degree difference,null: hub-rich module,3,20,
module switches only (10%),150,4,"overlap: min(cosine, radial)",switch,1,15,0.8788888888888889
module switches only (10%),150,4,"overlap: min(cosine, radial)",null: random,0,20,
module switches only (10%),150,4,"overlap: min(cosine, radial)",null: module,0,20,
module switches only (10%),150,4,"overlap: min(cosine, radial)",null: hub-rich module,0,20,
module switches only (10%),150,4,"max(euclidean, cosine)",switch,15,15,1.0
module switches only (10%),150,4,"max(euclidean, cosine)",null: random,0,20,
module switches only (10%),150,4,"max(euclidean, cosine)",null: module,0,20,
module switches only (10%),150,4,"max(euclidean, cosine)",null: hub-rich module,0,20,
module switches only (10%),150,4,"min(euclidean, cosine)",switch,11,15,0.9844444444444445
module switches only (10%),150,4,"min(euclidean, cosine)",null: random,0,20,
module switches only (10%),150,4,"min(euclidean, cosine)",null: module,0,20,
module switches only (10%),150,4,"min(euclidean, cosine)",null: hub-rich module,0,20,
module switches only (10%),150,5,"default (euclidean + cosine, 4-24)",switch,13,15,0.9666666666666667
module switches only (10%),150,5,"default (euclidean + cosine, 4-24)",null: random,0,20,
module switches only (10%),150,5,"default (euclidean + cosine, 4-24)",null: module,3,20,
module switches only (10%),150,5,"default (euclidean + cosine, 4-24)",null: hub-rich module,4,20,
module switches only (10%),150,5,"cosine, 4-24",switch,14,15,0.9755555555555555
module switches only (10%),150,5,"cosine, 4-24",null: random,0,20,
module switches only (10%),150,5,"cosine, 4-24",null: module,3,20,
module switches only (10%),150,5,"cosine, 4-24",null: hub-rich module,4,20,
module switches only (10%),150,5,"radial, 4-24",switch,0,15,0.7911111111111111
module switches only (10%),150,5,"radial, 4-24",null: random,0,20,
module switches only (10%),150,5,"radial, 4-24",null: module,0,20,
module switches only (10%),150,5,"radial, 4-24",null: hub-rich module,0,20,
module switches only (10%),150,5,"euclidean, 4-24",switch,12,15,0.9688888888888889
module switches only (10%),150,5,"euclidean, 4-24",null: random,0,20,
module switches only (10%),150,5,"euclidean, 4-24",null: module,2,20,
module switches only (10%),150,5,"euclidean, 4-24",null: hub-rich module,4,20,
module switches only (10%),150,5,"radial + cosine, 4-24",switch,12,15,0.9533333333333334
module switches only (10%),150,5,"radial + cosine, 4-24",null: random,0,20,
module switches only (10%),150,5,"radial + cosine, 4-24",null: module,2,20,
module switches only (10%),150,5,"radial + cosine, 4-24",null: hub-rich module,4,20,
module switches only (10%),150,5,"cosine, d=8 (true rank)",switch,15,15,1.0
module switches only (10%),150,5,"cosine, d=8 (true rank)",null: random,0,20,
module switches only (10%),150,5,"cosine, d=8 (true rank)",null: module,1,20,
module switches only (10%),150,5,"cosine, d=8 (true rank)",null: hub-rich module,3,20,
module switches only (10%),150,5,"radial, d=8 (true rank)",switch,0,15,0.6766666666666666
module switches only (10%),150,5,"radial, d=8 (true rank)",null: random,0,20,
module switches only (10%),150,5,"radial, d=8 (true rank)",null: module,0,20,
module switches only (10%),150,5,"radial, d=8 (true rank)",null: hub-rich module,0,20,
module switches only (10%),150,5,degree difference,switch,4,15,0.9
module switches only (10%),150,5,degree difference,null: random,0,20,
module switches only (10%),150,5,degree difference,null: module,0,20,
module switches only (10%),150,5,degree difference,null: hub-rich module,0,20,
module switches only (10%),150,5,"overlap: min(cosine, radial)",switch,8,15,0.8177777777777778
module switches only (10%),150,5,"overlap: min(cosine, radial)",null: random,1,20,
module switches only (10%),150,5,"overlap: min(cosine, radial)",null: module,3,20,
module switches only (10%),150,5,"overlap: min(cosine, radial)",null: hub-rich module,4,20,
module switches only (10%),150,5,"max(euclidean, cosine)",switch,15,15,0.9977777777777778
module switches only (10%),150,5,"max(euclidean, cosine)",null: random,0,20,
module switches only (10%),150,5,"max(euclidean, cosine)",null: module,2,20,
module switches only (10%),150,5,"max(euclidean, cosine)",null: hub-rich module,4,20,
module switches only (10%),150,5,"min(euclidean, cosine)",switch,11,15,0.92
module switches only (10%),150,5,"min(euclidean, cosine)",null: random,0,20,
module switches only (10%),150,5,"min(euclidean, cosine)",null: module,3,20,
module switches only (10%),150,5,"min(euclidean, cosine)",null: hub-rich module,4,20,
module switches only (10%),150,6,"default (euclidean + cosine, 4-24)",switch,14,15,0.9866666666666667
module switches only (10%),150,6,"default (euclidean + cosine, 4-24)",null: random,0,20,
module switches only (10%),150,6,"default (euclidean + cosine, 4-24)",null: module,1,20,
module switches only (10%),150,6,"default (euclidean + cosine, 4-24)",null: hub-rich module,3,20,
module switches only (10%),150,6,"cosine, 4-24",switch,15,15,0.9966666666666667
module switches only (10%),150,6,"cosine, 4-24",null: random,0,20,
module switches only (10%),150,6,"cosine, 4-24",null: module,1,20,
module switches only (10%),150,6,"cosine, 4-24",null: hub-rich module,4,20,
module switches only (10%),150,6,"radial, 4-24",switch,1,15,0.8111111111111111
module switches only (10%),150,6,"radial, 4-24",null: random,0,20,
module switches only (10%),150,6,"radial, 4-24",null: module,0,20,
module switches only (10%),150,6,"radial, 4-24",null: hub-rich module,0,20,
module switches only (10%),150,6,"euclidean, 4-24",switch,13,15,0.9822222222222222
module switches only (10%),150,6,"euclidean, 4-24",null: random,0,20,
module switches only (10%),150,6,"euclidean, 4-24",null: module,0,20,
module switches only (10%),150,6,"euclidean, 4-24",null: hub-rich module,0,20,
module switches only (10%),150,6,"radial + cosine, 4-24",switch,13,15,0.9722222222222222
module switches only (10%),150,6,"radial + cosine, 4-24",null: random,0,20,
module switches only (10%),150,6,"radial + cosine, 4-24",null: module,0,20,
module switches only (10%),150,6,"radial + cosine, 4-24",null: hub-rich module,3,20,
module switches only (10%),150,6,"cosine, d=8 (true rank)",switch,15,15,1.0
module switches only (10%),150,6,"cosine, d=8 (true rank)",null: random,0,20,
module switches only (10%),150,6,"cosine, d=8 (true rank)",null: module,0,20,
module switches only (10%),150,6,"cosine, d=8 (true rank)",null: hub-rich module,3,20,
module switches only (10%),150,6,"radial, d=8 (true rank)",switch,1,15,0.7377777777777778
module switches only (10%),150,6,"radial, d=8 (true rank)",null: random,0,20,
module switches only (10%),150,6,"radial, d=8 (true rank)",null: module,0,20,
module switches only (10%),150,6,"radial, d=8 (true rank)",null: hub-rich module,0,20,
module switches only (10%),150,6,degree difference,switch,0,15,0.7511111111111111
module switches only (10%),150,6,degree difference,null: random,0,20,
module switches only (10%),150,6,degree difference,null: module,0,20,
module switches only (10%),150,6,degree difference,null: hub-rich module,0,20,
module switches only (10%),150,6,"overlap: min(cosine, radial)",switch,2,15,0.6988888888888889
module switches only (10%),150,6,"overlap: min(cosine, radial)",null: random,0,20,
module switches only (10%),150,6,"overlap: min(cosine, radial)",null: module,1,20,
module switches only (10%),150,6,"overlap: min(cosine, radial)",null: hub-rich module,3,20,
module switches only (10%),150,6,"max(euclidean, cosine)",switch,15,15,1.0
module switches only (10%),150,6,"max(euclidean, cosine)",null: random,0,20,
module switches only (10%),150,6,"max(euclidean, cosine)",null: module,0,20,
module switches only (10%),150,6,"max(euclidean, cosine)",null: hub-rich module,0,20,
module switches only (10%),150,6,"min(euclidean, cosine)",switch,10,15,0.9111111111111111
module switches only (10%),150,6,"min(euclidean, cosine)",null: random,0,20,
module switches only (10%),150,6,"min(euclidean, cosine)",null: module,1,20,
module switches only (10%),150,6,"min(euclidean, cosine)",null: hub-rich module,3,20,
module switches only (10%),150,7,"default (euclidean + cosine, 4-24)",switch,14,15,0.9922222222222222
module switches only (10%),150,7,"default (euclidean + cosine, 4-24)",null: random,0,20,
module switches only (10%),150,7,"default (euclidean + cosine, 4-24)",null: module,1,20,
module switches only (10%),150,7,"default (euclidean + cosine, 4-24)",null: hub-rich module,1,20,
module switches only (10%),150,7,"cosine, 4-24",switch,15,15,1.0
module switches only (10%),150,7,"cosine, 4-24",null: random,0,20,
module switches only (10%),150,7,"cosine, 4-24",null: module,3,20,
module switches only (10%),150,7,"cosine, 4-24",null: hub-rich module,1,20,
module switches only (10%),150,7,"radial, 4-24",switch,0,15,0.69
module switches only (10%),150,7,"radial, 4-24",null: random,0,20,
module switches only (10%),150,7,"radial, 4-24",null: module,0,20,
module switches only (10%),150,7,"radial, 4-24",null: hub-rich module,0,20,
module switches only (10%),150,7,"euclidean, 4-24",switch,1,15,0.9877777777777778
module switches only (10%),150,7,"euclidean, 4-24",null: random,0,20,
module switches only (10%),150,7,"euclidean, 4-24",null: module,0,20,
module switches only (10%),150,7,"euclidean, 4-24",null: hub-rich module,0,20,
module switches only (10%),150,7,"radial + cosine, 4-24",switch,9,15,0.9766666666666667
module switches only (10%),150,7,"radial + cosine, 4-24",null: random,0,20,
module switches only (10%),150,7,"radial + cosine, 4-24",null: module,0,20,
module switches only (10%),150,7,"radial + cosine, 4-24",null: hub-rich module,0,20,
module switches only (10%),150,7,"cosine, d=8 (true rank)",switch,15,15,1.0
module switches only (10%),150,7,"cosine, d=8 (true rank)",null: random,0,20,
module switches only (10%),150,7,"cosine, d=8 (true rank)",null: module,1,20,
module switches only (10%),150,7,"cosine, d=8 (true rank)",null: hub-rich module,3,20,
module switches only (10%),150,7,"radial, d=8 (true rank)",switch,0,15,0.6755555555555556
module switches only (10%),150,7,"radial, d=8 (true rank)",null: random,0,20,
module switches only (10%),150,7,"radial, d=8 (true rank)",null: module,0,20,
module switches only (10%),150,7,"radial, d=8 (true rank)",null: hub-rich module,0,20,
module switches only (10%),150,7,degree difference,switch,0,15,0.8988888888888888
module switches only (10%),150,7,degree difference,null: random,0,20,
module switches only (10%),150,7,degree difference,null: module,0,20,
module switches only (10%),150,7,degree difference,null: hub-rich module,0,20,
module switches only (10%),150,7,"overlap: min(cosine, radial)",switch,0,15,0.5966666666666667
module switches only (10%),150,7,"overlap: min(cosine, radial)",null: random,0,20,
module switches only (10%),150,7,"overlap: min(cosine, radial)",null: module,0,20,
module switches only (10%),150,7,"overlap: min(cosine, radial)",null: hub-rich module,0,20,
module switches only (10%),150,7,"max(euclidean, cosine)",switch,15,15,1.0
module switches only (10%),150,7,"max(euclidean, cosine)",null: random,0,20,
module switches only (10%),150,7,"max(euclidean, cosine)",null: module,0,20,
module switches only (10%),150,7,"max(euclidean, cosine)",null: hub-rich module,0,20,
module switches only (10%),150,7,"min(euclidean, cosine)",switch,5,15,0.88
module switches only (10%),150,7,"min(euclidean, cosine)",null: random,0,20,
module switches only (10%),150,7,"min(euclidean, cosine)",null: module,2,20,
module switches only (10%),150,7,"min(euclidean, cosine)",null: hub-rich module,1,20,
module switches only (10%),400,0,"default (euclidean + cosine, 4-24)",switch,13,15,0.9022222222222223
module switches only (10%),400,0,"default (euclidean + cosine, 4-24)",null: random,0,20,
module switches only (10%),400,0,"default (euclidean + cosine, 4-24)",null: module,2,20,
module switches only (10%),400,0,"default (euclidean + cosine, 4-24)",null: hub-rich module,5,20,
module switches only (10%),400,0,"cosine, 4-24",switch,15,15,0.9266666666666666
module switches only (10%),400,0,"cosine, 4-24",null: random,0,20,
module switches only (10%),400,0,"cosine, 4-24",null: module,2,20,
module switches only (10%),400,0,"cosine, 4-24",null: hub-rich module,5,20,
module switches only (10%),400,0,"radial, 4-24",switch,0,15,0.6577777777777778
module switches only (10%),400,0,"radial, 4-24",null: random,0,20,
module switches only (10%),400,0,"radial, 4-24",null: module,0,20,
module switches only (10%),400,0,"radial, 4-24",null: hub-rich module,0,20,
module switches only (10%),400,0,"euclidean, 4-24",switch,5,15,0.9
module switches only (10%),400,0,"euclidean, 4-24",null: random,0,20,
module switches only (10%),400,0,"euclidean, 4-24",null: module,0,20,
module switches only (10%),400,0,"euclidean, 4-24",null: hub-rich module,0,20,
module switches only (10%),400,0,"radial + cosine, 4-24",switch,10,15,0.9033333333333333
module switches only (10%),400,0,"radial + cosine, 4-24",null: random,0,20,
module switches only (10%),400,0,"radial + cosine, 4-24",null: module,2,20,
module switches only (10%),400,0,"radial + cosine, 4-24",null: hub-rich module,5,20,
module switches only (10%),400,0,"cosine, d=8 (true rank)",switch,15,15,1.0
module switches only (10%),400,0,"cosine, d=8 (true rank)",null: random,0,20,
module switches only (10%),400,0,"cosine, d=8 (true rank)",null: module,0,20,
module switches only (10%),400,0,"cosine, d=8 (true rank)",null: hub-rich module,3,20,
module switches only (10%),400,0,"radial, d=8 (true rank)",switch,0,15,0.5711111111111111
module switches only (10%),400,0,"radial, d=8 (true rank)",null: random,0,20,
module switches only (10%),400,0,"radial, d=8 (true rank)",null: module,0,20,
module switches only (10%),400,0,"radial, d=8 (true rank)",null: hub-rich module,0,20,
module switches only (10%),400,0,degree difference,switch,7,15,0.8777777777777778
module switches only (10%),400,0,degree difference,null: random,0,20,
module switches only (10%),400,0,degree difference,null: module,0,20,
module switches only (10%),400,0,degree difference,null: hub-rich module,0,20,
module switches only (10%),400,0,"overlap: min(cosine, radial)",switch,3,15,0.5777777777777777
module switches only (10%),400,0,"overlap: min(cosine, radial)",null: random,0,20,
module switches only (10%),400,0,"overlap: min(cosine, radial)",null: module,3,20,
module switches only (10%),400,0,"overlap: min(cosine, radial)",null: hub-rich module,5,20,
module switches only (10%),400,0,"max(euclidean, cosine)",switch,15,15,1.0
module switches only (10%),400,0,"max(euclidean, cosine)",null: random,0,20,
module switches only (10%),400,0,"max(euclidean, cosine)",null: module,2,20,
module switches only (10%),400,0,"max(euclidean, cosine)",null: hub-rich module,0,20,
module switches only (10%),400,0,"min(euclidean, cosine)",switch,7,15,0.7622222222222222
module switches only (10%),400,0,"min(euclidean, cosine)",null: random,0,20,
module switches only (10%),400,0,"min(euclidean, cosine)",null: module,2,20,
module switches only (10%),400,0,"min(euclidean, cosine)",null: hub-rich module,5,20,
module switches only (10%),400,1,"default (euclidean + cosine, 4-24)",switch,11,15,0.97
module switches only (10%),400,1,"default (euclidean + cosine, 4-24)",null: random,0,20,
module switches only (10%),400,1,"default (euclidean + cosine, 4-24)",null: module,0,20,
module switches only (10%),400,1,"default (euclidean + cosine, 4-24)",null: hub-rich module,0,20,
module switches only (10%),400,1,"cosine, 4-24",switch,13,15,0.9777777777777777
module switches only (10%),400,1,"cosine, 4-24",null: random,0,20,
module switches only (10%),400,1,"cosine, 4-24",null: module,0,20,
module switches only (10%),400,1,"cosine, 4-24",null: hub-rich module,0,20,
module switches only (10%),400,1,"radial, 4-24",switch,0,15,0.6044444444444445
module switches only (10%),400,1,"radial, 4-24",null: random,0,20,
module switches only (10%),400,1,"radial, 4-24",null: module,0,20,
module switches only (10%),400,1,"radial, 4-24",null: hub-rich module,0,20,
module switches only (10%),400,1,"euclidean, 4-24",switch,3,15,0.9622222222222222
module switches only (10%),400,1,"euclidean, 4-24",null: random,0,20,
module switches only (10%),400,1,"euclidean, 4-24",null: module,0,20,
module switches only (10%),400,1,"euclidean, 4-24",null: hub-rich module,0,20,
module switches only (10%),400,1,"radial + cosine, 4-24",switch,9,15,0.9666666666666667
module switches only (10%),400,1,"radial + cosine, 4-24",null: random,0,20,
module switches only (10%),400,1,"radial + cosine, 4-24",null: module,0,20,
module switches only (10%),400,1,"radial + cosine, 4-24",null: hub-rich module,0,20,
module switches only (10%),400,1,"cosine, d=8 (true rank)",switch,15,15,1.0
module switches only (10%),400,1,"cosine, d=8 (true rank)",null: random,0,20,
module switches only (10%),400,1,"cosine, d=8 (true rank)",null: module,0,20,
module switches only (10%),400,1,"cosine, d=8 (true rank)",null: hub-rich module,3,20,
module switches only (10%),400,1,"radial, d=8 (true rank)",switch,0,15,0.48333333333333334
module switches only (10%),400,1,"radial, d=8 (true rank)",null: random,0,20,
module switches only (10%),400,1,"radial, d=8 (true rank)",null: module,0,20,
module switches only (10%),400,1,"radial, d=8 (true rank)",null: hub-rich module,0,20,
module switches only (10%),400,1,degree difference,switch,0,15,0.7211111111111111
module switches only (10%),400,1,degree difference,null: random,0,20,
module switches only (10%),400,1,degree difference,null: module,0,20,
module switches only (10%),400,1,degree difference,null: hub-rich module,0,20,
module switches only (10%),400,1,"overlap: min(cosine, radial)",switch,0,15,0.6044444444444445
module switches only (10%),400,1,"overlap: min(cosine, radial)",null: random,0,20,
module switches only (10%),400,1,"overlap: min(cosine, radial)",null: module,0,20,
module switches only (10%),400,1,"overlap: min(cosine, radial)",null: hub-rich module,0,20,
module switches only (10%),400,1,"max(euclidean, cosine)",switch,15,15,1.0
module switches only (10%),400,1,"max(euclidean, cosine)",null: random,0,20,
module switches only (10%),400,1,"max(euclidean, cosine)",null: module,0,20,
module switches only (10%),400,1,"max(euclidean, cosine)",null: hub-rich module,0,20,
module switches only (10%),400,1,"min(euclidean, cosine)",switch,2,15,0.8144444444444444
module switches only (10%),400,1,"min(euclidean, cosine)",null: random,0,20,
module switches only (10%),400,1,"min(euclidean, cosine)",null: module,0,20,
module switches only (10%),400,1,"min(euclidean, cosine)",null: hub-rich module,0,20,
module switches only (10%),400,2,"default (euclidean + cosine, 4-24)",switch,12,15,0.9522222222222222
module switches only (10%),400,2,"default (euclidean + cosine, 4-24)",null: random,0,20,
module switches only (10%),400,2,"default (euclidean + cosine, 4-24)",null: module,0,20,
module switches only (10%),400,2,"default (euclidean + cosine, 4-24)",null: hub-rich module,4,20,
module switches only (10%),400,2,"cosine, 4-24",switch,15,15,0.9911111111111112
module switches only (10%),400,2,"cosine, 4-24",null: random,0,20,
module switches only (10%),400,2,"cosine, 4-24",null: module,1,20,
module switches only (10%),400,2,"cosine, 4-24",null: hub-rich module,6,20,
module switches only (10%),400,2,"radial, 4-24",switch,0,15,0.5511111111111111
module switches only (10%),400,2,"radial, 4-24",null: random,0,20,
module switches only (10%),400,2,"radial, 4-24",null: module,0,20,
module switches only (10%),400,2,"radial, 4-24",null: hub-rich module,0,20,
module switches only (10%),400,2,"euclidean, 4-24",switch,6,15,0.9188888888888889
module switches only (10%),400,2,"euclidean, 4-24",null: random,0,20,
module switches only (10%),400,2,"euclidean, 4-24",null: module,0,20,
module switches only (10%),400,2,"euclidean, 4-24",null: hub-rich module,0,20,
module switches only (10%),400,2,"radial + cosine, 4-24",switch,5,15,0.8822222222222222
module switches only (10%),400,2,"radial + cosine, 4-24",null: random,0,20,
module switches only (10%),400,2,"radial + cosine, 4-24",null: module,0,20,
module switches only (10%),400,2,"radial + cosine, 4-24",null: hub-rich module,5,20,
module switches only (10%),400,2,"cosine, d=8 (true rank)",switch,15,15,1.0
module switches only (10%),400,2,"cosine, d=8 (true rank)",null: random,0,20,
module switches only (10%),400,2,"cosine, d=8 (true rank)",null: module,0,20,
module switches only (10%),400,2,"cosine, d=8 (true rank)",null: hub-rich module,1,20,
module switches only (10%),400,2,"radial, d=8 (true rank)",switch,0,15,0.3466666666666667
module switches only (10%),400,2,"radial, d=8 (true rank)",null: random,0,20,
module switches only (10%),400,2,"radial, d=8 (true rank)",null: module,0,20,
module switches only (10%),400,2,"radial, d=8 (true rank)",null: hub-rich module,0,20,
module switches only (10%),400,2,degree difference,switch,1,15,0.78
module switches only (10%),400,2,degree difference,null: random,0,20,
module switches only (10%),400,2,degree difference,null: module,0,20,
module switches only (10%),400,2,degree difference,null: hub-rich module,0,20,
module switches only (10%),400,2,"overlap: min(cosine, radial)",switch,1,15,0.3888888888888889
module switches only (10%),400,2,"overlap: min(cosine, radial)",null: random,0,20,
module switches only (10%),400,2,"overlap: min(cosine, radial)",null: module,1,20,
module switches only (10%),400,2,"overlap: min(cosine, radial)",null: hub-rich module,5,20,
module switches only (10%),400,2,"max(euclidean, cosine)",switch,15,15,1.0
module switches only (10%),400,2,"max(euclidean, cosine)",null: random,0,20,
module switches only (10%),400,2,"max(euclidean, cosine)",null: module,0,20,
module switches only (10%),400,2,"max(euclidean, cosine)",null: hub-rich module,0,20,
module switches only (10%),400,2,"min(euclidean, cosine)",switch,6,15,0.6711111111111111
module switches only (10%),400,2,"min(euclidean, cosine)",null: random,0,20,
module switches only (10%),400,2,"min(euclidean, cosine)",null: module,1,20,
module switches only (10%),400,2,"min(euclidean, cosine)",null: hub-rich module,6,20,
module switches only (10%),400,3,"default (euclidean + cosine, 4-24)",switch,13,15,0.9555555555555556
module switches only (10%),400,3,"default (euclidean + cosine, 4-24)",null: random,0,20,
module switches only (10%),400,3,"default (euclidean + cosine, 4-24)",null: module,4,20,
module switches only (10%),400,3,"default (euclidean + cosine, 4-24)",null: hub-rich module,2,20,
module switches only (10%),400,3,"cosine, 4-24",switch,14,15,0.9788888888888889
module switches only (10%),400,3,"cosine, 4-24",null: random,0,20,
module switches only (10%),400,3,"cosine, 4-24",null: module,4,20,
module switches only (10%),400,3,"cosine, 4-24",null: hub-rich module,2,20,
module switches only (10%),400,3,"radial, 4-24",switch,0,15,0.6488888888888888
module switches only (10%),400,3,"radial, 4-24",null: random,0,20,
module switches only (10%),400,3,"radial, 4-24",null: module,0,20,
module switches only (10%),400,3,"radial, 4-24",null: hub-rich module,0,20,
module switches only (10%),400,3,"euclidean, 4-24",switch,3,15,0.8966666666666666
module switches only (10%),400,3,"euclidean, 4-24",null: random,0,20,
module switches only (10%),400,3,"euclidean, 4-24",null: module,0,20,
module switches only (10%),400,3,"euclidean, 4-24",null: hub-rich module,0,20,
module switches only (10%),400,3,"radial + cosine, 4-24",switch,9,15,0.9366666666666666
module switches only (10%),400,3,"radial + cosine, 4-24",null: random,0,20,
module switches only (10%),400,3,"radial + cosine, 4-24",null: module,4,20,
module switches only (10%),400,3,"radial + cosine, 4-24",null: hub-rich module,2,20,
module switches only (10%),400,3,"cosine, d=8 (true rank)",switch,15,15,1.0
module switches only (10%),400,3,"cosine, d=8 (true rank)",null: random,0,20,
module switches only (10%),400,3,"cosine, d=8 (true rank)",null: module,0,20,
module switches only (10%),400,3,"cosine, d=8 (true rank)",null: hub-rich module,0,20,
module switches only (10%),400,3,"radial, d=8 (true rank)",switch,0,15,0.5177777777777778
module switches only (10%),400,3,"radial, d=8 (true rank)",null: random,0,20,
module switches only (10%),400,3,"radial, d=8 (true rank)",null: module,0,20,
module switches only (10%),400,3,"radial, d=8 (true rank)",null: hub-rich module,0,20,
module switches only (10%),400,3,degree difference,switch,0,15,0.8933333333333333
module switches only (10%),400,3,degree difference,null: random,0,20,
module switches only (10%),400,3,degree difference,null: module,0,20,
module switches only (10%),400,3,degree difference,null: hub-rich module,0,20,
module switches only (10%),400,3,"overlap: min(cosine, radial)",switch,3,15,0.6688888888888889
module switches only (10%),400,3,"overlap: min(cosine, radial)",null: random,1,20,
module switches only (10%),400,3,"overlap: min(cosine, radial)",null: module,4,20,
module switches only (10%),400,3,"overlap: min(cosine, radial)",null: hub-rich module,2,20,
module switches only (10%),400,3,"max(euclidean, cosine)",switch,15,15,1.0
module switches only (10%),400,3,"max(euclidean, cosine)",null: random,0,20,
module switches only (10%),400,3,"max(euclidean, cosine)",null: module,0,20,
module switches only (10%),400,3,"max(euclidean, cosine)",null: hub-rich module,0,20,
module switches only (10%),400,3,"min(euclidean, cosine)",switch,9,15,0.82
module switches only (10%),400,3,"min(euclidean, cosine)",null: random,0,20,
module switches only (10%),400,3,"min(euclidean, cosine)",null: module,4,20,
module switches only (10%),400,3,"min(euclidean, cosine)",null: hub-rich module,2,20,
module switches only (10%),400,4,"default (euclidean + cosine, 4-24)",switch,12,15,0.9577777777777777
module switches only (10%),400,4,"default (euclidean + cosine, 4-24)",null: random,0,20,
module switches only (10%),400,4,"default (euclidean + cosine, 4-24)",null: module,0,20,
module switches only (10%),400,4,"default (euclidean + cosine, 4-24)",null: hub-rich module,1,20,
module switches only (10%),400,4,"cosine, 4-24",switch,12,15,0.9677777777777777
module switches only (10%),400,4,"cosine, 4-24",null: random,0,20,
module switches only (10%),400,4,"cosine, 4-24",null: module,1,20,
module switches only (10%),400,4,"cosine, 4-24",null: hub-rich module,1,20,
module switches only (10%),400,4,"radial, 4-24",switch,0,15,0.6133333333333333
module switches only (10%),400,4,"radial, 4-24",null: random,0,20,
module switches only (10%),400,4,"radial, 4-24",null: module,0,20,
module switches only (10%),400,4,"radial, 4-24",null: hub-rich module,0,20,
module switches only (10%),400,4,"euclidean, 4-24",switch,7,15,0.9444444444444444
module switches only (10%),400,4,"euclidean, 4-24",null: random,0,20,
module switches only (10%),400,4,"euclidean, 4-24",null: module,0,20,
module switches only (10%),400,4,"euclidean, 4-24",null: hub-rich module,0,20,
module switches only (10%),400,4,"radial + cosine, 4-24",switch,10,15,0.9177777777777778
module switches only (10%),400,4,"radial + cosine, 4-24",null: random,0,20,
module switches only (10%),400,4,"radial + cosine, 4-24",null: module,0,20,
module switches only (10%),400,4,"radial + cosine, 4-24",null: hub-rich module,1,20,
module switches only (10%),400,4,"cosine, d=8 (true rank)",switch,15,15,1.0
module switches only (10%),400,4,"cosine, d=8 (true rank)",null: random,0,20,
module switches only (10%),400,4,"cosine, d=8 (true rank)",null: module,0,20,
module switches only (10%),400,4,"cosine, d=8 (true rank)",null: hub-rich module,6,20,
module switches only (10%),400,4,"radial, d=8 (true rank)",switch,0,15,0.4855555555555556
module switches only (10%),400,4,"radial, d=8 (true rank)",null: random,0,20,
module switches only (10%),400,4,"radial, d=8 (true rank)",null: module,0,20,
module switches only (10%),400,4,"radial, d=8 (true rank)",null: hub-rich module,0,20,
module switches only (10%),400,4,degree difference,switch,0,15,0.7188888888888889
module switches only (10%),400,4,degree difference,null: random,0,20,
module switches only (10%),400,4,degree difference,null: module,0,20,
module switches only (10%),400,4,degree difference,null: hub-rich module,0,20,
module switches only (10%),400,4,"overlap: min(cosine, radial)",switch,2,15,0.7066666666666667
module switches only (10%),400,4,"overlap: min(cosine, radial)",null: random,0,20,
module switches only (10%),400,4,"overlap: min(cosine, radial)",null: module,0,20,
module switches only (10%),400,4,"overlap: min(cosine, radial)",null: hub-rich module,0,20,
module switches only (10%),400,4,"max(euclidean, cosine)",switch,14,15,0.9988888888888889
module switches only (10%),400,4,"max(euclidean, cosine)",null: random,0,20,
module switches only (10%),400,4,"max(euclidean, cosine)",null: module,0,20,
module switches only (10%),400,4,"max(euclidean, cosine)",null: hub-rich module,1,20,
module switches only (10%),400,4,"min(euclidean, cosine)",switch,7,15,0.8822222222222222
module switches only (10%),400,4,"min(euclidean, cosine)",null: random,0,20,
module switches only (10%),400,4,"min(euclidean, cosine)",null: module,1,20,
module switches only (10%),400,4,"min(euclidean, cosine)",null: hub-rich module,0,20,
module switches only (10%),400,5,"default (euclidean + cosine, 4-24)",switch,13,15,0.9755555555555555
module switches only (10%),400,5,"default (euclidean + cosine, 4-24)",null: random,0,20,
module switches only (10%),400,5,"default (euclidean + cosine, 4-24)",null: module,2,20,
module switches only (10%),400,5,"default (euclidean + cosine, 4-24)",null: hub-rich module,2,20,
module switches only (10%),400,5,"cosine, 4-24",switch,15,15,0.9888888888888889
module switches only (10%),400,5,"cosine, 4-24",null: random,0,20,
module switches only (10%),400,5,"cosine, 4-24",null: module,3,20,
module switches only (10%),400,5,"cosine, 4-24",null: hub-rich module,2,20,
module switches only (10%),400,5,"radial, 4-24",switch,0,15,0.8533333333333334
module switches only (10%),400,5,"radial, 4-24",null: random,0,20,
module switches only (10%),400,5,"radial, 4-24",null: module,0,20,
module switches only (10%),400,5,"radial, 4-24",null: hub-rich module,0,20,
module switches only (10%),400,5,"euclidean, 4-24",switch,7,15,0.9755555555555555
module switches only (10%),400,5,"euclidean, 4-24",null: random,0,20,
module switches only (10%),400,5,"euclidean, 4-24",null: module,0,20,
module switches only (10%),400,5,"euclidean, 4-24",null: hub-rich module,1,20,
module switches only (10%),400,5,"radial + cosine, 4-24",switch,12,15,0.9777777777777777
module switches only (10%),400,5,"radial + cosine, 4-24",null: random,0,20,
module switches only (10%),400,5,"radial + cosine, 4-24",null: module,1,20,
module switches only (10%),400,5,"radial + cosine, 4-24",null: hub-rich module,1,20,
module switches only (10%),400,5,"cosine, d=8 (true rank)",switch,15,15,1.0
module switches only (10%),400,5,"cosine, d=8 (true rank)",null: random,0,20,
module switches only (10%),400,5,"cosine, d=8 (true rank)",null: module,0,20,
module switches only (10%),400,5,"cosine, d=8 (true rank)",null: hub-rich module,3,20,
module switches only (10%),400,5,"radial, d=8 (true rank)",switch,0,15,0.6622222222222223
module switches only (10%),400,5,"radial, d=8 (true rank)",null: random,0,20,
module switches only (10%),400,5,"radial, d=8 (true rank)",null: module,0,20,
module switches only (10%),400,5,"radial, d=8 (true rank)",null: hub-rich module,0,20,
module switches only (10%),400,5,degree difference,switch,2,15,0.9622222222222222
module switches only (10%),400,5,degree difference,null: random,0,20,
module switches only (10%),400,5,degree difference,null: module,0,20,
module switches only (10%),400,5,degree difference,null: hub-rich module,0,20,
module switches only (10%),400,5,"overlap: min(cosine, radial)",switch,2,15,0.7622222222222222
module switches only (10%),400,5,"overlap: min(cosine, radial)",null: random,0,20,
module switches only (10%),400,5,"overlap: min(cosine, radial)",null: module,1,20,
module switches only (10%),400,5,"overlap: min(cosine, radial)",null: hub-rich module,1,20,
module switches only (10%),400,5,"max(euclidean, cosine)",switch,15,15,1.0
module switches only (10%),400,5,"max(euclidean, cosine)",null: random,0,20,
module switches only (10%),400,5,"max(euclidean, cosine)",null: module,0,20,
module switches only (10%),400,5,"max(euclidean, cosine)",null: hub-rich module,1,20,
module switches only (10%),400,5,"min(euclidean, cosine)",switch,5,15,0.9122222222222223
module switches only (10%),400,5,"min(euclidean, cosine)",null: random,0,20,
module switches only (10%),400,5,"min(euclidean, cosine)",null: module,2,20,
module switches only (10%),400,5,"min(euclidean, cosine)",null: hub-rich module,2,20,
module switches only (10%),400,6,"default (euclidean + cosine, 4-24)",switch,15,15,0.9822222222222222
module switches only (10%),400,6,"default (euclidean + cosine, 4-24)",null: random,0,20,
module switches only (10%),400,6,"default (euclidean + cosine, 4-24)",null: module,1,20,
module switches only (10%),400,6,"default (euclidean + cosine, 4-24)",null: hub-rich module,6,20,
module switches only (10%),400,6,"cosine, 4-24",switch,15,15,0.9922222222222222
module switches only (10%),400,6,"cosine, 4-24",null: random,0,20,
module switches only (10%),400,6,"cosine, 4-24",null: module,2,20,
module switches only (10%),400,6,"cosine, 4-24",null: hub-rich module,6,20,
module switches only (10%),400,6,"radial, 4-24",switch,0,15,0.8411111111111111
module switches only (10%),400,6,"radial, 4-24",null: random,0,20,
module switches only (10%),400,6,"radial, 4-24",null: module,0,20,
module switches only (10%),400,6,"radial, 4-24",null: hub-rich module,0,20,
module switches only (10%),400,6,"euclidean, 4-24",switch,12,15,0.9777777777777777
module switches only (10%),400,6,"euclidean, 4-24",null: random,0,20,
module switches only (10%),400,6,"euclidean, 4-24",null: module,1,20,
module switches only (10%),400,6,"euclidean, 4-24",null: hub-rich module,1,20,
module switches only (10%),400,6,"radial + cosine, 4-24",switch,15,15,0.9922222222222222
module switches only (10%),400,6,"radial + cosine, 4-24",null: random,0,20,
module switches only (10%),400,6,"radial + cosine, 4-24",null: module,2,20,
module switches only (10%),400,6,"radial + cosine, 4-24",null: hub-rich module,6,20,
module switches only (10%),400,6,"cosine, d=8 (true rank)",switch,15,15,1.0
module switches only (10%),400,6,"cosine, d=8 (true rank)",null: random,0,20,
module switches only (10%),400,6,"cosine, d=8 (true rank)",null: module,0,20,
module switches only (10%),400,6,"cosine, d=8 (true rank)",null: hub-rich module,0,20,
module switches only (10%),400,6,"radial, d=8 (true rank)",switch,0,15,0.5911111111111111
module switches only (10%),400,6,"radial, d=8 (true rank)",null: random,0,20,
module switches only (10%),400,6,"radial, d=8 (true rank)",null: module,0,20,
module switches only (10%),400,6,"radial, d=8 (true rank)",null: hub-rich module,0,20,
module switches only (10%),400,6,degree difference,switch,0,15,0.8577777777777778
module switches only (10%),400,6,degree difference,null: random,0,20,
module switches only (10%),400,6,degree difference,null: module,0,20,
module switches only (10%),400,6,degree difference,null: hub-rich module,0,20,
module switches only (10%),400,6,"overlap: min(cosine, radial)",switch,8,15,0.7777777777777778
module switches only (10%),400,6,"overlap: min(cosine, radial)",null: random,1,20,
module switches only (10%),400,6,"overlap: min(cosine, radial)",null: module,3,20,
module switches only (10%),400,6,"overlap: min(cosine, radial)",null: hub-rich module,6,20,
module switches only (10%),400,6,"max(euclidean, cosine)",switch,15,15,1.0
module switches only (10%),400,6,"max(euclidean, cosine)",null: random,0,20,
module switches only (10%),400,6,"max(euclidean, cosine)",null: module,1,20,
module switches only (10%),400,6,"max(euclidean, cosine)",null: hub-rich module,1,20,
module switches only (10%),400,6,"min(euclidean, cosine)",switch,11,15,0.8788888888888889
module switches only (10%),400,6,"min(euclidean, cosine)",null: random,0,20,
module switches only (10%),400,6,"min(euclidean, cosine)",null: module,3,20,
module switches only (10%),400,6,"min(euclidean, cosine)",null: hub-rich module,6,20,
module switches only (10%),400,7,"default (euclidean + cosine, 4-24)",switch,14,15,0.9911111111111112
module switches only (10%),400,7,"default (euclidean + cosine, 4-24)",null: random,0,20,
module switches only (10%),400,7,"default (euclidean + cosine, 4-24)",null: module,1,20,
module switches only (10%),400,7,"default (euclidean + cosine, 4-24)",null: hub-rich module,2,20,
module switches only (10%),400,7,"cosine, 4-24",switch,15,15,1.0
module switches only (10%),400,7,"cosine, 4-24",null: random,0,20,
module switches only (10%),400,7,"cosine, 4-24",null: module,1,20,
module switches only (10%),400,7,"cosine, 4-24",null: hub-rich module,2,20,
module switches only (10%),400,7,"radial, 4-24",switch,0,15,0.8366666666666667
module switches only (10%),400,7,"radial, 4-24",null: random,0,20,
module switches only (10%),400,7,"radial, 4-24",null: module,0,20,
module switches only (10%),400,7,"radial, 4-24",null: hub-rich module,0,20,
module switches only (10%),400,7,"euclidean, 4-24",switch,9,15,0.9555555555555556
module switches only (10%),400,7,"euclidean, 4-24",null: random,0,20,
module switches only (10%),400,7,"euclidean, 4-24",null: module,0,20,
module switches only (10%),400,7,"euclidean, 4-24",null: hub-rich module,0,20,
module switches only (10%),400,7,"radial + cosine, 4-24",switch,15,15,0.9988888888888889
module switches only (10%),400,7,"radial + cosine, 4-24",null: random,0,20,
module switches only (10%),400,7,"radial + cosine, 4-24",null: module,1,20,
module switches only (10%),400,7,"radial + cosine, 4-24",null: hub-rich module,1,20,
module switches only (10%),400,7,"cosine, d=8 (true rank)",switch,15,15,1.0
module switches only (10%),400,7,"cosine, d=8 (true rank)",null: random,0,20,
module switches only (10%),400,7,"cosine, d=8 (true rank)",null: module,0,20,
module switches only (10%),400,7,"cosine, d=8 (true rank)",null: hub-rich module,0,20,
module switches only (10%),400,7,"radial, d=8 (true rank)",switch,0,15,0.5722222222222222
module switches only (10%),400,7,"radial, d=8 (true rank)",null: random,0,20,
module switches only (10%),400,7,"radial, d=8 (true rank)",null: module,0,20,
module switches only (10%),400,7,"radial, d=8 (true rank)",null: hub-rich module,0,20,
module switches only (10%),400,7,degree difference,switch,3,15,0.8444444444444444
module switches only (10%),400,7,degree difference,null: random,0,20,
module switches only (10%),400,7,degree difference,null: module,0,20,
module switches only (10%),400,7,degree difference,null: hub-rich module,0,20,
module switches only (10%),400,7,"overlap: min(cosine, radial)",switch,1,15,0.7555555555555555
module switches only (10%),400,7,"overlap: min(cosine, radial)",null: random,0,20,
module switches only (10%),400,7,"overlap: min(cosine, radial)",null: module,1,20,
module switches only (10%),400,7,"overlap: min(cosine, radial)",null: hub-rich module,2,20,
module switches only (10%),400,7,"max(euclidean, cosine)",switch,15,15,1.0
module switches only (10%),400,7,"max(euclidean, cosine)",null: random,0,20,
module switches only (10%),400,7,"max(euclidean, cosine)",null: module,0,20,
module switches only (10%),400,7,"max(euclidean, cosine)",null: hub-rich module,0,20,
module switches only (10%),400,7,"min(euclidean, cosine)",switch,4,15,0.9022222222222223
module switches only (10%),400,7,"min(euclidean, cosine)",null: random,0,20,
module switches only (10%),400,7,"min(euclidean, cosine)",null: module,1,20,
module switches only (10%),400,7,"min(euclidean, cosine)",null: hub-rich module,2,20,
hub changes only (10%),150,0,"default (euclidean + cosine, 4-24)",hub,15,15,1.0
hub changes only (10%),150,0,"default (euclidean + cosine, 4-24)",null: random,0,20,
hub changes only (10%),150,0,"default (euclidean + cosine, 4-24)",null: module,0,20,
hub changes only (10%),150,0,"default (euclidean + cosine, 4-24)",null: hub-rich module,0,20,
hub changes only (10%),150,0,"cosine, 4-24",hub,15,15,1.0
hub changes only (10%),150,0,"cosine, 4-24",null: random,0,20,
hub changes only (10%),150,0,"cosine, 4-24",null: module,0,20,
hub changes only (10%),150,0,"cosine, 4-24",null: hub-rich module,0,20,
hub changes only (10%),150,0,"radial, 4-24",hub,13,15,1.0
hub changes only (10%),150,0,"radial, 4-24",null: random,0,20,
hub changes only (10%),150,0,"radial, 4-24",null: module,0,20,
hub changes only (10%),150,0,"radial, 4-24",null: hub-rich module,0,20,
hub changes only (10%),150,0,"euclidean, 4-24",hub,15,15,1.0
hub changes only (10%),150,0,"euclidean, 4-24",null: random,0,20,
hub changes only (10%),150,0,"euclidean, 4-24",null: module,0,20,
hub changes only (10%),150,0,"euclidean, 4-24",null: hub-rich module,0,20,
hub changes only (10%),150,0,"radial + cosine, 4-24",hub,14,15,1.0
hub changes only (10%),150,0,"radial + cosine, 4-24",null: random,0,20,
hub changes only (10%),150,0,"radial + cosine, 4-24",null: module,0,20,
hub changes only (10%),150,0,"radial + cosine, 4-24",null: hub-rich module,0,20,
hub changes only (10%),150,0,"cosine, d=8 (true rank)",hub,15,15,1.0
hub changes only (10%),150,0,"cosine, d=8 (true rank)",null: random,0,20,
hub changes only (10%),150,0,"cosine, d=8 (true rank)",null: module,0,20,
hub changes only (10%),150,0,"cosine, d=8 (true rank)",null: hub-rich module,0,20,
hub changes only (10%),150,0,"radial, d=8 (true rank)",hub,12,15,0.9966666666666667
hub changes only (10%),150,0,"radial, d=8 (true rank)",null: random,0,20,
hub changes only (10%),150,0,"radial, d=8 (true rank)",null: module,0,20,
hub changes only (10%),150,0,"radial, d=8 (true rank)",null: hub-rich module,0,20,
hub changes only (10%),150,0,degree difference,hub,11,15,0.9988888888888889
hub changes only (10%),150,0,degree difference,null: random,0,20,
hub changes only (10%),150,0,degree difference,null: module,0,20,
hub changes only (10%),150,0,degree difference,null: hub-rich module,0,20,
hub changes only (10%),150,0,"overlap: min(cosine, radial)",hub,13,15,1.0
hub changes only (10%),150,0,"overlap: min(cosine, radial)",null: random,0,20,
hub changes only (10%),150,0,"overlap: min(cosine, radial)",null: module,0,20,
hub changes only (10%),150,0,"overlap: min(cosine, radial)",null: hub-rich module,0,20,
hub changes only (10%),150,0,"max(euclidean, cosine)",hub,15,15,1.0
hub changes only (10%),150,0,"max(euclidean, cosine)",null: random,0,20,
hub changes only (10%),150,0,"max(euclidean, cosine)",null: module,0,20,
hub changes only (10%),150,0,"max(euclidean, cosine)",null: hub-rich module,0,20,
hub changes only (10%),150,0,"min(euclidean, cosine)",hub,15,15,1.0
hub changes only (10%),150,0,"min(euclidean, cosine)",null: random,0,20,
hub changes only (10%),150,0,"min(euclidean, cosine)",null: module,0,20,
hub changes only (10%),150,0,"min(euclidean, cosine)",null: hub-rich module,0,20,
hub changes only (10%),150,1,"default (euclidean + cosine, 4-24)",hub,15,15,0.9988888888888889
hub changes only (10%),150,1,"default (euclidean + cosine, 4-24)",null: random,0,20,
hub changes only (10%),150,1,"default (euclidean + cosine, 4-24)",null: module,3,20,
hub changes only (10%),150,1,"default (euclidean + cosine, 4-24)",null: hub-rich module,3,20,
hub changes only (10%),150,1,"cosine, 4-24",hub,12,15,0.9555555555555556
hub changes only (10%),150,1,"cosine, 4-24",null: random,1,20,
hub changes only (10%),150,1,"cosine, 4-24",null: module,3,20,
hub changes only (10%),150,1,"cosine, 4-24",null: hub-rich module,3,20,
hub changes only (10%),150,1,"radial, 4-24",hub,15,15,1.0
hub changes only (10%),150,1,"radial, 4-24",null: random,0,20,
hub changes only (10%),150,1,"radial, 4-24",null: module,0,20,
hub changes only (10%),150,1,"radial, 4-24",null: hub-rich module,0,20,
hub changes only (10%),150,1,"euclidean, 4-24",hub,15,15,1.0
hub changes only (10%),150,1,"euclidean, 4-24",null: random,0,20,
hub changes only (10%),150,1,"euclidean, 4-24",null: module,0,20,
hub changes only (10%),150,1,"euclidean, 4-24",null: hub-rich module,0,20,
hub changes only (10%),150,1,"radial + cosine, 4-24",hub,15,15,1.0
hub changes only (10%),150,1,"radial + cosine, 4-24",null: random,1,20,
hub changes only (10%),150,1,"radial + cosine, 4-24",null: module,3,20,
hub changes only (10%),150,1,"radial + cosine, 4-24",null: hub-rich module,3,20,
hub changes only (10%),150,1,"cosine, d=8 (true rank)",hub,14,15,1.0
hub changes only (10%),150,1,"cosine, d=8 (true rank)",null: random,0,20,
hub changes only (10%),150,1,"cosine, d=8 (true rank)",null: module,0,20,
hub changes only (10%),150,1,"cosine, d=8 (true rank)",null: hub-rich module,0,20,
hub changes only (10%),150,1,"radial, d=8 (true rank)",hub,9,15,0.9955555555555555
hub changes only (10%),150,1,"radial, d=8 (true rank)",null: random,0,20,
hub changes only (10%),150,1,"radial, d=8 (true rank)",null: module,0,20,
hub changes only (10%),150,1,"radial, d=8 (true rank)",null: hub-rich module,0,20,
hub changes only (10%),150,1,degree difference,hub,4,15,1.0
hub changes only (10%),150,1,degree difference,null: random,0,20,
hub changes only (10%),150,1,degree difference,null: module,0,20,
hub changes only (10%),150,1,degree difference,null: hub-rich module,0,20,
hub changes only (10%),150,1,"overlap: min(cosine, radial)",hub,14,15,0.9733333333333334
hub changes only (10%),150,1,"overlap: min(cosine, radial)",null: random,1,20,
hub changes only (10%),150,1,"overlap: min(cosine, radial)",null: module,3,20,
hub changes only (10%),150,1,"overlap: min(cosine, radial)",null: hub-rich module,3,20,
hub changes only (10%),150,1,"max(euclidean, cosine)",hub,15,15,1.0
hub changes only (10%),150,1,"max(euclidean, cosine)",null: random,0,20,
hub changes only (10%),150,1,"max(euclidean, cosine)",null: module,0,20,
hub changes only (10%),150,1,"max(euclidean, cosine)",null: hub-rich module,0,20,
hub changes only (10%),150,1,"min(euclidean, cosine)",hub,13,15,0.9744444444444444
hub changes only (10%),150,1,"min(euclidean, cosine)",null: random,1,20,
hub changes only (10%),150,1,"min(euclidean, cosine)",null: module,3,20,
hub changes only (10%),150,1,"min(euclidean, cosine)",null: hub-rich module,3,20,
hub changes only (10%),150,2,"default (euclidean + cosine, 4-24)",hub,13,15,0.9966666666666667
hub changes only (10%),150,2,"default (euclidean + cosine, 4-24)",null: random,0,20,
hub changes only (10%),150,2,"default (euclidean + cosine, 4-24)",null: module,0,20,
hub changes only (10%),150,2,"default (euclidean + cosine, 4-24)",null: hub-rich module,0,20,
hub changes only (10%),150,2,"cosine, 4-24",hub,13,15,0.9422222222222222
hub changes only (10%),150,2,"cosine, 4-24",null: random,0,20,
hub changes only (10%),150,2,"cosine, 4-24",null: module,0,20,
hub changes only (10%),150,2,"cosine, 4-24",null: hub-rich module,0,20,
hub changes only (10%),150,2,"radial, 4-24",hub,13,15,1.0
hub changes only (10%),150,2,"radial, 4-24",null: random,0,20,
hub changes only (10%),150,2,"radial, 4-24",null: module,0,20,
hub changes only (10%),150,2,"radial, 4-24",null: hub-rich module,0,20,
hub changes only (10%),150,2,"euclidean, 4-24",hub,15,15,1.0
hub changes only (10%),150,2,"euclidean, 4-24",null: random,0,20,
hub changes only (10%),150,2,"euclidean, 4-24",null: module,0,20,
hub changes only (10%),150,2,"euclidean, 4-24",null: hub-rich module,0,20,
hub changes only (10%),150,2,"radial + cosine, 4-24",hub,14,15,0.9955555555555555
hub changes only (10%),150,2,"radial + cosine, 4-24",null: random,0,20,
hub changes only (10%),150,2,"radial + cosine, 4-24",null: module,0,20,
hub changes only (10%),150,2,"radial + cosine, 4-24",null: hub-rich module,0,20,
hub changes only (10%),150,2,"cosine, d=8 (true rank)",hub,14,15,1.0
hub changes only (10%),150,2,"cosine, d=8 (true rank)",null: random,0,20,
hub changes only (10%),150,2,"cosine, d=8 (true rank)",null: module,0,20,
hub changes only (10%),150,2,"cosine, d=8 (true rank)",null: hub-rich module,0,20,
hub changes only (10%),150,2,"radial, d=8 (true rank)",hub,13,15,1.0
hub changes only (10%),150,2,"radial, d=8 (true rank)",null: random,0,20,
hub changes only (10%),150,2,"radial, d=8 (true rank)",null: module,0,20,
hub changes only (10%),150,2,"radial, d=8 (true rank)",null: hub-rich module,0,20,
hub changes only (10%),150,2,degree difference,hub,10,15,1.0
hub changes only (10%),150,2,degree difference,null: random,0,20,
hub changes only (10%),150,2,degree difference,null: module,0,20,
hub changes only (10%),150,2,degree difference,null: hub-rich module,0,20,
hub changes only (10%),150,2,"overlap: min(cosine, radial)",hub,12,15,0.9944444444444445
hub changes only (10%),150,2,"overlap: min(cosine, radial)",null: random,0,20,
hub changes only (10%),150,2,"overlap: min(cosine, radial)",null: module,0,20,
hub changes only (10%),150,2,"overlap: min(cosine, radial)",null: hub-rich module,0,20,
hub changes only (10%),150,2,"max(euclidean, cosine)",hub,14,15,1.0
hub changes only (10%),150,2,"max(euclidean, cosine)",null: random,0,20,
hub changes only (10%),150,2,"max(euclidean, cosine)",null: module,0,20,
hub changes only (10%),150,2,"max(euclidean, cosine)",null: hub-rich module,0,20,
hub changes only (10%),150,2,"min(euclidean, cosine)",hub,13,15,0.98
hub changes only (10%),150,2,"min(euclidean, cosine)",null: random,0,20,
hub changes only (10%),150,2,"min(euclidean, cosine)",null: module,0,20,
hub changes only (10%),150,2,"min(euclidean, cosine)",null: hub-rich module,0,20,
hub changes only (10%),150,3,"default (euclidean + cosine, 4-24)",hub,11,15,0.99
hub changes only (10%),150,3,"default (euclidean + cosine, 4-24)",null: random,0,20,
hub changes only (10%),150,3,"default (euclidean + cosine, 4-24)",null: module,0,20,
hub changes only (10%),150,3,"default (euclidean + cosine, 4-24)",null: hub-rich module,0,20,
hub changes only (10%),150,3,"cosine, 4-24",hub,10,15,0.8622222222222222
hub changes only (10%),150,3,"cosine, 4-24",null: random,0,20,
hub changes only (10%),150,3,"cosine, 4-24",null: module,0,20,
hub changes only (10%),150,3,"cosine, 4-24",null: hub-rich module,1,20,
hub changes only (10%),150,3,"radial, 4-24",hub,11,15,0.9888888888888889
hub changes only (10%),150,3,"radial, 4-24",null: random,0,20,
hub changes only (10%),150,3,"radial, 4-24",null: module,0,20,
hub changes only (10%),150,3,"radial, 4-24",null: hub-rich module,0,20,
hub changes only (10%),150,3,"euclidean, 4-24",hub,15,15,1.0
hub changes only (10%),150,3,"euclidean, 4-24",null: random,0,20,
hub changes only (10%),150,3,"euclidean, 4-24",null: module,0,20,
hub changes only (10%),150,3,"euclidean, 4-24",null: hub-rich module,0,20,
hub changes only (10%),150,3,"radial + cosine, 4-24",hub,11,15,0.9911111111111112
hub changes only (10%),150,3,"radial + cosine, 4-24",null: random,0,20,
hub changes only (10%),150,3,"radial + cosine, 4-24",null: module,0,20,
hub changes only (10%),150,3,"radial + cosine, 4-24",null: hub-rich module,0,20,
hub changes only (10%),150,3,"cosine, d=8 (true rank)",hub,6,15,0.9711111111111111
hub changes only (10%),150,3,"cosine, d=8 (true rank)",null: random,0,20,
hub changes only (10%),150,3,"cosine, d=8 (true rank)",null: module,1,20,
hub changes only (10%),150,3,"cosine, d=8 (true rank)",null: hub-rich module,0,20,
hub changes only (10%),150,3,"radial, d=8 (true rank)",hub,9,15,0.9811111111111112
hub changes only (10%),150,3,"radial, d=8 (true rank)",null: random,0,20,
hub changes only (10%),150,3,"radial, d=8 (true rank)",null: module,0,20,
hub changes only (10%),150,3,"radial, d=8 (true rank)",null: hub-rich module,0,20,
hub changes only (10%),150,3,degree difference,hub,8,15,0.9911111111111112
hub changes only (10%),150,3,degree difference,null: random,0,20,
hub changes only (10%),150,3,degree difference,null: module,0,20,
hub changes only (10%),150,3,degree difference,null: hub-rich module,0,20,
hub changes only (10%),150,3,"overlap: min(cosine, radial)",hub,7,15,0.9244444444444444
hub changes only (10%),150,3,"overlap: min(cosine, radial)",null: random,0,20,
hub changes only (10%),150,3,"overlap: min(cosine, radial)",null: module,0,20,
hub changes only (10%),150,3,"overlap: min(cosine, radial)",null: hub-rich module,1,20,
hub changes only (10%),150,3,"max(euclidean, cosine)",hub,13,15,1.0
hub changes only (10%),150,3,"max(euclidean, cosine)",null: random,0,20,
hub changes only (10%),150,3,"max(euclidean, cosine)",null: module,0,20,
hub changes only (10%),150,3,"max(euclidean, cosine)",null: hub-rich module,0,20,
hub changes only (10%),150,3,"min(euclidean, cosine)",hub,11,15,0.9455555555555556
hub changes only (10%),150,3,"min(euclidean, cosine)",null: random,0,20,
hub changes only (10%),150,3,"min(euclidean, cosine)",null: module,0,20,
hub changes only (10%),150,3,"min(euclidean, cosine)",null: hub-rich module,1,20,
hub changes only (10%),150,4,"default (euclidean + cosine, 4-24)",hub,14,15,0.9811111111111112
hub changes only (10%),150,4,"default (euclidean + cosine, 4-24)",null: random,0,20,
hub changes only (10%),150,4,"default (euclidean + cosine, 4-24)",null: module,0,20,
hub changes only (10%),150,4,"default (euclidean + cosine, 4-24)",null: hub-rich module,3,20,
hub changes only (10%),150,4,"cosine, 4-24",hub,13,15,0.9044444444444445
hub changes only (10%),150,4,"cosine, 4-24",null: random,0,20,
hub changes only (10%),150,4,"cosine, 4-24",null: module,7,20,
hub changes only (10%),150,4,"cosine, 4-24",null: hub-rich module,4,20,
hub changes only (10%),150,4,"radial, 4-24",hub,14,15,1.0
hub changes only (10%),150,4,"radial, 4-24",null: random,0,20,
hub changes only (10%),150,4,"radial, 4-24",null: module,0,20,
hub changes only (10%),150,4,"radial, 4-24",null: hub-rich module,0,20,
hub changes only (10%),150,4,"euclidean, 4-24",hub,15,15,1.0
hub changes only (10%),150,4,"euclidean, 4-24",null: random,0,20,
hub changes only (10%),150,4,"euclidean, 4-24",null: module,0,20,
hub changes only (10%),150,4,"euclidean, 4-24",null: hub-rich module,0,20,
hub changes only (10%),150,4,"radial + cosine, 4-24",hub,14,15,0.9866666666666667
hub changes only (10%),150,4,"radial + cosine, 4-24",null: random,0,20,
hub changes only (10%),150,4,"radial + cosine, 4-24",null: module,0,20,
hub changes only (10%),150,4,"radial + cosine, 4-24",null: hub-rich module,2,20,
hub changes only (10%),150,4,"cosine, d=8 (true rank)",hub,14,15,0.9944444444444445
hub changes only (10%),150,4,"cosine, d=8 (true rank)",null: random,0,20,
hub changes only (10%),150,4,"cosine, d=8 (true rank)",null: module,2,20,
hub changes only (10%),150,4,"cosine, d=8 (true rank)",null: hub-rich module,3,20,
hub changes only (10%),150,4,"radial, d=8 (true rank)",hub,14,15,1.0
hub changes only (10%),150,4,"radial, d=8 (true rank)",null: random,0,20,
hub changes only (10%),150,4,"radial, d=8 (true rank)",null: module,0,20,
hub changes only (10%),150,4,"radial, d=8 (true rank)",null: hub-rich module,0,20,
hub changes only (10%),150,4,degree difference,hub,12,15,1.0
hub changes only (10%),150,4,degree difference,null: random,0,20,
hub changes only (10%),150,4,degree difference,null: module,0,20,
hub changes only (10%),150,4,degree difference,null: hub-rich module,0,20,
hub changes only (10%),150,4,"overlap: min(cosine, radial)",hub,14,15,0.9444444444444444
hub changes only (10%),150,4,"overlap: min(cosine, radial)",null: random,0,20,
hub changes only (10%),150,4,"overlap: min(cosine, radial)",null: module,2,20,
hub changes only (10%),150,4,"overlap: min(cosine, radial)",null: hub-rich module,1,20,
hub changes only (10%),150,4,"max(euclidean, cosine)",hub,15,15,1.0
hub changes only (10%),150,4,"max(euclidean, cosine)",null: random,0,20,
hub changes only (10%),150,4,"max(euclidean, cosine)",null: module,0,20,
hub changes only (10%),150,4,"max(euclidean, cosine)",null: hub-rich module,0,20,
hub changes only (10%),150,4,"min(euclidean, cosine)",hub,14,15,0.9366666666666666
hub changes only (10%),150,4,"min(euclidean, cosine)",null: random,0,20,
hub changes only (10%),150,4,"min(euclidean, cosine)",null: module,7,20,
hub changes only (10%),150,4,"min(euclidean, cosine)",null: hub-rich module,4,20,
hub changes only (10%),150,5,"default (euclidean + cosine, 4-24)",hub,14,15,0.9955555555555555
hub changes only (10%),150,5,"default (euclidean + cosine, 4-24)",null: random,0,20,
hub changes only (10%),150,5,"default (euclidean + cosine, 4-24)",null: module,0,20,
hub changes only (10%),150,5,"default (euclidean + cosine, 4-24)",null: hub-rich module,2,20,
hub changes only (10%),150,5,"cosine, 4-24",hub,11,15,0.9177777777777778
hub changes only (10%),150,5,"cosine, 4-24",null: random,0,20,
hub changes only (10%),150,5,"cosine, 4-24",null: module,2,20,
hub changes only (10%),150,5,"cosine, 4-24",null: hub-rich module,2,20,
hub changes only (10%),150,5,"radial, 4-24",hub,15,15,1.0
hub changes only (10%),150,5,"radial, 4-24",null: random,0,20,
hub changes only (10%),150,5,"radial, 4-24",null: module,0,20,
hub changes only (10%),150,5,"radial, 4-24",null: hub-rich module,0,20,
hub changes only (10%),150,5,"euclidean, 4-24",hub,15,15,1.0
hub changes only (10%),150,5,"euclidean, 4-24",null: random,0,20,
hub changes only (10%),150,5,"euclidean, 4-24",null: module,0,20,
hub changes only (10%),150,5,"euclidean, 4-24",null: hub-rich module,0,20,
hub changes only (10%),150,5,"radial + cosine, 4-24",hub,15,15,1.0
hub changes only (10%),150,5,"radial + cosine, 4-24",null: random,0,20,
hub changes only (10%),150,5,"radial + cosine, 4-24",null: module,0,20,
hub changes only (10%),150,5,"radial + cosine, 4-24",null: hub-rich module,1,20,
hub changes only (10%),150,5,"cosine, d=8 (true rank)",hub,12,15,0.9833333333333333
hub changes only (10%),150,5,"cosine, d=8 (true rank)",null: random,0,20,
hub changes only (10%),150,5,"cosine, d=8 (true rank)",null: module,0,20,
hub changes only (10%),150,5,"cosine, d=8 (true rank)",null: hub-rich module,2,20,
hub changes only (10%),150,5,"radial, d=8 (true rank)",hub,14,15,1.0
hub changes only (10%),150,5,"radial, d=8 (true rank)",null: random,0,20,
hub changes only (10%),150,5,"radial, d=8 (true rank)",null: module,0,20,
hub changes only (10%),150,5,"radial, d=8 (true rank)",null: hub-rich module,0,20,
hub changes only (10%),150,5,degree difference,hub,11,15,1.0
hub changes only (10%),150,5,degree difference,null: random,0,20,
hub changes only (10%),150,5,degree difference,null: module,0,20,
hub changes only (10%),150,5,degree difference,null: hub-rich module,0,20,
hub changes only (10%),150,5,"overlap: min(cosine, radial)",hub,14,15,1.0
hub changes only (10%),150,5,"overlap: min(cosine, radial)",null: random,0,20,
hub changes only (10%),150,5,"overlap: min(cosine, radial)",null: module,0,20,
hub changes only (10%),150,5,"overlap: min(cosine, radial)",null: hub-rich module,0,20,
hub changes only (10%),150,5,"max(euclidean, cosine)",hub,14,15,0.99
hub changes only (10%),150,5,"max(euclidean, cosine)",null: random,0,20,
hub changes only (10%),150,5,"max(euclidean, cosine)",null: module,1,20,
hub changes only (10%),150,5,"max(euclidean, cosine)",null: hub-rich module,2,20,
hub changes only (10%),150,5,"min(euclidean, cosine)",hub,14,15,0.9966666666666667
hub changes only (10%),150,5,"min(euclidean, cosine)",null: random,0,20,
hub changes only (10%),150,5,"min(euclidean, cosine)",null: module,0,20,
hub changes only (10%),150,5,"min(euclidean, cosine)",null: hub-rich module,1,20,
hub changes only (10%),150,6,"default (euclidean + cosine, 4-24)",hub,15,15,1.0
hub changes only (10%),150,6,"default (euclidean + cosine, 4-24)",null: random,0,20,
hub changes only (10%),150,6,"default (euclidean + cosine, 4-24)",null: module,0,20,
hub changes only (10%),150,6,"default (euclidean + cosine, 4-24)",null: hub-rich module,0,20,
hub changes only (10%),150,6,"cosine, 4-24",hub,15,15,1.0
hub changes only (10%),150,6,"cosine, 4-24",null: random,0,20,
hub changes only (10%),150,6,"cosine, 4-24",null: module,0,20,
hub changes only (10%),150,6,"cosine, 4-24",null: hub-rich module,0,20,
hub changes only (10%),150,6,"radial, 4-24",hub,12,15,1.0
hub changes only (10%),150,6,"radial, 4-24",null: random,0,20,
hub changes only (10%),150,6,"radial, 4-24",null: module,0,20,
hub changes only (10%),150,6,"radial, 4-24",null: hub-rich module,0,20,
hub changes only (10%),150,6,"euclidean, 4-24",hub,15,15,1.0
hub changes only (10%),150,6,"euclidean, 4-24",null: random,0,20,
hub changes only (10%),150,6,"euclidean, 4-24",null: module,0,20,
hub changes only (10%),150,6,"euclidean, 4-24",null: hub-rich module,0,20,
hub changes only (10%),150,6,"radial + cosine, 4-24",hub,15,15,1.0
hub changes only (10%),150,6,"radial + cosine, 4-24",null: random,0,20,
hub changes only (10%),150,6,"radial + cosine, 4-24",null: module,0,20,
hub changes only (10%),150,6,"radial + cosine, 4-24",null: hub-rich module,0,20,
hub changes only (10%),150,6,"cosine, d=8 (true rank)",hub,14,15,0.9944444444444445
hub changes only (10%),150,6,"cosine, d=8 (true rank)",null: random,0,20,
hub changes only (10%),150,6,"cosine, d=8 (true rank)",null: module,0,20,
hub changes only (10%),150,6,"cosine, d=8 (true rank)",null: hub-rich module,0,20,
hub changes only (10%),150,6,"radial, d=8 (true rank)",hub,13,15,1.0
hub changes only (10%),150,6,"radial, d=8 (true rank)",null: random,0,20,
hub changes only (10%),150,6,"radial, d=8 (true rank)",null: module,0,20,
hub changes only (10%),150,6,"radial, d=8 (true rank)",null: hub-rich module,0,20,
hub changes only (10%),150,6,degree difference,hub,14,15,1.0
hub changes only (10%),150,6,degree difference,null: random,0,20,
hub changes only (10%),150,6,degree difference,null: module,0,20,
hub changes only (10%),150,6,degree difference,null: hub-rich module,0,20,
hub changes only (10%),150,6,"overlap: min(cosine, radial)",hub,15,15,1.0
hub changes only (10%),150,6,"overlap: min(cosine, radial)",null: random,0,20,
hub changes only (10%),150,6,"overlap: min(cosine, radial)",null: module,0,20,
hub changes only (10%),150,6,"overlap: min(cosine, radial)",null: hub-rich module,0,20,
hub changes only (10%),150,6,"max(euclidean, cosine)",hub,15,15,1.0
hub changes only (10%),150,6,"max(euclidean, cosine)",null: random,0,20,
hub changes only (10%),150,6,"max(euclidean, cosine)",null: module,0,20,
hub changes only (10%),150,6,"max(euclidean, cosine)",null: hub-rich module,0,20,
hub changes only (10%),150,6,"min(euclidean, cosine)",hub,15,15,1.0
hub changes only (10%),150,6,"min(euclidean, cosine)",null: random,0,20,
hub changes only (10%),150,6,"min(euclidean, cosine)",null: module,0,20,
hub changes only (10%),150,6,"min(euclidean, cosine)",null: hub-rich module,0,20,
hub changes only (10%),150,7,"default (euclidean + cosine, 4-24)",hub,13,15,1.0
hub changes only (10%),150,7,"default (euclidean + cosine, 4-24)",null: random,0,20,
hub changes only (10%),150,7,"default (euclidean + cosine, 4-24)",null: module,0,20,
hub changes only (10%),150,7,"default (euclidean + cosine, 4-24)",null: hub-rich module,0,20,
hub changes only (10%),150,7,"cosine, 4-24",hub,8,15,0.9377777777777778
hub changes only (10%),150,7,"cosine, 4-24",null: random,0,20,
hub changes only (10%),150,7,"cosine, 4-24",null: module,0,20,
hub changes only (10%),150,7,"cosine, 4-24",null: hub-rich module,0,20,
hub changes only (10%),150,7,"radial, 4-24",hub,15,15,1.0
hub changes only (10%),150,7,"radial, 4-24",null: random,0,20,
hub changes only (10%),150,7,"radial, 4-24",null: module,0,20,
hub changes only (10%),150,7,"radial, 4-24",null: hub-rich module,0,20,
hub changes only (10%),150,7,"euclidean, 4-24",hub,15,15,1.0
hub changes only (10%),150,7,"euclidean, 4-24",null: random,0,20,
hub changes only (10%),150,7,"euclidean, 4-24",null: module,0,20,
hub changes only (10%),150,7,"euclidean, 4-24",null: hub-rich module,0,20,
hub changes only (10%),150,7,"radial + cosine, 4-24",hub,12,15,0.9977777777777778
hub changes only (10%),150,7,"radial + cosine, 4-24",null: random,0,20,
hub changes only (10%),150,7,"radial + cosine, 4-24",null: module,0,20,
hub changes only (10%),150,7,"radial + cosine, 4-24",null: hub-rich module,0,20,
hub changes only (10%),150,7,"cosine, d=8 (true rank)",hub,15,15,1.0
hub changes only (10%),150,7,"cosine, d=8 (true rank)",null: random,0,20,
hub changes only (10%),150,7,"cosine, d=8 (true rank)",null: module,0,20,
hub changes only (10%),150,7,"cosine, d=8 (true rank)",null: hub-rich module,0,20,
hub changes only (10%),150,7,"radial, d=8 (true rank)",hub,0,15,1.0
hub changes only (10%),150,7,"radial, d=8 (true rank)",null: random,0,20,
hub changes only (10%),150,7,"radial, d=8 (true rank)",null: module,0,20,
hub changes only (10%),150,7,"radial, d=8 (true rank)",null: hub-rich module,0,20,
hub changes only (10%),150,7,degree difference,hub,12,15,1.0
hub changes only (10%),150,7,degree difference,null: random,0,20,
hub changes only (10%),150,7,degree difference,null: module,0,20,
hub changes only (10%),150,7,degree difference,null: hub-rich module,0,20,
hub changes only (10%),150,7,"overlap: min(cosine, radial)",hub,7,15,0.9866666666666667
hub changes only (10%),150,7,"overlap: min(cosine, radial)",null: random,0,20,
hub changes only (10%),150,7,"overlap: min(cosine, radial)",null: module,0,20,
hub changes only (10%),150,7,"overlap: min(cosine, radial)",null: hub-rich module,0,20,
hub changes only (10%),150,7,"max(euclidean, cosine)",hub,15,15,1.0
hub changes only (10%),150,7,"max(euclidean, cosine)",null: random,0,20,
hub changes only (10%),150,7,"max(euclidean, cosine)",null: module,0,20,
hub changes only (10%),150,7,"max(euclidean, cosine)",null: hub-rich module,0,20,
hub changes only (10%),150,7,"min(euclidean, cosine)",hub,10,15,0.9777777777777777
hub changes only (10%),150,7,"min(euclidean, cosine)",null: random,0,20,
hub changes only (10%),150,7,"min(euclidean, cosine)",null: module,0,20,
hub changes only (10%),150,7,"min(euclidean, cosine)",null: hub-rich module,0,20,
hub changes only (10%),400,0,"default (euclidean + cosine, 4-24)",hub,10,15,0.9811111111111112
hub changes only (10%),400,0,"default (euclidean + cosine, 4-24)",null: random,0,20,
hub changes only (10%),400,0,"default (euclidean + cosine, 4-24)",null: module,0,20,
hub changes only (10%),400,0,"default (euclidean + cosine, 4-24)",null: hub-rich module,0,20,
hub changes only (10%),400,0,"cosine, 4-24",hub,10,15,0.8466666666666667
hub changes only (10%),400,0,"cosine, 4-24",null: random,0,20,
hub changes only (10%),400,0,"cosine, 4-24",null: module,1,20,
hub changes only (10%),400,0,"cosine, 4-24",null: hub-rich module,0,20,
hub changes only (10%),400,0,"radial, 4-24",hub,14,15,1.0
hub changes only (10%),400,0,"radial, 4-24",null: random,0,20,
hub changes only (10%),400,0,"radial, 4-24",null: module,0,20,
hub changes only (10%),400,0,"radial, 4-24",null: hub-rich module,0,20,
hub changes only (10%),400,0,"euclidean, 4-24",hub,13,15,1.0
hub changes only (10%),400,0,"euclidean, 4-24",null: random,0,20,
hub changes only (10%),400,0,"euclidean, 4-24",null: module,0,20,
hub changes only (10%),400,0,"euclidean, 4-24",null: hub-rich module,0,20,
hub changes only (10%),400,0,"radial + cosine, 4-24",hub,10,15,0.9911111111111112
hub changes only (10%),400,0,"radial + cosine, 4-24",null: random,0,20,
hub changes only (10%),400,0,"radial + cosine, 4-24",null: module,0,20,
hub changes only (10%),400,0,"radial + cosine, 4-24",null: hub-rich module,0,20,
hub changes only (10%),400,0,"cosine, d=8 (true rank)",hub,15,15,1.0
hub changes only (10%),400,0,"cosine, d=8 (true rank)",null: random,0,20,
hub changes only (10%),400,0,"cosine, d=8 (true rank)",null: module,0,20,
hub changes only (10%),400,0,"cosine, d=8 (true rank)",null: hub-rich module,0,20,
hub changes only (10%),400,0,"radial, d=8 (true rank)",hub,14,15,0.9977777777777778
hub changes only (10%),400,0,"radial, d=8 (true rank)",null: random,0,20,
hub changes only (10%),400,0,"radial, d=8 (true rank)",null: module,0,20,
hub changes only (10%),400,0,"radial, d=8 (true rank)",null: hub-rich module,0,20,
hub changes only (10%),400,0,degree difference,hub,11,15,1.0
hub changes only (10%),400,0,degree difference,null: random,0,20,
hub changes only (10%),400,0,degree difference,null: module,0,20,
hub changes only (10%),400,0,degree difference,null: hub-rich module,0,20,
hub changes only (10%),400,0,"overlap: min(cosine, radial)",hub,10,15,0.9622222222222222
hub changes only (10%),400,0,"overlap: min(cosine, radial)",null: random,0,20,
hub changes only (10%),400,0,"overlap: min(cosine, radial)",null: module,0,20,
hub changes only (10%),400,0,"overlap: min(cosine, radial)",null: hub-rich module,0,20,
hub changes only (10%),400,0,"max(euclidean, cosine)",hub,10,15,0.9833333333333333
hub changes only (10%),400,0,"max(euclidean, cosine)",null: random,0,20,
hub changes only (10%),400,0,"max(euclidean, cosine)",null: module,0,20,
hub changes only (10%),400,0,"max(euclidean, cosine)",null: hub-rich module,0,20,
hub changes only (10%),400,0,"min(euclidean, cosine)",hub,11,15,0.9322222222222222
hub changes only (10%),400,0,"min(euclidean, cosine)",null: random,0,20,
hub changes only (10%),400,0,"min(euclidean, cosine)",null: module,0,20,
hub changes only (10%),400,0,"min(euclidean, cosine)",null: hub-rich module,0,20,
hub changes only (10%),400,1,"default (euclidean + cosine, 4-24)",hub,12,15,0.9744444444444444
hub changes only (10%),400,1,"default (euclidean + cosine, 4-24)",null: random,0,20,
hub changes only (10%),400,1,"default (euclidean + cosine, 4-24)",null: module,1,20,
hub changes only (10%),400,1,"default (euclidean + cosine, 4-24)",null: hub-rich module,2,20,
hub changes only (10%),400,1,"cosine, 4-24",hub,11,15,0.8811111111111111
hub changes only (10%),400,1,"cosine, 4-24",null: random,2,20,
hub changes only (10%),400,1,"cosine, 4-24",null: module,2,20,
hub changes only (10%),400,1,"cosine, 4-24",null: hub-rich module,4,20,
hub changes only (10%),400,1,"radial, 4-24",hub,15,15,1.0
hub changes only (10%),400,1,"radial, 4-24",null: random,0,20,
hub changes only (10%),400,1,"radial, 4-24",null: module,0,20,
hub changes only (10%),400,1,"radial, 4-24",null: hub-rich module,0,20,
hub changes only (10%),400,1,"euclidean, 4-24",hub,15,15,1.0
hub changes only (10%),400,1,"euclidean, 4-24",null: random,0,20,
hub changes only (10%),400,1,"euclidean, 4-24",null: module,0,20,
hub changes only (10%),400,1,"euclidean, 4-24",null: hub-rich module,0,20,
hub changes only (10%),400,1,"radial + cosine, 4-24",hub,14,15,0.9966666666666667
hub changes only (10%),400,1,"radial + cosine, 4-24",null: random,0,20,
hub changes only (10%),400,1,"radial + cosine, 4-24",null: module,0,20,
hub changes only (10%),400,1,"radial + cosine, 4-24",null: hub-rich module,2,20,
hub changes only (10%),400,1,"cosine, d=8 (true rank)",hub,15,15,1.0
hub changes only (10%),400,1,"cosine, d=8 (true rank)",null: random,0,20,
hub changes only (10%),400,1,"cosine, d=8 (true rank)",null: module,0,20,
hub changes only (10%),400,1,"cosine, d=8 (true rank)",null: hub-rich module,0,20,
hub changes only (10%),400,1,"radial, d=8 (true rank)",hub,15,15,1.0
hub changes only (10%),400,1,"radial, d=8 (true rank)",null: random,0,20,
hub changes only (10%),400,1,"radial, d=8 (true rank)",null: module,0,20,
hub changes only (10%),400,1,"radial, d=8 (true rank)",null: hub-rich module,0,20,
hub changes only (10%),400,1,degree difference,hub,14,15,1.0
hub changes only (10%),400,1,degree difference,null: random,0,20,
hub changes only (10%),400,1,degree difference,null: module,0,20,
hub changes only (10%),400,1,degree difference,null: hub-rich module,0,20,
hub changes only (10%),400,1,"overlap: min(cosine, radial)",hub,14,15,0.9788888888888889
hub changes only (10%),400,1,"overlap: min(cosine, radial)",null: random,0,20,
hub changes only (10%),400,1,"overlap: min(cosine, radial)",null: module,1,20,
hub changes only (10%),400,1,"overlap: min(cosine, radial)",null: hub-rich module,2,20,
hub changes only (10%),400,1,"max(euclidean, cosine)",hub,12,15,0.9855555555555555
hub changes only (10%),400,1,"max(euclidean, cosine)",null: random,0,20,
hub changes only (10%),400,1,"max(euclidean, cosine)",null: module,0,20,
hub changes only (10%),400,1,"max(euclidean, cosine)",null: hub-rich module,0,20,
hub changes only (10%),400,1,"min(euclidean, cosine)",hub,12,15,0.95
hub changes only (10%),400,1,"min(euclidean, cosine)",null: random,0,20,
hub changes only (10%),400,1,"min(euclidean, cosine)",null: module,1,20,
hub changes only (10%),400,1,"min(euclidean, cosine)",null: hub-rich module,2,20,
hub changes only (10%),400,2,"default (euclidean + cosine, 4-24)",hub,14,15,0.9888888888888889
hub changes only (10%),400,2,"default (euclidean + cosine, 4-24)",null: random,0,20,
hub changes only (10%),400,2,"default (euclidean + cosine, 4-24)",null: module,0,20,
hub changes only (10%),400,2,"default (euclidean + cosine, 4-24)",null: hub-rich module,0,20,
hub changes only (10%),400,2,"cosine, 4-24",hub,12,15,0.9233333333333333
hub changes only (10%),400,2,"cosine, 4-24",null: random,0,20,
hub changes only (10%),400,2,"cosine, 4-24",null: module,5,20,
hub changes only (10%),400,2,"cosine, 4-24",null: hub-rich module,5,20,
hub changes only (10%),400,2,"radial, 4-24",hub,15,15,1.0
hub changes only (10%),400,2,"radial, 4-24",null: random,0,20,
hub changes only (10%),400,2,"radial, 4-24",null: module,0,20,
hub changes only (10%),400,2,"radial, 4-24",null: hub-rich module,0,20,
hub changes only (10%),400,2,"euclidean, 4-24",hub,15,15,1.0
hub changes only (10%),400,2,"euclidean, 4-24",null: random,0,20,
hub changes only (10%),400,2,"euclidean, 4-24",null: module,0,20,
hub changes only (10%),400,2,"euclidean, 4-24",null: hub-rich module,0,20,
hub changes only (10%),400,2,"radial + cosine, 4-24",hub,14,15,1.0
hub changes only (10%),400,2,"radial + cosine, 4-24",null: random,0,20,
hub changes only (10%),400,2,"radial + cosine, 4-24",null: module,0,20,
hub changes only (10%),400,2,"radial + cosine, 4-24",null: hub-rich module,0,20,
hub changes only (10%),400,2,"cosine, d=8 (true rank)",hub,15,15,1.0
hub changes only (10%),400,2,"cosine, d=8 (true rank)",null: random,0,20,
hub changes only (10%),400,2,"cosine, d=8 (true rank)",null: module,0,20,
hub changes only (10%),400,2,"cosine, d=8 (true rank)",null: hub-rich module,0,20,
hub changes only (10%),400,2,"radial, d=8 (true rank)",hub,13,15,1.0
hub changes only (10%),400,2,"radial, d=8 (true rank)",null: random,0,20,
hub changes only (10%),400,2,"radial, d=8 (true rank)",null: module,0,20,
hub changes only (10%),400,2,"radial, d=8 (true rank)",null: hub-rich module,0,20,
hub changes only (10%),400,2,degree difference,hub,12,15,1.0
hub changes only (10%),400,2,degree difference,null: random,0,20,
hub changes only (10%),400,2,degree difference,null: module,0,20,
hub changes only (10%),400,2,degree difference,null: hub-rich module,0,20,
hub changes only (10%),400,2,"overlap: min(cosine, radial)",hub,14,15,0.9955555555555555
hub changes only (10%),400,2,"overlap: min(cosine, radial)",null: random,0,20,
hub changes only (10%),400,2,"overlap: min(cosine, radial)",null: module,0,20,
hub changes only (10%),400,2,"overlap: min(cosine, radial)",null: hub-rich module,0,20,
hub changes only (10%),400,2,"max(euclidean, cosine)",hub,14,15,0.9988888888888889
hub changes only (10%),400,2,"max(euclidean, cosine)",null: random,0,20,
hub changes only (10%),400,2,"max(euclidean, cosine)",null: module,0,20,
hub changes only (10%),400,2,"max(euclidean, cosine)",null: hub-rich module,0,20,
hub changes only (10%),400,2,"min(euclidean, cosine)",hub,14,15,0.9822222222222222
hub changes only (10%),400,2,"min(euclidean, cosine)",null: random,0,20,
hub changes only (10%),400,2,"min(euclidean, cosine)",null: module,5,20,
hub changes only (10%),400,2,"min(euclidean, cosine)",null: hub-rich module,5,20,
hub changes only (10%),400,3,"default (euclidean + cosine, 4-24)",hub,14,15,0.9266666666666666
hub changes only (10%),400,3,"default (euclidean + cosine, 4-24)",null: random,0,20,
hub changes only (10%),400,3,"default (euclidean + cosine, 4-24)",null: module,3,20,
hub changes only (10%),400,3,"default (euclidean + cosine, 4-24)",null: hub-rich module,2,20,
hub changes only (10%),400,3,"cosine, 4-24",hub,10,15,0.84
hub changes only (10%),400,3,"cosine, 4-24",null: random,0,20,
hub changes only (10%),400,3,"cosine, 4-24",null: module,4,20,
hub changes only (10%),400,3,"cosine, 4-24",null: hub-rich module,4,20,
hub changes only (10%),400,3,"radial, 4-24",hub,14,15,1.0
hub changes only (10%),400,3,"radial, 4-24",null: random,0,20,
hub changes only (10%),400,3,"radial, 4-24",null: module,0,20,
hub changes only (10%),400,3,"radial, 4-24",null: hub-rich module,0,20,
hub changes only (10%),400,3,"euclidean, 4-24",hub,15,15,1.0
hub changes only (10%),400,3,"euclidean, 4-24",null: random,0,20,
hub changes only (10%),400,3,"euclidean, 4-24",null: module,0,20,
hub changes only (10%),400,3,"euclidean, 4-24",null: hub-rich module,0,20,
hub changes only (10%),400,3,"radial + cosine, 4-24",hub,14,15,0.9877777777777778
hub changes only (10%),400,3,"radial + cosine, 4-24",null: random,0,20,
hub changes only (10%),400,3,"radial + cosine, 4-24",null: module,3,20,
hub changes only (10%),400,3,"radial + cosine, 4-24",null: hub-rich module,2,20,
hub changes only (10%),400,3,"cosine, d=8 (true rank)",hub,15,15,1.0
hub changes only (10%),400,3,"cosine, d=8 (true rank)",null: random,0,20,
hub changes only (10%),400,3,"cosine, d=8 (true rank)",null: module,0,20,
hub changes only (10%),400,3,"cosine, d=8 (true rank)",null: hub-rich module,0,20,
hub changes only (10%),400,3,"radial, d=8 (true rank)",hub,14,15,1.0
hub changes only (10%),400,3,"radial, d=8 (true rank)",null: random,0,20,
hub changes only (10%),400,3,"radial, d=8 (true rank)",null: module,0,20,
hub changes only (10%),400,3,"radial, d=8 (true rank)",null: hub-rich module,0,20,
hub changes only (10%),400,3,degree difference,hub,13,15,0.9988888888888889
hub changes only (10%),400,3,degree difference,null: random,0,20,
hub changes only (10%),400,3,degree difference,null: module,0,20,
hub changes only (10%),400,3,degree difference,null: hub-rich module,0,20,
hub changes only (10%),400,3,"overlap: min(cosine, radial)",hub,12,15,0.9077777777777778
hub changes only (10%),400,3,"overlap: min(cosine, radial)",null: random,0,20,
hub changes only (10%),400,3,"overlap: min(cosine, radial)",null: module,3,20,
hub changes only (10%),400,3,"overlap: min(cosine, radial)",null: hub-rich module,2,20,
hub changes only (10%),400,3,"max(euclidean, cosine)",hub,15,15,0.9877777777777778
hub changes only (10%),400,3,"max(euclidean, cosine)",null: random,0,20,
hub changes only (10%),400,3,"max(euclidean, cosine)",null: module,3,20,
hub changes only (10%),400,3,"max(euclidean, cosine)",null: hub-rich module,2,20,
hub changes only (10%),400,3,"min(euclidean, cosine)",hub,13,15,0.8633333333333333
hub changes only (10%),400,3,"min(euclidean, cosine)",null: random,0,20,
hub changes only (10%),400,3,"min(euclidean, cosine)",null: module,3,20,
hub changes only (10%),400,3,"min(euclidean, cosine)",null: hub-rich module,2,20,
hub changes only (10%),400,4,"default (euclidean + cosine, 4-24)",hub,13,15,1.0
hub changes only (10%),400,4,"default (euclidean + cosine, 4-24)",null: random,0,20,
hub changes only (10%),400,4,"default (euclidean + cosine, 4-24)",null: module,0,20,
hub changes only (10%),400,4,"default (euclidean + cosine, 4-24)",null: hub-rich module,0,20,
hub changes only (10%),400,4,"cosine, 4-24",hub,12,15,0.9244444444444444
hub changes only (10%),400,4,"cosine, 4-24",null: random,0,20,
hub changes only (10%),400,4,"cosine, 4-24",null: module,0,20,
hub changes only (10%),400,4,"cosine, 4-24",null: hub-rich module,0,20,
hub changes only (10%),400,4,"radial, 4-24",hub,15,15,1.0
hub changes only (10%),400,4,"radial, 4-24",null: random,0,20,
hub changes only (10%),400,4,"radial, 4-24",null: module,0,20,
hub changes only (10%),400,4,"radial, 4-24",null: hub-rich module,0,20,
hub changes only (10%),400,4,"euclidean, 4-24",hub,15,15,1.0
hub changes only (10%),400,4,"euclidean, 4-24",null: random,0,20,
hub changes only (10%),400,4,"euclidean, 4-24",null: module,0,20,
hub changes only (10%),400,4,"euclidean, 4-24",null: hub-rich module,0,20,
hub changes only (10%),400,4,"radial + cosine, 4-24",hub,14,15,1.0
hub changes only (10%),400,4,"radial + cosine, 4-24",null: random,0,20,
hub changes only (10%),400,4,"radial + cosine, 4-24",null: module,0,20,
hub changes only (10%),400,4,"radial + cosine, 4-24",null: hub-rich module,0,20,
hub changes only (10%),400,4,"cosine, d=8 (true rank)",hub,15,15,1.0
hub changes only (10%),400,4,"cosine, d=8 (true rank)",null: random,0,20,
hub changes only (10%),400,4,"cosine, d=8 (true rank)",null: module,0,20,
hub changes only (10%),400,4,"cosine, d=8 (true rank)",null: hub-rich module,0,20,
hub changes only (10%),400,4,"radial, d=8 (true rank)",hub,12,15,1.0
hub changes only (10%),400,4,"radial, d=8 (true rank)",null: random,0,20,
hub changes only (10%),400,4,"radial, d=8 (true rank)",null: module,0,20,
hub changes only (10%),400,4,"radial, d=8 (true rank)",null: hub-rich module,0,20,
hub changes only (10%),400,4,degree difference,hub,0,15,1.0
hub changes only (10%),400,4,degree difference,null: random,0,20,
hub changes only (10%),400,4,degree difference,null: module,0,20,
hub changes only (10%),400,4,degree difference,null: hub-rich module,0,20,
hub changes only (10%),400,4,"overlap: min(cosine, radial)",hub,12,15,0.99
hub changes only (10%),400,4,"overlap: min(cosine, radial)",null: random,0,20,
hub changes only (10%),400,4,"overlap: min(cosine, radial)",null: module,0,20,
hub changes only (10%),400,4,"overlap: min(cosine, radial)",null: hub-rich module,0,20,
hub changes only (10%),400,4,"max(euclidean, cosine)",hub,14,15,1.0
hub changes only (10%),400,4,"max(euclidean, cosine)",null: random,0,20,
hub changes only (10%),400,4,"max(euclidean, cosine)",null: module,0,20,
hub changes only (10%),400,4,"max(euclidean, cosine)",null: hub-rich module,0,20,
hub changes only (10%),400,4,"min(euclidean, cosine)",hub,13,15,0.9911111111111112
hub changes only (10%),400,4,"min(euclidean, cosine)",null: random,0,20,
hub changes only (10%),400,4,"min(euclidean, cosine)",null: module,0,20,
hub changes only (10%),400,4,"min(euclidean, cosine)",null: hub-rich module,0,20,
hub changes only (10%),400,5,"default (euclidean + cosine, 4-24)",hub,12,15,1.0
hub changes only (10%),400,5,"default (euclidean + cosine, 4-24)",null: random,0,20,
hub changes only (10%),400,5,"default (euclidean + cosine, 4-24)",null: module,0,20,
hub changes only (10%),400,5,"default (euclidean + cosine, 4-24)",null: hub-rich module,0,20,
hub changes only (10%),400,5,"cosine, 4-24",hub,9,15,0.9222222222222223
hub changes only (10%),400,5,"cosine, 4-24",null: random,0,20,
hub changes only (10%),400,5,"cosine, 4-24",null: module,3,20,
hub changes only (10%),400,5,"cosine, 4-24",null: hub-rich module,2,20,
hub changes only (10%),400,5,"radial, 4-24",hub,15,15,1.0
hub changes only (10%),400,5,"radial, 4-24",null: random,0,20,
hub changes only (10%),400,5,"radial, 4-24",null: module,0,20,
hub changes only (10%),400,5,"radial, 4-24",null: hub-rich module,0,20,
hub changes only (10%),400,5,"euclidean, 4-24",hub,15,15,1.0
hub changes only (10%),400,5,"euclidean, 4-24",null: random,0,20,
hub changes only (10%),400,5,"euclidean, 4-24",null: module,0,20,
hub changes only (10%),400,5,"euclidean, 4-24",null: hub-rich module,0,20,
hub changes only (10%),400,5,"radial + cosine, 4-24",hub,15,15,1.0
hub changes only (10%),400,5,"radial + cosine, 4-24",null: random,0,20,
hub changes only (10%),400,5,"radial + cosine, 4-24",null: module,0,20,
hub changes only (10%),400,5,"radial + cosine, 4-24",null: hub-rich module,0,20,
hub changes only (10%),400,5,"cosine, d=8 (true rank)",hub,15,15,1.0
hub changes only (10%),400,5,"cosine, d=8 (true rank)",null: random,0,20,
hub changes only (10%),400,5,"cosine, d=8 (true rank)",null: module,0,20,
hub changes only (10%),400,5,"cosine, d=8 (true rank)",null: hub-rich module,1,20,
hub changes only (10%),400,5,"radial, d=8 (true rank)",hub,15,15,1.0
hub changes only (10%),400,5,"radial, d=8 (true rank)",null: random,0,20,
hub changes only (10%),400,5,"radial, d=8 (true rank)",null: module,0,20,
hub changes only (10%),400,5,"radial, d=8 (true rank)",null: hub-rich module,0,20,
hub changes only (10%),400,5,degree difference,hub,14,15,1.0
hub changes only (10%),400,5,degree difference,null: random,0,20,
hub changes only (10%),400,5,degree difference,null: module,0,20,
hub changes only (10%),400,5,degree difference,null: hub-rich module,0,20,
hub changes only (10%),400,5,"overlap: min(cosine, radial)",hub,12,15,1.0
hub changes only (10%),400,5,"overlap: min(cosine, radial)",null: random,0,20,
hub changes only (10%),400,5,"overlap: min(cosine, radial)",null: module,0,20,
hub changes only (10%),400,5,"overlap: min(cosine, radial)",null: hub-rich module,0,20,
hub changes only (10%),400,5,"max(euclidean, cosine)",hub,14,15,1.0
hub changes only (10%),400,5,"max(euclidean, cosine)",null: random,0,20,
hub changes only (10%),400,5,"max(euclidean, cosine)",null: module,0,20,
hub changes only (10%),400,5,"max(euclidean, cosine)",null: hub-rich module,0,20,
hub changes only (10%),400,5,"min(euclidean, cosine)",hub,10,15,0.9711111111111111
hub changes only (10%),400,5,"min(euclidean, cosine)",null: random,0,20,
hub changes only (10%),400,5,"min(euclidean, cosine)",null: module,0,20,
hub changes only (10%),400,5,"min(euclidean, cosine)",null: hub-rich module,0,20,
hub changes only (10%),400,6,"default (euclidean + cosine, 4-24)",hub,13,15,0.9911111111111112
hub changes only (10%),400,6,"default (euclidean + cosine, 4-24)",null: random,0,20,
hub changes only (10%),400,6,"default (euclidean + cosine, 4-24)",null: module,0,20,
hub changes only (10%),400,6,"default (euclidean + cosine, 4-24)",null: hub-rich module,0,20,
hub changes only (10%),400,6,"cosine, 4-24",hub,9,15,0.9088888888888889
hub changes only (10%),400,6,"cosine, 4-24",null: random,0,20,
hub changes only (10%),400,6,"cosine, 4-24",null: module,1,20,
hub changes only (10%),400,6,"cosine, 4-24",null: hub-rich module,0,20,
hub changes only (10%),400,6,"radial, 4-24",hub,15,15,1.0
hub changes only (10%),400,6,"radial, 4-24",null: random,0,20,
hub changes only (10%),400,6,"radial, 4-24",null: module,0,20,
hub changes only (10%),400,6,"radial, 4-24",null: hub-rich module,0,20,
hub changes only (10%),400,6,"euclidean, 4-24",hub,15,15,1.0
hub changes only (10%),400,6,"euclidean, 4-24",null: random,0,20,
hub changes only (10%),400,6,"euclidean, 4-24",null: module,0,20,
hub changes only (10%),400,6,"euclidean, 4-24",null: hub-rich module,0,20,
hub changes only (10%),400,6,"radial + cosine, 4-24",hub,13,15,0.9944444444444445
hub changes only (10%),400,6,"radial + cosine, 4-24",null: random,0,20,
hub changes only (10%),400,6,"radial + cosine, 4-24",null: module,0,20,
hub changes only (10%),400,6,"radial + cosine, 4-24",null: hub-rich module,0,20,
hub changes only (10%),400,6,"cosine, d=8 (true rank)",hub,15,15,1.0
hub changes only (10%),400,6,"cosine, d=8 (true rank)",null: random,0,20,
hub changes only (10%),400,6,"cosine, d=8 (true rank)",null: module,0,20,
hub changes only (10%),400,6,"cosine, d=8 (true rank)",null: hub-rich module,0,20,
hub changes only (10%),400,6,"radial, d=8 (true rank)",hub,15,15,1.0
hub changes only (10%),400,6,"radial, d=8 (true rank)",null: random,0,20,
hub changes only (10%),400,6,"radial, d=8 (true rank)",null: module,0,20,
hub changes only (10%),400,6,"radial, d=8 (true rank)",null: hub-rich module,0,20,
hub changes only (10%),400,6,degree difference,hub,13,15,1.0
hub changes only (10%),400,6,degree difference,null: random,0,20,
hub changes only (10%),400,6,degree difference,null: module,0,20,
hub changes only (10%),400,6,degree difference,null: hub-rich module,0,20,
hub changes only (10%),400,6,"overlap: min(cosine, radial)",hub,11,15,0.98
hub changes only (10%),400,6,"overlap: min(cosine, radial)",null: random,0,20,
hub changes only (10%),400,6,"overlap: min(cosine, radial)",null: module,0,20,
hub changes only (10%),400,6,"overlap: min(cosine, radial)",null: hub-rich module,0,20,
hub changes only (10%),400,6,"max(euclidean, cosine)",hub,13,15,0.9944444444444445
hub changes only (10%),400,6,"max(euclidean, cosine)",null: random,0,20,
hub changes only (10%),400,6,"max(euclidean, cosine)",null: module,0,20,
hub changes only (10%),400,6,"max(euclidean, cosine)",null: hub-rich module,0,20,
hub changes only (10%),400,6,"min(euclidean, cosine)",hub,11,15,0.9566666666666667
hub changes only (10%),400,6,"min(euclidean, cosine)",null: random,0,20,
hub changes only (10%),400,6,"min(euclidean, cosine)",null: module,0,20,
hub changes only (10%),400,6,"min(euclidean, cosine)",null: hub-rich module,0,20,
hub changes only (10%),400,7,"default (euclidean + cosine, 4-24)",hub,15,15,1.0
hub changes only (10%),400,7,"default (euclidean + cosine, 4-24)",null: random,0,20,
hub changes only (10%),400,7,"default (euclidean + cosine, 4-24)",null: module,1,20,
hub changes only (10%),400,7,"default (euclidean + cosine, 4-24)",null: hub-rich module,6,20,
hub changes only (10%),400,7,"cosine, 4-24",hub,15,15,0.9944444444444445
hub changes only (10%),400,7,"cosine, 4-24",null: random,0,20,
hub changes only (10%),400,7,"cosine, 4-24",null: module,4,20,
hub changes only (10%),400,7,"cosine, 4-24",null: hub-rich module,11,20,
hub changes only (10%),400,7,"radial, 4-24",hub,12,15,1.0
hub changes only (10%),400,7,"radial, 4-24",null: random,0,20,
hub changes only (10%),400,7,"radial, 4-24",null: module,0,20,
hub changes only (10%),400,7,"radial, 4-24",null: hub-rich module,0,20,
hub changes only (10%),400,7,"euclidean, 4-24",hub,15,15,1.0
hub changes only (10%),400,7,"euclidean, 4-24",null: random,0,20,
hub changes only (10%),400,7,"euclidean, 4-24",null: module,0,20,
hub changes only (10%),400,7,"euclidean, 4-24",null: hub-rich module,0,20,
hub changes only (10%),400,7,"radial + cosine, 4-24",hub,15,15,1.0
hub changes only (10%),400,7,"radial + cosine, 4-24",null: random,0,20,
hub changes only (10%),400,7,"radial + cosine, 4-24",null: module,0,20,
hub changes only (10%),400,7,"radial + cosine, 4-24",null: hub-rich module,1,20,
hub changes only (10%),400,7,"cosine, d=8 (true rank)",hub,15,15,1.0
hub changes only (10%),400,7,"cosine, d=8 (true rank)",null: random,0,20,
hub changes only (10%),400,7,"cosine, d=8 (true rank)",null: module,0,20,
hub changes only (10%),400,7,"cosine, d=8 (true rank)",null: hub-rich module,1,20,
hub changes only (10%),400,7,"radial, d=8 (true rank)",hub,10,15,1.0
hub changes only (10%),400,7,"radial, d=8 (true rank)",null: random,0,20,
hub changes only (10%),400,7,"radial, d=8 (true rank)",null: module,0,20,
hub changes only (10%),400,7,"radial, d=8 (true rank)",null: hub-rich module,0,20,
hub changes only (10%),400,7,degree difference,hub,10,15,0.9977777777777778
hub changes only (10%),400,7,degree difference,null: random,0,20,
hub changes only (10%),400,7,degree difference,null: module,0,20,
hub changes only (10%),400,7,degree difference,null: hub-rich module,0,20,
hub changes only (10%),400,7,"overlap: min(cosine, radial)",hub,15,15,0.9933333333333333
hub changes only (10%),400,7,"overlap: min(cosine, radial)",null: random,0,20,
hub changes only (10%),400,7,"overlap: min(cosine, radial)",null: module,4,20,
hub changes only (10%),400,7,"overlap: min(cosine, radial)",null: hub-rich module,10,20,
hub changes only (10%),400,7,"max(euclidean, cosine)",hub,15,15,1.0
hub changes only (10%),400,7,"max(euclidean, cosine)",null: random,0,20,
hub changes only (10%),400,7,"max(euclidean, cosine)",null: module,0,20,
hub changes only (10%),400,7,"max(euclidean, cosine)",null: hub-rich module,0,20,
hub changes only (10%),400,7,"min(euclidean, cosine)",hub,15,15,0.9977777777777778
hub changes only (10%),400,7,"min(euclidean, cosine)",null: random,0,20,
hub changes only (10%),400,7,"min(euclidean, cosine)",null: module,3,20,
hub changes only (10%),400,7,"min(euclidean, cosine)",null: hub-rich module,11,20,
one module strengthens,150,0,"default (euclidean + cosine, 4-24)",strengthen,15,15,1.0
one module strengthens,150,0,"default (euclidean + cosine, 4-24)",null: random,0,20,
one module strengthens,150,0,"default (euclidean + cosine, 4-24)",null: module,0,20,
one module strengthens,150,0,"default (euclidean + cosine, 4-24)",null: hub-rich module,0,20,
one module strengthens,150,0,"cosine, 4-24",strengthen,15,15,1.0
one module strengthens,150,0,"cosine, 4-24",null: random,0,20,
one module strengthens,150,0,"cosine, 4-24",null: module,0,20,
one module strengthens,150,0,"cosine, 4-24",null: hub-rich module,0,20,
one module strengthens,150,0,"radial, 4-24",strengthen,0,15,0.8622222222222222
one module strengthens,150,0,"radial, 4-24",null: random,0,20,
one module strengthens,150,0,"radial, 4-24",null: module,0,20,
one module strengthens,150,0,"radial, 4-24",null: hub-rich module,0,20,
one module strengthens,150,0,"euclidean, 4-24",strengthen,15,15,1.0
one module strengthens,150,0,"euclidean, 4-24",null: random,0,20,
one module strengthens,150,0,"euclidean, 4-24",null: module,0,20,
one module strengthens,150,0,"euclidean, 4-24",null: hub-rich module,0,20,
one module strengthens,150,0,"radial + cosine, 4-24",strengthen,0,15,1.0
one module strengthens,150,0,"radial + cosine, 4-24",null: random,0,20,
one module strengthens,150,0,"radial + cosine, 4-24",null: module,0,20,
one module strengthens,150,0,"radial + cosine, 4-24",null: hub-rich module,0,20,
one module strengthens,150,0,"cosine, d=8 (true rank)",strengthen,14,15,1.0
one module strengthens,150,0,"cosine, d=8 (true rank)",null: random,0,20,
one module strengthens,150,0,"cosine, d=8 (true rank)",null: module,0,20,
one module strengthens,150,0,"cosine, d=8 (true rank)",null: hub-rich module,0,20,
one module strengthens,150,0,"radial, d=8 (true rank)",strengthen,0,15,0.9866666666666667
one module strengthens,150,0,"radial, d=8 (true rank)",null: random,0,20,
one module strengthens,150,0,"radial, d=8 (true rank)",null: module,0,20,
one module strengthens,150,0,"radial, d=8 (true rank)",null: hub-rich module,0,20,
one module strengthens,150,0,degree difference,strengthen,0,15,1.0
one module strengthens,150,0,degree difference,null: random,0,20,
one module strengthens,150,0,degree difference,null: module,0,20,
one module strengthens,150,0,degree difference,null: hub-rich module,0,20,
one module strengthens,150,0,"overlap: min(cosine, radial)",strengthen,0,15,0.82
one module strengthens,150,0,"overlap: min(cosine, radial)",null: random,0,20,
one module strengthens,150,0,"overlap: min(cosine, radial)",null: module,0,20,
one module strengthens,150,0,"overlap: min(cosine, radial)",null: hub-rich module,0,20,
one module strengthens,150,0,"max(euclidean, cosine)",strengthen,15,15,1.0
one module strengthens,150,0,"max(euclidean, cosine)",null: random,0,20,
one module strengthens,150,0,"max(euclidean, cosine)",null: module,0,20,
one module strengthens,150,0,"max(euclidean, cosine)",null: hub-rich module,0,20,
one module strengthens,150,0,"min(euclidean, cosine)",strengthen,15,15,1.0
one module strengthens,150,0,"min(euclidean, cosine)",null: random,0,20,
one module strengthens,150,0,"min(euclidean, cosine)",null: module,0,20,
one module strengthens,150,0,"min(euclidean, cosine)",null: hub-rich module,0,20,
one module strengthens,150,1,"default (euclidean + cosine, 4-24)",strengthen,15,15,1.0
one module strengthens,150,1,"default (euclidean + cosine, 4-24)",null: random,0,20,
one module strengthens,150,1,"default (euclidean + cosine, 4-24)",null: module,0,20,
one module strengthens,150,1,"default (euclidean + cosine, 4-24)",null: hub-rich module,0,20,
one module strengthens,150,1,"cosine, 4-24",strengthen,15,15,1.0
one module strengthens,150,1,"cosine, 4-24",null: random,0,20,
one module strengthens,150,1,"cosine, 4-24",null: module,0,20,
one module strengthens,150,1,"cosine, 4-24",null: hub-rich module,0,20,
one module strengthens,150,1,"radial, 4-24",strengthen,15,15,1.0
one module strengthens,150,1,"radial, 4-24",null: random,0,20,
one module strengthens,150,1,"radial, 4-24",null: module,0,20,
one module strengthens,150,1,"radial, 4-24",null: hub-rich module,0,20,
one module strengthens,150,1,"euclidean, 4-24",strengthen,15,15,1.0
one module strengthens,150,1,"euclidean, 4-24",null: random,0,20,
one module strengthens,150,1,"euclidean, 4-24",null: module,0,20,
one module strengthens,150,1,"euclidean, 4-24",null: hub-rich module,3,20,
one module strengthens,150,1,"radial + cosine, 4-24",strengthen,15,15,1.0
one module strengthens,150,1,"radial + cosine, 4-24",null: random,0,20,
one module strengthens,150,1,"radial + cosine, 4-24",null: module,0,20,
one module strengthens,150,1,"radial + cosine, 4-24",null: hub-rich module,0,20,
one module strengthens,150,1,"cosine, d=8 (true rank)",strengthen,15,15,1.0
one module strengthens,150,1,"cosine, d=8 (true rank)",null: random,0,20,
one module strengthens,150,1,"cosine, d=8 (true rank)",null: module,0,20,
one module strengthens,150,1,"cosine, d=8 (true rank)",null: hub-rich module,0,20,
one module strengthens,150,1,"radial, d=8 (true rank)",strengthen,15,15,1.0
one module strengthens,150,1,"radial, d=8 (true rank)",null: random,0,20,
one module strengthens,150,1,"radial, d=8 (true rank)",null: module,0,20,
one module strengthens,150,1,"radial, d=8 (true rank)",null: hub-rich module,0,20,
one module strengthens,150,1,degree difference,strengthen,0,15,1.0
one module strengthens,150,1,degree difference,null: random,0,20,
one module strengthens,150,1,degree difference,null: module,0,20,
one module strengthens,150,1,degree difference,null: hub-rich module,0,20,
one module strengthens,150,1,"overlap: min(cosine, radial)",strengthen,15,15,1.0
one module strengthens,150,1,"overlap: min(cosine, radial)",null: random,0,20,
one module strengthens,150,1,"overlap: min(cosine, radial)",null: module,0,20,
one module strengthens,150,1,"overlap: min(cosine, radial)",null: hub-rich module,0,20,
one module strengthens,150,1,"max(euclidean, cosine)",strengthen,15,15,1.0
one module strengthens,150,1,"max(euclidean, cosine)",null: random,0,20,
one module strengthens,150,1,"max(euclidean, cosine)",null: module,0,20,
one module strengthens,150,1,"max(euclidean, cosine)",null: hub-rich module,0,20,
one module strengthens,150,1,"min(euclidean, cosine)",strengthen,15,15,1.0
one module strengthens,150,1,"min(euclidean, cosine)",null: random,0,20,
one module strengthens,150,1,"min(euclidean, cosine)",null: module,0,20,
one module strengthens,150,1,"min(euclidean, cosine)",null: hub-rich module,3,20,
one module strengthens,150,2,"default (euclidean + cosine, 4-24)",strengthen,15,15,1.0
one module strengthens,150,2,"default (euclidean + cosine, 4-24)",null: random,0,20,
one module strengthens,150,2,"default (euclidean + cosine, 4-24)",null: module,2,20,
one module strengthens,150,2,"default (euclidean + cosine, 4-24)",null: hub-rich module,3,20,
one module strengthens,150,2,"cosine, 4-24",strengthen,15,15,1.0
one module strengthens,150,2,"cosine, 4-24",null: random,0,20,
one module strengthens,150,2,"cosine, 4-24",null: module,0,20,
one module strengthens,150,2,"cosine, 4-24",null: hub-rich module,0,20,
one module strengthens,150,2,"radial, 4-24",strengthen,14,15,1.0
one module strengthens,150,2,"radial, 4-24",null: random,0,20,
one module strengthens,150,2,"radial, 4-24",null: module,0,20,
one module strengthens,150,2,"radial, 4-24",null: hub-rich module,0,20,
one module strengthens,150,2,"euclidean, 4-24",strengthen,15,15,1.0
one module strengthens,150,2,"euclidean, 4-24",null: random,0,20,
one module strengthens,150,2,"euclidean, 4-24",null: module,2,20,
one module strengthens,150,2,"euclidean, 4-24",null: hub-rich module,3,20,
one module strengthens,150,2,"radial + cosine, 4-24",strengthen,15,15,1.0
one module strengthens,150,2,"radial + cosine, 4-24",null: random,0,20,
one module strengthens,150,2,"radial + cosine, 4-24",null: module,0,20,
one module strengthens,150,2,"radial + cosine, 4-24",null: hub-rich module,0,20,
one module strengthens,150,2,"cosine, d=8 (true rank)",strengthen,14,15,1.0
one module strengthens,150,2,"cosine, d=8 (true rank)",null: random,0,20,
one module strengthens,150,2,"cosine, d=8 (true rank)",null: module,0,20,
one module strengthens,150,2,"cosine, d=8 (true rank)",null: hub-rich module,0,20,
one module strengthens,150,2,"radial, d=8 (true rank)",strengthen,15,15,1.0
one module strengthens,150,2,"radial, d=8 (true rank)",null: random,0,20,
one module strengthens,150,2,"radial, d=8 (true rank)",null: module,0,20,
one module strengthens,150,2,"radial, d=8 (true rank)",null: hub-rich module,0,20,
one module strengthens,150,2,degree difference,strengthen,0,15,1.0
one module strengthens,150,2,degree difference,null: random,0,20,
one module strengthens,150,2,degree difference,null: module,0,20,
one module strengthens,150,2,degree difference,null: hub-rich module,0,20,
one module strengthens,150,2,"overlap: min(cosine, radial)",strengthen,0,15,1.0
one module strengthens,150,2,"overlap: min(cosine, radial)",null: random,0,20,
one module strengthens,150,2,"overlap: min(cosine, radial)",null: module,0,20,
one module strengthens,150,2,"overlap: min(cosine, radial)",null: hub-rich module,0,20,
one module strengthens,150,2,"max(euclidean, cosine)",strengthen,15,15,1.0
one module strengthens,150,2,"max(euclidean, cosine)",null: random,0,20,
one module strengthens,150,2,"max(euclidean, cosine)",null: module,0,20,
one module strengthens,150,2,"max(euclidean, cosine)",null: hub-rich module,0,20,
one module strengthens,150,2,"min(euclidean, cosine)",strengthen,15,15,1.0
one module strengthens,150,2,"min(euclidean, cosine)",null: random,0,20,
one module strengthens,150,2,"min(euclidean, cosine)",null: module,2,20,
one module strengthens,150,2,"min(euclidean, cosine)",null: hub-rich module,3,20,
one module strengthens,150,3,"default (euclidean + cosine, 4-24)",strengthen,15,15,1.0
one module strengthens,150,3,"default (euclidean + cosine, 4-24)",null: random,0,20,
one module strengthens,150,3,"default (euclidean + cosine, 4-24)",null: module,0,20,
one module strengthens,150,3,"default (euclidean + cosine, 4-24)",null: hub-rich module,0,20,
one module strengthens,150,3,"cosine, 4-24",strengthen,15,15,1.0
one module strengthens,150,3,"cosine, 4-24",null: random,0,20,
one module strengthens,150,3,"cosine, 4-24",null: module,6,20,
one module strengthens,150,3,"cosine, 4-24",null: hub-rich module,2,20,
one module strengthens,150,3,"radial, 4-24",strengthen,0,15,1.0
one module strengthens,150,3,"radial, 4-24",null: random,0,20,
one module strengthens,150,3,"radial, 4-24",null: module,0,20,
one module strengthens,150,3,"radial, 4-24",null: hub-rich module,0,20,
one module strengthens,150,3,"euclidean, 4-24",strengthen,15,15,1.0
one module strengthens,150,3,"euclidean, 4-24",null: random,0,20,
one module strengthens,150,3,"euclidean, 4-24",null: module,0,20,
one module strengthens,150,3,"euclidean, 4-24",null: hub-rich module,0,20,
one module strengthens,150,3,"radial + cosine, 4-24",strengthen,15,15,1.0
one module strengthens,150,3,"radial + cosine, 4-24",null: random,0,20,
one module strengthens,150,3,"radial + cosine, 4-24",null: module,0,20,
one module strengthens,150,3,"radial + cosine, 4-24",null: hub-rich module,0,20,
one module strengthens,150,3,"cosine, d=8 (true rank)",strengthen,15,15,1.0
one module strengthens,150,3,"cosine, d=8 (true rank)",null: random,0,20,
one module strengthens,150,3,"cosine, d=8 (true rank)",null: module,5,20,
one module strengthens,150,3,"cosine, d=8 (true rank)",null: hub-rich module,2,20,
one module strengthens,150,3,"radial, d=8 (true rank)",strengthen,15,15,1.0
one module strengthens,150,3,"radial, d=8 (true rank)",null: random,0,20,
one module strengthens,150,3,"radial, d=8 (true rank)",null: module,0,20,
one module strengthens,150,3,"radial, d=8 (true rank)",null: hub-rich module,0,20,
one module strengthens,150,3,degree difference,strengthen,15,15,1.0
one module strengthens,150,3,degree difference,null: random,0,20,
one module strengthens,150,3,degree difference,null: module,0,20,
one module strengthens,150,3,degree difference,null: hub-rich module,0,20,
one module strengthens,150,3,"overlap: min(cosine, radial)",strengthen,0,15,0.9988888888888889
one module strengthens,150,3,"overlap: min(cosine, radial)",null: random,0,20,
one module strengthens,150,3,"overlap: min(cosine, radial)",null: module,0,20,
one module strengthens,150,3,"overlap: min(cosine, radial)",null: hub-rich module,0,20,
one module strengthens,150,3,"max(euclidean, cosine)",strengthen,15,15,1.0
one module strengthens,150,3,"max(euclidean, cosine)",null: random,0,20,
one module strengthens,150,3,"max(euclidean, cosine)",null: module,6,20,
one module strengthens,150,3,"max(euclidean, cosine)",null: hub-rich module,2,20,
one module strengthens,150,3,"min(euclidean, cosine)",strengthen,15,15,1.0
one module strengthens,150,3,"min(euclidean, cosine)",null: random,0,20,
one module strengthens,150,3,"min(euclidean, cosine)",null: module,0,20,
one module strengthens,150,3,"min(euclidean, cosine)",null: hub-rich module,0,20,
one module strengthens,150,4,"default (euclidean + cosine, 4-24)",strengthen,15,15,1.0
one module strengthens,150,4,"default (euclidean + cosine, 4-24)",null: random,0,20,
one module strengthens,150,4,"default (euclidean + cosine, 4-24)",null: module,0,20,
one module strengthens,150,4,"default (euclidean + cosine, 4-24)",null: hub-rich module,2,20,
one module strengthens,150,4,"cosine, 4-24",strengthen,15,15,1.0
one module strengthens,150,4,"cosine, 4-24",null: random,0,20,
one module strengthens,150,4,"cosine, 4-24",null: module,0,20,
one module strengthens,150,4,"cosine, 4-24",null: hub-rich module,2,20,
one module strengthens,150,4,"radial, 4-24",strengthen,15,15,1.0
one module strengthens,150,4,"radial, 4-24",null: random,0,20,
one module strengthens,150,4,"radial, 4-24",null: module,0,20,
one module strengthens,150,4,"radial, 4-24",null: hub-rich module,0,20,
one module strengthens,150,4,"euclidean, 4-24",strengthen,15,15,1.0
one module strengthens,150,4,"euclidean, 4-24",null: random,0,20,
one module strengthens,150,4,"euclidean, 4-24",null: module,0,20,
one module strengthens,150,4,"euclidean, 4-24",null: hub-rich module,2,20,
one module strengthens,150,4,"radial + cosine, 4-24",strengthen,15,15,1.0
one module strengthens,150,4,"radial + cosine, 4-24",null: random,0,20,
one module strengthens,150,4,"radial + cosine, 4-24",null: module,0,20,
one module strengthens,150,4,"radial + cosine, 4-24",null: hub-rich module,0,20,
one module strengthens,150,4,"cosine, d=8 (true rank)",strengthen,15,15,1.0
one module strengthens,150,4,"cosine, d=8 (true rank)",null: random,0,20,
one module strengthens,150,4,"cosine, d=8 (true rank)",null: module,0,20,
one module strengthens,150,4,"cosine, d=8 (true rank)",null: hub-rich module,0,20,
one module strengthens,150,4,"radial, d=8 (true rank)",strengthen,15,15,1.0
one module strengthens,150,4,"radial, d=8 (true rank)",null: random,0,20,
one module strengthens,150,4,"radial, d=8 (true rank)",null: module,0,20,
one module strengthens,150,4,"radial, d=8 (true rank)",null: hub-rich module,0,20,
one module strengthens,150,4,degree difference,strengthen,15,15,1.0
one module strengthens,150,4,degree difference,null: random,0,20,
one module strengthens,150,4,degree difference,null: module,0,20,
one module strengthens,150,4,degree difference,null: hub-rich module,0,20,
one module strengthens,150,4,"overlap: min(cosine, radial)",strengthen,15,15,1.0
one module strengthens,150,4,"overlap: min(cosine, radial)",null: random,0,20,
one module strengthens,150,4,"overlap: min(cosine, radial)",null: module,0,20,
one module strengthens,150,4,"overlap: min(cosine, radial)",null: hub-rich module,0,20,
one module strengthens,150,4,"max(euclidean, cosine)",strengthen,15,15,1.0
one module strengthens,150,4,"max(euclidean, cosine)",null: random,0,20,
one module strengthens,150,4,"max(euclidean, cosine)",null: module,0,20,
one module strengthens,150,4,"max(euclidean, cosine)",null: hub-rich module,2,20,
one module strengthens,150,4,"min(euclidean, cosine)",strengthen,15,15,1.0
one module strengthens,150,4,"min(euclidean, cosine)",null: random,0,20,
one module strengthens,150,4,"min(euclidean, cosine)",null: module,0,20,
one module strengthens,150,4,"min(euclidean, cosine)",null: hub-rich module,2,20,
one module strengthens,150,5,"default (euclidean + cosine, 4-24)",strengthen,15,15,1.0
one module strengthens,150,5,"default (euclidean + cosine, 4-24)",null: random,0,20,
one module strengthens,150,5,"default (euclidean + cosine, 4-24)",null: module,0,20,
one module strengthens,150,5,"default (euclidean + cosine, 4-24)",null: hub-rich module,0,20,
one module strengthens,150,5,"cosine, 4-24",strengthen,15,15,1.0
one module strengthens,150,5,"cosine, 4-24",null: random,0,20,
one module strengthens,150,5,"cosine, 4-24",null: module,0,20,
one module strengthens,150,5,"cosine, 4-24",null: hub-rich module,0,20,
one module strengthens,150,5,"radial, 4-24",strengthen,0,15,0.9922222222222222
one module strengthens,150,5,"radial, 4-24",null: random,0,20,
one module strengthens,150,5,"radial, 4-24",null: module,0,20,
one module strengthens,150,5,"radial, 4-24",null: hub-rich module,0,20,
one module strengthens,150,5,"euclidean, 4-24",strengthen,15,15,1.0
one module strengthens,150,5,"euclidean, 4-24",null: random,0,20,
one module strengthens,150,5,"euclidean, 4-24",null: module,0,20,
one module strengthens,150,5,"euclidean, 4-24",null: hub-rich module,0,20,
one module strengthens,150,5,"radial + cosine, 4-24",strengthen,15,15,1.0
one module strengthens,150,5,"radial + cosine, 4-24",null: random,0,20,
one module strengthens,150,5,"radial + cosine, 4-24",null: module,0,20,
one module strengthens,150,5,"radial + cosine, 4-24",null: hub-rich module,0,20,
one module strengthens,150,5,"cosine, d=8 (true rank)",strengthen,15,15,1.0
one module strengthens,150,5,"cosine, d=8 (true rank)",null: random,0,20,
one module strengthens,150,5,"cosine, d=8 (true rank)",null: module,0,20,
one module strengthens,150,5,"cosine, d=8 (true rank)",null: hub-rich module,0,20,
one module strengthens,150,5,"radial, d=8 (true rank)",strengthen,15,15,1.0
one module strengthens,150,5,"radial, d=8 (true rank)",null: random,0,20,
one module strengthens,150,5,"radial, d=8 (true rank)",null: module,0,20,
one module strengthens,150,5,"radial, d=8 (true rank)",null: hub-rich module,0,20,
one module strengthens,150,5,degree difference,strengthen,10,15,1.0
one module strengthens,150,5,degree difference,null: random,0,20,
one module strengthens,150,5,degree difference,null: module,0,20,
one module strengthens,150,5,degree difference,null: hub-rich module,0,20,
one module strengthens,150,5,"overlap: min(cosine, radial)",strengthen,0,15,0.9977777777777778
one module strengthens,150,5,"overlap: min(cosine, radial)",null: random,0,20,
one module strengthens,150,5,"overlap: min(cosine, radial)",null: module,0,20,
one module strengthens,150,5,"overlap: min(cosine, radial)",null: hub-rich module,0,20,
one module strengthens,150,5,"max(euclidean, cosine)",strengthen,15,15,1.0
one module strengthens,150,5,"max(euclidean, cosine)",null: random,0,20,
one module strengthens,150,5,"max(euclidean, cosine)",null: module,0,20,
one module strengthens,150,5,"max(euclidean, cosine)",null: hub-rich module,0,20,
one module strengthens,150,5,"min(euclidean, cosine)",strengthen,15,15,1.0
one module strengthens,150,5,"min(euclidean, cosine)",null: random,0,20,
one module strengthens,150,5,"min(euclidean, cosine)",null: module,0,20,
one module strengthens,150,5,"min(euclidean, cosine)",null: hub-rich module,0,20,
one module strengthens,150,6,"default (euclidean + cosine, 4-24)",strengthen,15,15,1.0
one module strengthens,150,6,"default (euclidean + cosine, 4-24)",null: random,0,20,
one module strengthens,150,6,"default (euclidean + cosine, 4-24)",null: module,0,20,
one module strengthens,150,6,"default (euclidean + cosine, 4-24)",null: hub-rich module,0,20,
one module strengthens,150,6,"cosine, 4-24",strengthen,15,15,1.0
one module strengthens,150,6,"cosine, 4-24",null: random,0,20,
one module strengthens,150,6,"cosine, 4-24",null: module,2,20,
one module strengthens,150,6,"cosine, 4-24",null: hub-rich module,2,20,
one module strengthens,150,6,"radial, 4-24",strengthen,0,15,0.9911111111111112
one module strengthens,150,6,"radial, 4-24",null: random,0,20,
one module strengthens,150,6,"radial, 4-24",null: module,0,20,
one module strengthens,150,6,"radial, 4-24",null: hub-rich module,0,20,
one module strengthens,150,6,"euclidean, 4-24",strengthen,15,15,1.0
one module strengthens,150,6,"euclidean, 4-24",null: random,0,20,
one module strengthens,150,6,"euclidean, 4-24",null: module,0,20,
one module strengthens,150,6,"euclidean, 4-24",null: hub-rich module,0,20,
one module strengthens,150,6,"radial + cosine, 4-24",strengthen,15,15,1.0
one module strengthens,150,6,"radial + cosine, 4-24",null: random,0,20,
one module strengthens,150,6,"radial + cosine, 4-24",null: module,0,20,
one module strengthens,150,6,"radial + cosine, 4-24",null: hub-rich module,0,20,
one module strengthens,150,6,"cosine, d=8 (true rank)",strengthen,13,15,1.0
one module strengthens,150,6,"cosine, d=8 (true rank)",null: random,0,20,
one module strengthens,150,6,"cosine, d=8 (true rank)",null: module,0,20,
one module strengthens,150,6,"cosine, d=8 (true rank)",null: hub-rich module,0,20,
one module strengthens,150,6,"radial, d=8 (true rank)",strengthen,7,15,0.9911111111111112
one module strengthens,150,6,"radial, d=8 (true rank)",null: random,0,20,
one module strengthens,150,6,"radial, d=8 (true rank)",null: module,0,20,
one module strengthens,150,6,"radial, d=8 (true rank)",null: hub-rich module,0,20,
one module strengthens,150,6,degree difference,strengthen,15,15,1.0
one module strengthens,150,6,degree difference,null: random,1,20,
one module strengthens,150,6,degree difference,null: module,0,20,
one module strengthens,150,6,degree difference,null: hub-rich module,0,20,
one module strengthens,150,6,"overlap: min(cosine, radial)",strengthen,0,15,0.9955555555555555
one module strengthens,150,6,"overlap: min(cosine, radial)",null: random,0,20,
one module strengthens,150,6,"overlap: min(cosine, radial)",null: module,0,20,
one module strengthens,150,6,"overlap: min(cosine, radial)",null: hub-rich module,0,20,
one module strengthens,150,6,"max(euclidean, cosine)",strengthen,15,15,1.0
one module strengthens,150,6,"max(euclidean, cosine)",null: random,0,20,
one module strengthens,150,6,"max(euclidean, cosine)",null: module,2,20,
one module strengthens,150,6,"max(euclidean, cosine)",null: hub-rich module,2,20,
one module strengthens,150,6,"min(euclidean, cosine)",strengthen,15,15,1.0
one module strengthens,150,6,"min(euclidean, cosine)",null: random,0,20,
one module strengthens,150,6,"min(euclidean, cosine)",null: module,0,20,
one module strengthens,150,6,"min(euclidean, cosine)",null: hub-rich module,0,20,
one module strengthens,150,7,"default (euclidean + cosine, 4-24)",strengthen,15,15,1.0
one module strengthens,150,7,"default (euclidean + cosine, 4-24)",null: random,0,20,
one module strengthens,150,7,"default (euclidean + cosine, 4-24)",null: module,1,20,
one module strengthens,150,7,"default (euclidean + cosine, 4-24)",null: hub-rich module,6,20,
one module strengthens,150,7,"cosine, 4-24",strengthen,15,15,1.0
one module strengthens,150,7,"cosine, 4-24",null: random,0,20,
one module strengthens,150,7,"cosine, 4-24",null: module,1,20,
one module strengthens,150,7,"cosine, 4-24",null: hub-rich module,6,20,
one module strengthens,150,7,"radial, 4-24",strengthen,15,15,1.0
one module strengthens,150,7,"radial, 4-24",null: random,0,20,
one module strengthens,150,7,"radial, 4-24",null: module,0,20,
one module strengthens,150,7,"radial, 4-24",null: hub-rich module,0,20,
one module strengthens,150,7,"euclidean, 4-24",strengthen,15,15,1.0
one module strengthens,150,7,"euclidean, 4-24",null: random,0,20,
one module strengthens,150,7,"euclidean, 4-24",null: module,1,20,
one module strengthens,150,7,"euclidean, 4-24",null: hub-rich module,6,20,
one module strengthens,150,7,"radial + cosine, 4-24",strengthen,15,15,1.0
one module strengthens,150,7,"radial + cosine, 4-24",null: random,0,20,
one module strengthens,150,7,"radial + cosine, 4-24",null: module,0,20,
one module strengthens,150,7,"radial + cosine, 4-24",null: hub-rich module,0,20,
one module strengthens,150,7,"cosine, d=8 (true rank)",strengthen,15,15,1.0
one module strengthens,150,7,"cosine, d=8 (true rank)",null: random,0,20,
one module strengthens,150,7,"cosine, d=8 (true rank)",null: module,0,20,
one module strengthens,150,7,"cosine, d=8 (true rank)",null: hub-rich module,0,20,
one module strengthens,150,7,"radial, d=8 (true rank)",strengthen,15,15,1.0
one module strengthens,150,7,"radial, d=8 (true rank)",null: random,0,20,
one module strengthens,150,7,"radial, d=8 (true rank)",null: module,0,20,
one module strengthens,150,7,"radial, d=8 (true rank)",null: hub-rich module,0,20,
one module strengthens,150,7,degree difference,strengthen,15,15,1.0
one module strengthens,150,7,degree difference,null: random,0,20,
one module strengthens,150,7,degree difference,null: module,0,20,
one module strengthens,150,7,degree difference,null: hub-rich module,0,20,
one module strengthens,150,7,"overlap: min(cosine, radial)",strengthen,15,15,1.0
one module strengthens,150,7,"overlap: min(cosine, radial)",null: random,0,20,
one module strengthens,150,7,"overlap: min(cosine, radial)",null: module,0,20,
one module strengthens,150,7,"overlap: min(cosine, radial)",null: hub-rich module,0,20,
one module strengthens,150,7,"max(euclidean, cosine)",strengthen,15,15,1.0
one module strengthens,150,7,"max(euclidean, cosine)",null: random,0,20,
one module strengthens,150,7,"max(euclidean, cosine)",null: module,1,20,
one module strengthens,150,7,"max(euclidean, cosine)",null: hub-rich module,6,20,
one module strengthens,150,7,"min(euclidean, cosine)",strengthen,15,15,1.0
one module strengthens,150,7,"min(euclidean, cosine)",null: random,0,20,
one module strengthens,150,7,"min(euclidean, cosine)",null: module,1,20,
one module strengthens,150,7,"min(euclidean, cosine)",null: hub-rich module,6,20,
one module strengthens,400,0,"default (euclidean + cosine, 4-24)",strengthen,15,15,1.0
one module strengthens,400,0,"default (euclidean + cosine, 4-24)",null: random,0,20,
one module strengthens,400,0,"default (euclidean + cosine, 4-24)",null: module,0,20,
one module strengthens,400,0,"default (euclidean + cosine, 4-24)",null: hub-rich module,0,20,
one module strengthens,400,0,"cosine, 4-24",strengthen,15,15,1.0
one module strengthens,400,0,"cosine, 4-24",null: random,0,20,
one module strengthens,400,0,"cosine, 4-24",null: module,0,20,
one module strengthens,400,0,"cosine, 4-24",null: hub-rich module,0,20,
one module strengthens,400,0,"radial, 4-24",strengthen,14,15,1.0
one module strengthens,400,0,"radial, 4-24",null: random,0,20,
one module strengthens,400,0,"radial, 4-24",null: module,0,20,
one module strengthens,400,0,"radial, 4-24",null: hub-rich module,0,20,
one module strengthens,400,0,"euclidean, 4-24",strengthen,15,15,1.0
one module strengthens,400,0,"euclidean, 4-24",null: random,0,20,
one module strengthens,400,0,"euclidean, 4-24",null: module,5,20,
one module strengthens,400,0,"euclidean, 4-24",null: hub-rich module,2,20,
one module strengthens,400,0,"radial + cosine, 4-24",strengthen,15,15,1.0
one module strengthens,400,0,"radial + cosine, 4-24",null: random,0,20,
one module strengthens,400,0,"radial + cosine, 4-24",null: module,0,20,
one module strengthens,400,0,"radial + cosine, 4-24",null: hub-rich module,0,20,
one module strengthens,400,0,"cosine, d=8 (true rank)",strengthen,15,15,1.0
one module strengthens,400,0,"cosine, d=8 (true rank)",null: random,0,20,
one module strengthens,400,0,"cosine, d=8 (true rank)",null: module,0,20,
one module strengthens,400,0,"cosine, d=8 (true rank)",null: hub-rich module,0,20,
one module strengthens,400,0,"radial, d=8 (true rank)",strengthen,15,15,1.0
one module strengthens,400,0,"radial, d=8 (true rank)",null: random,0,20,
one module strengthens,400,0,"radial, d=8 (true rank)",null: module,0,20,
one module strengthens,400,0,"radial, d=8 (true rank)",null: hub-rich module,0,20,
one module strengthens,400,0,degree difference,strengthen,15,15,1.0
one module strengthens,400,0,degree difference,null: random,0,20,
one module strengthens,400,0,degree difference,null: module,0,20,
one module strengthens,400,0,degree difference,null: hub-rich module,0,20,
one module strengthens,400,0,"overlap: min(cosine, radial)",strengthen,0,15,1.0
one module strengthens,400,0,"overlap: min(cosine, radial)",null: random,0,20,
one module strengthens,400,0,"overlap: min(cosine, radial)",null: module,0,20,
one module strengthens,400,0,"overlap: min(cosine, radial)",null: hub-rich module,0,20,
one module strengthens,400,0,"max(euclidean, cosine)",strengthen,15,15,1.0
one module strengthens,400,0,"max(euclidean, cosine)",null: random,0,20,
one module strengthens,400,0,"max(euclidean, cosine)",null: module,0,20,
one module strengthens,400,0,"max(euclidean, cosine)",null: hub-rich module,0,20,
one module strengthens,400,0,"min(euclidean, cosine)",strengthen,15,15,1.0
one module strengthens,400,0,"min(euclidean, cosine)",null: random,0,20,
one module strengthens,400,0,"min(euclidean, cosine)",null: module,5,20,
one module strengthens,400,0,"min(euclidean, cosine)",null: hub-rich module,2,20,
one module strengthens,400,1,"default (euclidean + cosine, 4-24)",strengthen,15,15,1.0
one module strengthens,400,1,"default (euclidean + cosine, 4-24)",null: random,0,20,
one module strengthens,400,1,"default (euclidean + cosine, 4-24)",null: module,0,20,
one module strengthens,400,1,"default (euclidean + cosine, 4-24)",null: hub-rich module,0,20,
one module strengthens,400,1,"cosine, 4-24",strengthen,15,15,1.0
one module strengthens,400,1,"cosine, 4-24",null: random,1,20,
one module strengthens,400,1,"cosine, 4-24",null: module,0,20,
one module strengthens,400,1,"cosine, 4-24",null: hub-rich module,0,20,
one module strengthens,400,1,"radial, 4-24",strengthen,0,15,0.9877777777777778
one module strengthens,400,1,"radial, 4-24",null: random,0,20,
one module strengthens,400,1,"radial, 4-24",null: module,0,20,
one module strengthens,400,1,"radial, 4-24",null: hub-rich module,0,20,
one module strengthens,400,1,"euclidean, 4-24",strengthen,15,15,1.0
one module strengthens,400,1,"euclidean, 4-24",null: random,0,20,
one module strengthens,400,1,"euclidean, 4-24",null: module,0,20,
one module strengthens,400,1,"euclidean, 4-24",null: hub-rich module,0,20,
one module strengthens,400,1,"radial + cosine, 4-24",strengthen,14,15,1.0
one module strengthens,400,1,"radial + cosine, 4-24",null: random,0,20,
one module strengthens,400,1,"radial + cosine, 4-24",null: module,0,20,
one module strengthens,400,1,"radial + cosine, 4-24",null: hub-rich module,0,20,
one module strengthens,400,1,"cosine, d=8 (true rank)",strengthen,15,15,1.0
one module strengthens,400,1,"cosine, d=8 (true rank)",null: random,0,20,
one module strengthens,400,1,"cosine, d=8 (true rank)",null: module,0,20,
one module strengthens,400,1,"cosine, d=8 (true rank)",null: hub-rich module,0,20,
one module strengthens,400,1,"radial, d=8 (true rank)",strengthen,15,15,1.0
one module strengthens,400,1,"radial, d=8 (true rank)",null: random,0,20,
one module strengthens,400,1,"radial, d=8 (true rank)",null: module,0,20,
one module strengthens,400,1,"radial, d=8 (true rank)",null: hub-rich module,0,20,
one module strengthens,400,1,degree difference,strengthen,0,15,1.0
one module strengthens,400,1,degree difference,null: random,0,20,
one module strengthens,400,1,degree difference,null: module,0,20,
one module strengthens,400,1,degree difference,null: hub-rich module,0,20,
one module strengthens,400,1,"overlap: min(cosine, radial)",strengthen,0,15,0.9411111111111111
one module strengthens,400,1,"overlap: min(cosine, radial)",null: random,0,20,
one module strengthens,400,1,"overlap: min(cosine, radial)",null: module,0,20,
one module strengthens,400,1,"overlap: min(cosine, radial)",null: hub-rich module,0,20,
one module strengthens,400,1,"max(euclidean, cosine)",strengthen,15,15,1.0
one module strengthens,400,1,"max(euclidean, cosine)",null: random,0,20,
one module strengthens,400,1,"max(euclidean, cosine)",null: module,0,20,
one module strengthens,400,1,"max(euclidean, cosine)",null: hub-rich module,0,20,
one module strengthens,400,1,"min(euclidean, cosine)",strengthen,15,15,1.0
one module strengthens,400,1,"min(euclidean, cosine)",null: random,0,20,
one module strengthens,400,1,"min(euclidean, cosine)",null: module,0,20,
one module strengthens,400,1,"min(euclidean, cosine)",null: hub-rich module,0,20,
one module strengthens,400,2,"default (euclidean + cosine, 4-24)",strengthen,15,15,1.0
one module strengthens,400,2,"default (euclidean + cosine, 4-24)",null: random,0,20,
one module strengthens,400,2,"default (euclidean + cosine, 4-24)",null: module,3,20,
one module strengthens,400,2,"default (euclidean + cosine, 4-24)",null: hub-rich module,1,20,
one module strengthens,400,2,"cosine, 4-24",strengthen,15,15,1.0
one module strengthens,400,2,"cosine, 4-24",null: random,0,20,
one module strengthens,400,2,"cosine, 4-24",null: module,0,20,
one module strengthens,400,2,"cosine, 4-24",null: hub-rich module,0,20,
one module strengthens,400,2,"radial, 4-24",strengthen,0,15,1.0
one module strengthens,400,2,"radial, 4-24",null: random,0,20,
one module strengthens,400,2,"radial, 4-24",null: module,0,20,
one module strengthens,400,2,"radial, 4-24",null: hub-rich module,0,20,
one module strengthens,400,2,"euclidean, 4-24",strengthen,15,15,1.0
one module strengthens,400,2,"euclidean, 4-24",null: random,0,20,
one module strengthens,400,2,"euclidean, 4-24",null: module,3,20,
one module strengthens,400,2,"euclidean, 4-24",null: hub-rich module,1,20,
one module strengthens,400,2,"radial + cosine, 4-24",strengthen,15,15,1.0
one module strengthens,400,2,"radial + cosine, 4-24",null: random,0,20,
one module strengthens,400,2,"radial + cosine, 4-24",null: module,0,20,
one module strengthens,400,2,"radial + cosine, 4-24",null: hub-rich module,0,20,
one module strengthens,400,2,"cosine, d=8 (true rank)",strengthen,15,15,1.0
one module strengthens,400,2,"cosine, d=8 (true rank)",null: random,0,20,
one module strengthens,400,2,"cosine, d=8 (true rank)",null: module,0,20,
one module strengthens,400,2,"cosine, d=8 (true rank)",null: hub-rich module,0,20,
one module strengthens,400,2,"radial, d=8 (true rank)",strengthen,15,15,1.0
one module strengthens,400,2,"radial, d=8 (true rank)",null: random,0,20,
one module strengthens,400,2,"radial, d=8 (true rank)",null: module,0,20,
one module strengthens,400,2,"radial, d=8 (true rank)",null: hub-rich module,0,20,
one module strengthens,400,2,degree difference,strengthen,0,15,1.0
one module strengthens,400,2,degree difference,null: random,0,20,
one module strengthens,400,2,degree difference,null: module,0,20,
one module strengthens,400,2,degree difference,null: hub-rich module,0,20,
one module strengthens,400,2,"overlap: min(cosine, radial)",strengthen,0,15,0.9977777777777778
one module strengthens,400,2,"overlap: min(cosine, radial)",null: random,0,20,
one module strengthens,400,2,"overlap: min(cosine, radial)",null: module,0,20,
one module strengthens,400,2,"overlap: min(cosine, radial)",null: hub-rich module,0,20,
one module strengthens,400,2,"max(euclidean, cosine)",strengthen,15,15,1.0
one module strengthens,400,2,"max(euclidean, cosine)",null: random,0,20,
one module strengthens,400,2,"max(euclidean, cosine)",null: module,0,20,
one module strengthens,400,2,"max(euclidean, cosine)",null: hub-rich module,0,20,
one module strengthens,400,2,"min(euclidean, cosine)",strengthen,15,15,1.0
one module strengthens,400,2,"min(euclidean, cosine)",null: random,0,20,
one module strengthens,400,2,"min(euclidean, cosine)",null: module,3,20,
one module strengthens,400,2,"min(euclidean, cosine)",null: hub-rich module,1,20,
one module strengthens,400,3,"default (euclidean + cosine, 4-24)",strengthen,15,15,1.0
one module strengthens,400,3,"default (euclidean + cosine, 4-24)",null: random,0,20,
one module strengthens,400,3,"default (euclidean + cosine, 4-24)",null: module,3,20,
one module strengthens,400,3,"default (euclidean + cosine, 4-24)",null: hub-rich module,4,20,
one module strengthens,400,3,"cosine, 4-24",strengthen,15,15,1.0
one module strengthens,400,3,"cosine, 4-24",null: random,0,20,
one module strengthens,400,3,"cosine, 4-24",null: module,0,20,
one module strengthens,400,3,"cosine, 4-24",null: hub-rich module,0,20,
one module strengthens,400,3,"radial, 4-24",strengthen,15,15,1.0
one module strengthens,400,3,"radial, 4-24",null: random,0,20,
one module strengthens,400,3,"radial, 4-24",null: module,0,20,
one module strengthens,400,3,"radial, 4-24",null: hub-rich module,0,20,
one module strengthens,400,3,"euclidean, 4-24",strengthen,15,15,1.0
one module strengthens,400,3,"euclidean, 4-24",null: random,0,20,
one module strengthens,400,3,"euclidean, 4-24",null: module,3,20,
one module strengthens,400,3,"euclidean, 4-24",null: hub-rich module,4,20,
one module strengthens,400,3,"radial + cosine, 4-24",strengthen,15,15,1.0
one module strengthens,400,3,"radial + cosine, 4-24",null: random,0,20,
one module strengthens,400,3,"radial + cosine, 4-24",null: module,0,20,
one module strengthens,400,3,"radial + cosine, 4-24",null: hub-rich module,0,20,
one module strengthens,400,3,"cosine, d=8 (true rank)",strengthen,15,15,1.0
one module strengthens,400,3,"cosine, d=8 (true rank)",null: random,0,20,
one module strengthens,400,3,"cosine, d=8 (true rank)",null: module,0,20,
one module strengthens,400,3,"cosine, d=8 (true rank)",null: hub-rich module,0,20,
one module strengthens,400,3,"radial, d=8 (true rank)",strengthen,15,15,1.0
one module strengthens,400,3,"radial, d=8 (true rank)",null: random,0,20,
one module strengthens,400,3,"radial, d=8 (true rank)",null: module,0,20,
one module strengthens,400,3,"radial, d=8 (true rank)",null: hub-rich module,0,20,
one module strengthens,400,3,degree difference,strengthen,15,15,1.0
one module strengthens,400,3,degree difference,null: random,0,20,
one module strengthens,400,3,degree difference,null: module,0,20,
one module strengthens,400,3,degree difference,null: hub-rich module,0,20,
one module strengthens,400,3,"overlap: min(cosine, radial)",strengthen,15,15,1.0
one module strengthens,400,3,"overlap: min(cosine, radial)",null: random,0,20,
one module strengthens,400,3,"overlap: min(cosine, radial)",null: module,0,20,
one module strengthens,400,3,"overlap: min(cosine, radial)",null: hub-rich module,0,20,
one module strengthens,400,3,"max(euclidean, cosine)",strengthen,15,15,1.0
one module strengthens,400,3,"max(euclidean, cosine)",null: random,0,20,
one module strengthens,400,3,"max(euclidean, cosine)",null: module,3,20,
one module strengthens,400,3,"max(euclidean, cosine)",null: hub-rich module,4,20,
one module strengthens,400,3,"min(euclidean, cosine)",strengthen,15,15,1.0
one module strengthens,400,3,"min(euclidean, cosine)",null: random,0,20,
one module strengthens,400,3,"min(euclidean, cosine)",null: module,0,20,
one module strengthens,400,3,"min(euclidean, cosine)",null: hub-rich module,0,20,
one module strengthens,400,4,"default (euclidean + cosine, 4-24)",strengthen,15,15,1.0
one module strengthens,400,4,"default (euclidean + cosine, 4-24)",null: random,0,20,
one module strengthens,400,4,"default (euclidean + cosine, 4-24)",null: module,0,20,
one module strengthens,400,4,"default (euclidean + cosine, 4-24)",null: hub-rich module,0,20,
one module strengthens,400,4,"cosine, 4-24",strengthen,15,15,1.0
one module strengthens,400,4,"cosine, 4-24",null: random,0,20,
one module strengthens,400,4,"cosine, 4-24",null: module,0,20,
one module strengthens,400,4,"cosine, 4-24",null: hub-rich module,0,20,
one module strengthens,400,4,"radial, 4-24",strengthen,0,15,0.9955555555555555
one module strengthens,400,4,"radial, 4-24",null: random,0,20,
one module strengthens,400,4,"radial, 4-24",null: module,0,20,
one module strengthens,400,4,"radial, 4-24",null: hub-rich module,0,20,
one module strengthens,400,4,"euclidean, 4-24",strengthen,15,15,1.0
one module strengthens,400,4,"euclidean, 4-24",null: random,0,20,
one module strengthens,400,4,"euclidean, 4-24",null: module,2,20,
one module strengthens,400,4,"euclidean, 4-24",null: hub-rich module,2,20,
one module strengthens,400,4,"radial + cosine, 4-24",strengthen,15,15,1.0
one module strengthens,400,4,"radial + cosine, 4-24",null: random,0,20,
one module strengthens,400,4,"radial + cosine, 4-24",null: module,0,20,
one module strengthens,400,4,"radial + cosine, 4-24",null: hub-rich module,0,20,
one module strengthens,400,4,"cosine, d=8 (true rank)",strengthen,15,15,1.0
one module strengthens,400,4,"cosine, d=8 (true rank)",null: random,0,20,
one module strengthens,400,4,"cosine, d=8 (true rank)",null: module,0,20,
one module strengthens,400,4,"cosine, d=8 (true rank)",null: hub-rich module,1,20,
one module strengthens,400,4,"radial, d=8 (true rank)",strengthen,15,15,1.0
one module strengthens,400,4,"radial, d=8 (true rank)",null: random,0,20,
one module strengthens,400,4,"radial, d=8 (true rank)",null: module,0,20,
one module strengthens,400,4,"radial, d=8 (true rank)",null: hub-rich module,0,20,
one module strengthens,400,4,degree difference,strengthen,11,15,1.0
one module strengthens,400,4,degree difference,null: random,0,20,
one module strengthens,400,4,degree difference,null: module,0,20,
one module strengthens,400,4,degree difference,null: hub-rich module,0,20,
one module strengthens,400,4,"overlap: min(cosine, radial)",strengthen,0,15,0.99
one module strengthens,400,4,"overlap: min(cosine, radial)",null: random,0,20,
one module strengthens,400,4,"overlap: min(cosine, radial)",null: module,0,20,
one module strengthens,400,4,"overlap: min(cosine, radial)",null: hub-rich module,0,20,
one module strengthens,400,4,"max(euclidean, cosine)",strengthen,15,15,1.0
one module strengthens,400,4,"max(euclidean, cosine)",null: random,0,20,
one module strengthens,400,4,"max(euclidean, cosine)",null: module,0,20,
one module strengthens,400,4,"max(euclidean, cosine)",null: hub-rich module,0,20,
one module strengthens,400,4,"min(euclidean, cosine)",strengthen,15,15,1.0
one module strengthens,400,4,"min(euclidean, cosine)",null: random,0,20,
one module strengthens,400,4,"min(euclidean, cosine)",null: module,0,20,
one module strengthens,400,4,"min(euclidean, cosine)",null: hub-rich module,0,20,
one module strengthens,400,5,"default (euclidean + cosine, 4-24)",strengthen,15,15,1.0
one module strengthens,400,5,"default (euclidean + cosine, 4-24)",null: random,0,20,
one module strengthens,400,5,"default (euclidean + cosine, 4-24)",null: module,2,20,
one module strengthens,400,5,"default (euclidean + cosine, 4-24)",null: hub-rich module,1,20,
one module strengthens,400,5,"cosine, 4-24",strengthen,15,15,1.0
one module strengthens,400,5,"cosine, 4-24",null: random,0,20,
one module strengthens,400,5,"cosine, 4-24",null: module,2,20,
one module strengthens,400,5,"cosine, 4-24",null: hub-rich module,1,20,
one module strengthens,400,5,"radial, 4-24",strengthen,15,15,1.0
one module strengthens,400,5,"radial, 4-24",null: random,0,20,
one module strengthens,400,5,"radial, 4-24",null: module,2,20,
one module strengthens,400,5,"radial, 4-24",null: hub-rich module,0,20,
one module strengthens,400,5,"euclidean, 4-24",strengthen,15,15,1.0
one module strengthens,400,5,"euclidean, 4-24",null: random,0,20,
one module strengthens,400,5,"euclidean, 4-24",null: module,2,20,
one module strengthens,400,5,"euclidean, 4-24",null: hub-rich module,1,20,
one module strengthens,400,5,"radial + cosine, 4-24",strengthen,15,15,1.0
one module strengthens,400,5,"radial + cosine, 4-24",null: random,0,20,
one module strengthens,400,5,"radial + cosine, 4-24",null: module,2,20,
one module strengthens,400,5,"radial + cosine, 4-24",null: hub-rich module,1,20,
one module strengthens,400,5,"cosine, d=8 (true rank)",strengthen,15,15,1.0
one module strengthens,400,5,"cosine, d=8 (true rank)",null: random,0,20,
one module strengthens,400,5,"cosine, d=8 (true rank)",null: module,0,20,
one module strengthens,400,5,"cosine, d=8 (true rank)",null: hub-rich module,0,20,
one module strengthens,400,5,"radial, d=8 (true rank)",strengthen,15,15,1.0
one module strengthens,400,5,"radial, d=8 (true rank)",null: random,0,20,
one module strengthens,400,5,"radial, d=8 (true rank)",null: module,2,20,
one module strengthens,400,5,"radial, d=8 (true rank)",null: hub-rich module,1,20,
one module strengthens,400,5,degree difference,strengthen,15,15,1.0
one module strengthens,400,5,degree difference,null: random,0,20,
one module strengthens,400,5,degree difference,null: module,0,20,
one module strengthens,400,5,degree difference,null: hub-rich module,0,20,
one module strengthens,400,5,"overlap: min(cosine, radial)",strengthen,15,15,1.0
one module strengthens,400,5,"overlap: min(cosine, radial)",null: random,0,20,
one module strengthens,400,5,"overlap: min(cosine, radial)",null: module,0,20,
one module strengthens,400,5,"overlap: min(cosine, radial)",null: hub-rich module,0,20,
one module strengthens,400,5,"max(euclidean, cosine)",strengthen,15,15,1.0
one module strengthens,400,5,"max(euclidean, cosine)",null: random,0,20,
one module strengthens,400,5,"max(euclidean, cosine)",null: module,2,20,
one module strengthens,400,5,"max(euclidean, cosine)",null: hub-rich module,1,20,
one module strengthens,400,5,"min(euclidean, cosine)",strengthen,15,15,1.0
one module strengthens,400,5,"min(euclidean, cosine)",null: random,0,20,
one module strengthens,400,5,"min(euclidean, cosine)",null: module,2,20,
one module strengthens,400,5,"min(euclidean, cosine)",null: hub-rich module,1,20,
one module strengthens,400,6,"default (euclidean + cosine, 4-24)",strengthen,15,15,1.0
one module strengthens,400,6,"default (euclidean + cosine, 4-24)",null: random,0,20,
one module strengthens,400,6,"default (euclidean + cosine, 4-24)",null: module,0,20,
one module strengthens,400,6,"default (euclidean + cosine, 4-24)",null: hub-rich module,0,20,
one module strengthens,400,6,"cosine, 4-24",strengthen,15,15,1.0
one module strengthens,400,6,"cosine, 4-24",null: random,0,20,
one module strengthens,400,6,"cosine, 4-24",null: module,0,20,
one module strengthens,400,6,"cosine, 4-24",null: hub-rich module,0,20,
one module strengthens,400,6,"radial, 4-24",strengthen,0,15,1.0
one module strengthens,400,6,"radial, 4-24",null: random,0,20,
one module strengthens,400,6,"radial, 4-24",null: module,0,20,
one module strengthens,400,6,"radial, 4-24",null: hub-rich module,0,20,
one module strengthens,400,6,"euclidean, 4-24",strengthen,15,15,1.0
one module strengthens,400,6,"euclidean, 4-24",null: random,0,20,
one module strengthens,400,6,"euclidean, 4-24",null: module,0,20,
one module strengthens,400,6,"euclidean, 4-24",null: hub-rich module,0,20,
one module strengthens,400,6,"radial + cosine, 4-24",strengthen,15,15,1.0
one module strengthens,400,6,"radial + cosine, 4-24",null: random,0,20,
one module strengthens,400,6,"radial + cosine, 4-24",null: module,0,20,
one module strengthens,400,6,"radial + cosine, 4-24",null: hub-rich module,0,20,
one module strengthens,400,6,"cosine, d=8 (true rank)",strengthen,15,15,1.0
one module strengthens,400,6,"cosine, d=8 (true rank)",null: random,0,20,
one module strengthens,400,6,"cosine, d=8 (true rank)",null: module,0,20,
one module strengthens,400,6,"cosine, d=8 (true rank)",null: hub-rich module,0,20,
one module strengthens,400,6,"radial, d=8 (true rank)",strengthen,0,15,1.0
one module strengthens,400,6,"radial, d=8 (true rank)",null: random,0,20,
one module strengthens,400,6,"radial, d=8 (true rank)",null: module,0,20,
one module strengthens,400,6,"radial, d=8 (true rank)",null: hub-rich module,0,20,
one module strengthens,400,6,degree difference,strengthen,0,15,1.0
one module strengthens,400,6,degree difference,null: random,0,20,
one module strengthens,400,6,degree difference,null: module,0,20,
one module strengthens,400,6,degree difference,null: hub-rich module,0,20,
one module strengthens,400,6,"overlap: min(cosine, radial)",strengthen,0,15,0.9833333333333333
one module strengthens,400,6,"overlap: min(cosine, radial)",null: random,0,20,
one module strengthens,400,6,"overlap: min(cosine, radial)",null: module,0,20,
one module strengthens,400,6,"overlap: min(cosine, radial)",null: hub-rich module,0,20,
one module strengthens,400,6,"max(euclidean, cosine)",strengthen,15,15,1.0
one module strengthens,400,6,"max(euclidean, cosine)",null: random,0,20,
one module strengthens,400,6,"max(euclidean, cosine)",null: module,4,20,
one module strengthens,400,6,"max(euclidean, cosine)",null: hub-rich module,4,20,
one module strengthens,400,6,"min(euclidean, cosine)",strengthen,15,15,1.0
one module strengthens,400,6,"min(euclidean, cosine)",null: random,0,20,
one module strengthens,400,6,"min(euclidean, cosine)",null: module,0,20,
one module strengthens,400,6,"min(euclidean, cosine)",null: hub-rich module,0,20,
one module strengthens,400,7,"default (euclidean + cosine, 4-24)",strengthen,15,15,1.0
one module strengthens,400,7,"default (euclidean + cosine, 4-24)",null: random,0,20,
one module strengthens,400,7,"default (euclidean + cosine, 4-24)",null: module,4,20,
one module strengthens,400,7,"default (euclidean + cosine, 4-24)",null: hub-rich module,2,20,
one module strengthens,400,7,"cosine, 4-24",strengthen,15,15,1.0
one module strengthens,400,7,"cosine, 4-24",null: random,0,20,
one module strengthens,400,7,"cosine, 4-24",null: module,4,20,
one module strengthens,400,7,"cosine, 4-24",null: hub-rich module,2,20,
one module strengthens,400,7,"radial, 4-24",strengthen,15,15,1.0
one module strengthens,400,7,"radial, 4-24",null: random,0,20,
one module strengthens,400,7,"radial, 4-24",null: module,0,20,
one module strengthens,400,7,"radial, 4-24",null: hub-rich module,0,20,
one module strengthens,400,7,"euclidean, 4-24",strengthen,15,15,1.0
one module strengthens,400,7,"euclidean, 4-24",null: random,0,20,
one module strengthens,400,7,"euclidean, 4-24",null: module,4,20,
one module strengthens,400,7,"euclidean, 4-24",null: hub-rich module,2,20,
one module strengthens,400,7,"radial + cosine, 4-24",strengthen,15,15,1.0
one module strengthens,400,7,"radial + cosine, 4-24",null: random,0,20,
one module strengthens,400,7,"radial + cosine, 4-24",null: module,0,20,
one module strengthens,400,7,"radial + cosine, 4-24",null: hub-rich module,0,20,
one module strengthens,400,7,"cosine, d=8 (true rank)",strengthen,15,15,1.0
one module strengthens,400,7,"cosine, d=8 (true rank)",null: random,0,20,
one module strengthens,400,7,"cosine, d=8 (true rank)",null: module,0,20,
one module strengthens,400,7,"cosine, d=8 (true rank)",null: hub-rich module,0,20,
one module strengthens,400,7,"radial, d=8 (true rank)",strengthen,15,15,1.0
one module strengthens,400,7,"radial, d=8 (true rank)",null: random,0,20,
one module strengthens,400,7,"radial, d=8 (true rank)",null: module,0,20,
one module strengthens,400,7,"radial, d=8 (true rank)",null: hub-rich module,0,20,
one module strengthens,400,7,degree difference,strengthen,0,15,1.0
one module strengthens,400,7,degree difference,null: random,0,20,
one module strengthens,400,7,degree difference,null: module,0,20,
one module strengthens,400,7,degree difference,null: hub-rich module,0,20,
one module strengthens,400,7,"overlap: min(cosine, radial)",strengthen,15,15,1.0
one module strengthens,400,7,"overlap: min(cosine, radial)",null: random,0,20,
one module strengthens,400,7,"overlap: min(cosine, radial)",null: module,0,20,
one module strengthens,400,7,"overlap: min(cosine, radial)",null: hub-rich module,1,20,
one module strengthens,400,7,"max(euclidean, cosine)",strengthen,15,15,1.0
one module strengthens,400,7,"max(euclidean, cosine)",null: random,0,20,
one module strengthens,400,7,"max(euclidean, cosine)",null: module,4,20,
one module strengthens,400,7,"max(euclidean, cosine)",null: hub-rich module,2,20,
one module strengthens,400,7,"min(euclidean, cosine)",strengthen,15,15,1.0
one module strengthens,400,7,"min(euclidean, cosine)",null: random,0,20,
one module strengthens,400,7,"min(euclidean, cosine)",null: module,0,20,
one module strengthens,400,7,"min(euclidean, cosine)",null: hub-rich module,0,20,
mixed + one module strengthens,150,0,"default (euclidean + cosine, 4-24)",switch,14,15,0.98
mixed + one module strengthens,150,0,"default (euclidean + cosine, 4-24)",hub,12,15,0.9511111111111111
mixed + one module strengthens,150,0,"default (euclidean + cosine, 4-24)",strengthen,0,15,0.7633333333333333
mixed + one module strengthens,150,0,"default (euclidean + cosine, 4-24)",null: random,0,20,
mixed + one module strengthens,150,0,"default (euclidean + cosine, 4-24)",null: module,4,20,
mixed + one module strengthens,150,0,"default (euclidean + cosine, 4-24)",null: hub-rich module,1,20,
mixed + one module strengthens,150,0,"cosine, 4-24",switch,15,15,0.9866666666666667
mixed + one module strengthens,150,0,"cosine, 4-24",hub,8,15,0.7011111111111111
mixed + one module strengthens,150,0,"cosine, 4-24",strengthen,0,15,0.5844444444444444
mixed + one module strengthens,150,0,"cosine, 4-24",null: random,0,20,
mixed + one module strengthens,150,0,"cosine, 4-24",null: module,4,20,
mixed + one module strengthens,150,0,"cosine, 4-24",null: hub-rich module,4,20,
mixed + one module strengthens,150,0,"radial, 4-24",switch,0,15,0.7311111111111112
mixed + one module strengthens,150,0,"radial, 4-24",hub,5,15,1.0
mixed + one module strengthens,150,0,"radial, 4-24",strengthen,0,15,0.9444444444444444
mixed + one module strengthens,150,0,"radial, 4-24",null: random,0,20,
mixed + one module strengthens,150,0,"radial, 4-24",null: module,0,20,
mixed + one module strengthens,150,0,"radial, 4-24",null: hub-rich module,0,20,
mixed + one module strengthens,150,0,"euclidean, 4-24",switch,1,15,0.9733333333333334
mixed + one module strengthens,150,0,"euclidean, 4-24",hub,15,15,1.0
mixed + one module strengthens,150,0,"euclidean, 4-24",strengthen,0,15,0.9477777777777778
mixed + one module strengthens,150,0,"euclidean, 4-24",null: random,0,20,
mixed + one module strengthens,150,0,"euclidean, 4-24",null: module,0,20,
mixed + one module strengthens,150,0,"euclidean, 4-24",null: hub-rich module,0,20,
mixed + one module strengthens,150,0,"radial + cosine, 4-24",switch,10,15,1.0
mixed + one module strengthens,150,0,"radial + cosine, 4-24",hub,11,15,0.9888888888888889
mixed + one module strengthens,150,0,"radial + cosine, 4-24",strengthen,0,15,0.8888888888888888
mixed + one module strengthens,150,0,"radial + cosine, 4-24",null: random,0,20,
mixed + one module strengthens,150,0,"radial + cosine, 4-24",null: module,0,20,
mixed + one module strengthens,150,0,"radial + cosine, 4-24",null: hub-rich module,0,20,
mixed + one module strengthens,150,0,"cosine, d=8 (true rank)",switch,15,15,1.0
mixed + one module strengthens,150,0,"cosine, d=8 (true rank)",hub,10,15,0.9911111111111112
mixed + one module strengthens,150,0,"cosine, d=8 (true rank)",strengthen,0,15,0.7688888888888888
mixed + one module strengthens,150,0,"cosine, d=8 (true rank)",null: random,0,20,
mixed + one module strengthens,150,0,"cosine, d=8 (true rank)",null: module,0,20,
mixed + one module strengthens,150,0,"cosine, d=8 (true rank)",null: hub-rich module,1,20,
mixed + one module strengthens,150,0,"radial, d=8 (true rank)",switch,0,15,0.6011111111111112
mixed + one module strengthens,150,0,"radial, d=8 (true rank)",hub,8,15,1.0
mixed + one module strengthens,150,0,"radial, d=8 (true rank)",strengthen,0,15,0.9544444444444444
mixed + one module strengthens,150,0,"radial, d=8 (true rank)",null: random,0,20,
mixed + one module strengthens,150,0,"radial, d=8 (true rank)",null: module,0,20,
mixed + one module strengthens,150,0,"radial, d=8 (true rank)",null: hub-rich module,0,20,
mixed + one module strengthens,150,0,degree difference,switch,0,15,0.8944444444444445
mixed + one module strengthens,150,0,degree difference,hub,0,15,1.0
mixed + one module strengthens,150,0,degree difference,strengthen,0,15,1.0
mixed + one module strengthens,150,0,degree difference,null: random,0,20,
mixed + one module strengthens,150,0,degree difference,null: module,0,20,
mixed + one module strengthens,150,0,degree difference,null: hub-rich module,0,20,
mixed + one module strengthens,150,0,"overlap: min(cosine, radial)",switch,0,15,0.5988888888888889
mixed + one module strengthens,150,0,"overlap: min(cosine, radial)",hub,11,15,0.8533333333333334
mixed + one module strengthens,150,0,"overlap: min(cosine, radial)",strengthen,0,15,0.5577777777777778
mixed + one module strengthens,150,0,"overlap: min(cosine, radial)",null: random,0,20,
mixed + one module strengthens,150,0,"overlap: min(cosine, radial)",null: module,0,20,
mixed + one module strengthens,150,0,"overlap: min(cosine, radial)",null: hub-rich module,0,20,
mixed + one module strengthens,150,0,"max(euclidean, cosine)",switch,15,15,1.0
mixed + one module strengthens,150,0,"max(euclidean, cosine)",hub,14,15,0.9988888888888889
mixed + one module strengthens,150,0,"max(euclidean, cosine)",strengthen,0,15,0.9166666666666666
mixed + one module strengthens,150,0,"max(euclidean, cosine)",null: random,0,20,
mixed + one module strengthens,150,0,"max(euclidean, cosine)",null: module,0,20,
mixed + one module strengthens,150,0,"max(euclidean, cosine)",null: hub-rich module,0,20,
mixed + one module strengthens,150,0,"min(euclidean, cosine)",switch,6,15,0.7944444444444444
mixed + one module strengthens,150,0,"min(euclidean, cosine)",hub,10,15,0.7922222222222223
mixed + one module strengthens,150,0,"min(euclidean, cosine)",strengthen,0,15,0.5733333333333334
mixed + one module strengthens,150,0,"min(euclidean, cosine)",null: random,0,20,
mixed + one module strengthens,150,0,"min(euclidean, cosine)",null: module,4,20,
mixed + one module strengthens,150,0,"min(euclidean, cosine)",null: hub-rich module,4,20,
mixed + one module strengthens,150,1,"default (euclidean + cosine, 4-24)",switch,12,15,1.0
mixed + one module strengthens,150,1,"default (euclidean + cosine, 4-24)",hub,12,15,0.9844444444444445
mixed + one module strengthens,150,1,"default (euclidean + cosine, 4-24)",strengthen,0,15,0.6988888888888889
mixed + one module strengthens,150,1,"default (euclidean + cosine, 4-24)",null: random,0,20,
mixed + one module strengthens,150,1,"default (euclidean + cosine, 4-24)",null: module,0,20,
mixed + one module strengthens,150,1,"default (euclidean + cosine, 4-24)",null: hub-rich module,0,20,
mixed + one module strengthens,150,1,"cosine, 4-24",switch,15,15,1.0
mixed + one module strengthens,150,1,"cosine, 4-24",hub,5,15,0.8433333333333334
mixed + one module strengthens,150,1,"cosine, 4-24",strengthen,0,15,0.5044444444444445
mixed + one module strengthens,150,1,"cosine, 4-24",null: random,0,20,
mixed + one module strengthens,150,1,"cosine, 4-24",null: module,0,20,
mixed + one module strengthens,150,1,"cosine, 4-24",null: hub-rich module,3,20,
mixed + one module strengthens,150,1,"radial, 4-24",switch,0,15,0.5544444444444444
mixed + one module strengthens,150,1,"radial, 4-24",hub,3,15,1.0
mixed + one module strengthens,150,1,"radial, 4-24",strengthen,0,15,1.0
mixed + one module strengthens,150,1,"radial, 4-24",null: random,0,20,
mixed + one module strengthens,150,1,"radial, 4-24",null: module,0,20,
mixed + one module strengthens,150,1,"radial, 4-24",null: hub-rich module,0,20,
mixed + one module strengthens,150,1,"euclidean, 4-24",switch,0,15,0.9111111111111111
mixed + one module strengthens,150,1,"euclidean, 4-24",hub,13,15,1.0
mixed + one module strengthens,150,1,"euclidean, 4-24",strengthen,0,15,0.9922222222222222
mixed + one module strengthens,150,1,"euclidean, 4-24",null: random,0,20,
mixed + one module strengthens,150,1,"euclidean, 4-24",null: module,0,20,
mixed + one module strengthens,150,1,"euclidean, 4-24",null: hub-rich module,0,20,
mixed + one module strengthens,150,1,"radial + cosine, 4-24",switch,11,15,0.99
mixed + one module strengthens,150,1,"radial + cosine, 4-24",hub,9,15,0.9911111111111112
mixed + one module strengthens,150,1,"radial + cosine, 4-24",strengthen,0,15,0.9422222222222222
mixed + one module strengthens,150,1,"radial + cosine, 4-24",null: random,0,20,
mixed + one module strengthens,150,1,"radial + cosine, 4-24",null: module,0,20,
mixed + one module strengthens,150,1,"radial + cosine, 4-24",null: hub-rich module,0,20,
mixed + one module strengthens,150,1,"cosine, d=8 (true rank)",switch,11,15,0.9966666666666667
mixed + one module strengthens,150,1,"cosine, d=8 (true rank)",hub,8,15,0.9888888888888889
mixed + one module strengthens,150,1,"cosine, d=8 (true rank)",strengthen,0,15,0.8988888888888888
mixed + one module strengthens,150,1,"cosine, d=8 (true rank)",null: random,0,20,
mixed + one module strengthens,150,1,"cosine, d=8 (true rank)",null: module,0,20,
mixed + one module strengthens,150,1,"cosine, d=8 (true rank)",null: hub-rich module,0,20,
mixed + one module strengthens,150,1,"radial, d=8 (true rank)",switch,0,15,0.48777777777777775
mixed + one module strengthens,150,1,"radial, d=8 (true rank)",hub,0,15,1.0
mixed + one module strengthens,150,1,"radial, d=8 (true rank)",strengthen,0,15,1.0
mixed + one module strengthens,150,1,"radial, d=8 (true rank)",null: random,0,20,
mixed + one module strengthens,150,1,"radial, d=8 (true rank)",null: module,0,20,
mixed + one module strengthens,150,1,"radial, d=8 (true rank)",null: hub-rich module,0,20,
mixed + one module strengthens,150,1,degree difference,switch,0,15,0.7355555555555555
mixed + one module strengthens,150,1,degree difference,hub,12,15,1.0
mixed + one module strengthens,150,1,degree difference,strengthen,13,15,1.0
mixed + one module strengthens,150,1,degree difference,null: random,0,20,
mixed + one module strengthens,150,1,degree difference,null: module,0,20,
mixed + one module strengthens,150,1,degree difference,null: hub-rich module,0,20,
mixed + one module strengthens,150,1,"overlap: min(cosine, radial)",switch,0,15,0.65
mixed + one module strengthens,150,1,"overlap: min(cosine, radial)",hub,4,15,0.9822222222222222
mixed + one module strengthens,150,1,"overlap: min(cosine, radial)",strengthen,0,15,0.8555555555555555
mixed + one module strengthens,150,1,"overlap: min(cosine, radial)",null: random,0,20,
mixed + one module strengthens,150,1,"overlap: min(cosine, radial)",null: module,0,20,
mixed + one module strengthens,150,1,"overlap: min(cosine, radial)",null: hub-rich module,0,20,
mixed + one module strengthens,150,1,"max(euclidean, cosine)",switch,15,15,1.0
mixed + one module strengthens,150,1,"max(euclidean, cosine)",hub,7,15,0.9755555555555555
mixed + one module strengthens,150,1,"max(euclidean, cosine)",strengthen,0,15,0.7811111111111111
mixed + one module strengthens,150,1,"max(euclidean, cosine)",null: random,0,20,
mixed + one module strengthens,150,1,"max(euclidean, cosine)",null: module,0,20,
mixed + one module strengthens,150,1,"max(euclidean, cosine)",null: hub-rich module,0,20,
mixed + one module strengthens,150,1,"min(euclidean, cosine)",switch,5,15,0.8311111111111111
mixed + one module strengthens,150,1,"min(euclidean, cosine)",hub,11,15,0.97
mixed + one module strengthens,150,1,"min(euclidean, cosine)",strengthen,0,15,0.6166666666666667
mixed + one module strengthens,150,1,"min(euclidean, cosine)",null: random,0,20,
mixed + one module strengthens,150,1,"min(euclidean, cosine)",null: module,0,20,
mixed + one module strengthens,150,1,"min(euclidean, cosine)",null: hub-rich module,0,20,
mixed + one module strengthens,150,2,"default (euclidean + cosine, 4-24)",switch,14,15,0.9822222222222222
mixed + one module strengthens,150,2,"default (euclidean + cosine, 4-24)",hub,11,15,0.9633333333333334
mixed + one module strengthens,150,2,"default (euclidean + cosine, 4-24)",strengthen,0,15,0.8566666666666667
mixed + one module strengthens,150,2,"default (euclidean + cosine, 4-24)",null: random,0,20,
mixed + one module strengthens,150,2,"default (euclidean + cosine, 4-24)",null: module,2,20,
mixed + one module strengthens,150,2,"default (euclidean + cosine, 4-24)",null: hub-rich module,2,20,
mixed + one module strengthens,150,2,"cosine, 4-24",switch,15,15,0.9966666666666667
mixed + one module strengthens,150,2,"cosine, 4-24",hub,11,15,0.8877777777777778
mixed + one module strengthens,150,2,"cosine, 4-24",strengthen,0,15,0.6811111111111111
mixed + one module strengthens,150,2,"cosine, 4-24",null: random,0,20,
mixed + one module strengthens,150,2,"cosine, 4-24",null: module,3,20,
mixed + one module strengthens,150,2,"cosine, 4-24",null: hub-rich module,2,20,
mixed + one module strengthens,150,2,"radial, 4-24",switch,0,15,0.65
mixed + one module strengthens,150,2,"radial, 4-24",hub,5,15,0.9533333333333334
mixed + one module strengthens,150,2,"radial, 4-24",strengthen,13,15,1.0
mixed + one module strengthens,150,2,"radial, 4-24",null: random,0,20,
mixed + one module strengthens,150,2,"radial, 4-24",null: module,0,20,
mixed + one module strengthens,150,2,"radial, 4-24",null: hub-rich module,0,20,
mixed + one module strengthens,150,2,"euclidean, 4-24",switch,6,15,0.9344444444444444
mixed + one module strengthens,150,2,"euclidean, 4-24",hub,15,15,1.0
mixed + one module strengthens,150,2,"euclidean, 4-24",strengthen,0,15,0.8977777777777778
mixed + one module strengthens,150,2,"euclidean, 4-24",null: random,0,20,
mixed + one module strengthens,150,2,"euclidean, 4-24",null: module,0,20,
mixed + one module strengthens,150,2,"euclidean, 4-24",null: hub-rich module,2,20,
mixed + one module strengthens,150,2,"radial + cosine, 4-24",switch,14,15,0.9677777777777777
mixed + one module strengthens,150,2,"radial + cosine, 4-24",hub,10,15,0.9533333333333334
mixed + one module strengthens,150,2,"radial + cosine, 4-24",strengthen,12,15,0.9333333333333333
mixed + one module strengthens,150,2,"radial + cosine, 4-24",null: random,0,20,
mixed + one module strengthens,150,2,"radial + cosine, 4-24",null: module,2,20,
mixed + one module strengthens,150,2,"radial + cosine, 4-24",null: hub-rich module,2,20,
mixed + one module strengthens,150,2,"cosine, d=8 (true rank)",switch,15,15,1.0
mixed + one module strengthens,150,2,"cosine, d=8 (true rank)",hub,13,15,0.9844444444444445
mixed + one module strengthens,150,2,"cosine, d=8 (true rank)",strengthen,0,15,0.87
mixed + one module strengthens,150,2,"cosine, d=8 (true rank)",null: random,0,20,
mixed + one module strengthens,150,2,"cosine, d=8 (true rank)",null: module,0,20,
mixed + one module strengthens,150,2,"cosine, d=8 (true rank)",null: hub-rich module,0,20,
mixed + one module strengthens,150,2,"radial, d=8 (true rank)",switch,0,15,0.5511111111111111
mixed + one module strengthens,150,2,"radial, d=8 (true rank)",hub,1,15,0.8611111111111112
mixed + one module strengthens,150,2,"radial, d=8 (true rank)",strengthen,14,15,1.0
mixed + one module strengthens,150,2,"radial, d=8 (true rank)",null: random,0,20,
mixed + one module strengthens,150,2,"radial, d=8 (true rank)",null: module,0,20,
mixed + one module strengthens,150,2,"radial, d=8 (true rank)",null: hub-rich module,0,20,
mixed + one module strengthens,150,2,degree difference,switch,2,15,0.8144444444444444
mixed + one module strengthens,150,2,degree difference,hub,0,15,0.7833333333333333
mixed + one module strengthens,150,2,degree difference,strengthen,15,15,1.0
mixed + one module strengthens,150,2,degree difference,null: random,0,20,
mixed + one module strengthens,150,2,degree difference,null: module,0,20,
mixed + one module strengthens,150,2,degree difference,null: hub-rich module,0,20,
mixed + one module strengthens,150,2,"overlap: min(cosine, radial)",switch,4,15,0.66
mixed + one module strengthens,150,2,"overlap: min(cosine, radial)",hub,4,15,0.8677777777777778
mixed + one module strengthens,150,2,"overlap: min(cosine, radial)",strengthen,1,15,0.9166666666666666
mixed + one module strengthens,150,2,"overlap: min(cosine, radial)",null: random,0,20,
mixed + one module strengthens,150,2,"overlap: min(cosine, radial)",null: module,2,20,
mixed + one module strengthens,150,2,"overlap: min(cosine, radial)",null: hub-rich module,2,20,
mixed + one module strengthens,150,2,"max(euclidean, cosine)",switch,15,15,1.0
mixed + one module strengthens,150,2,"max(euclidean, cosine)",hub,15,15,0.9933333333333333
mixed + one module strengthens,150,2,"max(euclidean, cosine)",strengthen,0,15,0.8855555555555555
mixed + one module strengthens,150,2,"max(euclidean, cosine)",null: random,0,20,
mixed + one module strengthens,150,2,"max(euclidean, cosine)",null: module,2,20,
mixed + one module strengthens,150,2,"max(euclidean, cosine)",null: hub-rich module,2,20,
mixed + one module strengthens,150,2,"min(euclidean, cosine)",switch,9,15,0.93
mixed + one module strengthens,150,2,"min(euclidean, cosine)",hub,9,15,0.9177777777777778
mixed + one module strengthens,150,2,"min(euclidean, cosine)",strengthen,0,15,0.7866666666666666
mixed + one module strengthens,150,2,"min(euclidean, cosine)",null: random,0,20,
mixed + one module strengthens,150,2,"min(euclidean, cosine)",null: module,2,20,
mixed + one module strengthens,150,2,"min(euclidean, cosine)",null: hub-rich module,2,20,
mixed + one module strengthens,150,3,"default (euclidean + cosine, 4-24)",switch,15,15,0.9366666666666666
mixed + one module strengthens,150,3,"default (euclidean + cosine, 4-24)",hub,14,15,0.9466666666666667
mixed + one module strengthens,150,3,"default (euclidean + cosine, 4-24)",strengthen,0,15,0.6311111111111111
mixed + one module strengthens,150,3,"default (euclidean + cosine, 4-24)",null: random,0,20,
mixed + one module strengthens,150,3,"default (euclidean + cosine, 4-24)",null: module,0,20,
mixed + one module strengthens,150,3,"default (euclidean + cosine, 4-24)",null: hub-rich module,4,20,
mixed + one module strengthens,150,3,"cosine, 4-24",switch,15,15,0.9955555555555555
mixed + one module strengthens,150,3,"cosine, 4-24",hub,4,15,0.8955555555555555
mixed + one module strengthens,150,3,"cosine, 4-24",strengthen,0,15,0.3477777777777778
mixed + one module strengthens,150,3,"cosine, 4-24",null: random,0,20,
mixed + one module strengthens,150,3,"cosine, 4-24",null: module,0,20,
mixed + one module strengthens,150,3,"cosine, 4-24",null: hub-rich module,4,20,
mixed + one module strengthens,150,3,"radial, 4-24",switch,0,15,0.5744444444444444
mixed + one module strengthens,150,3,"radial, 4-24",hub,9,15,1.0
mixed + one module strengthens,150,3,"radial, 4-24",strengthen,0,15,1.0
mixed + one module strengthens,150,3,"radial, 4-24",null: random,0,20,
mixed + one module strengthens,150,3,"radial, 4-24",null: module,0,20,
mixed + one module strengthens,150,3,"radial, 4-24",null: hub-rich module,0,20,
mixed + one module strengthens,150,3,"euclidean, 4-24",switch,0,15,0.8766666666666667
mixed + one module strengthens,150,3,"euclidean, 4-24",hub,15,15,1.0
mixed + one module strengthens,150,3,"euclidean, 4-24",strengthen,0,15,0.8811111111111111
mixed + one module strengthens,150,3,"euclidean, 4-24",null: random,0,20,
mixed + one module strengthens,150,3,"euclidean, 4-24",null: module,0,20,
mixed + one module strengthens,150,3,"euclidean, 4-24",null: hub-rich module,4,20,
mixed + one module strengthens,150,3,"radial + cosine, 4-24",switch,12,15,0.9388888888888889
mixed + one module strengthens,150,3,"radial + cosine, 4-24",hub,8,15,0.9466666666666667
mixed + one module strengthens,150,3,"radial + cosine, 4-24",strengthen,0,15,0.8866666666666667
mixed + one module strengthens,150,3,"radial + cosine, 4-24",null: random,0,20,
mixed + one module strengthens,150,3,"radial + cosine, 4-24",null: module,0,20,
mixed + one module strengthens,150,3,"radial + cosine, 4-24",null: hub-rich module,4,20,
mixed + one module strengthens,150,3,"cosine, d=8 (true rank)",switch,15,15,1.0
mixed + one module strengthens,150,3,"cosine, d=8 (true rank)",hub,11,15,0.99
mixed + one module strengthens,150,3,"cosine, d=8 (true rank)",strengthen,0,15,0.5977777777777777
mixed + one module strengthens,150,3,"cosine, d=8 (true rank)",null: random,0,20,
mixed + one module strengthens,150,3,"cosine, d=8 (true rank)",null: module,0,20,
mixed + one module strengthens,150,3,"cosine, d=8 (true rank)",null: hub-rich module,0,20,
mixed + one module strengthens,150,3,"radial, d=8 (true rank)",switch,0,15,0.4255555555555556
mixed + one module strengthens,150,3,"radial, d=8 (true rank)",hub,6,15,1.0
mixed + one module strengthens,150,3,"radial, d=8 (true rank)",strengthen,0,15,1.0
mixed + one module strengthens,150,3,"radial, d=8 (true rank)",null: random,0,20,
mixed + one module strengthens,150,3,"radial, d=8 (true rank)",null: module,0,20,
mixed + one module strengthens,150,3,"radial, d=8 (true rank)",null: hub-rich module,0,20,
mixed + one module strengthens,150,3,degree difference,switch,0,15,0.7088888888888889
mixed + one module strengthens,150,3,degree difference,hub,0,15,0.9944444444444445
mixed + one module strengthens,150,3,degree difference,strengthen,0,15,1.0
mixed + one module strengthens,150,3,degree difference,null: random,0,20,
mixed + one module strengthens,150,3,degree difference,null: module,0,20,
mixed + one module strengthens,150,3,degree difference,null: hub-rich module,0,20,
mixed + one module strengthens,150,3,"overlap: min(cosine, radial)",switch,0,15,0.63
mixed + one module strengthens,150,3,"overlap: min(cosine, radial)",hub,4,15,0.9377777777777778
mixed + one module strengthens,150,3,"overlap: min(cosine, radial)",strengthen,0,15,0.6688888888888889
mixed + one module strengthens,150,3,"overlap: min(cosine, radial)",null: random,0,20,
mixed + one module strengthens,150,3,"overlap: min(cosine, radial)",null: module,0,20,
mixed + one module strengthens,150,3,"overlap: min(cosine, radial)",null: hub-rich module,4,20,
mixed + one module strengthens,150,3,"max(euclidean, cosine)",switch,15,15,1.0
mixed + one module strengthens,150,3,"max(euclidean, cosine)",hub,14,15,0.99
mixed + one module strengthens,150,3,"max(euclidean, cosine)",strengthen,0,15,0.8633333333333333
mixed + one module strengthens,150,3,"max(euclidean, cosine)",null: random,0,20,
mixed + one module strengthens,150,3,"max(euclidean, cosine)",null: module,0,20,
mixed + one module strengthens,150,3,"max(euclidean, cosine)",null: hub-rich module,4,20,
mixed + one module strengthens,150,3,"min(euclidean, cosine)",switch,0,15,0.8466666666666667
mixed + one module strengthens,150,3,"min(euclidean, cosine)",hub,4,15,0.9344444444444444
mixed + one module strengthens,150,3,"min(euclidean, cosine)",strengthen,0,15,0.38
mixed + one module strengthens,150,3,"min(euclidean, cosine)",null: random,0,20,
mixed + one module strengthens,150,3,"min(euclidean, cosine)",null: module,0,20,
mixed + one module strengthens,150,3,"min(euclidean, cosine)",null: hub-rich module,4,20,
mixed + one module strengthens,150,4,"default (euclidean + cosine, 4-24)",switch,12,15,0.9866666666666667
mixed + one module strengthens,150,4,"default (euclidean + cosine, 4-24)",hub,12,15,0.9844444444444445
mixed + one module strengthens,150,4,"default (euclidean + cosine, 4-24)",strengthen,0,15,0.8555555555555555
mixed + one module strengthens,150,4,"default (euclidean + cosine, 4-24)",null: random,0,20,
mixed + one module strengthens,150,4,"default (euclidean + cosine, 4-24)",null: module,0,20,
mixed + one module strengthens,150,4,"default (euclidean + cosine, 4-24)",null: hub-rich module,1,20,
mixed + one module strengthens,150,4,"cosine, 4-24",switch,15,15,1.0
mixed + one module strengthens,150,4,"cosine, 4-24",hub,4,15,0.8855555555555555
mixed + one module strengthens,150,4,"cosine, 4-24",strengthen,0,15,0.8222222222222222
mixed + one module strengthens,150,4,"cosine, 4-24",null: random,0,20,
mixed + one module strengthens,150,4,"cosine, 4-24",null: module,1,20,
mixed + one module strengthens,150,4,"cosine, 4-24",null: hub-rich module,2,20,
mixed + one module strengthens,150,4,"radial, 4-24",switch,0,15,0.6088888888888889
mixed + one module strengthens,150,4,"radial, 4-24",hub,10,15,1.0
mixed + one module strengthens,150,4,"radial, 4-24",strengthen,13,15,1.0
mixed + one module strengthens,150,4,"radial, 4-24",null: random,0,20,
mixed + one module strengthens,150,4,"radial, 4-24",null: module,0,20,
mixed + one module strengthens,150,4,"radial, 4-24",null: hub-rich module,0,20,
mixed + one module strengthens,150,4,"euclidean, 4-24",switch,3,15,0.9344444444444444
mixed + one module strengthens,150,4,"euclidean, 4-24",hub,15,15,1.0
mixed + one module strengthens,150,4,"euclidean, 4-24",strengthen,0,15,0.9088888888888889
mixed + one module strengthens,150,4,"euclidean, 4-24",null: random,0,20,
mixed + one module strengthens,150,4,"euclidean, 4-24",null: module,0,20,
mixed + one module strengthens,150,4,"euclidean, 4-24",null: hub-rich module,0,20,
mixed + one module strengthens,150,4,"radial + cosine, 4-24",switch,6,15,0.9677777777777777
mixed + one module strengthens,150,4,"radial + cosine, 4-24",hub,10,15,0.9877777777777778
mixed + one module strengthens,150,4,"radial + cosine, 4-24",strengthen,0,15,0.9844444444444445
mixed + one module strengthens,150,4,"radial + cosine, 4-24",null: random,0,20,
mixed + one module strengthens,150,4,"radial + cosine, 4-24",null: module,0,20,
mixed + one module strengthens,150,4,"radial + cosine, 4-24",null: hub-rich module,0,20,
mixed + one module strengthens,150,4,"cosine, d=8 (true rank)",switch,15,15,0.99
mixed + one module strengthens,150,4,"cosine, d=8 (true rank)",hub,8,15,0.9733333333333334
mixed + one module strengthens,150,4,"cosine, d=8 (true rank)",strengthen,0,15,0.9466666666666667
mixed + one module strengthens,150,4,"cosine, d=8 (true rank)",null: random,0,20,
mixed + one module strengthens,150,4,"cosine, d=8 (true rank)",null: module,0,20,
mixed + one module strengthens,150,4,"cosine, d=8 (true rank)",null: hub-rich module,1,20,
mixed + one module strengthens,150,4,"radial, d=8 (true rank)",switch,0,15,0.5977777777777777
mixed + one module strengthens,150,4,"radial, d=8 (true rank)",hub,10,15,0.9933333333333333
mixed + one module strengthens,150,4,"radial, d=8 (true rank)",strengthen,15,15,1.0
mixed + one module strengthens,150,4,"radial, d=8 (true rank)",null: random,0,20,
mixed + one module strengthens,150,4,"radial, d=8 (true rank)",null: module,0,20,
mixed + one module strengthens,150,4,"radial, d=8 (true rank)",null: hub-rich module,0,20,
mixed + one module strengthens,150,4,degree difference,switch,0,15,0.77
mixed + one module strengthens,150,4,degree difference,hub,0,15,0.9522222222222222
mixed + one module strengthens,150,4,degree difference,strengthen,0,15,1.0
mixed + one module strengthens,150,4,degree difference,null: random,0,20,
mixed + one module strengthens,150,4,degree difference,null: module,0,20,
mixed + one module strengthens,150,4,degree difference,null: hub-rich module,0,20,
mixed + one module strengthens,150,4,"overlap: min(cosine, radial)",switch,0,15,0.6566666666666666
mixed + one module strengthens,150,4,"overlap: min(cosine, radial)",hub,1,15,0.9655555555555555
mixed + one module strengthens,150,4,"overlap: min(cosine, radial)",strengthen,0,15,0.99
mixed + one module strengthens,150,4,"overlap: min(cosine, radial)",null: random,0,20,
mixed + one module strengthens,150,4,"overlap: min(cosine, radial)",null: module,0,20,
mixed + one module strengthens,150,4,"overlap: min(cosine, radial)",null: hub-rich module,0,20,
mixed + one module strengthens,150,4,"max(euclidean, cosine)",switch,15,15,1.0
mixed + one module strengthens,150,4,"max(euclidean, cosine)",hub,15,15,1.0
mixed + one module strengthens,150,4,"max(euclidean, cosine)",strengthen,0,15,0.9144444444444444
mixed + one module strengthens,150,4,"max(euclidean, cosine)",null: random,0,20,
mixed + one module strengthens,150,4,"max(euclidean, cosine)",null: module,0,20,
mixed + one module strengthens,150,4,"max(euclidean, cosine)",null: hub-rich module,1,20,
mixed + one module strengthens,150,4,"min(euclidean, cosine)",switch,4,15,0.8822222222222222
mixed + one module strengthens,150,4,"min(euclidean, cosine)",hub,7,15,0.9388888888888889
mixed + one module strengthens,150,4,"min(euclidean, cosine)",strengthen,0,15,0.8255555555555556
mixed + one module strengthens,150,4,"min(euclidean, cosine)",null: random,0,20,
mixed + one module strengthens,150,4,"min(euclidean, cosine)",null: module,1,20,
mixed + one module strengthens,150,4,"min(euclidean, cosine)",null: hub-rich module,1,20,
mixed + one module strengthens,150,5,"default (euclidean + cosine, 4-24)",switch,15,15,1.0
mixed + one module strengthens,150,5,"default (euclidean + cosine, 4-24)",hub,12,15,1.0
mixed + one module strengthens,150,5,"default (euclidean + cosine, 4-24)",strengthen,0,15,0.31222222222222223
mixed + one module strengthens,150,5,"default (euclidean + cosine, 4-24)",null: random,0,20,
mixed + one module strengthens,150,5,"default (euclidean + cosine, 4-24)",null: module,0,20,
mixed + one module strengthens,150,5,"default (euclidean + cosine, 4-24)",null: hub-rich module,0,20,
mixed + one module strengthens,150,5,"cosine, 4-24",switch,15,15,1.0
mixed + one module strengthens,150,5,"cosine, 4-24",hub,7,15,0.9055555555555556
mixed + one module strengthens,150,5,"cosine, 4-24",strengthen,0,15,0.38
mixed + one module strengthens,150,5,"cosine, 4-24",null: random,0,20,
mixed + one module strengthens,150,5,"cosine, 4-24",null: module,0,20,
mixed + one module strengthens,150,5,"cosine, 4-24",null: hub-rich module,0,20,
mixed + one module strengthens,150,5,"radial, 4-24",switch,0,15,0.68
mixed + one module strengthens,150,5,"radial, 4-24",hub,4,15,1.0
mixed + one module strengthens,150,5,"radial, 4-24",strengthen,0,15,0.9188888888888889
mixed + one module strengthens,150,5,"radial, 4-24",null: random,0,20,
mixed + one module strengthens,150,5,"radial, 4-24",null: module,0,20,
mixed + one module strengthens,150,5,"radial, 4-24",null: hub-rich module,0,20,
mixed + one module strengthens,150,5,"euclidean, 4-24",switch,7,15,0.9955555555555555
mixed + one module strengthens,150,5,"euclidean, 4-24",hub,15,15,1.0
mixed + one module strengthens,150,5,"euclidean, 4-24",strengthen,0,15,0.23222222222222222
mixed + one module strengthens,150,5,"euclidean, 4-24",null: random,0,20,
mixed + one module strengthens,150,5,"euclidean, 4-24",null: module,0,20,
mixed + one module strengthens,150,5,"euclidean, 4-24",null: hub-rich module,0,20,
mixed + one module strengthens,150,5,"radial + cosine, 4-24",switch,12,15,1.0
mixed + one module strengthens,150,5,"radial + cosine, 4-24",hub,9,15,1.0
mixed + one module strengthens,150,5,"radial + cosine, 4-24",strengthen,0,15,0.6144444444444445
mixed + one module strengthens,150,5,"radial + cosine, 4-24",null: random,0,20,
mixed + one module strengthens,150,5,"radial + cosine, 4-24",null: module,0,20,
mixed + one module strengthens,150,5,"radial + cosine, 4-24",null: hub-rich module,0,20,
mixed + one module strengthens,150,5,"cosine, d=8 (true rank)",switch,14,15,1.0
mixed + one module strengthens,150,5,"cosine, d=8 (true rank)",hub,11,15,1.0
mixed + one module strengthens,150,5,"cosine, d=8 (true rank)",strengthen,0,15,0.8088888888888889
mixed + one module strengthens,150,5,"cosine, d=8 (true rank)",null: random,0,20,
mixed + one module strengthens,150,5,"cosine, d=8 (true rank)",null: module,0,20,
mixed + one module strengthens,150,5,"cosine, d=8 (true rank)",null: hub-rich module,0,20,
mixed + one module strengthens,150,5,"radial, d=8 (true rank)",switch,0,15,0.5433333333333333
mixed + one module strengthens,150,5,"radial, d=8 (true rank)",hub,4,15,0.9866666666666667
mixed + one module strengthens,150,5,"radial, d=8 (true rank)",strengthen,0,15,0.9711111111111111
mixed + one module strengthens,150,5,"radial, d=8 (true rank)",null: random,0,20,
mixed + one module strengthens,150,5,"radial, d=8 (true rank)",null: module,0,20,
mixed + one module strengthens,150,5,"radial, d=8 (true rank)",null: hub-rich module,0,20,
mixed + one module strengthens,150,5,degree difference,switch,0,15,0.95
mixed + one module strengthens,150,5,degree difference,hub,0,15,0.9988888888888889
mixed + one module strengthens,150,5,degree difference,strengthen,0,15,1.0
mixed + one module strengthens,150,5,degree difference,null: random,0,20,
mixed + one module strengthens,150,5,degree difference,null: module,0,20,
mixed + one module strengthens,150,5,degree difference,null: hub-rich module,0,20,
mixed + one module strengthens,150,5,"overlap: min(cosine, radial)",switch,0,15,0.7433333333333333
mixed + one module strengthens,150,5,"overlap: min(cosine, radial)",hub,5,15,0.9888888888888889
mixed + one module strengthens,150,5,"overlap: min(cosine, radial)",strengthen,0,15,0.55
mixed + one module strengthens,150,5,"overlap: min(cosine, radial)",null: random,0,20,
mixed + one module strengthens,150,5,"overlap: min(cosine, radial)",null: module,0,20,
mixed + one module strengthens,150,5,"overlap: min(cosine, radial)",null: hub-rich module,0,20,
mixed + one module strengthens,150,5,"max(euclidean, cosine)",switch,15,15,1.0
mixed + one module strengthens,150,5,"max(euclidean, cosine)",hub,13,15,1.0
mixed + one module strengthens,150,5,"max(euclidean, cosine)",strengthen,0,15,0.28888888888888886
mixed + one module strengthens,150,5,"max(euclidean, cosine)",null: random,0,20,
mixed + one module strengthens,150,5,"max(euclidean, cosine)",null: module,0,20,
mixed + one module strengthens,150,5,"max(euclidean, cosine)",null: hub-rich module,0,20,
mixed + one module strengthens,150,5,"min(euclidean, cosine)",switch,10,15,0.9555555555555556
mixed + one module strengthens,150,5,"min(euclidean, cosine)",hub,11,15,0.9722222222222222
mixed + one module strengthens,150,5,"min(euclidean, cosine)",strengthen,0,15,0.3322222222222222
mixed + one module strengthens,150,5,"min(euclidean, cosine)",null: random,0,20,
mixed + one module strengthens,150,5,"min(euclidean, cosine)",null: module,0,20,
mixed + one module strengthens,150,5,"min(euclidean, cosine)",null: hub-rich module,0,20,
mixed + one module strengthens,150,6,"default (euclidean + cosine, 4-24)",switch,13,15,0.9855555555555555
mixed + one module strengthens,150,6,"default (euclidean + cosine, 4-24)",hub,12,15,0.9788888888888889
mixed + one module strengthens,150,6,"default (euclidean + cosine, 4-24)",strengthen,0,15,0.5377777777777778
mixed + one module strengthens,150,6,"default (euclidean + cosine, 4-24)",null: random,0,20,
mixed + one module strengthens,150,6,"default (euclidean + cosine, 4-24)",null: module,0,20,
mixed + one module strengthens,150,6,"default (euclidean + cosine, 4-24)",null: hub-rich module,3,20,
mixed + one module strengthens,150,6,"cosine, 4-24",switch,15,15,1.0
mixed + one module strengthens,150,6,"cosine, 4-24",hub,11,15,0.9022222222222223
mixed + one module strengthens,150,6,"cosine, 4-24",strengthen,0,15,0.37222222222222223
mixed + one module strengthens,150,6,"cosine, 4-24",null: random,0,20,
mixed + one module strengthens,150,6,"cosine, 4-24",null: module,2,20,
mixed + one module strengthens,150,6,"cosine, 4-24",null: hub-rich module,8,20,
mixed + one module strengthens,150,6,"radial, 4-24",switch,0,15,0.5511111111111111
mixed + one module strengthens,150,6,"radial, 4-24",hub,6,15,1.0
mixed + one module strengthens,150,6,"radial, 4-24",strengthen,0,15,1.0
mixed + one module strengthens,150,6,"radial, 4-24",null: random,0,20,
mixed + one module strengthens,150,6,"radial, 4-24",null: module,0,20,
mixed + one module strengthens,150,6,"radial, 4-24",null: hub-rich module,0,20,
mixed + one module strengthens,150,6,"euclidean, 4-24",switch,3,15,0.8944444444444445
mixed + one module strengthens,150,6,"euclidean, 4-24",hub,15,15,1.0
mixed + one module strengthens,150,6,"euclidean, 4-24",strengthen,0,15,0.8511111111111112
mixed + one module strengthens,150,6,"euclidean, 4-24",null: random,0,20,
mixed + one module strengthens,150,6,"euclidean, 4-24",null: module,0,20,
mixed + one module strengthens,150,6,"euclidean, 4-24",null: hub-rich module,0,20,
mixed + one module strengthens,150,6,"radial + cosine, 4-24",switch,8,15,0.9522222222222222
mixed + one module strengthens,150,6,"radial + cosine, 4-24",hub,12,15,0.9844444444444445
mixed + one module strengthens,150,6,"radial + cosine, 4-24",strengthen,0,15,0.8644444444444445
mixed + one module strengthens,150,6,"radial + cosine, 4-24",null: random,0,20,
mixed + one module strengthens,150,6,"radial + cosine, 4-24",null: module,0,20,
mixed + one module strengthens,150,6,"radial + cosine, 4-24",null: hub-rich module,0,20,
mixed + one module strengthens,150,6,"cosine, d=8 (true rank)",switch,15,15,0.9944444444444445
mixed + one module strengthens,150,6,"cosine, d=8 (true rank)",hub,14,15,0.9744444444444444
mixed + one module strengthens,150,6,"cosine, d=8 (true rank)",strengthen,0,15,0.58
mixed + one module strengthens,150,6,"cosine, d=8 (true rank)",null: random,0,20,
mixed + one module strengthens,150,6,"cosine, d=8 (true rank)",null: module,0,20,
mixed + one module strengthens,150,6,"cosine, d=8 (true rank)",null: hub-rich module,4,20,
mixed + one module strengthens,150,6,"radial, d=8 (true rank)",switch,0,15,0.52
mixed + one module strengthens,150,6,"radial, d=8 (true rank)",hub,6,15,0.9988888888888889
mixed + one module strengthens,150,6,"radial, d=8 (true rank)",strengthen,13,15,1.0
mixed + one module strengthens,150,6,"radial, d=8 (true rank)",null: random,0,20,
mixed + one module strengthens,150,6,"radial, d=8 (true rank)",null: module,0,20,
mixed + one module strengthens,150,6,"radial, d=8 (true rank)",null: hub-rich module,0,20,
mixed + one module strengthens,150,6,degree difference,switch,0,15,0.77
mixed + one module strengthens,150,6,degree difference,hub,0,15,0.9411111111111111
mixed + one module strengthens,150,6,degree difference,strengthen,0,15,1.0
mixed + one module strengthens,150,6,degree difference,null: random,0,20,
mixed + one module strengthens,150,6,degree difference,null: module,0,20,
mixed + one module strengthens,150,6,degree difference,null: hub-rich module,0,20,
mixed + one module strengthens,150,6,"overlap: min(cosine, radial)",switch,2,15,0.6844444444444444
mixed + one module strengthens,150,6,"overlap: min(cosine, radial)",hub,12,15,0.9666666666666667
mixed + one module strengthens,150,6,"overlap: min(cosine, radial)",strengthen,0,15,0.8
mixed + one module strengthens,150,6,"overlap: min(cosine, radial)",null: random,0,20,
mixed + one module strengthens,150,6,"overlap: min(cosine, radial)",null: module,1,20,
mixed + one module strengthens,150,6,"overlap: min(cosine, radial)",null: hub-rich module,3,20,
mixed + one module strengthens,150,6,"max(euclidean, cosine)",switch,15,15,1.0
mixed + one module strengthens,150,6,"max(euclidean, cosine)",hub,15,15,1.0
mixed + one module strengthens,150,6,"max(euclidean, cosine)",strengthen,0,15,0.6077777777777778
mixed + one module strengthens,150,6,"max(euclidean, cosine)",null: random,0,20,
mixed + one module strengthens,150,6,"max(euclidean, cosine)",null: module,0,20,
mixed + one module strengthens,150,6,"max(euclidean, cosine)",null: hub-rich module,0,20,
mixed + one module strengthens,150,6,"min(euclidean, cosine)",switch,9,15,0.8633333333333333
mixed + one module strengthens,150,6,"min(euclidean, cosine)",hub,12,15,0.9455555555555556
mixed + one module strengthens,150,6,"min(euclidean, cosine)",strengthen,0,15,0.5333333333333333
mixed + one module strengthens,150,6,"min(euclidean, cosine)",null: random,0,20,
mixed + one module strengthens,150,6,"min(euclidean, cosine)",null: module,1,20,
mixed + one module strengthens,150,6,"min(euclidean, cosine)",null: hub-rich module,6,20,
mixed + one module strengthens,150,7,"default (euclidean + cosine, 4-24)",switch,14,15,1.0
mixed + one module strengthens,150,7,"default (euclidean + cosine, 4-24)",hub,10,15,0.97
mixed + one module strengthens,150,7,"default (euclidean + cosine, 4-24)",strengthen,0,15,0.7022222222222222
mixed + one module strengthens,150,7,"default (euclidean + cosine, 4-24)",null: random,0,20,
mixed + one module strengthens,150,7,"default (euclidean + cosine, 4-24)",null: module,0,20,
mixed + one module strengthens,150,7,"default (euclidean + cosine, 4-24)",null: hub-rich module,0,20,
mixed + one module strengthens,150,7,"cosine, 4-24",switch,15,15,1.0
mixed + one module strengthens,150,7,"cosine, 4-24",hub,4,15,0.7377777777777778
mixed + one module strengthens,150,7,"cosine, 4-24",strengthen,0,15,0.5888888888888889
mixed + one module strengthens,150,7,"cosine, 4-24",null: random,0,20,
mixed + one module strengthens,150,7,"cosine, 4-24",null: module,6,20,
mixed + one module strengthens,150,7,"cosine, 4-24",null: hub-rich module,6,20,
mixed + one module strengthens,150,7,"radial, 4-24",switch,0,15,0.8255555555555556
mixed + one module strengthens,150,7,"radial, 4-24",hub,13,15,1.0
mixed + one module strengthens,150,7,"radial, 4-24",strengthen,2,15,1.0
mixed + one module strengthens,150,7,"radial, 4-24",null: random,0,20,
mixed + one module strengthens,150,7,"radial, 4-24",null: module,0,20,
mixed + one module strengthens,150,7,"radial, 4-24",null: hub-rich module,0,20,
mixed + one module strengthens,150,7,"euclidean, 4-24",switch,3,15,0.9933333333333333
mixed + one module strengthens,150,7,"euclidean, 4-24",hub,15,15,1.0
mixed + one module strengthens,150,7,"euclidean, 4-24",strengthen,0,15,0.9933333333333333
mixed + one module strengthens,150,7,"euclidean, 4-24",null: random,0,20,
mixed + one module strengthens,150,7,"euclidean, 4-24",null: module,0,20,
mixed + one module strengthens,150,7,"euclidean, 4-24",null: hub-rich module,0,20,
mixed + one module strengthens,150,7,"radial + cosine, 4-24",switch,10,15,0.9955555555555555
mixed + one module strengthens,150,7,"radial + cosine, 4-24",hub,11,15,0.9922222222222222
mixed + one module strengthens,150,7,"radial + cosine, 4-24",strengthen,0,15,0.96
mixed + one module strengthens,150,7,"radial + cosine, 4-24",null: random,0,20,
mixed + one module strengthens,150,7,"radial + cosine, 4-24",null: module,0,20,
mixed + one module strengthens,150,7,"radial + cosine, 4-24",null: hub-rich module,0,20,
mixed + one module strengthens,150,7,"cosine, d=8 (true rank)",switch,15,15,1.0
mixed + one module strengthens,150,7,"cosine, d=8 (true rank)",hub,10,15,0.9744444444444444
mixed + one module strengthens,150,7,"cosine, d=8 (true rank)",strengthen,0,15,0.8055555555555556
mixed + one module strengthens,150,7,"cosine, d=8 (true rank)",null: random,0,20,
mixed + one module strengthens,150,7,"cosine, d=8 (true rank)",null: module,0,20,
mixed + one module strengthens,150,7,"cosine, d=8 (true rank)",null: hub-rich module,0,20,
mixed + one module strengthens,150,7,"radial, d=8 (true rank)",switch,0,15,0.7722222222222223
mixed + one module strengthens,150,7,"radial, d=8 (true rank)",hub,13,15,1.0
mixed + one module strengthens,150,7,"radial, d=8 (true rank)",strengthen,0,15,1.0
mixed + one module strengthens,150,7,"radial, d=8 (true rank)",null: random,0,20,
mixed + one module strengthens,150,7,"radial, d=8 (true rank)",null: module,0,20,
mixed + one module strengthens,150,7,"radial, d=8 (true rank)",null: hub-rich module,0,20,
mixed + one module strengthens,150,7,degree difference,switch,0,15,0.8911111111111111
mixed + one module strengthens,150,7,degree difference,hub,12,15,1.0
mixed + one module strengthens,150,7,degree difference,strengthen,0,15,0.9722222222222222
mixed + one module strengthens,150,7,degree difference,null: random,0,20,
mixed + one module strengthens,150,7,degree difference,null: module,0,20,
mixed + one module strengthens,150,7,degree difference,null: hub-rich module,0,20,
mixed + one module strengthens,150,7,"overlap: min(cosine, radial)",switch,0,15,0.5922222222222222
mixed + one module strengthens,150,7,"overlap: min(cosine, radial)",hub,8,15,0.9411111111111111
mixed + one module strengthens,150,7,"overlap: min(cosine, radial)",strengthen,0,15,0.8688888888888889
mixed + one module strengthens,150,7,"overlap: min(cosine, radial)",null: random,0,20,
mixed + one module strengthens,150,7,"overlap: min(cosine, radial)",null: module,0,20,
mixed + one module strengthens,150,7,"overlap: min(cosine, radial)",null: hub-rich module,0,20,
mixed + one module strengthens,150,7,"max(euclidean, cosine)",switch,15,15,1.0
mixed + one module strengthens,150,7,"max(euclidean, cosine)",hub,12,15,1.0
mixed + one module strengthens,150,7,"max(euclidean, cosine)",strengthen,0,15,0.9177777777777778
mixed + one module strengthens,150,7,"max(euclidean, cosine)",null: random,0,20,
mixed + one module strengthens,150,7,"max(euclidean, cosine)",null: module,0,20,
mixed + one module strengthens,150,7,"max(euclidean, cosine)",null: hub-rich module,0,20,
mixed + one module strengthens,150,7,"min(euclidean, cosine)",switch,3,15,0.8166666666666667
mixed + one module strengthens,150,7,"min(euclidean, cosine)",hub,5,15,0.8677777777777778
mixed + one module strengthens,150,7,"min(euclidean, cosine)",strengthen,0,15,0.6366666666666667
mixed + one module strengthens,150,7,"min(euclidean, cosine)",null: random,0,20,
mixed + one module strengthens,150,7,"min(euclidean, cosine)",null: module,0,20,
mixed + one module strengthens,150,7,"min(euclidean, cosine)",null: hub-rich module,0,20,
mixed + one module strengthens,400,0,"default (euclidean + cosine, 4-24)",switch,15,15,1.0
mixed + one module strengthens,400,0,"default (euclidean + cosine, 4-24)",hub,6,15,0.8
mixed + one module strengthens,400,0,"default (euclidean + cosine, 4-24)",strengthen,0,15,0.51
mixed + one module strengthens,400,0,"default (euclidean + cosine, 4-24)",null: random,0,20,
mixed + one module strengthens,400,0,"default (euclidean + cosine, 4-24)",null: module,6,20,
mixed + one module strengthens,400,0,"default (euclidean + cosine, 4-24)",null: hub-rich module,9,20,
mixed + one module strengthens,400,0,"cosine, 4-24",switch,15,15,0.9911111111111112
mixed + one module strengthens,400,0,"cosine, 4-24",hub,4,15,0.48
mixed + one module strengthens,400,0,"cosine, 4-24",strengthen,15,15,0.9433333333333334
mixed + one module strengthens,400,0,"cosine, 4-24",null: random,0,20,
mixed + one module strengthens,400,0,"cosine, 4-24",null: module,6,20,
mixed + one module strengthens,400,0,"cosine, 4-24",null: hub-rich module,11,20,
mixed + one module strengthens,400,0,"radial, 4-24",switch,0,15,0.8266666666666667
mixed + one module strengthens,400,0,"radial, 4-24",hub,11,15,1.0
mixed + one module strengthens,400,0,"radial, 4-24",strengthen,0,15,1.0
mixed + one module strengthens,400,0,"radial, 4-24",null: random,0,20,
mixed + one module strengthens,400,0,"radial, 4-24",null: module,0,20,
mixed + one module strengthens,400,0,"radial, 4-24",null: hub-rich module,0,20,
mixed + one module strengthens,400,0,"euclidean, 4-24",switch,6,15,0.8433333333333334
mixed + one module strengthens,400,0,"euclidean, 4-24",hub,14,15,1.0
mixed + one module strengthens,400,0,"euclidean, 4-24",strengthen,0,15,0.21555555555555556
mixed + one module strengthens,400,0,"euclidean, 4-24",null: random,0,20,
mixed + one module strengthens,400,0,"euclidean, 4-24",null: module,0,20,
mixed + one module strengthens,400,0,"euclidean, 4-24",null: hub-rich module,0,20,
mixed + one module strengthens,400,0,"radial + cosine, 4-24",switch,14,15,1.0
mixed + one module strengthens,400,0,"radial + cosine, 4-24",hub,5,15,0.93
mixed + one module strengthens,400,0,"radial + cosine, 4-24",strengthen,0,15,0.7922222222222223
mixed + one module strengthens,400,0,"radial + cosine, 4-24",null: random,0,20,
mixed + one module strengthens,400,0,"radial + cosine, 4-24",null: module,0,20,
mixed + one module strengthens,400,0,"radial + cosine, 4-24",null: hub-rich module,0,20,
mixed + one module strengthens,400,0,"cosine, d=8 (true rank)",switch,15,15,1.0
mixed + one module strengthens,400,0,"cosine, d=8 (true rank)",hub,8,15,0.9722222222222222
mixed + one module strengthens,400,0,"cosine, d=8 (true rank)",strengthen,0,15,0.39
mixed + one module strengthens,400,0,"cosine, d=8 (true rank)",null: random,0,20,
mixed + one module strengthens,400,0,"cosine, d=8 (true rank)",null: module,1,20,
mixed + one module strengthens,400,0,"cosine, d=8 (true rank)",null: hub-rich module,0,20,
mixed + one module strengthens,400,0,"radial, d=8 (true rank)",switch,0,15,0.7866666666666666
mixed + one module strengthens,400,0,"radial, d=8 (true rank)",hub,12,15,1.0
mixed + one module strengthens,400,0,"radial, d=8 (true rank)",strengthen,4,15,1.0
mixed + one module strengthens,400,0,"radial, d=8 (true rank)",null: random,0,20,
mixed + one module strengthens,400,0,"radial, d=8 (true rank)",null: module,0,20,
mixed + one module strengthens,400,0,"radial, d=8 (true rank)",null: hub-rich module,0,20,
mixed + one module strengthens,400,0,degree difference,switch,0,15,0.9811111111111112
mixed + one module strengthens,400,0,degree difference,hub,0,15,0.9955555555555555
mixed + one module strengthens,400,0,degree difference,strengthen,0,15,1.0
mixed + one module strengthens,400,0,degree difference,null: random,0,20,
mixed + one module strengthens,400,0,degree difference,null: module,0,20,
mixed + one module strengthens,400,0,degree difference,null: hub-rich module,0,20,
mixed + one module strengthens,400,0,"overlap: min(cosine, radial)",switch,5,15,0.5844444444444444
mixed + one module strengthens,400,0,"overlap: min(cosine, radial)",hub,4,15,0.7455555555555555
mixed + one module strengthens,400,0,"overlap: min(cosine, radial)",strengthen,0,15,0.4077777777777778
mixed + one module strengthens,400,0,"overlap: min(cosine, radial)",null: random,0,20,
mixed + one module strengthens,400,0,"overlap: min(cosine, radial)",null: module,8,20,
mixed + one module strengthens,400,0,"overlap: min(cosine, radial)",null: hub-rich module,9,20,
mixed + one module strengthens,400,0,"max(euclidean, cosine)",switch,15,15,0.9811111111111112
mixed + one module strengthens,400,0,"max(euclidean, cosine)",hub,7,15,0.8166666666666667
mixed + one module strengthens,400,0,"max(euclidean, cosine)",strengthen,15,15,0.95
mixed + one module strengthens,400,0,"max(euclidean, cosine)",null: random,0,20,
mixed + one module strengthens,400,0,"max(euclidean, cosine)",null: module,1,20,
mixed + one module strengthens,400,0,"max(euclidean, cosine)",null: hub-rich module,2,20,
mixed + one module strengthens,400,0,"min(euclidean, cosine)",switch,8,15,0.79
mixed + one module strengthens,400,0,"min(euclidean, cosine)",hub,6,15,0.7
mixed + one module strengthens,400,0,"min(euclidean, cosine)",strengthen,0,15,0.07
mixed + one module strengthens,400,0,"min(euclidean, cosine)",null: random,0,20,
mixed + one module strengthens,400,0,"min(euclidean, cosine)",null: module,10,20,
mixed + one module strengthens,400,0,"min(euclidean, cosine)",null: hub-rich module,9,20,
mixed + one module strengthens,400,1,"default (euclidean + cosine, 4-24)",switch,15,15,1.0
mixed + one module strengthens,400,1,"default (euclidean + cosine, 4-24)",hub,14,15,0.9944444444444445
mixed + one module strengthens,400,1,"default (euclidean + cosine, 4-24)",strengthen,0,15,0.2777777777777778
mixed + one module strengthens,400,1,"default (euclidean + cosine, 4-24)",null: random,0,20,
mixed + one module strengthens,400,1,"default (euclidean + cosine, 4-24)",null: module,0,20,
mixed + one module strengthens,400,1,"default (euclidean + cosine, 4-24)",null: hub-rich module,4,20,
mixed + one module strengthens,400,1,"cosine, 4-24",switch,15,15,1.0
mixed + one module strengthens,400,1,"cosine, 4-24",hub,10,15,0.8422222222222222
mixed + one module strengthens,400,1,"cosine, 4-24",strengthen,0,15,0.2088888888888889
mixed + one module strengthens,400,1,"cosine, 4-24",null: random,0,20,
mixed + one module strengthens,400,1,"cosine, 4-24",null: module,3,20,
mixed + one module strengthens,400,1,"cosine, 4-24",null: hub-rich module,6,20,
mixed + one module strengthens,400,1,"radial, 4-24",switch,0,15,0.5133333333333333
mixed + one module strengthens,400,1,"radial, 4-24",hub,14,15,1.0
mixed + one module strengthens,400,1,"radial, 4-24",strengthen,13,15,1.0
mixed + one module strengthens,400,1,"radial, 4-24",null: random,0,20,
mixed + one module strengthens,400,1,"radial, 4-24",null: module,0,20,
mixed + one module strengthens,400,1,"radial, 4-24",null: hub-rich module,0,20,
mixed + one module strengthens,400,1,"euclidean, 4-24",switch,1,15,0.9
mixed + one module strengthens,400,1,"euclidean, 4-24",hub,15,15,1.0
mixed + one module strengthens,400,1,"euclidean, 4-24",strengthen,0,15,0.5211111111111111
mixed + one module strengthens,400,1,"euclidean, 4-24",null: random,0,20,
mixed + one module strengthens,400,1,"euclidean, 4-24",null: module,0,20,
mixed + one module strengthens,400,1,"euclidean, 4-24",null: hub-rich module,0,20,
mixed + one module strengthens,400,1,"radial + cosine, 4-24",switch,15,15,1.0
mixed + one module strengthens,400,1,"radial + cosine, 4-24",hub,14,15,0.9988888888888889
mixed + one module strengthens,400,1,"radial + cosine, 4-24",strengthen,0,15,0.9044444444444445
mixed + one module strengthens,400,1,"radial + cosine, 4-24",null: random,0,20,
mixed + one module strengthens,400,1,"radial + cosine, 4-24",null: module,0,20,
mixed + one module strengthens,400,1,"radial + cosine, 4-24",null: hub-rich module,0,20,
mixed + one module strengthens,400,1,"cosine, d=8 (true rank)",switch,15,15,1.0
mixed + one module strengthens,400,1,"cosine, d=8 (true rank)",hub,12,15,0.9633333333333334
mixed + one module strengthens,400,1,"cosine, d=8 (true rank)",strengthen,0,15,0.5466666666666666
mixed + one module strengthens,400,1,"cosine, d=8 (true rank)",null: random,0,20,
mixed + one module strengthens,400,1,"cosine, d=8 (true rank)",null: module,0,20,
mixed + one module strengthens,400,1,"cosine, d=8 (true rank)",null: hub-rich module,3,20,
mixed + one module strengthens,400,1,"radial, d=8 (true rank)",switch,0,15,0.36
mixed + one module strengthens,400,1,"radial, d=8 (true rank)",hub,15,15,1.0
mixed + one module strengthens,400,1,"radial, d=8 (true rank)",strengthen,15,15,1.0
mixed + one module strengthens,400,1,"radial, d=8 (true rank)",null: random,0,20,
mixed + one module strengthens,400,1,"radial, d=8 (true rank)",null: module,0,20,
mixed + one module strengthens,400,1,"radial, d=8 (true rank)",null: hub-rich module,0,20,
mixed + one module strengthens,400,1,degree difference,switch,0,15,0.6555555555555556
mixed + one module strengthens,400,1,degree difference,hub,0,15,0.9722222222222222
mixed + one module strengthens,400,1,degree difference,strengthen,0,15,1.0
mixed + one module strengthens,400,1,degree difference,null: random,0,20,
mixed + one module strengthens,400,1,degree difference,null: module,0,20,
mixed + one module strengthens,400,1,degree difference,null: hub-rich module,0,20,
mixed + one module strengthens,400,1,"overlap: min(cosine, radial)",switch,1,15,0.7344444444444445
mixed + one module strengthens,400,1,"overlap: min(cosine, radial)",hub,9,15,0.9766666666666667
mixed + one module strengthens,400,1,"overlap: min(cosine, radial)",strengthen,0,15,0.6377777777777778
mixed + one module strengthens,400,1,"overlap: min(cosine, radial)",null: random,0,20,
mixed + one module strengthens,400,1,"overlap: min(cosine, radial)",null: module,0,20,
mixed + one module strengthens,400,1,"overlap: min(cosine, radial)",null: hub-rich module,0,20,
mixed + one module strengthens,400,1,"max(euclidean, cosine)",switch,15,15,1.0
mixed + one module strengthens,400,1,"max(euclidean, cosine)",hub,15,15,0.9977777777777778
mixed + one module strengthens,400,1,"max(euclidean, cosine)",strengthen,0,15,0.67
mixed + one module strengthens,400,1,"max(euclidean, cosine)",null: random,0,20,
mixed + one module strengthens,400,1,"max(euclidean, cosine)",null: module,0,20,
mixed + one module strengthens,400,1,"max(euclidean, cosine)",null: hub-rich module,2,20,
mixed + one module strengthens,400,1,"min(euclidean, cosine)",switch,13,15,0.92
mixed + one module strengthens,400,1,"min(euclidean, cosine)",hub,10,15,0.8744444444444445
mixed + one module strengthens,400,1,"min(euclidean, cosine)",strengthen,0,15,0.2388888888888889
mixed + one module strengthens,400,1,"min(euclidean, cosine)",null: random,0,20,
mixed + one module strengthens,400,1,"min(euclidean, cosine)",null: module,4,20,
mixed + one module strengthens,400,1,"min(euclidean, cosine)",null: hub-rich module,4,20,
mixed + one module strengthens,400,2,"default (euclidean + cosine, 4-24)",switch,14,15,0.9888888888888889
mixed + one module strengthens,400,2,"default (euclidean + cosine, 4-24)",hub,14,15,0.9877777777777778
mixed + one module strengthens,400,2,"default (euclidean + cosine, 4-24)",strengthen,0,15,0.08333333333333333
mixed + one module strengthens,400,2,"default (euclidean + cosine, 4-24)",null: random,0,20,
mixed + one module strengthens,400,2,"default (euclidean + cosine, 4-24)",null: module,0,20,
mixed + one module strengthens,400,2,"default (euclidean + cosine, 4-24)",null: hub-rich module,0,20,
mixed + one module strengthens,400,2,"cosine, 4-24",switch,15,15,1.0
mixed + one module strengthens,400,2,"cosine, 4-24",hub,14,15,0.9555555555555556
mixed + one module strengthens,400,2,"cosine, 4-24",strengthen,0,15,0.017777777777777778
mixed + one module strengthens,400,2,"cosine, 4-24",null: random,0,20,
mixed + one module strengthens,400,2,"cosine, 4-24",null: module,10,20,
mixed + one module strengthens,400,2,"cosine, 4-24",null: hub-rich module,13,20,
mixed + one module strengthens,400,2,"radial, 4-24",switch,0,15,0.5511111111111111
mixed + one module strengthens,400,2,"radial, 4-24",hub,13,15,0.9966666666666667
mixed + one module strengthens,400,2,"radial, 4-24",strengthen,0,15,0.9333333333333333
mixed + one module strengthens,400,2,"radial, 4-24",null: random,0,20,
mixed + one module strengthens,400,2,"radial, 4-24",null: module,0,20,
mixed + one module strengthens,400,2,"radial, 4-24",null: hub-rich module,0,20,
mixed + one module strengthens,400,2,"euclidean, 4-24",switch,0,15,0.8955555555555555
mixed + one module strengthens,400,2,"euclidean, 4-24",hub,15,15,1.0
mixed + one module strengthens,400,2,"euclidean, 4-24",strengthen,0,15,0.08555555555555555
mixed + one module strengthens,400,2,"euclidean, 4-24",null: random,0,20,
mixed + one module strengthens,400,2,"euclidean, 4-24",null: module,0,20,
mixed + one module strengthens,400,2,"euclidean, 4-24",null: hub-rich module,0,20,
mixed + one module strengthens,400,2,"radial + cosine, 4-24",switch,14,15,0.9911111111111112
mixed + one module strengthens,400,2,"radial + cosine, 4-24",hub,14,15,0.9833333333333333
mixed + one module strengthens,400,2,"radial + cosine, 4-24",strengthen,0,15,0.3522222222222222
mixed + one module strengthens,400,2,"radial + cosine, 4-24",null: random,0,20,
mixed + one module strengthens,400,2,"radial + cosine, 4-24",null: module,0,20,
mixed + one module strengthens,400,2,"radial + cosine, 4-24",null: hub-rich module,0,20,
mixed + one module strengthens,400,2,"cosine, d=8 (true rank)",switch,15,15,1.0
mixed + one module strengthens,400,2,"cosine, d=8 (true rank)",hub,15,15,1.0
mixed + one module strengthens,400,2,"cosine, d=8 (true rank)",strengthen,0,15,0.42444444444444446
mixed + one module strengthens,400,2,"cosine, d=8 (true rank)",null: random,0,20,
mixed + one module strengthens,400,2,"cosine, d=8 (true rank)",null: module,0,20,
mixed + one module strengthens,400,2,"cosine, d=8 (true rank)",null: hub-rich module,1,20,
mixed + one module strengthens,400,2,"radial, d=8 (true rank)",switch,0,15,0.5744444444444444
mixed + one module strengthens,400,2,"radial, d=8 (true rank)",hub,6,15,1.0
mixed + one module strengthens,400,2,"radial, d=8 (true rank)",strengthen,0,15,0.9455555555555556
mixed + one module strengthens,400,2,"radial, d=8 (true rank)",null: random,0,20,
mixed + one module strengthens,400,2,"radial, d=8 (true rank)",null: module,0,20,
mixed + one module strengthens,400,2,"radial, d=8 (true rank)",null: hub-rich module,0,20,
mixed + one module strengthens,400,2,degree difference,switch,0,15,0.7466666666666667
mixed + one module strengthens,400,2,degree difference,hub,1,15,0.9911111111111112
mixed + one module strengthens,400,2,degree difference,strengthen,0,15,0.9511111111111111
mixed + one module strengthens,400,2,degree difference,null: random,0,20,
mixed + one module strengthens,400,2,degree difference,null: module,0,20,
mixed + one module strengthens,400,2,degree difference,null: hub-rich module,0,20,
mixed + one module strengthens,400,2,"overlap: min(cosine, radial)",switch,1,15,0.5644444444444444
mixed + one module strengthens,400,2,"overlap: min(cosine, radial)",hub,14,15,0.96
mixed + one module strengthens,400,2,"overlap: min(cosine, radial)",strengthen,0,15,0.28555555555555556
mixed + one module strengthens,400,2,"overlap: min(cosine, radial)",null: random,0,20,
mixed + one module strengthens,400,2,"overlap: min(cosine, radial)",null: module,6,20,
mixed + one module strengthens,400,2,"overlap: min(cosine, radial)",null: hub-rich module,4,20,
mixed + one module strengthens,400,2,"max(euclidean, cosine)",switch,15,15,1.0
mixed + one module strengthens,400,2,"max(euclidean, cosine)",hub,14,15,0.9944444444444445
mixed + one module strengthens,400,2,"max(euclidean, cosine)",strengthen,0,15,0.11777777777777777
mixed + one module strengthens,400,2,"max(euclidean, cosine)",null: random,0,20,
mixed + one module strengthens,400,2,"max(euclidean, cosine)",null: module,0,20,
mixed + one module strengthens,400,2,"max(euclidean, cosine)",null: hub-rich module,5,20,
mixed + one module strengthens,400,2,"min(euclidean, cosine)",switch,10,15,0.7744444444444445
mixed + one module strengthens,400,2,"min(euclidean, cosine)",hub,14,15,0.97
mixed + one module strengthens,400,2,"min(euclidean, cosine)",strengthen,0,15,0.13
mixed + one module strengthens,400,2,"min(euclidean, cosine)",null: random,0,20,
mixed + one module strengthens,400,2,"min(euclidean, cosine)",null: module,9,20,
mixed + one module strengthens,400,2,"min(euclidean, cosine)",null: hub-rich module,8,20,
mixed + one module strengthens,400,3,"default (euclidean + cosine, 4-24)",switch,13,15,0.9844444444444445
mixed + one module strengthens,400,3,"default (euclidean + cosine, 4-24)",hub,0,15,0.9633333333333334
mixed + one module strengthens,400,3,"default (euclidean + cosine, 4-24)",strengthen,0,15,0.2111111111111111
mixed + one module strengthens,400,3,"default (euclidean + cosine, 4-24)",null: random,0,20,
mixed + one module strengthens,400,3,"default (euclidean + cosine, 4-24)",null: module,0,20,
mixed + one module strengthens,400,3,"default (euclidean + cosine, 4-24)",null: hub-rich module,0,20,
mixed + one module strengthens,400,3,"cosine, 4-24",switch,15,15,1.0
mixed + one module strengthens,400,3,"cosine, 4-24",hub,0,15,0.7266666666666667
mixed + one module strengthens,400,3,"cosine, 4-24",strengthen,0,15,0.13555555555555557
mixed + one module strengthens,400,3,"cosine, 4-24",null: random,0,20,
mixed + one module strengthens,400,3,"cosine, 4-24",null: module,3,20,
mixed + one module strengthens,400,3,"cosine, 4-24",null: hub-rich module,1,20,
mixed + one module strengthens,400,3,"radial, 4-24",switch,0,15,0.3688888888888889
mixed + one module strengthens,400,3,"radial, 4-24",hub,5,15,1.0
mixed + one module strengthens,400,3,"radial, 4-24",strengthen,0,15,1.0
mixed + one module strengthens,400,3,"radial, 4-24",null: random,0,20,
mixed + one module strengthens,400,3,"radial, 4-24",null: module,0,20,
mixed + one module strengthens,400,3,"radial, 4-24",null: hub-rich module,0,20,
mixed + one module strengthens,400,3,"euclidean, 4-24",switch,0,15,0.8055555555555556
mixed + one module strengthens,400,3,"euclidean, 4-24",hub,0,15,0.9988888888888889
mixed + one module strengthens,400,3,"euclidean, 4-24",strengthen,0,15,0.3244444444444444
mixed + one module strengthens,400,3,"euclidean, 4-24",null: random,0,20,
mixed + one module strengthens,400,3,"euclidean, 4-24",null: module,0,20,
mixed + one module strengthens,400,3,"euclidean, 4-24",null: hub-rich module,0,20,
mixed + one module strengthens,400,3,"radial + cosine, 4-24",switch,8,15,0.9644444444444444
mixed + one module strengthens,400,3,"radial + cosine, 4-24",hub,4,15,0.9888888888888889
mixed + one module strengthens,400,3,"radial + cosine, 4-24",strengthen,0,15,0.9066666666666666
mixed + one module strengthens,400,3,"radial + cosine, 4-24",null: random,0,20,
mixed + one module strengthens,400,3,"radial + cosine, 4-24",null: module,0,20,
mixed + one module strengthens,400,3,"radial + cosine, 4-24",null: hub-rich module,0,20,
mixed + one module strengthens,400,3,"cosine, d=8 (true rank)",switch,14,15,0.9844444444444445
mixed + one module strengthens,400,3,"cosine, d=8 (true rank)",hub,10,15,0.9355555555555556
mixed + one module strengthens,400,3,"cosine, d=8 (true rank)",strengthen,0,15,0.17888888888888888
mixed + one module strengthens,400,3,"cosine, d=8 (true rank)",null: random,0,20,
mixed + one module strengthens,400,3,"cosine, d=8 (true rank)",null: module,2,20,
mixed + one module strengthens,400,3,"cosine, d=8 (true rank)",null: hub-rich module,3,20,
mixed + one module strengthens,400,3,"radial, d=8 (true rank)",switch,0,15,0.3933333333333333
mixed + one module strengthens,400,3,"radial, d=8 (true rank)",hub,10,15,1.0
mixed + one module strengthens,400,3,"radial, d=8 (true rank)",strengthen,15,15,1.0
mixed + one module strengthens,400,3,"radial, d=8 (true rank)",null: random,0,20,
mixed + one module strengthens,400,3,"radial, d=8 (true rank)",null: module,0,20,
mixed + one module strengthens,400,3,"radial, d=8 (true rank)",null: hub-rich module,0,20,
mixed + one module strengthens,400,3,degree difference,switch,0,15,0.73
mixed + one module strengthens,400,3,degree difference,hub,0,15,0.9611111111111111
mixed + one module strengthens,400,3,degree difference,strengthen,0,15,1.0
mixed + one module strengthens,400,3,degree difference,null: random,0,20,
mixed + one module strengthens,400,3,degree difference,null: module,0,20,
mixed + one module strengthens,400,3,degree difference,null: hub-rich module,0,20,
mixed + one module strengthens,400,3,"overlap: min(cosine, radial)",switch,0,15,0.3488888888888889
mixed + one module strengthens,400,3,"overlap: min(cosine, radial)",hub,0,15,0.9355555555555556
mixed + one module strengthens,400,3,"overlap: min(cosine, radial)",strengthen,0,15,0.7011111111111111
mixed + one module strengthens,400,3,"overlap: min(cosine, radial)",null: random,0,20,
mixed + one module strengthens,400,3,"overlap: min(cosine, radial)",null: module,0,20,
mixed + one module strengthens,400,3,"overlap: min(cosine, radial)",null: hub-rich module,0,20,
mixed + one module strengthens,400,3,"max(euclidean, cosine)",switch,15,15,1.0
mixed + one module strengthens,400,3,"max(euclidean, cosine)",hub,6,15,0.9911111111111112
mixed + one module strengthens,400,3,"max(euclidean, cosine)",strengthen,0,15,0.7555555555555555
mixed + one module strengthens,400,3,"max(euclidean, cosine)",null: random,0,20,
mixed + one module strengthens,400,3,"max(euclidean, cosine)",null: module,0,20,
mixed + one module strengthens,400,3,"max(euclidean, cosine)",null: hub-rich module,0,20,
mixed + one module strengthens,400,3,"min(euclidean, cosine)",switch,0,15,0.8055555555555556
mixed + one module strengthens,400,3,"min(euclidean, cosine)",hub,0,15,0.8677777777777778
mixed + one module strengthens,400,3,"min(euclidean, cosine)",strengthen,0,15,0.13333333333333333
mixed + one module strengthens,400,3,"min(euclidean, cosine)",null: random,0,20,
mixed + one module strengthens,400,3,"min(euclidean, cosine)",null: module,0,20,
mixed + one module strengthens,400,3,"min(euclidean, cosine)",null: hub-rich module,0,20,
mixed + one module strengthens,400,4,"default (euclidean + cosine, 4-24)",switch,15,15,0.9911111111111112
mixed + one module strengthens,400,4,"default (euclidean + cosine, 4-24)",hub,12,15,0.9144444444444444
mixed + one module strengthens,400,4,"default (euclidean + cosine, 4-24)",strengthen,0,15,0.7844444444444445
mixed + one module strengthens,400,4,"default (euclidean + cosine, 4-24)",null: random,0,20,
mixed + one module strengthens,400,4,"default (euclidean + cosine, 4-24)",null: module,3,20,
mixed + one module strengthens,400,4,"default (euclidean + cosine, 4-24)",null: hub-rich module,7,20,
mixed + one module strengthens,400,4,"cosine, 4-24",switch,15,15,1.0
mixed + one module strengthens,400,4,"cosine, 4-24",hub,11,15,0.7044444444444444
mixed + one module strengthens,400,4,"cosine, 4-24",strengthen,15,15,0.7644444444444445
mixed + one module strengthens,400,4,"cosine, 4-24",null: random,2,20,
mixed + one module strengthens,400,4,"cosine, 4-24",null: module,4,20,
mixed + one module strengthens,400,4,"cosine, 4-24",null: hub-rich module,11,20,
mixed + one module strengthens,400,4,"radial, 4-24",switch,0,15,0.3288888888888889
mixed + one module strengthens,400,4,"radial, 4-24",hub,0,15,0.9988888888888889
mixed + one module strengthens,400,4,"radial, 4-24",strengthen,0,15,0.9711111111111111
mixed + one module strengthens,400,4,"radial, 4-24",null: random,0,20,
mixed + one module strengthens,400,4,"radial, 4-24",null: module,0,20,
mixed + one module strengthens,400,4,"radial, 4-24",null: hub-rich module,0,20,
mixed + one module strengthens,400,4,"euclidean, 4-24",switch,0,15,0.9388888888888889
mixed + one module strengthens,400,4,"euclidean, 4-24",hub,13,15,1.0
mixed + one module strengthens,400,4,"euclidean, 4-24",strengthen,0,15,0.6933333333333334
mixed + one module strengthens,400,4,"euclidean, 4-24",null: random,0,20,
mixed + one module strengthens,400,4,"euclidean, 4-24",null: module,0,20,
mixed + one module strengthens,400,4,"euclidean, 4-24",null: hub-rich module,0,20,
mixed + one module strengthens,400,4,"radial + cosine, 4-24",switch,15,15,0.9888888888888889
mixed + one module strengthens,400,4,"radial + cosine, 4-24",hub,8,15,0.9344444444444444
mixed + one module strengthens,400,4,"radial + cosine, 4-24",strengthen,0,15,0.8977777777777778
mixed + one module strengthens,400,4,"radial + cosine, 4-24",null: random,0,20,
mixed + one module strengthens,400,4,"radial + cosine, 4-24",null: module,1,20,
mixed + one module strengthens,400,4,"radial + cosine, 4-24",null: hub-rich module,2,20,
mixed + one module strengthens,400,4,"cosine, d=8 (true rank)",switch,15,15,0.9411111111111111
mixed + one module strengthens,400,4,"cosine, d=8 (true rank)",hub,10,15,0.8988888888888888
mixed + one module strengthens,400,4,"cosine, d=8 (true rank)",strengthen,0,15,0.31333333333333335
mixed + one module strengthens,400,4,"cosine, d=8 (true rank)",null: random,0,20,
mixed + one module strengthens,400,4,"cosine, d=8 (true rank)",null: module,2,20,
mixed + one module strengthens,400,4,"cosine, d=8 (true rank)",null: hub-rich module,5,20,
mixed + one module strengthens,400,4,"radial, d=8 (true rank)",switch,0,15,0.2088888888888889
mixed + one module strengthens,400,4,"radial, d=8 (true rank)",hub,0,15,0.9622222222222222
mixed + one module strengthens,400,4,"radial, d=8 (true rank)",strengthen,0,15,1.0
mixed + one module strengthens,400,4,"radial, d=8 (true rank)",null: random,0,20,
mixed + one module strengthens,400,4,"radial, d=8 (true rank)",null: module,0,20,
mixed + one module strengthens,400,4,"radial, d=8 (true rank)",null: hub-rich module,0,20,
mixed + one module strengthens,400,4,degree difference,switch,0,15,0.7988888888888889
mixed + one module strengthens,400,4,degree difference,hub,0,15,0.98
mixed + one module strengthens,400,4,degree difference,strengthen,0,15,1.0
mixed + one module strengthens,400,4,degree difference,null: random,0,20,
mixed + one module strengthens,400,4,degree difference,null: module,0,20,
mixed + one module strengthens,400,4,degree difference,null: hub-rich module,0,20,
mixed + one module strengthens,400,4,"overlap: min(cosine, radial)",switch,0,15,0.8522222222222222
mixed + one module strengthens,400,4,"overlap: min(cosine, radial)",hub,8,15,0.8922222222222222
mixed + one module strengthens,400,4,"overlap: min(cosine, radial)",strengthen,0,15,0.7333333333333333
mixed + one module strengthens,400,4,"overlap: min(cosine, radial)",null: random,0,20,
mixed + one module strengthens,400,4,"overlap: min(cosine, radial)",null: module,1,20,
mixed + one module strengthens,400,4,"overlap: min(cosine, radial)",null: hub-rich module,2,20,
mixed + one module strengthens,400,4,"max(euclidean, cosine)",switch,15,15,1.0
mixed + one module strengthens,400,4,"max(euclidean, cosine)",hub,11,15,0.8655555555555555
mixed + one module strengthens,400,4,"max(euclidean, cosine)",strengthen,15,15,0.9177777777777778
mixed + one module strengthens,400,4,"max(euclidean, cosine)",null: random,0,20,
mixed + one module strengthens,400,4,"max(euclidean, cosine)",null: module,3,20,
mixed + one module strengthens,400,4,"max(euclidean, cosine)",null: hub-rich module,4,20,
mixed + one module strengthens,400,4,"min(euclidean, cosine)",switch,13,15,0.92
mixed + one module strengthens,400,4,"min(euclidean, cosine)",hub,12,15,0.8711111111111111
mixed + one module strengthens,400,4,"min(euclidean, cosine)",strengthen,0,15,0.3511111111111111
mixed + one module strengthens,400,4,"min(euclidean, cosine)",null: random,2,20,
mixed + one module strengthens,400,4,"min(euclidean, cosine)",null: module,3,20,
mixed + one module strengthens,400,4,"min(euclidean, cosine)",null: hub-rich module,7,20,
mixed + one module strengthens,400,5,"default (euclidean + cosine, 4-24)",switch,15,15,1.0
mixed + one module strengthens,400,5,"default (euclidean + cosine, 4-24)",hub,11,15,0.9855555555555555
mixed + one module strengthens,400,5,"default (euclidean + cosine, 4-24)",strengthen,0,15,0.16777777777777778
mixed + one module strengthens,400,5,"default (euclidean + cosine, 4-24)",null: random,0,20,
mixed + one module strengthens,400,5,"default (euclidean + cosine, 4-24)",null: module,1,20,
mixed + one module strengthens,400,5,"default (euclidean + cosine, 4-24)",null: hub-rich module,0,20,
mixed + one module strengthens,400,5,"cosine, 4-24",switch,15,15,1.0
mixed + one module strengthens,400,5,"cosine, 4-24",hub,4,15,0.7577777777777778
mixed + one module strengthens,400,5,"cosine, 4-24",strengthen,0,15,0.022222222222222223
mixed + one module strengthens,400,5,"cosine, 4-24",null: random,0,20,
mixed + one module strengthens,400,5,"cosine, 4-24",null: module,2,20,
mixed + one module strengthens,400,5,"cosine, 4-24",null: hub-rich module,0,20,
mixed + one module strengthens,400,5,"radial, 4-24",switch,0,15,0.36666666666666664
mixed + one module strengthens,400,5,"radial, 4-24",hub,15,15,1.0
mixed + one module strengthens,400,5,"radial, 4-24",strengthen,3,15,1.0
mixed + one module strengthens,400,5,"radial, 4-24",null: random,0,20,
mixed + one module strengthens,400,5,"radial, 4-24",null: module,0,20,
mixed + one module strengthens,400,5,"radial, 4-24",null: hub-rich module,0,20,
mixed + one module strengthens,400,5,"euclidean, 4-24",switch,0,15,0.7977777777777778
mixed + one module strengthens,400,5,"euclidean, 4-24",hub,15,15,1.0
mixed + one module strengthens,400,5,"euclidean, 4-24",strengthen,0,15,0.49666666666666665
mixed + one module strengthens,400,5,"euclidean, 4-24",null: random,0,20,
mixed + one module strengthens,400,5,"euclidean, 4-24",null: module,0,20,
mixed + one module strengthens,400,5,"euclidean, 4-24",null: hub-rich module,0,20,
mixed + one module strengthens,400,5,"radial + cosine, 4-24",switch,14,15,0.9944444444444445
mixed + one module strengthens,400,5,"radial + cosine, 4-24",hub,10,15,0.9733333333333334
mixed + one module strengthens,400,5,"radial + cosine, 4-24",strengthen,0,15,0.7366666666666667
mixed + one module strengthens,400,5,"radial + cosine, 4-24",null: random,0,20,
mixed + one module strengthens,400,5,"radial + cosine, 4-24",null: module,2,20,
mixed + one module strengthens,400,5,"radial + cosine, 4-24",null: hub-rich module,1,20,
mixed + one module strengthens,400,5,"cosine, d=8 (true rank)",switch,15,15,1.0
mixed + one module strengthens,400,5,"cosine, d=8 (true rank)",hub,8,15,0.9822222222222222
mixed + one module strengthens,400,5,"cosine, d=8 (true rank)",strengthen,0,15,0.36444444444444446
mixed + one module strengthens,400,5,"cosine, d=8 (true rank)",null: random,0,20,
mixed + one module strengthens,400,5,"cosine, d=8 (true rank)",null: module,0,20,
mixed + one module strengthens,400,5,"cosine, d=8 (true rank)",null: hub-rich module,1,20,
mixed + one module strengthens,400,5,"radial, d=8 (true rank)",switch,0,15,0.3055555555555556
mixed + one module strengthens,400,5,"radial, d=8 (true rank)",hub,13,15,1.0
mixed + one module strengthens,400,5,"radial, d=8 (true rank)",strengthen,15,15,1.0
mixed + one module strengthens,400,5,"radial, d=8 (true rank)",null: random,0,20,
mixed + one module strengthens,400,5,"radial, d=8 (true rank)",null: module,0,20,
mixed + one module strengthens,400,5,"radial, d=8 (true rank)",null: hub-rich module,0,20,
mixed + one module strengthens,400,5,degree difference,switch,0,15,0.9177777777777778
mixed + one module strengthens,400,5,degree difference,hub,0,15,0.9977777777777778
mixed + one module strengthens,400,5,degree difference,strengthen,0,15,1.0
mixed + one module strengthens,400,5,degree difference,null: random,0,20,
mixed + one module strengthens,400,5,degree difference,null: module,0,20,
mixed + one module strengthens,400,5,degree difference,null: hub-rich module,0,20,
mixed + one module strengthens,400,5,"overlap: min(cosine, radial)",switch,0,15,0.3877777777777778
mixed + one module strengthens,400,5,"overlap: min(cosine, radial)",hub,5,15,0.8733333333333333
mixed + one module strengthens,400,5,"overlap: min(cosine, radial)",strengthen,0,15,0.4588888888888889
mixed + one module strengthens,400,5,"overlap: min(cosine, radial)",null: random,0,20,
mixed + one module strengthens,400,5,"overlap: min(cosine, radial)",null: module,4,20,
mixed + one module strengthens,400,5,"overlap: min(cosine, radial)",null: hub-rich module,1,20,
mixed + one module strengthens,400,5,"max(euclidean, cosine)",switch,15,15,1.0
mixed + one module strengthens,400,5,"max(euclidean, cosine)",hub,10,15,0.9877777777777778
mixed + one module strengthens,400,5,"max(euclidean, cosine)",strengthen,0,15,0.6122222222222222
mixed + one module strengthens,400,5,"max(euclidean, cosine)",null: random,0,20,
mixed + one module strengthens,400,5,"max(euclidean, cosine)",null: module,0,20,
mixed + one module strengthens,400,5,"max(euclidean, cosine)",null: hub-rich module,0,20,
mixed + one module strengthens,400,5,"min(euclidean, cosine)",switch,5,15,0.76
mixed + one module strengthens,400,5,"min(euclidean, cosine)",hub,5,15,0.8377777777777777
mixed + one module strengthens,400,5,"min(euclidean, cosine)",strengthen,0,15,0.08333333333333333
mixed + one module strengthens,400,5,"min(euclidean, cosine)",null: random,0,20,
mixed + one module strengthens,400,5,"min(euclidean, cosine)",null: module,4,20,
mixed + one module strengthens,400,5,"min(euclidean, cosine)",null: hub-rich module,1,20,
mixed + one module strengthens,400,6,"default (euclidean + cosine, 4-24)",switch,15,15,0.9977777777777778
mixed + one module strengthens,400,6,"default (euclidean + cosine, 4-24)",hub,9,15,0.9688888888888889
mixed + one module strengthens,400,6,"default (euclidean + cosine, 4-24)",strengthen,0,15,0.12333333333333334
mixed + one module strengthens,400,6,"default (euclidean + cosine, 4-24)",null: random,0,20,
mixed + one module strengthens,400,6,"default (euclidean + cosine, 4-24)",null: module,0,20,
mixed + one module strengthens,400,6,"default (euclidean + cosine, 4-24)",null: hub-rich module,2,20,
mixed + one module strengthens,400,6,"cosine, 4-24",switch,15,15,1.0
mixed + one module strengthens,400,6,"cosine, 4-24",hub,8,15,0.8033333333333333
mixed + one module strengthens,400,6,"cosine, 4-24",strengthen,0,15,0.05
mixed + one module strengthens,400,6,"cosine, 4-24",null: random,0,20,
mixed + one module strengthens,400,6,"cosine, 4-24",null: module,4,20,
mixed + one module strengthens,400,6,"cosine, 4-24",null: hub-rich module,3,20,
mixed + one module strengthens,400,6,"radial, 4-24",switch,0,15,0.7844444444444445
mixed + one module strengthens,400,6,"radial, 4-24",hub,14,15,1.0
mixed + one module strengthens,400,6,"radial, 4-24",strengthen,0,15,1.0
mixed + one module strengthens,400,6,"radial, 4-24",null: random,0,20,
mixed + one module strengthens,400,6,"radial, 4-24",null: module,0,20,
mixed + one module strengthens,400,6,"radial, 4-24",null: hub-rich module,0,20,
mixed + one module strengthens,400,6,"euclidean, 4-24",switch,5,15,0.9655555555555555
mixed + one module strengthens,400,6,"euclidean, 4-24",hub,15,15,1.0
mixed + one module strengthens,400,6,"euclidean, 4-24",strengthen,0,15,0.4022222222222222
mixed + one module strengthens,400,6,"euclidean, 4-24",null: random,0,20,
mixed + one module strengthens,400,6,"euclidean, 4-24",null: module,0,20,
mixed + one module strengthens,400,6,"euclidean, 4-24",null: hub-rich module,0,20,
mixed + one module strengthens,400,6,"radial + cosine, 4-24",switch,13,15,0.9988888888888889
mixed + one module strengthens,400,6,"radial + cosine, 4-24",hub,11,15,0.9955555555555555
mixed + one module strengthens,400,6,"radial + cosine, 4-24",strengthen,0,15,0.5222222222222223
mixed + one module strengthens,400,6,"radial + cosine, 4-24",null: random,0,20,
mixed + one module strengthens,400,6,"radial + cosine, 4-24",null: module,0,20,
mixed + one module strengthens,400,6,"radial + cosine, 4-24",null: hub-rich module,0,20,
mixed + one module strengthens,400,6,"cosine, d=8 (true rank)",switch,15,15,1.0
mixed + one module strengthens,400,6,"cosine, d=8 (true rank)",hub,15,15,1.0
mixed + one module strengthens,400,6,"cosine, d=8 (true rank)",strengthen,0,15,0.21777777777777776
mixed + one module strengthens,400,6,"cosine, d=8 (true rank)",null: random,0,20,
mixed + one module strengthens,400,6,"cosine, d=8 (true rank)",null: module,0,20,
mixed + one module strengthens,400,6,"cosine, d=8 (true rank)",null: hub-rich module,0,20,
mixed + one module strengthens,400,6,"radial, d=8 (true rank)",switch,0,15,0.5244444444444445
mixed + one module strengthens,400,6,"radial, d=8 (true rank)",hub,14,15,1.0
mixed + one module strengthens,400,6,"radial, d=8 (true rank)",strengthen,15,15,1.0
mixed + one module strengthens,400,6,"radial, d=8 (true rank)",null: random,0,20,
mixed + one module strengthens,400,6,"radial, d=8 (true rank)",null: module,0,20,
mixed + one module strengthens,400,6,"radial, d=8 (true rank)",null: hub-rich module,0,20,
mixed + one module strengthens,400,6,degree difference,switch,0,15,0.9633333333333334
mixed + one module strengthens,400,6,degree difference,hub,2,15,1.0
mixed + one module strengthens,400,6,degree difference,strengthen,0,15,1.0
mixed + one module strengthens,400,6,degree difference,null: random,0,20,
mixed + one module strengthens,400,6,degree difference,null: module,0,20,
mixed + one module strengthens,400,6,degree difference,null: hub-rich module,0,20,
mixed + one module strengthens,400,6,"overlap: min(cosine, radial)",switch,1,15,0.7644444444444445
mixed + one module strengthens,400,6,"overlap: min(cosine, radial)",hub,9,15,0.8866666666666667
mixed + one module strengthens,400,6,"overlap: min(cosine, radial)",strengthen,0,15,0.36
mixed + one module strengthens,400,6,"overlap: min(cosine, radial)",null: random,0,20,
mixed + one module strengthens,400,6,"overlap: min(cosine, radial)",null: module,0,20,
mixed + one module strengthens,400,6,"overlap: min(cosine, radial)",null: hub-rich module,2,20,
mixed + one module strengthens,400,6,"max(euclidean, cosine)",switch,15,15,1.0
mixed + one module strengthens,400,6,"max(euclidean, cosine)",hub,12,15,0.9977777777777778
mixed + one module strengthens,400,6,"max(euclidean, cosine)",strengthen,0,15,0.18888888888888888
mixed + one module strengthens,400,6,"max(euclidean, cosine)",null: random,0,20,
mixed + one module strengthens,400,6,"max(euclidean, cosine)",null: module,0,20,
mixed + one module strengthens,400,6,"max(euclidean, cosine)",null: hub-rich module,0,20,
mixed + one module strengthens,400,6,"min(euclidean, cosine)",switch,9,15,0.8755555555555555
mixed + one module strengthens,400,6,"min(euclidean, cosine)",hub,9,15,0.8566666666666667
mixed + one module strengthens,400,6,"min(euclidean, cosine)",strengthen,0,15,0.10555555555555556
mixed + one module strengthens,400,6,"min(euclidean, cosine)",null: random,0,20,
mixed + one module strengthens,400,6,"min(euclidean, cosine)",null: module,4,20,
mixed + one module strengthens,400,6,"min(euclidean, cosine)",null: hub-rich module,3,20,
mixed + one module strengthens,400,7,"default (euclidean + cosine, 4-24)",switch,14,15,0.9966666666666667
mixed + one module strengthens,400,7,"default (euclidean + cosine, 4-24)",hub,9,15,0.9766666666666667
mixed + one module strengthens,400,7,"default (euclidean + cosine, 4-24)",strengthen,0,15,0.7466666666666667
mixed + one module strengthens,400,7,"default (euclidean + cosine, 4-24)",null: random,0,20,
mixed + one module strengthens,400,7,"default (euclidean + cosine, 4-24)",null: module,1,20,
mixed + one module strengthens,400,7,"default (euclidean + cosine, 4-24)",null: hub-rich module,2,20,
mixed + one module strengthens,400,7,"cosine, 4-24",switch,15,15,0.9955555555555555
mixed + one module strengthens,400,7,"cosine, 4-24",hub,2,15,0.8033333333333333
mixed + one module strengthens,400,7,"cosine, 4-24",strengthen,0,15,0.8088888888888889
mixed + one module strengthens,400,7,"cosine, 4-24",null: random,0,20,
mixed + one module strengthens,400,7,"cosine, 4-24",null: module,4,20,
mixed + one module strengthens,400,7,"cosine, 4-24",null: hub-rich module,4,20,
mixed + one module strengthens,400,7,"radial, 4-24",switch,0,15,0.8155555555555556
mixed + one module strengthens,400,7,"radial, 4-24",hub,15,15,1.0
mixed + one module strengthens,400,7,"radial, 4-24",strengthen,0,15,1.0
mixed + one module strengthens,400,7,"radial, 4-24",null: random,0,20,
mixed + one module strengthens,400,7,"radial, 4-24",null: module,0,20,
mixed + one module strengthens,400,7,"radial, 4-24",null: hub-rich module,0,20,
mixed + one module strengthens,400,7,"euclidean, 4-24",switch,2,15,0.9555555555555556
mixed + one module strengthens,400,7,"euclidean, 4-24",hub,15,15,1.0
mixed + one module strengthens,400,7,"euclidean, 4-24",strengthen,0,15,0.7711111111111111
mixed + one module strengthens,400,7,"euclidean, 4-24",null: random,0,20,
mixed + one module strengthens,400,7,"euclidean, 4-24",null: module,0,20,
mixed + one module strengthens,400,7,"euclidean, 4-24",null: hub-rich module,0,20,
mixed + one module strengthens,400,7,"radial + cosine, 4-24",switch,10,15,1.0
mixed + one module strengthens,400,7,"radial + cosine, 4-24",hub,7,15,0.9977777777777778
mixed + one module strengthens,400,7,"radial + cosine, 4-24",strengthen,0,15,0.9055555555555556
mixed + one module strengthens,400,7,"radial + cosine, 4-24",null: random,0,20,
mixed + one module strengthens,400,7,"radial + cosine, 4-24",null: module,0,20,
mixed + one module strengthens,400,7,"radial + cosine, 4-24",null: hub-rich module,0,20,
mixed + one module strengthens,400,7,"cosine, d=8 (true rank)",switch,15,15,1.0
mixed + one module strengthens,400,7,"cosine, d=8 (true rank)",hub,13,15,0.9955555555555555
mixed + one module strengthens,400,7,"cosine, d=8 (true rank)",strengthen,0,15,0.8411111111111111
mixed + one module strengthens,400,7,"cosine, d=8 (true rank)",null: random,0,20,
mixed + one module strengthens,400,7,"cosine, d=8 (true rank)",null: module,0,20,
mixed + one module strengthens,400,7,"cosine, d=8 (true rank)",null: hub-rich module,1,20,
mixed + one module strengthens,400,7,"radial, d=8 (true rank)",switch,0,15,0.64
mixed + one module strengthens,400,7,"radial, d=8 (true rank)",hub,14,15,1.0
mixed + one module strengthens,400,7,"radial, d=8 (true rank)",strengthen,0,15,1.0
mixed + one module strengthens,400,7,"radial, d=8 (true rank)",null: random,0,20,
mixed + one module strengthens,400,7,"radial, d=8 (true rank)",null: module,0,20,
mixed + one module strengthens,400,7,"radial, d=8 (true rank)",null: hub-rich module,0,20,
mixed + one module strengthens,400,7,degree difference,switch,1,15,0.9377777777777778
mixed + one module strengthens,400,7,degree difference,hub,11,15,1.0
mixed + one module strengthens,400,7,degree difference,strengthen,0,15,1.0
mixed + one module strengthens,400,7,degree difference,null: random,0,20,
mixed + one module strengthens,400,7,degree difference,null: module,0,20,
mixed + one module strengthens,400,7,degree difference,null: hub-rich module,0,20,
mixed + one module strengthens,400,7,"overlap: min(cosine, radial)",switch,0,15,0.8611111111111112
mixed + one module strengthens,400,7,"overlap: min(cosine, radial)",hub,0,15,0.9844444444444445
mixed + one module strengthens,400,7,"overlap: min(cosine, radial)",strengthen,0,15,0.42444444444444446
mixed + one module strengthens,400,7,"overlap: min(cosine, radial)",null: random,0,20,
mixed + one module strengthens,400,7,"overlap: min(cosine, radial)",null: module,0,20,
mixed + one module strengthens,400,7,"overlap: min(cosine, radial)",null: hub-rich module,0,20,
mixed + one module strengthens,400,7,"max(euclidean, cosine)",switch,15,15,0.9955555555555555
mixed + one module strengthens,400,7,"max(euclidean, cosine)",hub,12,15,0.9333333333333333
mixed + one module strengthens,400,7,"max(euclidean, cosine)",strengthen,15,15,0.95
mixed + one module strengthens,400,7,"max(euclidean, cosine)",null: random,0,20,
mixed + one module strengthens,400,7,"max(euclidean, cosine)",null: module,3,20,
mixed + one module strengthens,400,7,"max(euclidean, cosine)",null: hub-rich module,3,20,
mixed + one module strengthens,400,7,"min(euclidean, cosine)",switch,4,15,0.9355555555555556
mixed + one module strengthens,400,7,"min(euclidean, cosine)",hub,0,15,0.9255555555555556
mixed + one module strengthens,400,7,"min(euclidean, cosine)",strengthen,0,15,0.05
mixed + one module strengthens,400,7,"min(euclidean, cosine)",null: random,0,20,
mixed + one module strengthens,400,7,"min(euclidean, cosine)",null: module,0,20,
mixed + one module strengthens,400,7,"min(euclidean, cosine)",null: hub-rich module,0,20,
null (nothing changes),150,0,"default (euclidean + cosine, 4-24)",null: random,0,20,
null (nothing changes),150,0,"default (euclidean + cosine, 4-24)",null: module,0,20,
null (nothing changes),150,0,"default (euclidean + cosine, 4-24)",null: hub-rich module,0,20,
null (nothing changes),150,0,"cosine, 4-24",null: random,0,20,
null (nothing changes),150,0,"cosine, 4-24",null: module,0,20,
null (nothing changes),150,0,"cosine, 4-24",null: hub-rich module,0,20,
null (nothing changes),150,0,"radial, 4-24",null: random,0,20,
null (nothing changes),150,0,"radial, 4-24",null: module,0,20,
null (nothing changes),150,0,"radial, 4-24",null: hub-rich module,0,20,
null (nothing changes),150,0,"euclidean, 4-24",null: random,0,20,
null (nothing changes),150,0,"euclidean, 4-24",null: module,0,20,
null (nothing changes),150,0,"euclidean, 4-24",null: hub-rich module,0,20,
null (nothing changes),150,0,"radial + cosine, 4-24",null: random,0,20,
null (nothing changes),150,0,"radial + cosine, 4-24",null: module,0,20,
null (nothing changes),150,0,"radial + cosine, 4-24",null: hub-rich module,0,20,
null (nothing changes),150,0,"cosine, d=8 (true rank)",null: random,0,20,
null (nothing changes),150,0,"cosine, d=8 (true rank)",null: module,0,20,
null (nothing changes),150,0,"cosine, d=8 (true rank)",null: hub-rich module,0,20,
null (nothing changes),150,0,"radial, d=8 (true rank)",null: random,0,20,
null (nothing changes),150,0,"radial, d=8 (true rank)",null: module,0,20,
null (nothing changes),150,0,"radial, d=8 (true rank)",null: hub-rich module,0,20,
null (nothing changes),150,0,degree difference,null: random,0,20,
null (nothing changes),150,0,degree difference,null: module,0,20,
null (nothing changes),150,0,degree difference,null: hub-rich module,0,20,
null (nothing changes),150,0,"overlap: min(cosine, radial)",null: random,0,20,
null (nothing changes),150,0,"overlap: min(cosine, radial)",null: module,0,20,
null (nothing changes),150,0,"overlap: min(cosine, radial)",null: hub-rich module,0,20,
null (nothing changes),150,0,"max(euclidean, cosine)",null: random,0,20,
null (nothing changes),150,0,"max(euclidean, cosine)",null: module,0,20,
null (nothing changes),150,0,"max(euclidean, cosine)",null: hub-rich module,0,20,
null (nothing changes),150,0,"min(euclidean, cosine)",null: random,0,20,
null (nothing changes),150,0,"min(euclidean, cosine)",null: module,0,20,
null (nothing changes),150,0,"min(euclidean, cosine)",null: hub-rich module,0,20,
null (nothing changes),150,1,"default (euclidean + cosine, 4-24)",null: random,0,20,
null (nothing changes),150,1,"default (euclidean + cosine, 4-24)",null: module,0,20,
null (nothing changes),150,1,"default (euclidean + cosine, 4-24)",null: hub-rich module,0,20,
null (nothing changes),150,1,"cosine, 4-24",null: random,0,20,
null (nothing changes),150,1,"cosine, 4-24",null: module,0,20,
null (nothing changes),150,1,"cosine, 4-24",null: hub-rich module,0,20,
null (nothing changes),150,1,"radial, 4-24",null: random,0,20,
null (nothing changes),150,1,"radial, 4-24",null: module,0,20,
null (nothing changes),150,1,"radial, 4-24",null: hub-rich module,0,20,
null (nothing changes),150,1,"euclidean, 4-24",null: random,0,20,
null (nothing changes),150,1,"euclidean, 4-24",null: module,0,20,
null (nothing changes),150,1,"euclidean, 4-24",null: hub-rich module,0,20,
null (nothing changes),150,1,"radial + cosine, 4-24",null: random,0,20,
null (nothing changes),150,1,"radial + cosine, 4-24",null: module,0,20,
null (nothing changes),150,1,"radial + cosine, 4-24",null: hub-rich module,0,20,
null (nothing changes),150,1,"cosine, d=8 (true rank)",null: random,0,20,
null (nothing changes),150,1,"cosine, d=8 (true rank)",null: module,0,20,
null (nothing changes),150,1,"cosine, d=8 (true rank)",null: hub-rich module,0,20,
null (nothing changes),150,1,"radial, d=8 (true rank)",null: random,0,20,
null (nothing changes),150,1,"radial, d=8 (true rank)",null: module,0,20,
null (nothing changes),150,1,"radial, d=8 (true rank)",null: hub-rich module,0,20,
null (nothing changes),150,1,degree difference,null: random,0,20,
null (nothing changes),150,1,degree difference,null: module,0,20,
null (nothing changes),150,1,degree difference,null: hub-rich module,0,20,
null (nothing changes),150,1,"overlap: min(cosine, radial)",null: random,0,20,
null (nothing changes),150,1,"overlap: min(cosine, radial)",null: module,0,20,
null (nothing changes),150,1,"overlap: min(cosine, radial)",null: hub-rich module,0,20,
null (nothing changes),150,1,"max(euclidean, cosine)",null: random,0,20,
null (nothing changes),150,1,"max(euclidean, cosine)",null: module,0,20,
null (nothing changes),150,1,"max(euclidean, cosine)",null: hub-rich module,0,20,
null (nothing changes),150,1,"min(euclidean, cosine)",null: random,0,20,
null (nothing changes),150,1,"min(euclidean, cosine)",null: module,0,20,
null (nothing changes),150,1,"min(euclidean, cosine)",null: hub-rich module,0,20,
null (nothing changes),150,2,"default (euclidean + cosine, 4-24)",null: random,0,20,
null (nothing changes),150,2,"default (euclidean + cosine, 4-24)",null: module,0,20,
null (nothing changes),150,2,"default (euclidean + cosine, 4-24)",null: hub-rich module,0,20,
null (nothing changes),150,2,"cosine, 4-24",null: random,0,20,
null (nothing changes),150,2,"cosine, 4-24",null: module,0,20,
null (nothing changes),150,2,"cosine, 4-24",null: hub-rich module,0,20,
null (nothing changes),150,2,"radial, 4-24",null: random,0,20,
null (nothing changes),150,2,"radial, 4-24",null: module,0,20,
null (nothing changes),150,2,"radial, 4-24",null: hub-rich module,0,20,
null (nothing changes),150,2,"euclidean, 4-24",null: random,0,20,
null (nothing changes),150,2,"euclidean, 4-24",null: module,0,20,
null (nothing changes),150,2,"euclidean, 4-24",null: hub-rich module,0,20,
null (nothing changes),150,2,"radial + cosine, 4-24",null: random,0,20,
null (nothing changes),150,2,"radial + cosine, 4-24",null: module,0,20,
null (nothing changes),150,2,"radial + cosine, 4-24",null: hub-rich module,0,20,
null (nothing changes),150,2,"cosine, d=8 (true rank)",null: random,0,20,
null (nothing changes),150,2,"cosine, d=8 (true rank)",null: module,0,20,
null (nothing changes),150,2,"cosine, d=8 (true rank)",null: hub-rich module,0,20,
null (nothing changes),150,2,"radial, d=8 (true rank)",null: random,0,20,
null (nothing changes),150,2,"radial, d=8 (true rank)",null: module,0,20,
null (nothing changes),150,2,"radial, d=8 (true rank)",null: hub-rich module,0,20,
null (nothing changes),150,2,degree difference,null: random,0,20,
null (nothing changes),150,2,degree difference,null: module,0,20,
null (nothing changes),150,2,degree difference,null: hub-rich module,0,20,
null (nothing changes),150,2,"overlap: min(cosine, radial)",null: random,0,20,
null (nothing changes),150,2,"overlap: min(cosine, radial)",null: module,0,20,
null (nothing changes),150,2,"overlap: min(cosine, radial)",null: hub-rich module,0,20,
null (nothing changes),150,2,"max(euclidean, cosine)",null: random,0,20,
null (nothing changes),150,2,"max(euclidean, cosine)",null: module,0,20,
null (nothing changes),150,2,"max(euclidean, cosine)",null: hub-rich module,0,20,
null (nothing changes),150,2,"min(euclidean, cosine)",null: random,0,20,
null (nothing changes),150,2,"min(euclidean, cosine)",null: module,0,20,
null (nothing changes),150,2,"min(euclidean, cosine)",null: hub-rich module,0,20,
null (nothing changes),150,3,"default (euclidean + cosine, 4-24)",null: random,0,20,
null (nothing changes),150,3,"default (euclidean + cosine, 4-24)",null: module,0,20,
null (nothing changes),150,3,"default (euclidean + cosine, 4-24)",null: hub-rich module,0,20,
null (nothing changes),150,3,"cosine, 4-24",null: random,0,20,
null (nothing changes),150,3,"cosine, 4-24",null: module,0,20,
null (nothing changes),150,3,"cosine, 4-24",null: hub-rich module,0,20,
null (nothing changes),150,3,"radial, 4-24",null: random,0,20,
null (nothing changes),150,3,"radial, 4-24",null: module,0,20,
null (nothing changes),150,3,"radial, 4-24",null: hub-rich module,0,20,
null (nothing changes),150,3,"euclidean, 4-24",null: random,0,20,
null (nothing changes),150,3,"euclidean, 4-24",null: module,0,20,
null (nothing changes),150,3,"euclidean, 4-24",null: hub-rich module,0,20,
null (nothing changes),150,3,"radial + cosine, 4-24",null: random,0,20,
null (nothing changes),150,3,"radial + cosine, 4-24",null: module,0,20,
null (nothing changes),150,3,"radial + cosine, 4-24",null: hub-rich module,0,20,
null (nothing changes),150,3,"cosine, d=8 (true rank)",null: random,0,20,
null (nothing changes),150,3,"cosine, d=8 (true rank)",null: module,0,20,
null (nothing changes),150,3,"cosine, d=8 (true rank)",null: hub-rich module,0,20,
null (nothing changes),150,3,"radial, d=8 (true rank)",null: random,0,20,
null (nothing changes),150,3,"radial, d=8 (true rank)",null: module,0,20,
null (nothing changes),150,3,"radial, d=8 (true rank)",null: hub-rich module,0,20,
null (nothing changes),150,3,degree difference,null: random,0,20,
null (nothing changes),150,3,degree difference,null: module,1,20,
null (nothing changes),150,3,degree difference,null: hub-rich module,0,20,
null (nothing changes),150,3,"overlap: min(cosine, radial)",null: random,0,20,
null (nothing changes),150,3,"overlap: min(cosine, radial)",null: module,0,20,
null (nothing changes),150,3,"overlap: min(cosine, radial)",null: hub-rich module,0,20,
null (nothing changes),150,3,"max(euclidean, cosine)",null: random,0,20,
null (nothing changes),150,3,"max(euclidean, cosine)",null: module,0,20,
null (nothing changes),150,3,"max(euclidean, cosine)",null: hub-rich module,0,20,
null (nothing changes),150,3,"min(euclidean, cosine)",null: random,0,20,
null (nothing changes),150,3,"min(euclidean, cosine)",null: module,0,20,
null (nothing changes),150,3,"min(euclidean, cosine)",null: hub-rich module,0,20,
null (nothing changes),150,4,"default (euclidean + cosine, 4-24)",null: random,0,20,
null (nothing changes),150,4,"default (euclidean + cosine, 4-24)",null: module,0,20,
null (nothing changes),150,4,"default (euclidean + cosine, 4-24)",null: hub-rich module,0,20,
null (nothing changes),150,4,"cosine, 4-24",null: random,0,20,
null (nothing changes),150,4,"cosine, 4-24",null: module,0,20,
null (nothing changes),150,4,"cosine, 4-24",null: hub-rich module,0,20,
null (nothing changes),150,4,"radial, 4-24",null: random,0,20,
null (nothing changes),150,4,"radial, 4-24",null: module,0,20,
null (nothing changes),150,4,"radial, 4-24",null: hub-rich module,0,20,
null (nothing changes),150,4,"euclidean, 4-24",null: random,0,20,
null (nothing changes),150,4,"euclidean, 4-24",null: module,0,20,
null (nothing changes),150,4,"euclidean, 4-24",null: hub-rich module,0,20,
null (nothing changes),150,4,"radial + cosine, 4-24",null: random,0,20,
null (nothing changes),150,4,"radial + cosine, 4-24",null: module,0,20,
null (nothing changes),150,4,"radial + cosine, 4-24",null: hub-rich module,0,20,
null (nothing changes),150,4,"cosine, d=8 (true rank)",null: random,0,20,
null (nothing changes),150,4,"cosine, d=8 (true rank)",null: module,0,20,
null (nothing changes),150,4,"cosine, d=8 (true rank)",null: hub-rich module,0,20,
null (nothing changes),150,4,"radial, d=8 (true rank)",null: random,0,20,
null (nothing changes),150,4,"radial, d=8 (true rank)",null: module,0,20,
null (nothing changes),150,4,"radial, d=8 (true rank)",null: hub-rich module,0,20,
null (nothing changes),150,4,degree difference,null: random,0,20,
null (nothing changes),150,4,degree difference,null: module,0,20,
null (nothing changes),150,4,degree difference,null: hub-rich module,0,20,
null (nothing changes),150,4,"overlap: min(cosine, radial)",null: random,0,20,
null (nothing changes),150,4,"overlap: min(cosine, radial)",null: module,0,20,
null (nothing changes),150,4,"overlap: min(cosine, radial)",null: hub-rich module,0,20,
null (nothing changes),150,4,"max(euclidean, cosine)",null: random,0,20,
null (nothing changes),150,4,"max(euclidean, cosine)",null: module,0,20,
null (nothing changes),150,4,"max(euclidean, cosine)",null: hub-rich module,0,20,
null (nothing changes),150,4,"min(euclidean, cosine)",null: random,0,20,
null (nothing changes),150,4,"min(euclidean, cosine)",null: module,0,20,
null (nothing changes),150,4,"min(euclidean, cosine)",null: hub-rich module,0,20,
null (nothing changes),150,5,"default (euclidean + cosine, 4-24)",null: random,0,20,
null (nothing changes),150,5,"default (euclidean + cosine, 4-24)",null: module,0,20,
null (nothing changes),150,5,"default (euclidean + cosine, 4-24)",null: hub-rich module,0,20,
null (nothing changes),150,5,"cosine, 4-24",null: random,0,20,
null (nothing changes),150,5,"cosine, 4-24",null: module,0,20,
null (nothing changes),150,5,"cosine, 4-24",null: hub-rich module,0,20,
null (nothing changes),150,5,"radial, 4-24",null: random,0,20,
null (nothing changes),150,5,"radial, 4-24",null: module,0,20,
null (nothing changes),150,5,"radial, 4-24",null: hub-rich module,0,20,
null (nothing changes),150,5,"euclidean, 4-24",null: random,2,20,
null (nothing changes),150,5,"euclidean, 4-24",null: module,3,20,
null (nothing changes),150,5,"euclidean, 4-24",null: hub-rich module,1,20,
null (nothing changes),150,5,"radial + cosine, 4-24",null: random,0,20,
null (nothing changes),150,5,"radial + cosine, 4-24",null: module,0,20,
null (nothing changes),150,5,"radial + cosine, 4-24",null: hub-rich module,0,20,
null (nothing changes),150,5,"cosine, d=8 (true rank)",null: random,2,20,
null (nothing changes),150,5,"cosine, d=8 (true rank)",null: module,4,20,
null (nothing changes),150,5,"cosine, d=8 (true rank)",null: hub-rich module,2,20,
null (nothing changes),150,5,"radial, d=8 (true rank)",null: random,0,20,
null (nothing changes),150,5,"radial, d=8 (true rank)",null: module,0,20,
null (nothing changes),150,5,"radial, d=8 (true rank)",null: hub-rich module,0,20,
null (nothing changes),150,5,degree difference,null: random,0,20,
null (nothing changes),150,5,degree difference,null: module,0,20,
null (nothing changes),150,5,degree difference,null: hub-rich module,0,20,
null (nothing changes),150,5,"overlap: min(cosine, radial)",null: random,1,20,
null (nothing changes),150,5,"overlap: min(cosine, radial)",null: module,1,20,
null (nothing changes),150,5,"overlap: min(cosine, radial)",null: hub-rich module,0,20,
null (nothing changes),150,5,"max(euclidean, cosine)",null: random,2,20,
null (nothing changes),150,5,"max(euclidean, cosine)",null: module,1,20,
null (nothing changes),150,5,"max(euclidean, cosine)",null: hub-rich module,0,20,
null (nothing changes),150,5,"min(euclidean, cosine)",null: random,0,20,
null (nothing changes),150,5,"min(euclidean, cosine)",null: module,0,20,
null (nothing changes),150,5,"min(euclidean, cosine)",null: hub-rich module,0,20,
null (nothing changes),150,6,"default (euclidean + cosine, 4-24)",null: random,0,20,
null (nothing changes),150,6,"default (euclidean + cosine, 4-24)",null: module,0,20,
null (nothing changes),150,6,"default (euclidean + cosine, 4-24)",null: hub-rich module,0,20,
null (nothing changes),150,6,"cosine, 4-24",null: random,0,20,
null (nothing changes),150,6,"cosine, 4-24",null: module,0,20,
null (nothing changes),150,6,"cosine, 4-24",null: hub-rich module,0,20,
null (nothing changes),150,6,"radial, 4-24",null: random,0,20,
null (nothing changes),150,6,"radial, 4-24",null: module,0,20,
null (nothing changes),150,6,"radial, 4-24",null: hub-rich module,0,20,
null (nothing changes),150,6,"euclidean, 4-24",null: random,0,20,
null (nothing changes),150,6,"euclidean, 4-24",null: module,0,20,
null (nothing changes),150,6,"euclidean, 4-24",null: hub-rich module,0,20,
null (nothing changes),150,6,"radial + cosine, 4-24",null: random,0,20,
null (nothing changes),150,6,"radial + cosine, 4-24",null: module,0,20,
null (nothing changes),150,6,"radial + cosine, 4-24",null: hub-rich module,0,20,
null (nothing changes),150,6,"cosine, d=8 (true rank)",null: random,0,20,
null (nothing changes),150,6,"cosine, d=8 (true rank)",null: module,0,20,
null (nothing changes),150,6,"cosine, d=8 (true rank)",null: hub-rich module,0,20,
null (nothing changes),150,6,"radial, d=8 (true rank)",null: random,0,20,
null (nothing changes),150,6,"radial, d=8 (true rank)",null: module,0,20,
null (nothing changes),150,6,"radial, d=8 (true rank)",null: hub-rich module,0,20,
null (nothing changes),150,6,degree difference,null: random,0,20,
null (nothing changes),150,6,degree difference,null: module,0,20,
null (nothing changes),150,6,degree difference,null: hub-rich module,0,20,
null (nothing changes),150,6,"overlap: min(cosine, radial)",null: random,0,20,
null (nothing changes),150,6,"overlap: min(cosine, radial)",null: module,0,20,
null (nothing changes),150,6,"overlap: min(cosine, radial)",null: hub-rich module,0,20,
null (nothing changes),150,6,"max(euclidean, cosine)",null: random,0,20,
null (nothing changes),150,6,"max(euclidean, cosine)",null: module,0,20,
null (nothing changes),150,6,"max(euclidean, cosine)",null: hub-rich module,0,20,
null (nothing changes),150,6,"min(euclidean, cosine)",null: random,0,20,
null (nothing changes),150,6,"min(euclidean, cosine)",null: module,0,20,
null (nothing changes),150,6,"min(euclidean, cosine)",null: hub-rich module,0,20,
null (nothing changes),150,7,"default (euclidean + cosine, 4-24)",null: random,0,20,
null (nothing changes),150,7,"default (euclidean + cosine, 4-24)",null: module,0,20,
null (nothing changes),150,7,"default (euclidean + cosine, 4-24)",null: hub-rich module,0,20,
null (nothing changes),150,7,"cosine, 4-24",null: random,0,20,
null (nothing changes),150,7,"cosine, 4-24",null: module,0,20,
null (nothing changes),150,7,"cosine, 4-24",null: hub-rich module,0,20,
null (nothing changes),150,7,"radial, 4-24",null: random,0,20,
null (nothing changes),150,7,"radial, 4-24",null: module,0,20,
null (nothing changes),150,7,"radial, 4-24",null: hub-rich module,0,20,
null (nothing changes),150,7,"euclidean, 4-24",null: random,0,20,
null (nothing changes),150,7,"euclidean, 4-24",null: module,0,20,
null (nothing changes),150,7,"euclidean, 4-24",null: hub-rich module,0,20,
null (nothing changes),150,7,"radial + cosine, 4-24",null: random,0,20,
null (nothing changes),150,7,"radial + cosine, 4-24",null: module,0,20,
null (nothing changes),150,7,"radial + cosine, 4-24",null: hub-rich module,0,20,
null (nothing changes),150,7,"cosine, d=8 (true rank)",null: random,0,20,
null (nothing changes),150,7,"cosine, d=8 (true rank)",null: module,0,20,
null (nothing changes),150,7,"cosine, d=8 (true rank)",null: hub-rich module,0,20,
null (nothing changes),150,7,"radial, d=8 (true rank)",null: random,0,20,
null (nothing changes),150,7,"radial, d=8 (true rank)",null: module,0,20,
null (nothing changes),150,7,"radial, d=8 (true rank)",null: hub-rich module,0,20,
null (nothing changes),150,7,degree difference,null: random,0,20,
null (nothing changes),150,7,degree difference,null: module,0,20,
null (nothing changes),150,7,degree difference,null: hub-rich module,0,20,
null (nothing changes),150,7,"overlap: min(cosine, radial)",null: random,0,20,
null (nothing changes),150,7,"overlap: min(cosine, radial)",null: module,0,20,
null (nothing changes),150,7,"overlap: min(cosine, radial)",null: hub-rich module,0,20,
null (nothing changes),150,7,"max(euclidean, cosine)",null: random,0,20,
null (nothing changes),150,7,"max(euclidean, cosine)",null: module,0,20,
null (nothing changes),150,7,"max(euclidean, cosine)",null: hub-rich module,0,20,
null (nothing changes),150,7,"min(euclidean, cosine)",null: random,0,20,
null (nothing changes),150,7,"min(euclidean, cosine)",null: module,0,20,
null (nothing changes),150,7,"min(euclidean, cosine)",null: hub-rich module,0,20,
null (nothing changes),400,0,"default (euclidean + cosine, 4-24)",null: random,0,20,
null (nothing changes),400,0,"default (euclidean + cosine, 4-24)",null: module,0,20,
null (nothing changes),400,0,"default (euclidean + cosine, 4-24)",null: hub-rich module,0,20,
null (nothing changes),400,0,"cosine, 4-24",null: random,0,20,
null (nothing changes),400,0,"cosine, 4-24",null: module,0,20,
null (nothing changes),400,0,"cosine, 4-24",null: hub-rich module,0,20,
null (nothing changes),400,0,"radial, 4-24",null: random,0,20,
null (nothing changes),400,0,"radial, 4-24",null: module,0,20,
null (nothing changes),400,0,"radial, 4-24",null: hub-rich module,0,20,
null (nothing changes),400,0,"euclidean, 4-24",null: random,0,20,
null (nothing changes),400,0,"euclidean, 4-24",null: module,0,20,
null (nothing changes),400,0,"euclidean, 4-24",null: hub-rich module,0,20,
null (nothing changes),400,0,"radial + cosine, 4-24",null: random,0,20,
null (nothing changes),400,0,"radial + cosine, 4-24",null: module,0,20,
null (nothing changes),400,0,"radial + cosine, 4-24",null: hub-rich module,0,20,
null (nothing changes),400,0,"cosine, d=8 (true rank)",null: random,0,20,
null (nothing changes),400,0,"cosine, d=8 (true rank)",null: module,0,20,
null (nothing changes),400,0,"cosine, d=8 (true rank)",null: hub-rich module,0,20,
null (nothing changes),400,0,"radial, d=8 (true rank)",null: random,0,20,
null (nothing changes),400,0,"radial, d=8 (true rank)",null: module,0,20,
null (nothing changes),400,0,"radial, d=8 (true rank)",null: hub-rich module,0,20,
null (nothing changes),400,0,degree difference,null: random,1,20,
null (nothing changes),400,0,degree difference,null: module,0,20,
null (nothing changes),400,0,degree difference,null: hub-rich module,0,20,
null (nothing changes),400,0,"overlap: min(cosine, radial)",null: random,0,20,
null (nothing changes),400,0,"overlap: min(cosine, radial)",null: module,0,20,
null (nothing changes),400,0,"overlap: min(cosine, radial)",null: hub-rich module,0,20,
null (nothing changes),400,0,"max(euclidean, cosine)",null: random,0,20,
null (nothing changes),400,0,"max(euclidean, cosine)",null: module,0,20,
null (nothing changes),400,0,"max(euclidean, cosine)",null: hub-rich module,0,20,
null (nothing changes),400,0,"min(euclidean, cosine)",null: random,0,20,
null (nothing changes),400,0,"min(euclidean, cosine)",null: module,0,20,
null (nothing changes),400,0,"min(euclidean, cosine)",null: hub-rich module,0,20,
null (nothing changes),400,1,"default (euclidean + cosine, 4-24)",null: random,0,20,
null (nothing changes),400,1,"default (euclidean + cosine, 4-24)",null: module,0,20,
null (nothing changes),400,1,"default (euclidean + cosine, 4-24)",null: hub-rich module,0,20,
null (nothing changes),400,1,"cosine, 4-24",null: random,0,20,
null (nothing changes),400,1,"cosine, 4-24",null: module,0,20,
null (nothing changes),400,1,"cosine, 4-24",null: hub-rich module,0,20,
null (nothing changes),400,1,"radial, 4-24",null: random,0,20,
null (nothing changes),400,1,"radial, 4-24",null: module,0,20,
null (nothing changes),400,1,"radial, 4-24",null: hub-rich module,0,20,
null (nothing changes),400,1,"euclidean, 4-24",null: random,0,20,
null (nothing changes),400,1,"euclidean, 4-24",null: module,0,20,
null (nothing changes),400,1,"euclidean, 4-24",null: hub-rich module,0,20,
null (nothing changes),400,1,"radial + cosine, 4-24",null: random,0,20,
null (nothing changes),400,1,"radial + cosine, 4-24",null: module,0,20,
null (nothing changes),400,1,"radial + cosine, 4-24",null: hub-rich module,0,20,
null (nothing changes),400,1,"cosine, d=8 (true rank)",null: random,0,20,
null (nothing changes),400,1,"cosine, d=8 (true rank)",null: module,0,20,
null (nothing changes),400,1,"cosine, d=8 (true rank)",null: hub-rich module,0,20,
null (nothing changes),400,1,"radial, d=8 (true rank)",null: random,0,20,
null (nothing changes),400,1,"radial, d=8 (true rank)",null: module,0,20,
null (nothing changes),400,1,"radial, d=8 (true rank)",null: hub-rich module,0,20,
null (nothing changes),400,1,degree difference,null: random,0,20,
null (nothing changes),400,1,degree difference,null: module,0,20,
null (nothing changes),400,1,degree difference,null: hub-rich module,0,20,
null (nothing changes),400,1,"overlap: min(cosine, radial)",null: random,0,20,
null (nothing changes),400,1,"overlap: min(cosine, radial)",null: module,0,20,
null (nothing changes),400,1,"overlap: min(cosine, radial)",null: hub-rich module,0,20,
null (nothing changes),400,1,"max(euclidean, cosine)",null: random,0,20,
null (nothing changes),400,1,"max(euclidean, cosine)",null: module,0,20,
null (nothing changes),400,1,"max(euclidean, cosine)",null: hub-rich module,0,20,
null (nothing changes),400,1,"min(euclidean, cosine)",null: random,0,20,
null (nothing changes),400,1,"min(euclidean, cosine)",null: module,0,20,
null (nothing changes),400,1,"min(euclidean, cosine)",null: hub-rich module,0,20,
null (nothing changes),400,2,"default (euclidean + cosine, 4-24)",null: random,0,20,
null (nothing changes),400,2,"default (euclidean + cosine, 4-24)",null: module,0,20,
null (nothing changes),400,2,"default (euclidean + cosine, 4-24)",null: hub-rich module,0,20,
null (nothing changes),400,2,"cosine, 4-24",null: random,0,20,
null (nothing changes),400,2,"cosine, 4-24",null: module,0,20,
null (nothing changes),400,2,"cosine, 4-24",null: hub-rich module,0,20,
null (nothing changes),400,2,"radial, 4-24",null: random,0,20,
null (nothing changes),400,2,"radial, 4-24",null: module,0,20,
null (nothing changes),400,2,"radial, 4-24",null: hub-rich module,0,20,
null (nothing changes),400,2,"euclidean, 4-24",null: random,0,20,
null (nothing changes),400,2,"euclidean, 4-24",null: module,0,20,
null (nothing changes),400,2,"euclidean, 4-24",null: hub-rich module,0,20,
null (nothing changes),400,2,"radial + cosine, 4-24",null: random,0,20,
null (nothing changes),400,2,"radial + cosine, 4-24",null: module,0,20,
null (nothing changes),400,2,"radial + cosine, 4-24",null: hub-rich module,0,20,
null (nothing changes),400,2,"cosine, d=8 (true rank)",null: random,0,20,
null (nothing changes),400,2,"cosine, d=8 (true rank)",null: module,0,20,
null (nothing changes),400,2,"cosine, d=8 (true rank)",null: hub-rich module,0,20,
null (nothing changes),400,2,"radial, d=8 (true rank)",null: random,0,20,
null (nothing changes),400,2,"radial, d=8 (true rank)",null: module,0,20,
null (nothing changes),400,2,"radial, d=8 (true rank)",null: hub-rich module,0,20,
null (nothing changes),400,2,degree difference,null: random,0,20,
null (nothing changes),400,2,degree difference,null: module,0,20,
null (nothing changes),400,2,degree difference,null: hub-rich module,0,20,
null (nothing changes),400,2,"overlap: min(cosine, radial)",null: random,0,20,
null (nothing changes),400,2,"overlap: min(cosine, radial)",null: module,0,20,
null (nothing changes),400,2,"overlap: min(cosine, radial)",null: hub-rich module,0,20,
null (nothing changes),400,2,"max(euclidean, cosine)",null: random,0,20,
null (nothing changes),400,2,"max(euclidean, cosine)",null: module,0,20,
null (nothing changes),400,2,"max(euclidean, cosine)",null: hub-rich module,0,20,
null (nothing changes),400,2,"min(euclidean, cosine)",null: random,0,20,
null (nothing changes),400,2,"min(euclidean, cosine)",null: module,0,20,
null (nothing changes),400,2,"min(euclidean, cosine)",null: hub-rich module,0,20,
null (nothing changes),400,3,"default (euclidean + cosine, 4-24)",null: random,0,20,
null (nothing changes),400,3,"default (euclidean + cosine, 4-24)",null: module,0,20,
null (nothing changes),400,3,"default (euclidean + cosine, 4-24)",null: hub-rich module,0,20,
null (nothing changes),400,3,"cosine, 4-24",null: random,0,20,
null (nothing changes),400,3,"cosine, 4-24",null: module,0,20,
null (nothing changes),400,3,"cosine, 4-24",null: hub-rich module,0,20,
null (nothing changes),400,3,"radial, 4-24",null: random,0,20,
null (nothing changes),400,3,"radial, 4-24",null: module,0,20,
null (nothing changes),400,3,"radial, 4-24",null: hub-rich module,0,20,
null (nothing changes),400,3,"euclidean, 4-24",null: random,0,20,
null (nothing changes),400,3,"euclidean, 4-24",null: module,0,20,
null (nothing changes),400,3,"euclidean, 4-24",null: hub-rich module,0,20,
null (nothing changes),400,3,"radial + cosine, 4-24",null: random,0,20,
null (nothing changes),400,3,"radial + cosine, 4-24",null: module,0,20,
null (nothing changes),400,3,"radial + cosine, 4-24",null: hub-rich module,0,20,
null (nothing changes),400,3,"cosine, d=8 (true rank)",null: random,0,20,
null (nothing changes),400,3,"cosine, d=8 (true rank)",null: module,0,20,
null (nothing changes),400,3,"cosine, d=8 (true rank)",null: hub-rich module,0,20,
null (nothing changes),400,3,"radial, d=8 (true rank)",null: random,0,20,
null (nothing changes),400,3,"radial, d=8 (true rank)",null: module,0,20,
null (nothing changes),400,3,"radial, d=8 (true rank)",null: hub-rich module,0,20,
null (nothing changes),400,3,degree difference,null: random,0,20,
null (nothing changes),400,3,degree difference,null: module,0,20,
null (nothing changes),400,3,degree difference,null: hub-rich module,0,20,
null (nothing changes),400,3,"overlap: min(cosine, radial)",null: random,0,20,
null (nothing changes),400,3,"overlap: min(cosine, radial)",null: module,0,20,
null (nothing changes),400,3,"overlap: min(cosine, radial)",null: hub-rich module,0,20,
null (nothing changes),400,3,"max(euclidean, cosine)",null: random,0,20,
null (nothing changes),400,3,"max(euclidean, cosine)",null: module,0,20,
null (nothing changes),400,3,"max(euclidean, cosine)",null: hub-rich module,0,20,
null (nothing changes),400,3,"min(euclidean, cosine)",null: random,0,20,
null (nothing changes),400,3,"min(euclidean, cosine)",null: module,0,20,
null (nothing changes),400,3,"min(euclidean, cosine)",null: hub-rich module,0,20,
null (nothing changes),400,4,"default (euclidean + cosine, 4-24)",null: random,0,20,
null (nothing changes),400,4,"default (euclidean + cosine, 4-24)",null: module,0,20,
null (nothing changes),400,4,"default (euclidean + cosine, 4-24)",null: hub-rich module,0,20,
null (nothing changes),400,4,"cosine, 4-24",null: random,0,20,
null (nothing changes),400,4,"cosine, 4-24",null: module,0,20,
null (nothing changes),400,4,"cosine, 4-24",null: hub-rich module,0,20,
null (nothing changes),400,4,"radial, 4-24",null: random,0,20,
null (nothing changes),400,4,"radial, 4-24",null: module,0,20,
null (nothing changes),400,4,"radial, 4-24",null: hub-rich module,0,20,
null (nothing changes),400,4,"euclidean, 4-24",null: random,0,20,
null (nothing changes),400,4,"euclidean, 4-24",null: module,0,20,
null (nothing changes),400,4,"euclidean, 4-24",null: hub-rich module,0,20,
null (nothing changes),400,4,"radial + cosine, 4-24",null: random,0,20,
null (nothing changes),400,4,"radial + cosine, 4-24",null: module,0,20,
null (nothing changes),400,4,"radial + cosine, 4-24",null: hub-rich module,0,20,
null (nothing changes),400,4,"cosine, d=8 (true rank)",null: random,0,20,
null (nothing changes),400,4,"cosine, d=8 (true rank)",null: module,0,20,
null (nothing changes),400,4,"cosine, d=8 (true rank)",null: hub-rich module,0,20,
null (nothing changes),400,4,"radial, d=8 (true rank)",null: random,0,20,
null (nothing changes),400,4,"radial, d=8 (true rank)",null: module,0,20,
null (nothing changes),400,4,"radial, d=8 (true rank)",null: hub-rich module,0,20,
null (nothing changes),400,4,degree difference,null: random,0,20,
null (nothing changes),400,4,degree difference,null: module,0,20,
null (nothing changes),400,4,degree difference,null: hub-rich module,0,20,
null (nothing changes),400,4,"overlap: min(cosine, radial)",null: random,0,20,
null (nothing changes),400,4,"overlap: min(cosine, radial)",null: module,0,20,
null (nothing changes),400,4,"overlap: min(cosine, radial)",null: hub-rich module,0,20,
null (nothing changes),400,4,"max(euclidean, cosine)",null: random,0,20,
null (nothing changes),400,4,"max(euclidean, cosine)",null: module,0,20,
null (nothing changes),400,4,"max(euclidean, cosine)",null: hub-rich module,0,20,
null (nothing changes),400,4,"min(euclidean, cosine)",null: random,0,20,
null (nothing changes),400,4,"min(euclidean, cosine)",null: module,0,20,
null (nothing changes),400,4,"min(euclidean, cosine)",null: hub-rich module,0,20,
null (nothing changes),400,5,"default (euclidean + cosine, 4-24)",null: random,0,20,
null (nothing changes),400,5,"default (euclidean + cosine, 4-24)",null: module,0,20,
null (nothing changes),400,5,"default (euclidean + cosine, 4-24)",null: hub-rich module,0,20,
null (nothing changes),400,5,"cosine, 4-24",null: random,0,20,
null (nothing changes),400,5,"cosine, 4-24",null: module,0,20,
null (nothing changes),400,5,"cosine, 4-24",null: hub-rich module,0,20,
null (nothing changes),400,5,"radial, 4-24",null: random,0,20,
null (nothing changes),400,5,"radial, 4-24",null: module,0,20,
null (nothing changes),400,5,"radial, 4-24",null: hub-rich module,0,20,
null (nothing changes),400,5,"euclidean, 4-24",null: random,0,20,
null (nothing changes),400,5,"euclidean, 4-24",null: module,0,20,
null (nothing changes),400,5,"euclidean, 4-24",null: hub-rich module,0,20,
null (nothing changes),400,5,"radial + cosine, 4-24",null: random,0,20,
null (nothing changes),400,5,"radial + cosine, 4-24",null: module,0,20,
null (nothing changes),400,5,"radial + cosine, 4-24",null: hub-rich module,0,20,
null (nothing changes),400,5,"cosine, d=8 (true rank)",null: random,0,20,
null (nothing changes),400,5,"cosine, d=8 (true rank)",null: module,0,20,
null (nothing changes),400,5,"cosine, d=8 (true rank)",null: hub-rich module,0,20,
null (nothing changes),400,5,"radial, d=8 (true rank)",null: random,0,20,
null (nothing changes),400,5,"radial, d=8 (true rank)",null: module,0,20,
null (nothing changes),400,5,"radial, d=8 (true rank)",null: hub-rich module,0,20,
null (nothing changes),400,5,degree difference,null: random,0,20,
null (nothing changes),400,5,degree difference,null: module,0,20,
null (nothing changes),400,5,degree difference,null: hub-rich module,0,20,
null (nothing changes),400,5,"overlap: min(cosine, radial)",null: random,0,20,
null (nothing changes),400,5,"overlap: min(cosine, radial)",null: module,0,20,
null (nothing changes),400,5,"overlap: min(cosine, radial)",null: hub-rich module,0,20,
null (nothing changes),400,5,"max(euclidean, cosine)",null: random,0,20,
null (nothing changes),400,5,"max(euclidean, cosine)",null: module,0,20,
null (nothing changes),400,5,"max(euclidean, cosine)",null: hub-rich module,0,20,
null (nothing changes),400,5,"min(euclidean, cosine)",null: random,0,20,
null (nothing changes),400,5,"min(euclidean, cosine)",null: module,0,20,
null (nothing changes),400,5,"min(euclidean, cosine)",null: hub-rich module,0,20,
null (nothing changes),400,6,"default (euclidean + cosine, 4-24)",null: random,0,20,
null (nothing changes),400,6,"default (euclidean + cosine, 4-24)",null: module,0,20,
null (nothing changes),400,6,"default (euclidean + cosine, 4-24)",null: hub-rich module,0,20,
null (nothing changes),400,6,"cosine, 4-24",null: random,0,20,
null (nothing changes),400,6,"cosine, 4-24",null: module,0,20,
null (nothing changes),400,6,"cosine, 4-24",null: hub-rich module,0,20,
null (nothing changes),400,6,"radial, 4-24",null: random,0,20,
null (nothing changes),400,6,"radial, 4-24",null: module,0,20,
null (nothing changes),400,6,"radial, 4-24",null: hub-rich module,0,20,
null (nothing changes),400,6,"euclidean, 4-24",null: random,0,20,
null (nothing changes),400,6,"euclidean, 4-24",null: module,0,20,
null (nothing changes),400,6,"euclidean, 4-24",null: hub-rich module,0,20,
null (nothing changes),400,6,"radial + cosine, 4-24",null: random,0,20,
null (nothing changes),400,6,"radial + cosine, 4-24",null: module,0,20,
null (nothing changes),400,6,"radial + cosine, 4-24",null: hub-rich module,0,20,
null (nothing changes),400,6,"cosine, d=8 (true rank)",null: random,0,20,
null (nothing changes),400,6,"cosine, d=8 (true rank)",null: module,0,20,
null (nothing changes),400,6,"cosine, d=8 (true rank)",null: hub-rich module,0,20,
null (nothing changes),400,6,"radial, d=8 (true rank)",null: random,0,20,
null (nothing changes),400,6,"radial, d=8 (true rank)",null: module,0,20,
null (nothing changes),400,6,"radial, d=8 (true rank)",null: hub-rich module,0,20,
null (nothing changes),400,6,degree difference,null: random,1,20,
null (nothing changes),400,6,degree difference,null: module,3,20,
null (nothing changes),400,6,degree difference,null: hub-rich module,5,20,
null (nothing changes),400,6,"overlap: min(cosine, radial)",null: random,0,20,
null (nothing changes),400,6,"overlap: min(cosine, radial)",null: module,0,20,
null (nothing changes),400,6,"overlap: min(cosine, radial)",null: hub-rich module,0,20,
null (nothing changes),400,6,"max(euclidean, cosine)",null: random,0,20,
null (nothing changes),400,6,"max(euclidean, cosine)",null: module,0,20,
null (nothing changes),400,6,"max(euclidean, cosine)",null: hub-rich module,0,20,
null (nothing changes),400,6,"min(euclidean, cosine)",null: random,0,20,
null (nothing changes),400,6,"min(euclidean, cosine)",null: module,0,20,
null (nothing changes),400,6,"min(euclidean, cosine)",null: hub-rich module,0,20,
null (nothing changes),400,7,"default (euclidean + cosine, 4-24)",null: random,0,20,
null (nothing changes),400,7,"default (euclidean + cosine, 4-24)",null: module,0,20,
null (nothing changes),400,7,"default (euclidean + cosine, 4-24)",null: hub-rich module,0,20,
null (nothing changes),400,7,"cosine, 4-24",null: random,0,20,
null (nothing changes),400,7,"cosine, 4-24",null: module,0,20,
null (nothing changes),400,7,"cosine, 4-24",null: hub-rich module,0,20,
null (nothing changes),400,7,"radial, 4-24",null: random,0,20,
null (nothing changes),400,7,"radial, 4-24",null: module,0,20,
null (nothing changes),400,7,"radial, 4-24",null: hub-rich module,0,20,
null (nothing changes),400,7,"euclidean, 4-24",null: random,0,20,
null (nothing changes),400,7,"euclidean, 4-24",null: module,0,20,
null (nothing changes),400,7,"euclidean, 4-24",null: hub-rich module,0,20,
null (nothing changes),400,7,"radial + cosine, 4-24",null: random,0,20,
null (nothing changes),400,7,"radial + cosine, 4-24",null: module,0,20,
null (nothing changes),400,7,"radial + cosine, 4-24",null: hub-rich module,0,20,
null (nothing changes),400,7,"cosine, d=8 (true rank)",null: random,0,20,
null (nothing changes),400,7,"cosine, d=8 (true rank)",null: module,0,20,
null (nothing changes),400,7,"cosine, d=8 (true rank)",null: hub-rich module,0,20,
null (nothing changes),400,7,"radial, d=8 (true rank)",null: random,0,20,
null (nothing changes),400,7,"radial, d=8 (true rank)",null: module,0,20,
null (nothing changes),400,7,"radial, d=8 (true rank)",null: hub-rich module,0,20,
null (nothing changes),400,7,degree difference,null: random,0,20,
null (nothing changes),400,7,degree difference,null: module,0,20,
null (nothing changes),400,7,degree difference,null: hub-rich module,0,20,
null (nothing changes),400,7,"overlap: min(cosine, radial)",null: random,0,20,
null (nothing changes),400,7,"overlap: min(cosine, radial)",null: module,0,20,
null (nothing changes),400,7,"overlap: min(cosine, radial)",null: hub-rich module,0,20,
null (nothing changes),400,7,"max(euclidean, cosine)",null: random,0,20,
null (nothing changes),400,7,"max(euclidean, cosine)",null: module,0,20,
null (nothing changes),400,7,"max(euclidean, cosine)",null: hub-rich module,0,20,
null (nothing changes),400,7,"min(euclidean, cosine)",null: random,0,20,
null (nothing changes),400,7,"min(euclidean, cosine)",null: module,0,20,
null (nothing changes),400,7,"min(euclidean, cosine)",null: hub-rich module,0,20,
