comparison,seed,ranking,gene_set,cell_cycle
G1 -> S,0,euclidean,REACTOME_APOPTOSIS,False
G1 -> S,0,euclidean,REACTOME_INTRINSIC_PATHWAY_FOR_APOPTOSIS,False
G1 -> S,0,euclidean,REACTOME_TRANSLESION_SYNTHESIS_BY_Y_FAMILY_DNA_POLYMERASES_BYPASSES_LESIONS_ON_DNA_TEMPLATE,False
G1 -> S,0,euclidean,REACTOME_RECOGNITION_OF_DNA_DAMAGE_BY_PCNA_CONTAINING_REPLICATION_COMPLEX,True
G1 -> S,0,euclidean,REACTOME_TRANSLESION_SYNTHESIS_BY_POLH,False
G1 -> S,0,euclidean,REACTOME_RESOLUTION_OF_AP_SITES_VIA_THE_MULTIPLE_NUCLEOTIDE_PATCH_REPLACEMENT_PATHWAY,False
G1 -> S,0,euclidean,REACTOME_E2F_MEDIATED_REGULATION_OF_DNA_REPLICATION,True
G1 -> S,0,euclidean,REACTOME_ACTIVATION_OF_BH3_ONLY_PROTEINS,False
G1 -> S,0,euclidean,REACTOME_ADAPTIVE_IMMUNE_SYSTEM,False
G1 -> S,0,euclidean,REACTOME_TRANSCRIPTION_OF_E2F_TARGETS_UNDER_NEGATIVE_CONTROL_BY_DREAM_COMPLEX,True
G1 -> S,0,euclidean,REACTOME_TRANSCRIPTION_OF_E2F_TARGETS_UNDER_NEGATIVE_CONTROL_BY_P107_RBL1_AND_P130_RBL2_IN_COMPLEX_WITH_HDAC1,True
G1 -> S,0,euclidean,REACTOME_INHIBITION_OF_THE_PROTEOLYTIC_ACTIVITY_OF_APC_C_REQUIRED_FOR_THE_ONSET_OF_ANAPHASE_BY_MITOTIC_SPINDLE_CHECKPOINT_COMPONENTS,True
G1 -> S,0,euclidean,REACTOME_G0_AND_EARLY_G1,True
G1 -> S,0,euclidean,REACTOME_POLO_LIKE_KINASE_MEDIATED_EVENTS,True
G1 -> S,0,euclidean,REACTOME_TELOMERE_MAINTENANCE,True
G1 -> S,0,euclidean,REACTOME_CELL_CYCLE,True
G1 -> S,0,euclidean,REACTOME_APC_C_CDC20_MEDIATED_DEGRADATION_OF_CYCLIN_B,True
G1 -> S,0,euclidean,REACTOME_APC_C_MEDIATED_DEGRADATION_OF_CELL_CYCLE_PROTEINS,True
G1 -> S,0,euclidean,REACTOME_APC_C_CDH1_MEDIATED_DEGRADATION_OF_CDC20_AND_OTHER_APC_C_CDH1_TARGETED_PROTEINS_IN_LATE_MITOSIS_EARLY_G1,True
G1 -> S,0,euclidean,REACTOME_POLYMERASE_SWITCHING_ON_THE_C_STRAND_OF_THE_TELOMERE,True
G1 -> S,0,euclidean,REACTOME_TELOMERE_C_STRAND_LAGGING_STRAND_SYNTHESIS,True
G1 -> S,0,euclidean,REACTOME_ACTIVATION_OF_ATR_IN_RESPONSE_TO_REPLICATION_STRESS,True
G1 -> S,0,euclidean,REACTOME_PHOSPHORYLATION_OF_EMI1,False
G1 -> S,0,euclidean,REACTOME_APC_CDC20_MEDIATED_DEGRADATION_OF_NEK2A,True
G1 -> S,0,euclidean,REACTOME_EXTENSION_OF_TELOMERES,True
G1 -> S,0,euclidean,REACTOME_RHO_GTPASE_EFFECTORS,False
G1 -> S,0,euclidean,REACTOME_ER_TO_GOLGI_ANTEROGRADE_TRANSPORT,False
G1 -> S,0,euclidean,REACTOME_MEMBRANE_TRAFFICKING,False
G1 -> S,0,euclidean,REACTOME_MHC_CLASS_II_ANTIGEN_PRESENTATION,False
G1 -> S,0,euclidean,REACTOME_SEPARATION_OF_SISTER_CHROMATIDS,True
G1 -> S,0,euclidean,REACTOME_RESOLUTION_OF_SISTER_CHROMATID_COHESION,True
G1 -> S,0,euclidean,REACTOME_CONDENSATION_OF_PROMETAPHASE_CHROMOSOMES,True
G1 -> S,0,euclidean,REACTOME_MITOTIC_METAPHASE_AND_ANAPHASE,True
G1 -> S,0,euclidean,REACTOME_REGULATION_OF_PLK1_ACTIVITY_AT_G2_M_TRANSITION,True
G1 -> S,0,euclidean,REACTOME_ACTIVATION_OF_NIMA_KINASES_NEK9_NEK6_NEK7,False
G1 -> S,0,euclidean,REACTOME_INITIATION_OF_NUCLEAR_ENVELOPE_NE_REFORMATION,False
G1 -> S,0,euclidean,REACTOME_NUCLEAR_ENVELOPE_NE_REASSEMBLY,False
G1 -> S,0,euclidean,REACTOME_HSP90_CHAPERONE_CYCLE_FOR_STEROID_HORMONE_RECEPTORS_SHR_IN_THE_PRESENCE_OF_LIGAND,False
G1 -> S,0,euclidean,REACTOME_TRANSCRIPTIONAL_REGULATION_BY_TP53,False
G1 -> S,0,euclidean,REACTOME_RECRUITMENT_OF_NUMA_TO_MITOTIC_CENTROSOMES,True
G1 -> S,0,euclidean,REACTOME_MITOTIC_G2_G2_M_PHASES,True
G1 -> S,0,euclidean,REACTOME_MITOTIC_G1_PHASE_AND_G1_S_TRANSITION,True
G1 -> S,0,euclidean,REACTOME_MISMATCH_REPAIR,False
G1 -> S,0,euclidean,REACTOME_ANCHORING_OF_THE_BASAL_BODY_TO_THE_PLASMA_MEMBRANE,False
G1 -> S,0,euclidean,REACTOME_INTRAFLAGELLAR_TRANSPORT,False
G1 -> S,0,euclidean,REACTOME_PCNA_DEPENDENT_LONG_PATCH_BASE_EXCISION_REPAIR,False
G1 -> S,0,euclidean,REACTOME_VESICLE_MEDIATED_TRANSPORT,False
G1 -> S,0,euclidean,REACTOME_TRANSLESION_SYNTHESIS_BY_POLK,False
G1 -> S,0,euclidean,REACTOME_TERMINATION_OF_TRANSLESION_DNA_SYNTHESIS,False
G1 -> S,0,euclidean,REACTOME_RHO_GTPASES_ACTIVATE_FORMINS,False
G1 -> S,0,euclidean,REACTOME_HDR_THROUGH_SINGLE_STRAND_ANNEALING_SSA,False
G1 -> S,0,euclidean,REACTOME_HDR_THROUGH_HOMOLOGOUS_RECOMBINATION_HRR,False
G1 -> S,0,euclidean,REACTOME_DEUBIQUITINATION,False
G1 -> S,0,euclidean,REACTOME_DNA_DOUBLE_STRAND_BREAK_REPAIR,False
G1 -> S,0,euclidean,REACTOME_HOMOLOGY_DIRECTED_REPAIR,False
G1 -> S,0,euclidean,REACTOME_HOMOLOGOUS_DNA_PAIRING_AND_STRAND_EXCHANGE,False
G1 -> S,0,euclidean,REACTOME_PROCESSING_OF_DNA_DOUBLE_STRAND_BREAK_ENDS,False
G1 -> S,0,euclidean,REACTOME_GAP_FILLING_DNA_REPAIR_SYNTHESIS_AND_LIGATION_IN_GG_NER,False
G1 -> S,0,euclidean,REACTOME_NUCLEOTIDE_EXCISION_REPAIR,False
G1 -> S,0,euclidean,REACTOME_GLOBAL_GENOME_NUCLEOTIDE_EXCISION_REPAIR_GG_NER,False
G1 -> S,0,euclidean,REACTOME_DUAL_INCISION_IN_GG_NER,False
G1 -> S,0,euclidean,REACTOME_TRANSCRIPTION_COUPLED_NUCLEOTIDE_EXCISION_REPAIR_TC_NER,False
G1 -> S,0,euclidean,REACTOME_DUAL_INCISION_IN_TC_NER,False
G1 -> S,0,euclidean,REACTOME_FANCONI_ANEMIA_PATHWAY,False
G1 -> S,0,euclidean,REACTOME_RRNA_MODIFICATION_IN_THE_NUCLEUS_AND_CYTOSOL,False
G1 -> S,0,euclidean,REACTOME_TP53_REGULATES_TRANSCRIPTION_OF_CELL_CYCLE_GENES,True
G1 -> S,0,euclidean,REACTOME_TP53_REGULATES_TRANSCRIPTION_OF_GENES_INVOLVED_IN_G2_CELL_CYCLE_ARREST,True
G1 -> S,0,euclidean,REACTOME_TP53_REGULATES_TRANSCRIPTION_OF_GENES_INVOLVED_IN_G1_CELL_CYCLE_ARREST,True
G1 -> S,0,euclidean,REACTOME_REGULATION_OF_TP53_ACTIVITY_THROUGH_PHOSPHORYLATION,False
G1 -> S,0,euclidean,REACTOME_COPI_MEDIATED_ANTEROGRADE_TRANSPORT,False
G1 -> S,0,euclidean,REACTOME_COPI_DEPENDENT_GOLGI_TO_ER_RETROGRADE_TRAFFIC,False
G1 -> S,0,euclidean,REACTOME_COPI_INDEPENDENT_GOLGI_TO_ER_RETROGRADE_TRAFFIC,False
G1 -> S,0,euclidean,REACTOME_INTRA_GOLGI_AND_RETROGRADE_GOLGI_TO_ER_TRAFFIC,False
G1 -> S,0,euclidean,REACTOME_MITOTIC_PROMETAPHASE,True
G1 -> S,0,euclidean,REACTOME_M_PHASE,True
G1 -> S,0,euclidean,REACTOME_ACTIVATION_OF_THE_PRE_REPLICATIVE_COMPLEX,False
G1 -> S,0,euclidean,REACTOME_DNA_REPLICATION_PRE_INITIATION,True
G1 -> S,0,euclidean,REACTOME_SWITCHING_OF_ORIGINS_TO_A_POST_REPLICATIVE_STATE,False
G1 -> S,0,euclidean,REACTOME_POLYMERASE_SWITCHING,False
G1 -> S,0,euclidean,REACTOME_LAGGING_STRAND_SYNTHESIS,True
G1 -> S,0,euclidean,REACTOME_DNA_STRAND_ELONGATION,False
G1 -> S,0,euclidean,REACTOME_G1_S_SPECIFIC_TRANSCRIPTION,True
G1 -> S,0,euclidean,REACTOME_SYNTHESIS_OF_DNA,False
G1 -> S,0,euclidean,REACTOME_S_PHASE,True
G1 -> S,0,euclidean,REACTOME_CYCLIN_A_B1_B2_ASSOCIATED_EVENTS_DURING_G2_M_TRANSITION,True
G1 -> S,0,euclidean,REACTOME_CELL_CYCLE_MITOTIC,True
G1 -> S,0,euclidean,REACTOME_DNA_REPLICATION,True
G1 -> S,0,euclidean,REACTOME_G2_M_DNA_DAMAGE_CHECKPOINT,True
G1 -> S,0,euclidean,REACTOME_G2_M_CHECKPOINTS,True
G1 -> S,0,euclidean,REACTOME_MITOTIC_SPINDLE_CHECKPOINT,True
G1 -> S,0,euclidean,REACTOME_CELL_CYCLE_CHECKPOINTS,True
G1 -> S,0,euclidean,REACTOME_RRNA_PROCESSING,False
G1 -> S,0,euclidean,REACTOME_RNA_POLYMERASE_II_TRANSCRIPTION_TERMINATION,False
G1 -> S,0,euclidean,REACTOME_RNA_POLYMERASE_II_TRANSCRIPTION,False
G1 -> S,0,euclidean,REACTOME_BASE_EXCISION_REPAIR,False
G1 -> S,0,euclidean,REACTOME_CHROMOSOME_MAINTENANCE,True
G1 -> S,0,euclidean,REACTOME_DNA_DAMAGE_BYPASS,False
G1 -> S,0,euclidean,REACTOME_DNA_REPAIR,False
G1 -> S,0,euclidean,REACTOME_RESOLUTION_OF_ABASIC_SITES_AP_SITES,False
G1 -> S,0,euclidean,REACTOME_PROTEIN_UBIQUITINATION,False
G1 -> S,0,euclidean,REACTOME_THE_ROLE_OF_GTSE1_IN_G2_M_PROGRESSION_AFTER_G2_CHECKPOINT,True
G1 -> S,0,euclidean,REACTOME_AURKA_ACTIVATION_BY_TPX2,True
G1 -> S,0,euclidean,REACTOME_GOLGI_TO_ER_RETROGRADE_TRANSPORT,False
G1 -> S,0,euclidean,REACTOME_E3_UBIQUITIN_LIGASES_UBIQUITINATE_TARGET_PROTEINS,False
G1 -> S,0,euclidean,REACTOME_NGF_STIMULATED_TRANSCRIPTION,False
G1 -> S,0,euclidean,REACTOME_PEROXISOMAL_PROTEIN_IMPORT,False
G1 -> S,0,euclidean,REACTOME_MEIOTIC_RECOMBINATION,False
G1 -> S,0,euclidean,REACTOME_PROTEIN_LOCALIZATION,False
G1 -> S,0,euclidean,REACTOME_SELECTIVE_AUTOPHAGY,False
G1 -> S,0,euclidean,REACTOME_SIGNALING_BY_RHO_GTPASES_MIRO_GTPASES_AND_RHOBTB3,False
G1 -> S,0,euclidean,REACTOME_KINESINS,False
G1 -> S,0,euclidean,REACTOME_FACTORS_INVOLVED_IN_MEGAKARYOCYTE_DEVELOPMENT_AND_PLATELET_PRODUCTION,False
G1 -> S,0,cosine,REACTOME_APOPTOSIS,False
G1 -> S,0,cosine,REACTOME_INTRINSIC_PATHWAY_FOR_APOPTOSIS,False
G1 -> S,0,cosine,REACTOME_TRANSLESION_SYNTHESIS_BY_Y_FAMILY_DNA_POLYMERASES_BYPASSES_LESIONS_ON_DNA_TEMPLATE,False
G1 -> S,0,cosine,REACTOME_RECOGNITION_OF_DNA_DAMAGE_BY_PCNA_CONTAINING_REPLICATION_COMPLEX,True
G1 -> S,0,cosine,REACTOME_TRANSLESION_SYNTHESIS_BY_POLH,False
G1 -> S,0,cosine,REACTOME_RESOLUTION_OF_AP_SITES_VIA_THE_MULTIPLE_NUCLEOTIDE_PATCH_REPLACEMENT_PATHWAY,False
G1 -> S,0,cosine,REACTOME_E2F_MEDIATED_REGULATION_OF_DNA_REPLICATION,True
G1 -> S,0,cosine,REACTOME_ACTIVATION_OF_BH3_ONLY_PROTEINS,False
G1 -> S,0,cosine,REACTOME_ADAPTIVE_IMMUNE_SYSTEM,False
G1 -> S,0,cosine,REACTOME_TRANSCRIPTION_OF_E2F_TARGETS_UNDER_NEGATIVE_CONTROL_BY_DREAM_COMPLEX,True
G1 -> S,0,cosine,REACTOME_TRANSCRIPTION_OF_E2F_TARGETS_UNDER_NEGATIVE_CONTROL_BY_P107_RBL1_AND_P130_RBL2_IN_COMPLEX_WITH_HDAC1,True
G1 -> S,0,cosine,REACTOME_INHIBITION_OF_THE_PROTEOLYTIC_ACTIVITY_OF_APC_C_REQUIRED_FOR_THE_ONSET_OF_ANAPHASE_BY_MITOTIC_SPINDLE_CHECKPOINT_COMPONENTS,True
G1 -> S,0,cosine,REACTOME_G0_AND_EARLY_G1,True
G1 -> S,0,cosine,REACTOME_POLO_LIKE_KINASE_MEDIATED_EVENTS,True
G1 -> S,0,cosine,REACTOME_TELOMERE_MAINTENANCE,True
G1 -> S,0,cosine,REACTOME_CELL_CYCLE,True
G1 -> S,0,cosine,REACTOME_MYD88_INDEPENDENT_TLR4_CASCADE,False
G1 -> S,0,cosine,REACTOME_SIGNALING_BY_NTRKS,False
G1 -> S,0,cosine,REACTOME_TOLL_LIKE_RECEPTOR_9_TLR9_CASCADE,False
G1 -> S,0,cosine,REACTOME_TOLL_LIKE_RECEPTOR_TLR1_TLR2_CASCADE,False
G1 -> S,0,cosine,REACTOME_TOLL_LIKE_RECEPTOR_CASCADES,False
G1 -> S,0,cosine,REACTOME_APC_C_CDC20_MEDIATED_DEGRADATION_OF_CYCLIN_B,True
G1 -> S,0,cosine,REACTOME_APC_C_MEDIATED_DEGRADATION_OF_CELL_CYCLE_PROTEINS,True
G1 -> S,0,cosine,REACTOME_APC_C_CDH1_MEDIATED_DEGRADATION_OF_CDC20_AND_OTHER_APC_C_CDH1_TARGETED_PROTEINS_IN_LATE_MITOSIS_EARLY_G1,True
G1 -> S,0,cosine,REACTOME_POLYMERASE_SWITCHING_ON_THE_C_STRAND_OF_THE_TELOMERE,True
G1 -> S,0,cosine,REACTOME_TELOMERE_C_STRAND_LAGGING_STRAND_SYNTHESIS,True
G1 -> S,0,cosine,REACTOME_ACTIVATION_OF_ATR_IN_RESPONSE_TO_REPLICATION_STRESS,True
G1 -> S,0,cosine,REACTOME_PHOSPHORYLATION_OF_EMI1,False
G1 -> S,0,cosine,REACTOME_APC_CDC20_MEDIATED_DEGRADATION_OF_NEK2A,True
G1 -> S,0,cosine,REACTOME_EXTENSION_OF_TELOMERES,True
G1 -> S,0,cosine,REACTOME_ORGANELLE_BIOGENESIS_AND_MAINTENANCE,False
G1 -> S,0,cosine,REACTOME_RHO_GTPASE_EFFECTORS,False
G1 -> S,0,cosine,REACTOME_NUCLEAR_EVENTS_KINASE_AND_TRANSCRIPTION_FACTOR_ACTIVATION,False
G1 -> S,0,cosine,REACTOME_MEMBRANE_TRAFFICKING,False
G1 -> S,0,cosine,REACTOME_MHC_CLASS_II_ANTIGEN_PRESENTATION,False
G1 -> S,0,cosine,REACTOME_SMAD2_SMAD3_SMAD4_HETEROTRIMER_REGULATES_TRANSCRIPTION,False
G1 -> S,0,cosine,REACTOME_SEPARATION_OF_SISTER_CHROMATIDS,True
G1 -> S,0,cosine,REACTOME_RESOLUTION_OF_SISTER_CHROMATID_COHESION,True
G1 -> S,0,cosine,REACTOME_CONDENSATION_OF_PROMETAPHASE_CHROMOSOMES,True
G1 -> S,0,cosine,REACTOME_MITOTIC_METAPHASE_AND_ANAPHASE,True
G1 -> S,0,cosine,REACTOME_OXIDATIVE_STRESS_INDUCED_SENESCENCE,False
G1 -> S,0,cosine,REACTOME_SENESCENCE_ASSOCIATED_SECRETORY_PHENOTYPE_SASP,False
G1 -> S,0,cosine,REACTOME_CELLULAR_SENESCENCE,False
G1 -> S,0,cosine,REACTOME_ONCOGENE_INDUCED_SENESCENCE,False
G1 -> S,0,cosine,REACTOME_REGULATION_OF_PLK1_ACTIVITY_AT_G2_M_TRANSITION,True
G1 -> S,0,cosine,REACTOME_NUCLEAR_ENVELOPE_BREAKDOWN,True
G1 -> S,0,cosine,REACTOME_ACTIVATION_OF_NIMA_KINASES_NEK9_NEK6_NEK7,False
G1 -> S,0,cosine,REACTOME_INITIATION_OF_NUCLEAR_ENVELOPE_NE_REFORMATION,False
G1 -> S,0,cosine,REACTOME_NUCLEAR_ENVELOPE_NE_REASSEMBLY,False
G1 -> S,0,cosine,REACTOME_NUCLEAR_PORE_COMPLEX_NPC_DISASSEMBLY,False
G1 -> S,0,cosine,REACTOME_HSP90_CHAPERONE_CYCLE_FOR_STEROID_HORMONE_RECEPTORS_SHR_IN_THE_PRESENCE_OF_LIGAND,False
G1 -> S,0,cosine,REACTOME_TRANSCRIPTIONAL_REGULATION_BY_TP53,False
G1 -> S,0,cosine,REACTOME_RECRUITMENT_OF_MITOTIC_CENTROSOME_PROTEINS_AND_COMPLEXES,True
G1 -> S,0,cosine,REACTOME_RECRUITMENT_OF_NUMA_TO_MITOTIC_CENTROSOMES,True
G1 -> S,0,cosine,REACTOME_RECYCLING_PATHWAY_OF_L1,True
G1 -> S,0,cosine,REACTOME_INTERLEUKIN_17_SIGNALING,False
G1 -> S,0,cosine,REACTOME_MITOTIC_G2_G2_M_PHASES,True
G1 -> S,0,cosine,REACTOME_MITOTIC_G1_PHASE_AND_G1_S_TRANSITION,True
G1 -> S,0,cosine,REACTOME_PROGRAMMED_CELL_DEATH,False
G1 -> S,0,cosine,REACTOME_REGULATION_OF_TNFR1_SIGNALING,False
G1 -> S,0,cosine,REACTOME_TNFR1_INDUCED_NFKAPPAB_SIGNALING_PATHWAY,False
G1 -> S,0,cosine,REACTOME_MISMATCH_REPAIR,False
G1 -> S,0,cosine,REACTOME_CILIUM_ASSEMBLY,False
G1 -> S,0,cosine,REACTOME_ANCHORING_OF_THE_BASAL_BODY_TO_THE_PLASMA_MEMBRANE,False
G1 -> S,0,cosine,REACTOME_REGULATION_OF_TP53_ACTIVITY,False
G1 -> S,0,cosine,REACTOME_PCNA_DEPENDENT_LONG_PATCH_BASE_EXCISION_REPAIR,False
G1 -> S,0,cosine,REACTOME_VESICLE_MEDIATED_TRANSPORT,False
G1 -> S,0,cosine,REACTOME_TRANSLESION_SYNTHESIS_BY_POLK,False
G1 -> S,0,cosine,REACTOME_TERMINATION_OF_TRANSLESION_DNA_SYNTHESIS,False
G1 -> S,0,cosine,REACTOME_RHO_GTPASES_ACTIVATE_FORMINS,False
G1 -> S,0,cosine,REACTOME_HDR_THROUGH_SINGLE_STRAND_ANNEALING_SSA,False
G1 -> S,0,cosine,REACTOME_HDR_THROUGH_HOMOLOGOUS_RECOMBINATION_HRR,False
G1 -> S,0,cosine,REACTOME_MAPK6_MAPK4_SIGNALING,False
G1 -> S,0,cosine,REACTOME_DEUBIQUITINATION,False
G1 -> S,0,cosine,REACTOME_UB_SPECIFIC_PROCESSING_PROTEASES,False
G1 -> S,0,cosine,REACTOME_DNA_DOUBLE_STRAND_BREAK_REPAIR,False
G1 -> S,0,cosine,REACTOME_HOMOLOGY_DIRECTED_REPAIR,False
G1 -> S,0,cosine,REACTOME_HOMOLOGOUS_DNA_PAIRING_AND_STRAND_EXCHANGE,False
G1 -> S,0,cosine,REACTOME_DNA_DOUBLE_STRAND_BREAK_RESPONSE,False
G1 -> S,0,cosine,REACTOME_PROCESSING_OF_DNA_DOUBLE_STRAND_BREAK_ENDS,False
G1 -> S,0,cosine,REACTOME_FORMATION_OF_INCISION_COMPLEX_IN_GG_NER,False
G1 -> S,0,cosine,REACTOME_GAP_FILLING_DNA_REPAIR_SYNTHESIS_AND_LIGATION_IN_GG_NER,False
G1 -> S,0,cosine,REACTOME_NUCLEOTIDE_EXCISION_REPAIR,False
G1 -> S,0,cosine,REACTOME_GLOBAL_GENOME_NUCLEOTIDE_EXCISION_REPAIR_GG_NER,False
G1 -> S,0,cosine,REACTOME_DUAL_INCISION_IN_GG_NER,False
G1 -> S,0,cosine,REACTOME_DEPOSITION_OF_NEW_CENPA_CONTAINING_NUCLEOSOMES_AT_THE_CENTROMERE,False
G1 -> S,0,cosine,REACTOME_TRANSCRIPTION_COUPLED_NUCLEOTIDE_EXCISION_REPAIR_TC_NER,False
G1 -> S,0,cosine,REACTOME_DUAL_INCISION_IN_TC_NER,False
G1 -> S,0,cosine,REACTOME_FANCONI_ANEMIA_PATHWAY,False
G1 -> S,0,cosine,REACTOME_RRNA_MODIFICATION_IN_THE_NUCLEUS_AND_CYTOSOL,False
G1 -> S,0,cosine,REACTOME_TP53_REGULATES_TRANSCRIPTION_OF_CELL_CYCLE_GENES,True
G1 -> S,0,cosine,REACTOME_TP53_REGULATES_TRANSCRIPTION_OF_GENES_INVOLVED_IN_G2_CELL_CYCLE_ARREST,True
G1 -> S,0,cosine,REACTOME_TP53_REGULATES_TRANSCRIPTION_OF_GENES_INVOLVED_IN_G1_CELL_CYCLE_ARREST,True
G1 -> S,0,cosine,REACTOME_REGULATION_OF_TP53_ACTIVITY_THROUGH_PHOSPHORYLATION,False
G1 -> S,0,cosine,REACTOME_REGULATION_OF_TP53_EXPRESSION_AND_DEGRADATION,False
G1 -> S,0,cosine,REACTOME_COPI_DEPENDENT_GOLGI_TO_ER_RETROGRADE_TRAFFIC,False
G1 -> S,0,cosine,REACTOME_COPI_INDEPENDENT_GOLGI_TO_ER_RETROGRADE_TRAFFIC,False
G1 -> S,0,cosine,REACTOME_INTRA_GOLGI_AND_RETROGRADE_GOLGI_TO_ER_TRAFFIC,False
G1 -> S,0,cosine,REACTOME_MITOTIC_PROPHASE,True
G1 -> S,0,cosine,REACTOME_MITOTIC_PROMETAPHASE,True
G1 -> S,0,cosine,REACTOME_MITOTIC_TELOPHASE_CYTOKINESIS,True
G1 -> S,0,cosine,REACTOME_M_PHASE,True
G1 -> S,0,cosine,REACTOME_ORC1_REMOVAL_FROM_CHROMATIN,True
G1 -> S,0,cosine,REACTOME_ACTIVATION_OF_THE_PRE_REPLICATIVE_COMPLEX,False
G1 -> S,0,cosine,REACTOME_DNA_REPLICATION_PRE_INITIATION,True
G1 -> S,0,cosine,REACTOME_SWITCHING_OF_ORIGINS_TO_A_POST_REPLICATIVE_STATE,False
G1 -> S,0,cosine,REACTOME_POLYMERASE_SWITCHING,False
G1 -> S,0,cosine,REACTOME_LAGGING_STRAND_SYNTHESIS,True
G1 -> S,0,cosine,REACTOME_DNA_STRAND_ELONGATION,False
G1 -> S,0,cosine,REACTOME_G1_S_SPECIFIC_TRANSCRIPTION,True
G1 -> S,0,cosine,REACTOME_CYCLIN_D_ASSOCIATED_EVENTS_IN_G1,True
G1 -> S,0,cosine,REACTOME_SYNTHESIS_OF_DNA,False
G1 -> S,0,cosine,REACTOME_S_PHASE,True
G1 -> S,0,cosine,REACTOME_CYCLIN_A_B1_B2_ASSOCIATED_EVENTS_DURING_G2_M_TRANSITION,True
G1 -> S,0,cosine,REACTOME_CELL_CYCLE_MITOTIC,True
G1 -> S,0,cosine,REACTOME_DNA_REPLICATION,True
G1 -> S,0,cosine,REACTOME_G2_M_DNA_DAMAGE_CHECKPOINT,True
G1 -> S,0,cosine,REACTOME_G2_M_CHECKPOINTS,True
G1 -> S,0,cosine,REACTOME_MITOTIC_SPINDLE_CHECKPOINT,True
G1 -> S,0,cosine,REACTOME_CELL_CYCLE_CHECKPOINTS,True
G1 -> S,0,cosine,REACTOME_CYCLIN_A_CDK2_ASSOCIATED_EVENTS_AT_S_PHASE_ENTRY,True
G1 -> S,0,cosine,REACTOME_RRNA_PROCESSING,False
G1 -> S,0,cosine,REACTOME_RNA_POLYMERASE_II_TRANSCRIPTION_TERMINATION,False
G1 -> S,0,cosine,REACTOME_RNA_POLYMERASE_II_TRANSCRIPTION,False
G1 -> S,0,cosine,REACTOME_BASE_EXCISION_REPAIR,False
G1 -> S,0,cosine,REACTOME_CHROMOSOME_MAINTENANCE,True
G1 -> S,0,cosine,REACTOME_DNA_DAMAGE_BYPASS,False
G1 -> S,0,cosine,REACTOME_DNA_REPAIR,False
G1 -> S,0,cosine,REACTOME_RESOLUTION_OF_ABASIC_SITES_AP_SITES,False
G1 -> S,0,cosine,REACTOME_TNF_SIGNALING,False
G1 -> S,0,cosine,REACTOME_PROTEIN_UBIQUITINATION,False
G1 -> S,0,cosine,REACTOME_THE_ROLE_OF_GTSE1_IN_G2_M_PROGRESSION_AFTER_G2_CHECKPOINT,True
G1 -> S,0,cosine,REACTOME_AURKA_ACTIVATION_BY_TPX2,True
G1 -> S,0,cosine,REACTOME_GOLGI_TO_ER_RETROGRADE_TRANSPORT,False
G1 -> S,0,cosine,REACTOME_E3_UBIQUITIN_LIGASES_UBIQUITINATE_TARGET_PROTEINS,False
G1 -> S,0,cosine,REACTOME_NGF_STIMULATED_TRANSCRIPTION,False
G1 -> S,0,cosine,REACTOME_PEROXISOMAL_PROTEIN_IMPORT,False
G1 -> S,0,cosine,REACTOME_PROTEIN_LOCALIZATION,False
G1 -> S,0,cosine,REACTOME_AUTOPHAGY,False
G1 -> S,0,cosine,REACTOME_AGGREPHAGY,False
G1 -> S,0,cosine,REACTOME_SELECTIVE_AUTOPHAGY,False
G1 -> S,0,cosine,REACTOME_DISEASES_OF_MITOTIC_CELL_CYCLE,True
G1 -> S,0,cosine,REACTOME_DISEASES_OF_DNA_REPAIR,False
G1 -> S,0,cosine,REACTOME_SIGNALING_BY_RHO_GTPASES_MIRO_GTPASES_AND_RHOBTB3,False
G1 -> S,0,cosine,REACTOME_KINESINS,False
G1 -> S,0,cosine,REACTOME_FACTORS_INVOLVED_IN_MEGAKARYOCYTE_DEVELOPMENT_AND_PLATELET_PRODUCTION,False
G1 -> S,0,radial,REACTOME_TRANSLESION_SYNTHESIS_BY_Y_FAMILY_DNA_POLYMERASES_BYPASSES_LESIONS_ON_DNA_TEMPLATE,False
G1 -> S,0,radial,REACTOME_RECOGNITION_OF_DNA_DAMAGE_BY_PCNA_CONTAINING_REPLICATION_COMPLEX,True
G1 -> S,0,radial,REACTOME_TRANSLESION_SYNTHESIS_BY_POLH,False
G1 -> S,0,radial,REACTOME_RESOLUTION_OF_AP_SITES_VIA_THE_MULTIPLE_NUCLEOTIDE_PATCH_REPLACEMENT_PATHWAY,False
G1 -> S,0,radial,REACTOME_ACTIVATION_OF_BH3_ONLY_PROTEINS,False
G1 -> S,0,radial,REACTOME_TRANSCRIPTION_OF_E2F_TARGETS_UNDER_NEGATIVE_CONTROL_BY_DREAM_COMPLEX,True
G1 -> S,0,radial,REACTOME_G0_AND_EARLY_G1,True
G1 -> S,0,radial,REACTOME_POLO_LIKE_KINASE_MEDIATED_EVENTS,True
G1 -> S,0,radial,REACTOME_TELOMERE_MAINTENANCE,True
G1 -> S,0,radial,REACTOME_CELL_CYCLE,True
G1 -> S,0,radial,REACTOME_APC_C_CDC20_MEDIATED_DEGRADATION_OF_CYCLIN_B,True
G1 -> S,0,radial,REACTOME_APC_C_MEDIATED_DEGRADATION_OF_CELL_CYCLE_PROTEINS,True
G1 -> S,0,radial,REACTOME_POLYMERASE_SWITCHING_ON_THE_C_STRAND_OF_THE_TELOMERE,True
G1 -> S,0,radial,REACTOME_TELOMERE_C_STRAND_LAGGING_STRAND_SYNTHESIS,True
G1 -> S,0,radial,REACTOME_ACTIVATION_OF_ATR_IN_RESPONSE_TO_REPLICATION_STRESS,True
G1 -> S,0,radial,REACTOME_PHOSPHORYLATION_OF_EMI1,False
G1 -> S,0,radial,REACTOME_EXTENSION_OF_TELOMERES,True
G1 -> S,0,radial,REACTOME_RHO_GTPASE_EFFECTORS,False
G1 -> S,0,radial,REACTOME_MHC_CLASS_II_ANTIGEN_PRESENTATION,False
G1 -> S,0,radial,REACTOME_SEPARATION_OF_SISTER_CHROMATIDS,True
G1 -> S,0,radial,REACTOME_RESOLUTION_OF_SISTER_CHROMATID_COHESION,True
G1 -> S,0,radial,REACTOME_MITOTIC_METAPHASE_AND_ANAPHASE,True
G1 -> S,0,radial,REACTOME_TRANSCRIPTIONAL_REGULATION_BY_TP53,False
G1 -> S,0,radial,REACTOME_MITOTIC_G2_G2_M_PHASES,True
G1 -> S,0,radial,REACTOME_MITOTIC_G1_PHASE_AND_G1_S_TRANSITION,True
G1 -> S,0,radial,REACTOME_REGULATION_OF_TP53_ACTIVITY,False
G1 -> S,0,radial,REACTOME_PCNA_DEPENDENT_LONG_PATCH_BASE_EXCISION_REPAIR,False
G1 -> S,0,radial,REACTOME_TRANSLESION_SYNTHESIS_BY_POLK,False
G1 -> S,0,radial,REACTOME_TERMINATION_OF_TRANSLESION_DNA_SYNTHESIS,False
G1 -> S,0,radial,REACTOME_RHO_GTPASES_ACTIVATE_FORMINS,False
G1 -> S,0,radial,REACTOME_HDR_THROUGH_SINGLE_STRAND_ANNEALING_SSA,False
G1 -> S,0,radial,REACTOME_HDR_THROUGH_HOMOLOGOUS_RECOMBINATION_HRR,False
G1 -> S,0,radial,REACTOME_HOMOLOGY_DIRECTED_REPAIR,False
G1 -> S,0,radial,REACTOME_PROCESSING_OF_DNA_DOUBLE_STRAND_BREAK_ENDS,False
G1 -> S,0,radial,REACTOME_GAP_FILLING_DNA_REPAIR_SYNTHESIS_AND_LIGATION_IN_GG_NER,False
G1 -> S,0,radial,REACTOME_NUCLEOTIDE_EXCISION_REPAIR,False
G1 -> S,0,radial,REACTOME_GLOBAL_GENOME_NUCLEOTIDE_EXCISION_REPAIR_GG_NER,False
G1 -> S,0,radial,REACTOME_DUAL_INCISION_IN_GG_NER,False
G1 -> S,0,radial,REACTOME_TRANSCRIPTION_COUPLED_NUCLEOTIDE_EXCISION_REPAIR_TC_NER,False
G1 -> S,0,radial,REACTOME_DUAL_INCISION_IN_TC_NER,False
G1 -> S,0,radial,REACTOME_TP53_REGULATES_TRANSCRIPTION_OF_CELL_CYCLE_GENES,True
G1 -> S,0,radial,REACTOME_TP53_REGULATES_TRANSCRIPTION_OF_GENES_INVOLVED_IN_G2_CELL_CYCLE_ARREST,True
G1 -> S,0,radial,REACTOME_REGULATION_OF_TP53_ACTIVITY_THROUGH_PHOSPHORYLATION,False
G1 -> S,0,radial,REACTOME_COPI_DEPENDENT_GOLGI_TO_ER_RETROGRADE_TRAFFIC,False
G1 -> S,0,radial,REACTOME_INTRA_GOLGI_AND_RETROGRADE_GOLGI_TO_ER_TRAFFIC,False
G1 -> S,0,radial,REACTOME_MITOTIC_PROMETAPHASE,True
G1 -> S,0,radial,REACTOME_M_PHASE,True
G1 -> S,0,radial,REACTOME_ACTIVATION_OF_THE_PRE_REPLICATIVE_COMPLEX,False
G1 -> S,0,radial,REACTOME_DNA_REPLICATION_PRE_INITIATION,True
G1 -> S,0,radial,REACTOME_SWITCHING_OF_ORIGINS_TO_A_POST_REPLICATIVE_STATE,False
G1 -> S,0,radial,REACTOME_POLYMERASE_SWITCHING,False
G1 -> S,0,radial,REACTOME_LAGGING_STRAND_SYNTHESIS,True
G1 -> S,0,radial,REACTOME_DNA_STRAND_ELONGATION,False
G1 -> S,0,radial,REACTOME_G1_S_SPECIFIC_TRANSCRIPTION,True
G1 -> S,0,radial,REACTOME_SYNTHESIS_OF_DNA,False
G1 -> S,0,radial,REACTOME_S_PHASE,True
G1 -> S,0,radial,REACTOME_CYCLIN_A_B1_B2_ASSOCIATED_EVENTS_DURING_G2_M_TRANSITION,True
G1 -> S,0,radial,REACTOME_CELL_CYCLE_MITOTIC,True
G1 -> S,0,radial,REACTOME_DNA_REPLICATION,True
G1 -> S,0,radial,REACTOME_G2_M_DNA_DAMAGE_CHECKPOINT,True
G1 -> S,0,radial,REACTOME_G2_M_CHECKPOINTS,True
G1 -> S,0,radial,REACTOME_MITOTIC_SPINDLE_CHECKPOINT,True
G1 -> S,0,radial,REACTOME_CELL_CYCLE_CHECKPOINTS,True
G1 -> S,0,radial,REACTOME_BASE_EXCISION_REPAIR,False
G1 -> S,0,radial,REACTOME_CHROMOSOME_MAINTENANCE,True
G1 -> S,0,radial,REACTOME_DNA_DAMAGE_BYPASS,False
G1 -> S,0,radial,REACTOME_DNA_REPAIR,False
G1 -> S,0,radial,REACTOME_RESOLUTION_OF_ABASIC_SITES_AP_SITES,False
G1 -> S,0,radial,REACTOME_GOLGI_TO_ER_RETROGRADE_TRANSPORT,False
G1 -> S,0,radial,REACTOME_SIGNALING_BY_RHO_GTPASES_MIRO_GTPASES_AND_RHOBTB3,False
G1 -> S,0,radial,REACTOME_KINESINS,False
G1 -> S,0,radial,REACTOME_FACTORS_INVOLVED_IN_MEGAKARYOCYTE_DEVELOPMENT_AND_PLATELET_PRODUCTION,False
G1 -> S,0,default,REACTOME_APOPTOSIS,False
G1 -> S,0,default,REACTOME_INTRINSIC_PATHWAY_FOR_APOPTOSIS,False
G1 -> S,0,default,REACTOME_TRANSLESION_SYNTHESIS_BY_Y_FAMILY_DNA_POLYMERASES_BYPASSES_LESIONS_ON_DNA_TEMPLATE,False
G1 -> S,0,default,REACTOME_RECOGNITION_OF_DNA_DAMAGE_BY_PCNA_CONTAINING_REPLICATION_COMPLEX,True
G1 -> S,0,default,REACTOME_TRANSLESION_SYNTHESIS_BY_POLH,False
G1 -> S,0,default,REACTOME_RESOLUTION_OF_AP_SITES_VIA_THE_MULTIPLE_NUCLEOTIDE_PATCH_REPLACEMENT_PATHWAY,False
G1 -> S,0,default,REACTOME_E2F_MEDIATED_REGULATION_OF_DNA_REPLICATION,True
G1 -> S,0,default,REACTOME_ACTIVATION_OF_BH3_ONLY_PROTEINS,False
G1 -> S,0,default,REACTOME_ADAPTIVE_IMMUNE_SYSTEM,False
G1 -> S,0,default,REACTOME_TRANSCRIPTION_OF_E2F_TARGETS_UNDER_NEGATIVE_CONTROL_BY_DREAM_COMPLEX,True
G1 -> S,0,default,REACTOME_TRANSCRIPTION_OF_E2F_TARGETS_UNDER_NEGATIVE_CONTROL_BY_P107_RBL1_AND_P130_RBL2_IN_COMPLEX_WITH_HDAC1,True
G1 -> S,0,default,REACTOME_INHIBITION_OF_THE_PROTEOLYTIC_ACTIVITY_OF_APC_C_REQUIRED_FOR_THE_ONSET_OF_ANAPHASE_BY_MITOTIC_SPINDLE_CHECKPOINT_COMPONENTS,True
G1 -> S,0,default,REACTOME_G0_AND_EARLY_G1,True
G1 -> S,0,default,REACTOME_POLO_LIKE_KINASE_MEDIATED_EVENTS,True
G1 -> S,0,default,REACTOME_TELOMERE_MAINTENANCE,True
G1 -> S,0,default,REACTOME_CELL_CYCLE,True
G1 -> S,0,default,REACTOME_SIGNALING_BY_NTRKS,False
G1 -> S,0,default,REACTOME_APC_C_CDC20_MEDIATED_DEGRADATION_OF_CYCLIN_B,True
G1 -> S,0,default,REACTOME_APC_C_MEDIATED_DEGRADATION_OF_CELL_CYCLE_PROTEINS,True
G1 -> S,0,default,REACTOME_APC_C_CDH1_MEDIATED_DEGRADATION_OF_CDC20_AND_OTHER_APC_C_CDH1_TARGETED_PROTEINS_IN_LATE_MITOSIS_EARLY_G1,True
G1 -> S,0,default,REACTOME_POLYMERASE_SWITCHING_ON_THE_C_STRAND_OF_THE_TELOMERE,True
G1 -> S,0,default,REACTOME_TELOMERE_C_STRAND_LAGGING_STRAND_SYNTHESIS,True
G1 -> S,0,default,REACTOME_ACTIVATION_OF_ATR_IN_RESPONSE_TO_REPLICATION_STRESS,True
G1 -> S,0,default,REACTOME_PHOSPHORYLATION_OF_EMI1,False
G1 -> S,0,default,REACTOME_APC_CDC20_MEDIATED_DEGRADATION_OF_NEK2A,True
G1 -> S,0,default,REACTOME_EXTENSION_OF_TELOMERES,True
G1 -> S,0,default,REACTOME_ORGANELLE_BIOGENESIS_AND_MAINTENANCE,False
G1 -> S,0,default,REACTOME_RHO_GTPASE_EFFECTORS,False
G1 -> S,0,default,REACTOME_NUCLEAR_EVENTS_KINASE_AND_TRANSCRIPTION_FACTOR_ACTIVATION,False
G1 -> S,0,default,REACTOME_MEMBRANE_TRAFFICKING,False
G1 -> S,0,default,REACTOME_MHC_CLASS_II_ANTIGEN_PRESENTATION,False
G1 -> S,0,default,REACTOME_SEPARATION_OF_SISTER_CHROMATIDS,True
G1 -> S,0,default,REACTOME_RESOLUTION_OF_SISTER_CHROMATID_COHESION,True
G1 -> S,0,default,REACTOME_CONDENSATION_OF_PROMETAPHASE_CHROMOSOMES,True
G1 -> S,0,default,REACTOME_MITOTIC_METAPHASE_AND_ANAPHASE,True
G1 -> S,0,default,REACTOME_OXIDATIVE_STRESS_INDUCED_SENESCENCE,False
G1 -> S,0,default,REACTOME_SENESCENCE_ASSOCIATED_SECRETORY_PHENOTYPE_SASP,False
G1 -> S,0,default,REACTOME_CELLULAR_SENESCENCE,False
G1 -> S,0,default,REACTOME_ONCOGENE_INDUCED_SENESCENCE,False
G1 -> S,0,default,REACTOME_REGULATION_OF_PLK1_ACTIVITY_AT_G2_M_TRANSITION,True
G1 -> S,0,default,REACTOME_NUCLEAR_ENVELOPE_BREAKDOWN,True
G1 -> S,0,default,REACTOME_ACTIVATION_OF_NIMA_KINASES_NEK9_NEK6_NEK7,False
G1 -> S,0,default,REACTOME_INITIATION_OF_NUCLEAR_ENVELOPE_NE_REFORMATION,False
G1 -> S,0,default,REACTOME_NUCLEAR_ENVELOPE_NE_REASSEMBLY,False
G1 -> S,0,default,REACTOME_NUCLEAR_PORE_COMPLEX_NPC_DISASSEMBLY,False
G1 -> S,0,default,REACTOME_HSP90_CHAPERONE_CYCLE_FOR_STEROID_HORMONE_RECEPTORS_SHR_IN_THE_PRESENCE_OF_LIGAND,False
G1 -> S,0,default,REACTOME_TRANSCRIPTIONAL_REGULATION_BY_TP53,False
G1 -> S,0,default,REACTOME_RECRUITMENT_OF_MITOTIC_CENTROSOME_PROTEINS_AND_COMPLEXES,True
G1 -> S,0,default,REACTOME_RECRUITMENT_OF_NUMA_TO_MITOTIC_CENTROSOMES,True
G1 -> S,0,default,REACTOME_RECYCLING_PATHWAY_OF_L1,True
G1 -> S,0,default,REACTOME_MITOTIC_G2_G2_M_PHASES,True
G1 -> S,0,default,REACTOME_MITOTIC_G1_PHASE_AND_G1_S_TRANSITION,True
G1 -> S,0,default,REACTOME_PROGRAMMED_CELL_DEATH,False
G1 -> S,0,default,REACTOME_MISMATCH_REPAIR,False
G1 -> S,0,default,REACTOME_CILIUM_ASSEMBLY,False
G1 -> S,0,default,REACTOME_ANCHORING_OF_THE_BASAL_BODY_TO_THE_PLASMA_MEMBRANE,False
G1 -> S,0,default,REACTOME_INTRAFLAGELLAR_TRANSPORT,False
G1 -> S,0,default,REACTOME_REGULATION_OF_TP53_ACTIVITY,False
G1 -> S,0,default,REACTOME_PCNA_DEPENDENT_LONG_PATCH_BASE_EXCISION_REPAIR,False
G1 -> S,0,default,REACTOME_VESICLE_MEDIATED_TRANSPORT,False
G1 -> S,0,default,REACTOME_TRANSLESION_SYNTHESIS_BY_POLK,False
G1 -> S,0,default,REACTOME_TERMINATION_OF_TRANSLESION_DNA_SYNTHESIS,False
G1 -> S,0,default,REACTOME_RHO_GTPASES_ACTIVATE_FORMINS,False
G1 -> S,0,default,REACTOME_HDR_THROUGH_SINGLE_STRAND_ANNEALING_SSA,False
G1 -> S,0,default,REACTOME_HDR_THROUGH_HOMOLOGOUS_RECOMBINATION_HRR,False
G1 -> S,0,default,REACTOME_DEUBIQUITINATION,False
G1 -> S,0,default,REACTOME_UB_SPECIFIC_PROCESSING_PROTEASES,False
G1 -> S,0,default,REACTOME_DNA_DOUBLE_STRAND_BREAK_REPAIR,False
G1 -> S,0,default,REACTOME_HOMOLOGY_DIRECTED_REPAIR,False
G1 -> S,0,default,REACTOME_HOMOLOGOUS_DNA_PAIRING_AND_STRAND_EXCHANGE,False
G1 -> S,0,default,REACTOME_DNA_DOUBLE_STRAND_BREAK_RESPONSE,False
G1 -> S,0,default,REACTOME_PROCESSING_OF_DNA_DOUBLE_STRAND_BREAK_ENDS,False
G1 -> S,0,default,REACTOME_FORMATION_OF_INCISION_COMPLEX_IN_GG_NER,False
G1 -> S,0,default,REACTOME_GAP_FILLING_DNA_REPAIR_SYNTHESIS_AND_LIGATION_IN_GG_NER,False
G1 -> S,0,default,REACTOME_NUCLEOTIDE_EXCISION_REPAIR,False
G1 -> S,0,default,REACTOME_GLOBAL_GENOME_NUCLEOTIDE_EXCISION_REPAIR_GG_NER,False
G1 -> S,0,default,REACTOME_DUAL_INCISION_IN_GG_NER,False
G1 -> S,0,default,REACTOME_DEPOSITION_OF_NEW_CENPA_CONTAINING_NUCLEOSOMES_AT_THE_CENTROMERE,False
G1 -> S,0,default,REACTOME_TRANSCRIPTION_COUPLED_NUCLEOTIDE_EXCISION_REPAIR_TC_NER,False
G1 -> S,0,default,REACTOME_DUAL_INCISION_IN_TC_NER,False
G1 -> S,0,default,REACTOME_FANCONI_ANEMIA_PATHWAY,False
G1 -> S,0,default,REACTOME_RRNA_MODIFICATION_IN_THE_NUCLEUS_AND_CYTOSOL,False
G1 -> S,0,default,REACTOME_TP53_REGULATES_TRANSCRIPTION_OF_CELL_CYCLE_GENES,True
G1 -> S,0,default,REACTOME_TP53_REGULATES_TRANSCRIPTION_OF_GENES_INVOLVED_IN_G2_CELL_CYCLE_ARREST,True
G1 -> S,0,default,REACTOME_TP53_REGULATES_TRANSCRIPTION_OF_GENES_INVOLVED_IN_G1_CELL_CYCLE_ARREST,True
G1 -> S,0,default,REACTOME_REGULATION_OF_TP53_ACTIVITY_THROUGH_PHOSPHORYLATION,False
G1 -> S,0,default,REACTOME_REGULATION_OF_TP53_EXPRESSION_AND_DEGRADATION,False
G1 -> S,0,default,REACTOME_COPI_DEPENDENT_GOLGI_TO_ER_RETROGRADE_TRAFFIC,False
G1 -> S,0,default,REACTOME_COPI_INDEPENDENT_GOLGI_TO_ER_RETROGRADE_TRAFFIC,False
G1 -> S,0,default,REACTOME_INTRA_GOLGI_AND_RETROGRADE_GOLGI_TO_ER_TRAFFIC,False
G1 -> S,0,default,REACTOME_MITOTIC_PROPHASE,True
G1 -> S,0,default,REACTOME_MITOTIC_PROMETAPHASE,True
G1 -> S,0,default,REACTOME_MITOTIC_TELOPHASE_CYTOKINESIS,True
G1 -> S,0,default,REACTOME_M_PHASE,True
G1 -> S,0,default,REACTOME_ORC1_REMOVAL_FROM_CHROMATIN,True
G1 -> S,0,default,REACTOME_ACTIVATION_OF_THE_PRE_REPLICATIVE_COMPLEX,False
G1 -> S,0,default,REACTOME_DNA_REPLICATION_PRE_INITIATION,True
G1 -> S,0,default,REACTOME_SWITCHING_OF_ORIGINS_TO_A_POST_REPLICATIVE_STATE,False
G1 -> S,0,default,REACTOME_POLYMERASE_SWITCHING,False
G1 -> S,0,default,REACTOME_LAGGING_STRAND_SYNTHESIS,True
G1 -> S,0,default,REACTOME_DNA_STRAND_ELONGATION,False
G1 -> S,0,default,REACTOME_G1_S_SPECIFIC_TRANSCRIPTION,True
G1 -> S,0,default,REACTOME_CYCLIN_D_ASSOCIATED_EVENTS_IN_G1,True
G1 -> S,0,default,REACTOME_SYNTHESIS_OF_DNA,False
G1 -> S,0,default,REACTOME_S_PHASE,True
G1 -> S,0,default,REACTOME_CYCLIN_A_B1_B2_ASSOCIATED_EVENTS_DURING_G2_M_TRANSITION,True
G1 -> S,0,default,REACTOME_CELL_CYCLE_MITOTIC,True
G1 -> S,0,default,REACTOME_DNA_REPLICATION,True
G1 -> S,0,default,REACTOME_G2_M_DNA_DAMAGE_CHECKPOINT,True
G1 -> S,0,default,REACTOME_G2_M_CHECKPOINTS,True
G1 -> S,0,default,REACTOME_MITOTIC_SPINDLE_CHECKPOINT,True
G1 -> S,0,default,REACTOME_CELL_CYCLE_CHECKPOINTS,True
G1 -> S,0,default,REACTOME_CYCLIN_A_CDK2_ASSOCIATED_EVENTS_AT_S_PHASE_ENTRY,True
G1 -> S,0,default,REACTOME_RRNA_PROCESSING,False
G1 -> S,0,default,REACTOME_RNA_POLYMERASE_II_TRANSCRIPTION_TERMINATION,False
G1 -> S,0,default,REACTOME_RNA_POLYMERASE_II_TRANSCRIPTION,False
G1 -> S,0,default,REACTOME_BASE_EXCISION_REPAIR,False
G1 -> S,0,default,REACTOME_CHROMOSOME_MAINTENANCE,True
G1 -> S,0,default,REACTOME_DNA_DAMAGE_BYPASS,False
G1 -> S,0,default,REACTOME_DNA_REPAIR,False
G1 -> S,0,default,REACTOME_RESOLUTION_OF_ABASIC_SITES_AP_SITES,False
G1 -> S,0,default,REACTOME_PROTEIN_UBIQUITINATION,False
G1 -> S,0,default,REACTOME_THE_ROLE_OF_GTSE1_IN_G2_M_PROGRESSION_AFTER_G2_CHECKPOINT,True
G1 -> S,0,default,REACTOME_AURKA_ACTIVATION_BY_TPX2,True
G1 -> S,0,default,REACTOME_GOLGI_TO_ER_RETROGRADE_TRANSPORT,False
G1 -> S,0,default,REACTOME_E3_UBIQUITIN_LIGASES_UBIQUITINATE_TARGET_PROTEINS,False
G1 -> S,0,default,REACTOME_NGF_STIMULATED_TRANSCRIPTION,False
G1 -> S,0,default,REACTOME_PEROXISOMAL_PROTEIN_IMPORT,False
G1 -> S,0,default,REACTOME_PROTEIN_LOCALIZATION,False
G1 -> S,0,default,REACTOME_AUTOPHAGY,False
G1 -> S,0,default,REACTOME_TRANSCRIPTIONAL_REGULATION_OF_GRANULOPOIESIS,False
G1 -> S,0,default,REACTOME_AGGREPHAGY,False
G1 -> S,0,default,REACTOME_SELECTIVE_AUTOPHAGY,False
G1 -> S,0,default,REACTOME_DISEASES_OF_MITOTIC_CELL_CYCLE,True
G1 -> S,0,default,REACTOME_DISEASES_OF_DNA_REPAIR,False
G1 -> S,0,default,REACTOME_SIGNALING_BY_RHO_GTPASES_MIRO_GTPASES_AND_RHOBTB3,False
G1 -> S,0,default,REACTOME_KINESINS,False
G1 -> S,0,default,REACTOME_FACTORS_INVOLVED_IN_MEGAKARYOCYTE_DEVELOPMENT_AND_PLATELET_PRODUCTION,False
G1 -> S,0,"mean(euclidean, cosine)",REACTOME_APOPTOSIS,False
G1 -> S,0,"mean(euclidean, cosine)",REACTOME_INTRINSIC_PATHWAY_FOR_APOPTOSIS,False
G1 -> S,0,"mean(euclidean, cosine)",REACTOME_TRANSLESION_SYNTHESIS_BY_Y_FAMILY_DNA_POLYMERASES_BYPASSES_LESIONS_ON_DNA_TEMPLATE,False
G1 -> S,0,"mean(euclidean, cosine)",REACTOME_RECOGNITION_OF_DNA_DAMAGE_BY_PCNA_CONTAINING_REPLICATION_COMPLEX,True
G1 -> S,0,"mean(euclidean, cosine)",REACTOME_TRANSLESION_SYNTHESIS_BY_POLH,False
G1 -> S,0,"mean(euclidean, cosine)",REACTOME_RESOLUTION_OF_AP_SITES_VIA_THE_MULTIPLE_NUCLEOTIDE_PATCH_REPLACEMENT_PATHWAY,False
G1 -> S,0,"mean(euclidean, cosine)",REACTOME_E2F_MEDIATED_REGULATION_OF_DNA_REPLICATION,True
G1 -> S,0,"mean(euclidean, cosine)",REACTOME_ACTIVATION_OF_BH3_ONLY_PROTEINS,False
G1 -> S,0,"mean(euclidean, cosine)",REACTOME_ADAPTIVE_IMMUNE_SYSTEM,False
G1 -> S,0,"mean(euclidean, cosine)",REACTOME_TRANSCRIPTION_OF_E2F_TARGETS_UNDER_NEGATIVE_CONTROL_BY_DREAM_COMPLEX,True
G1 -> S,0,"mean(euclidean, cosine)",REACTOME_TRANSCRIPTION_OF_E2F_TARGETS_UNDER_NEGATIVE_CONTROL_BY_P107_RBL1_AND_P130_RBL2_IN_COMPLEX_WITH_HDAC1,True
G1 -> S,0,"mean(euclidean, cosine)",REACTOME_INHIBITION_OF_THE_PROTEOLYTIC_ACTIVITY_OF_APC_C_REQUIRED_FOR_THE_ONSET_OF_ANAPHASE_BY_MITOTIC_SPINDLE_CHECKPOINT_COMPONENTS,True
G1 -> S,0,"mean(euclidean, cosine)",REACTOME_G0_AND_EARLY_G1,True
G1 -> S,0,"mean(euclidean, cosine)",REACTOME_POLO_LIKE_KINASE_MEDIATED_EVENTS,True
G1 -> S,0,"mean(euclidean, cosine)",REACTOME_TELOMERE_MAINTENANCE,True
G1 -> S,0,"mean(euclidean, cosine)",REACTOME_CELL_CYCLE,True
G1 -> S,0,"mean(euclidean, cosine)",REACTOME_MYD88_INDEPENDENT_TLR4_CASCADE,False
G1 -> S,0,"mean(euclidean, cosine)",REACTOME_SIGNALING_BY_NTRKS,False
G1 -> S,0,"mean(euclidean, cosine)",REACTOME_TOLL_LIKE_RECEPTOR_TLR1_TLR2_CASCADE,False
G1 -> S,0,"mean(euclidean, cosine)",REACTOME_APC_C_CDC20_MEDIATED_DEGRADATION_OF_CYCLIN_B,True
G1 -> S,0,"mean(euclidean, cosine)",REACTOME_APC_C_MEDIATED_DEGRADATION_OF_CELL_CYCLE_PROTEINS,True
G1 -> S,0,"mean(euclidean, cosine)",REACTOME_APC_C_CDH1_MEDIATED_DEGRADATION_OF_CDC20_AND_OTHER_APC_C_CDH1_TARGETED_PROTEINS_IN_LATE_MITOSIS_EARLY_G1,True
G1 -> S,0,"mean(euclidean, cosine)",REACTOME_POLYMERASE_SWITCHING_ON_THE_C_STRAND_OF_THE_TELOMERE,True
G1 -> S,0,"mean(euclidean, cosine)",REACTOME_TELOMERE_C_STRAND_LAGGING_STRAND_SYNTHESIS,True
G1 -> S,0,"mean(euclidean, cosine)",REACTOME_ACTIVATION_OF_ATR_IN_RESPONSE_TO_REPLICATION_STRESS,True
G1 -> S,0,"mean(euclidean, cosine)",REACTOME_PHOSPHORYLATION_OF_EMI1,False
G1 -> S,0,"mean(euclidean, cosine)",REACTOME_APC_CDC20_MEDIATED_DEGRADATION_OF_NEK2A,True
G1 -> S,0,"mean(euclidean, cosine)",REACTOME_EXTENSION_OF_TELOMERES,True
G1 -> S,0,"mean(euclidean, cosine)",REACTOME_ORGANELLE_BIOGENESIS_AND_MAINTENANCE,False
G1 -> S,0,"mean(euclidean, cosine)",REACTOME_RHO_GTPASE_EFFECTORS,False
G1 -> S,0,"mean(euclidean, cosine)",REACTOME_NUCLEAR_EVENTS_KINASE_AND_TRANSCRIPTION_FACTOR_ACTIVATION,False
G1 -> S,0,"mean(euclidean, cosine)",REACTOME_MEMBRANE_TRAFFICKING,False
G1 -> S,0,"mean(euclidean, cosine)",REACTOME_MHC_CLASS_II_ANTIGEN_PRESENTATION,False
G1 -> S,0,"mean(euclidean, cosine)",REACTOME_SEPARATION_OF_SISTER_CHROMATIDS,True
G1 -> S,0,"mean(euclidean, cosine)",REACTOME_RESOLUTION_OF_SISTER_CHROMATID_COHESION,True
G1 -> S,0,"mean(euclidean, cosine)",REACTOME_CONDENSATION_OF_PROMETAPHASE_CHROMOSOMES,True
G1 -> S,0,"mean(euclidean, cosine)",REACTOME_MITOTIC_METAPHASE_AND_ANAPHASE,True
G1 -> S,0,"mean(euclidean, cosine)",REACTOME_OXIDATIVE_STRESS_INDUCED_SENESCENCE,False
G1 -> S,0,"mean(euclidean, cosine)",REACTOME_SENESCENCE_ASSOCIATED_SECRETORY_PHENOTYPE_SASP,False
G1 -> S,0,"mean(euclidean, cosine)",REACTOME_CELLULAR_SENESCENCE,False
G1 -> S,0,"mean(euclidean, cosine)",REACTOME_ONCOGENE_INDUCED_SENESCENCE,False
G1 -> S,0,"mean(euclidean, cosine)",REACTOME_REGULATION_OF_PLK1_ACTIVITY_AT_G2_M_TRANSITION,True
G1 -> S,0,"mean(euclidean, cosine)",REACTOME_NUCLEAR_ENVELOPE_BREAKDOWN,True
G1 -> S,0,"mean(euclidean, cosine)",REACTOME_ACTIVATION_OF_NIMA_KINASES_NEK9_NEK6_NEK7,False
G1 -> S,0,"mean(euclidean, cosine)",REACTOME_INITIATION_OF_NUCLEAR_ENVELOPE_NE_REFORMATION,False
G1 -> S,0,"mean(euclidean, cosine)",REACTOME_NUCLEAR_ENVELOPE_NE_REASSEMBLY,False
G1 -> S,0,"mean(euclidean, cosine)",REACTOME_NUCLEAR_PORE_COMPLEX_NPC_DISASSEMBLY,False
G1 -> S,0,"mean(euclidean, cosine)",REACTOME_HSP90_CHAPERONE_CYCLE_FOR_STEROID_HORMONE_RECEPTORS_SHR_IN_THE_PRESENCE_OF_LIGAND,False
G1 -> S,0,"mean(euclidean, cosine)",REACTOME_TRANSCRIPTIONAL_REGULATION_BY_TP53,False
G1 -> S,0,"mean(euclidean, cosine)",REACTOME_RECRUITMENT_OF_MITOTIC_CENTROSOME_PROTEINS_AND_COMPLEXES,True
G1 -> S,0,"mean(euclidean, cosine)",REACTOME_RECRUITMENT_OF_NUMA_TO_MITOTIC_CENTROSOMES,True
G1 -> S,0,"mean(euclidean, cosine)",REACTOME_RECYCLING_PATHWAY_OF_L1,True
G1 -> S,0,"mean(euclidean, cosine)",REACTOME_INTERLEUKIN_17_SIGNALING,False
G1 -> S,0,"mean(euclidean, cosine)",REACTOME_MITOTIC_G2_G2_M_PHASES,True
G1 -> S,0,"mean(euclidean, cosine)",REACTOME_MITOTIC_G1_PHASE_AND_G1_S_TRANSITION,True
G1 -> S,0,"mean(euclidean, cosine)",REACTOME_PROGRAMMED_CELL_DEATH,False
G1 -> S,0,"mean(euclidean, cosine)",REACTOME_MISMATCH_REPAIR,False
G1 -> S,0,"mean(euclidean, cosine)",REACTOME_CILIUM_ASSEMBLY,False
G1 -> S,0,"mean(euclidean, cosine)",REACTOME_ANCHORING_OF_THE_BASAL_BODY_TO_THE_PLASMA_MEMBRANE,False
G1 -> S,0,"mean(euclidean, cosine)",REACTOME_INTRAFLAGELLAR_TRANSPORT,False
G1 -> S,0,"mean(euclidean, cosine)",REACTOME_REGULATION_OF_TP53_ACTIVITY,False
G1 -> S,0,"mean(euclidean, cosine)",REACTOME_PCNA_DEPENDENT_LONG_PATCH_BASE_EXCISION_REPAIR,False
G1 -> S,0,"mean(euclidean, cosine)",REACTOME_VESICLE_MEDIATED_TRANSPORT,False
G1 -> S,0,"mean(euclidean, cosine)",REACTOME_TRANSLESION_SYNTHESIS_BY_POLK,False
G1 -> S,0,"mean(euclidean, cosine)",REACTOME_TERMINATION_OF_TRANSLESION_DNA_SYNTHESIS,False
G1 -> S,0,"mean(euclidean, cosine)",REACTOME_RHO_GTPASES_ACTIVATE_FORMINS,False
G1 -> S,0,"mean(euclidean, cosine)",REACTOME_HDR_THROUGH_SINGLE_STRAND_ANNEALING_SSA,False
G1 -> S,0,"mean(euclidean, cosine)",REACTOME_HDR_THROUGH_HOMOLOGOUS_RECOMBINATION_HRR,False
G1 -> S,0,"mean(euclidean, cosine)",REACTOME_DEUBIQUITINATION,False
G1 -> S,0,"mean(euclidean, cosine)",REACTOME_UB_SPECIFIC_PROCESSING_PROTEASES,False
G1 -> S,0,"mean(euclidean, cosine)",REACTOME_DNA_DOUBLE_STRAND_BREAK_REPAIR,False
G1 -> S,0,"mean(euclidean, cosine)",REACTOME_HOMOLOGY_DIRECTED_REPAIR,False
G1 -> S,0,"mean(euclidean, cosine)",REACTOME_HOMOLOGOUS_DNA_PAIRING_AND_STRAND_EXCHANGE,False
G1 -> S,0,"mean(euclidean, cosine)",REACTOME_DNA_DOUBLE_STRAND_BREAK_RESPONSE,False
G1 -> S,0,"mean(euclidean, cosine)",REACTOME_PROCESSING_OF_DNA_DOUBLE_STRAND_BREAK_ENDS,False
G1 -> S,0,"mean(euclidean, cosine)",REACTOME_FORMATION_OF_INCISION_COMPLEX_IN_GG_NER,False
G1 -> S,0,"mean(euclidean, cosine)",REACTOME_GAP_FILLING_DNA_REPAIR_SYNTHESIS_AND_LIGATION_IN_GG_NER,False
G1 -> S,0,"mean(euclidean, cosine)",REACTOME_NUCLEOTIDE_EXCISION_REPAIR,False
G1 -> S,0,"mean(euclidean, cosine)",REACTOME_GLOBAL_GENOME_NUCLEOTIDE_EXCISION_REPAIR_GG_NER,False
G1 -> S,0,"mean(euclidean, cosine)",REACTOME_DUAL_INCISION_IN_GG_NER,False
G1 -> S,0,"mean(euclidean, cosine)",REACTOME_DEPOSITION_OF_NEW_CENPA_CONTAINING_NUCLEOSOMES_AT_THE_CENTROMERE,False
G1 -> S,0,"mean(euclidean, cosine)",REACTOME_TRANSCRIPTION_COUPLED_NUCLEOTIDE_EXCISION_REPAIR_TC_NER,False
G1 -> S,0,"mean(euclidean, cosine)",REACTOME_DUAL_INCISION_IN_TC_NER,False
G1 -> S,0,"mean(euclidean, cosine)",REACTOME_FANCONI_ANEMIA_PATHWAY,False
G1 -> S,0,"mean(euclidean, cosine)",REACTOME_RRNA_MODIFICATION_IN_THE_NUCLEUS_AND_CYTOSOL,False
G1 -> S,0,"mean(euclidean, cosine)",REACTOME_TP53_REGULATES_TRANSCRIPTION_OF_CELL_CYCLE_GENES,True
G1 -> S,0,"mean(euclidean, cosine)",REACTOME_TP53_REGULATES_TRANSCRIPTION_OF_GENES_INVOLVED_IN_G2_CELL_CYCLE_ARREST,True
G1 -> S,0,"mean(euclidean, cosine)",REACTOME_TP53_REGULATES_TRANSCRIPTION_OF_GENES_INVOLVED_IN_G1_CELL_CYCLE_ARREST,True
G1 -> S,0,"mean(euclidean, cosine)",REACTOME_REGULATION_OF_TP53_ACTIVITY_THROUGH_PHOSPHORYLATION,False
G1 -> S,0,"mean(euclidean, cosine)",REACTOME_REGULATION_OF_TP53_EXPRESSION_AND_DEGRADATION,False
G1 -> S,0,"mean(euclidean, cosine)",REACTOME_COPI_DEPENDENT_GOLGI_TO_ER_RETROGRADE_TRAFFIC,False
G1 -> S,0,"mean(euclidean, cosine)",REACTOME_COPI_INDEPENDENT_GOLGI_TO_ER_RETROGRADE_TRAFFIC,False
G1 -> S,0,"mean(euclidean, cosine)",REACTOME_INTRA_GOLGI_AND_RETROGRADE_GOLGI_TO_ER_TRAFFIC,False
G1 -> S,0,"mean(euclidean, cosine)",REACTOME_MITOTIC_PROPHASE,True
G1 -> S,0,"mean(euclidean, cosine)",REACTOME_MITOTIC_PROMETAPHASE,True
G1 -> S,0,"mean(euclidean, cosine)",REACTOME_MITOTIC_TELOPHASE_CYTOKINESIS,True
G1 -> S,0,"mean(euclidean, cosine)",REACTOME_M_PHASE,True
G1 -> S,0,"mean(euclidean, cosine)",REACTOME_ORC1_REMOVAL_FROM_CHROMATIN,True
G1 -> S,0,"mean(euclidean, cosine)",REACTOME_ACTIVATION_OF_THE_PRE_REPLICATIVE_COMPLEX,False
G1 -> S,0,"mean(euclidean, cosine)",REACTOME_DNA_REPLICATION_PRE_INITIATION,True
G1 -> S,0,"mean(euclidean, cosine)",REACTOME_SWITCHING_OF_ORIGINS_TO_A_POST_REPLICATIVE_STATE,False
G1 -> S,0,"mean(euclidean, cosine)",REACTOME_POLYMERASE_SWITCHING,False
G1 -> S,0,"mean(euclidean, cosine)",REACTOME_LAGGING_STRAND_SYNTHESIS,True
G1 -> S,0,"mean(euclidean, cosine)",REACTOME_DNA_STRAND_ELONGATION,False
G1 -> S,0,"mean(euclidean, cosine)",REACTOME_G1_S_SPECIFIC_TRANSCRIPTION,True
G1 -> S,0,"mean(euclidean, cosine)",REACTOME_CYCLIN_D_ASSOCIATED_EVENTS_IN_G1,True
G1 -> S,0,"mean(euclidean, cosine)",REACTOME_SYNTHESIS_OF_DNA,False
G1 -> S,0,"mean(euclidean, cosine)",REACTOME_S_PHASE,True
G1 -> S,0,"mean(euclidean, cosine)",REACTOME_CYCLIN_A_B1_B2_ASSOCIATED_EVENTS_DURING_G2_M_TRANSITION,True
G1 -> S,0,"mean(euclidean, cosine)",REACTOME_CELL_CYCLE_MITOTIC,True
G1 -> S,0,"mean(euclidean, cosine)",REACTOME_DNA_REPLICATION,True
G1 -> S,0,"mean(euclidean, cosine)",REACTOME_G2_M_DNA_DAMAGE_CHECKPOINT,True
G1 -> S,0,"mean(euclidean, cosine)",REACTOME_G2_M_CHECKPOINTS,True
G1 -> S,0,"mean(euclidean, cosine)",REACTOME_MITOTIC_SPINDLE_CHECKPOINT,True
G1 -> S,0,"mean(euclidean, cosine)",REACTOME_CELL_CYCLE_CHECKPOINTS,True
G1 -> S,0,"mean(euclidean, cosine)",REACTOME_CYCLIN_A_CDK2_ASSOCIATED_EVENTS_AT_S_PHASE_ENTRY,True
G1 -> S,0,"mean(euclidean, cosine)",REACTOME_RRNA_PROCESSING,False
G1 -> S,0,"mean(euclidean, cosine)",REACTOME_RNA_POLYMERASE_II_TRANSCRIPTION_TERMINATION,False
G1 -> S,0,"mean(euclidean, cosine)",REACTOME_RNA_POLYMERASE_II_TRANSCRIPTION,False
G1 -> S,0,"mean(euclidean, cosine)",REACTOME_BASE_EXCISION_REPAIR,False
G1 -> S,0,"mean(euclidean, cosine)",REACTOME_CHROMOSOME_MAINTENANCE,True
G1 -> S,0,"mean(euclidean, cosine)",REACTOME_DNA_DAMAGE_BYPASS,False
G1 -> S,0,"mean(euclidean, cosine)",REACTOME_DNA_REPAIR,False
G1 -> S,0,"mean(euclidean, cosine)",REACTOME_RESOLUTION_OF_ABASIC_SITES_AP_SITES,False
G1 -> S,0,"mean(euclidean, cosine)",REACTOME_PROTEIN_UBIQUITINATION,False
G1 -> S,0,"mean(euclidean, cosine)",REACTOME_THE_ROLE_OF_GTSE1_IN_G2_M_PROGRESSION_AFTER_G2_CHECKPOINT,True
G1 -> S,0,"mean(euclidean, cosine)",REACTOME_AURKA_ACTIVATION_BY_TPX2,True
G1 -> S,0,"mean(euclidean, cosine)",REACTOME_GOLGI_TO_ER_RETROGRADE_TRANSPORT,False
G1 -> S,0,"mean(euclidean, cosine)",REACTOME_E3_UBIQUITIN_LIGASES_UBIQUITINATE_TARGET_PROTEINS,False
G1 -> S,0,"mean(euclidean, cosine)",REACTOME_NGF_STIMULATED_TRANSCRIPTION,False
G1 -> S,0,"mean(euclidean, cosine)",REACTOME_PEROXISOMAL_PROTEIN_IMPORT,False
G1 -> S,0,"mean(euclidean, cosine)",REACTOME_PROTEIN_LOCALIZATION,False
G1 -> S,0,"mean(euclidean, cosine)",REACTOME_AUTOPHAGY,False
G1 -> S,0,"mean(euclidean, cosine)",REACTOME_TRANSCRIPTIONAL_REGULATION_OF_GRANULOPOIESIS,False
G1 -> S,0,"mean(euclidean, cosine)",REACTOME_AGGREPHAGY,False
G1 -> S,0,"mean(euclidean, cosine)",REACTOME_SELECTIVE_AUTOPHAGY,False
G1 -> S,0,"mean(euclidean, cosine)",REACTOME_DISEASES_OF_MITOTIC_CELL_CYCLE,True
G1 -> S,0,"mean(euclidean, cosine)",REACTOME_DISEASES_OF_DNA_REPAIR,False
G1 -> S,0,"mean(euclidean, cosine)",REACTOME_SIGNALING_BY_RHO_GTPASES_MIRO_GTPASES_AND_RHOBTB3,False
G1 -> S,0,"mean(euclidean, cosine)",REACTOME_KINESINS,False
G1 -> S,0,"mean(euclidean, cosine)",REACTOME_FACTORS_INVOLVED_IN_MEGAKARYOCYTE_DEVELOPMENT_AND_PLATELET_PRODUCTION,False
G1 -> S,0,"max(euclidean, cosine)",REACTOME_APOPTOSIS,False
G1 -> S,0,"max(euclidean, cosine)",REACTOME_INTRINSIC_PATHWAY_FOR_APOPTOSIS,False
G1 -> S,0,"max(euclidean, cosine)",REACTOME_TRANSLESION_SYNTHESIS_BY_Y_FAMILY_DNA_POLYMERASES_BYPASSES_LESIONS_ON_DNA_TEMPLATE,False
G1 -> S,0,"max(euclidean, cosine)",REACTOME_RECOGNITION_OF_DNA_DAMAGE_BY_PCNA_CONTAINING_REPLICATION_COMPLEX,True
G1 -> S,0,"max(euclidean, cosine)",REACTOME_TRANSLESION_SYNTHESIS_BY_POLH,False
G1 -> S,0,"max(euclidean, cosine)",REACTOME_RESOLUTION_OF_AP_SITES_VIA_THE_MULTIPLE_NUCLEOTIDE_PATCH_REPLACEMENT_PATHWAY,False
G1 -> S,0,"max(euclidean, cosine)",REACTOME_E2F_MEDIATED_REGULATION_OF_DNA_REPLICATION,True
G1 -> S,0,"max(euclidean, cosine)",REACTOME_ACTIVATION_OF_BH3_ONLY_PROTEINS,False
G1 -> S,0,"max(euclidean, cosine)",REACTOME_ADAPTIVE_IMMUNE_SYSTEM,False
G1 -> S,0,"max(euclidean, cosine)",REACTOME_TRANSCRIPTION_OF_E2F_TARGETS_UNDER_NEGATIVE_CONTROL_BY_DREAM_COMPLEX,True
G1 -> S,0,"max(euclidean, cosine)",REACTOME_TRANSCRIPTION_OF_E2F_TARGETS_UNDER_NEGATIVE_CONTROL_BY_P107_RBL1_AND_P130_RBL2_IN_COMPLEX_WITH_HDAC1,True
G1 -> S,0,"max(euclidean, cosine)",REACTOME_INHIBITION_OF_THE_PROTEOLYTIC_ACTIVITY_OF_APC_C_REQUIRED_FOR_THE_ONSET_OF_ANAPHASE_BY_MITOTIC_SPINDLE_CHECKPOINT_COMPONENTS,True
G1 -> S,0,"max(euclidean, cosine)",REACTOME_G0_AND_EARLY_G1,True
G1 -> S,0,"max(euclidean, cosine)",REACTOME_POLO_LIKE_KINASE_MEDIATED_EVENTS,True
G1 -> S,0,"max(euclidean, cosine)",REACTOME_TELOMERE_MAINTENANCE,True
G1 -> S,0,"max(euclidean, cosine)",REACTOME_CELL_CYCLE,True
G1 -> S,0,"max(euclidean, cosine)",REACTOME_TOLL_LIKE_RECEPTOR_TLR1_TLR2_CASCADE,False
G1 -> S,0,"max(euclidean, cosine)",REACTOME_APC_C_CDC20_MEDIATED_DEGRADATION_OF_CYCLIN_B,True
G1 -> S,0,"max(euclidean, cosine)",REACTOME_APC_C_MEDIATED_DEGRADATION_OF_CELL_CYCLE_PROTEINS,True
G1 -> S,0,"max(euclidean, cosine)",REACTOME_APC_C_CDH1_MEDIATED_DEGRADATION_OF_CDC20_AND_OTHER_APC_C_CDH1_TARGETED_PROTEINS_IN_LATE_MITOSIS_EARLY_G1,True
G1 -> S,0,"max(euclidean, cosine)",REACTOME_POLYMERASE_SWITCHING_ON_THE_C_STRAND_OF_THE_TELOMERE,True
G1 -> S,0,"max(euclidean, cosine)",REACTOME_TELOMERE_C_STRAND_LAGGING_STRAND_SYNTHESIS,True
G1 -> S,0,"max(euclidean, cosine)",REACTOME_ACTIVATION_OF_ATR_IN_RESPONSE_TO_REPLICATION_STRESS,True
G1 -> S,0,"max(euclidean, cosine)",REACTOME_PHOSPHORYLATION_OF_EMI1,False
G1 -> S,0,"max(euclidean, cosine)",REACTOME_APC_CDC20_MEDIATED_DEGRADATION_OF_NEK2A,True
G1 -> S,0,"max(euclidean, cosine)",REACTOME_EXTENSION_OF_TELOMERES,True
G1 -> S,0,"max(euclidean, cosine)",REACTOME_RHO_GTPASE_EFFECTORS,False
G1 -> S,0,"max(euclidean, cosine)",REACTOME_NUCLEAR_EVENTS_KINASE_AND_TRANSCRIPTION_FACTOR_ACTIVATION,False
G1 -> S,0,"max(euclidean, cosine)",REACTOME_MEMBRANE_TRAFFICKING,False
G1 -> S,0,"max(euclidean, cosine)",REACTOME_MHC_CLASS_II_ANTIGEN_PRESENTATION,False
G1 -> S,0,"max(euclidean, cosine)",REACTOME_SEPARATION_OF_SISTER_CHROMATIDS,True
G1 -> S,0,"max(euclidean, cosine)",REACTOME_RESOLUTION_OF_SISTER_CHROMATID_COHESION,True
G1 -> S,0,"max(euclidean, cosine)",REACTOME_CONDENSATION_OF_PROMETAPHASE_CHROMOSOMES,True
G1 -> S,0,"max(euclidean, cosine)",REACTOME_MITOTIC_METAPHASE_AND_ANAPHASE,True
G1 -> S,0,"max(euclidean, cosine)",REACTOME_OXIDATIVE_STRESS_INDUCED_SENESCENCE,False
G1 -> S,0,"max(euclidean, cosine)",REACTOME_SENESCENCE_ASSOCIATED_SECRETORY_PHENOTYPE_SASP,False
G1 -> S,0,"max(euclidean, cosine)",REACTOME_CELLULAR_SENESCENCE,False
G1 -> S,0,"max(euclidean, cosine)",REACTOME_ONCOGENE_INDUCED_SENESCENCE,False
G1 -> S,0,"max(euclidean, cosine)",REACTOME_REGULATION_OF_PLK1_ACTIVITY_AT_G2_M_TRANSITION,True
G1 -> S,0,"max(euclidean, cosine)",REACTOME_ACTIVATION_OF_NIMA_KINASES_NEK9_NEK6_NEK7,False
G1 -> S,0,"max(euclidean, cosine)",REACTOME_INITIATION_OF_NUCLEAR_ENVELOPE_NE_REFORMATION,False
G1 -> S,0,"max(euclidean, cosine)",REACTOME_NUCLEAR_ENVELOPE_NE_REASSEMBLY,False
G1 -> S,0,"max(euclidean, cosine)",REACTOME_HSP90_CHAPERONE_CYCLE_FOR_STEROID_HORMONE_RECEPTORS_SHR_IN_THE_PRESENCE_OF_LIGAND,False
G1 -> S,0,"max(euclidean, cosine)",REACTOME_TRANSCRIPTIONAL_REGULATION_BY_TP53,False
G1 -> S,0,"max(euclidean, cosine)",REACTOME_RECRUITMENT_OF_MITOTIC_CENTROSOME_PROTEINS_AND_COMPLEXES,True
G1 -> S,0,"max(euclidean, cosine)",REACTOME_RECRUITMENT_OF_NUMA_TO_MITOTIC_CENTROSOMES,True
G1 -> S,0,"max(euclidean, cosine)",REACTOME_RECYCLING_PATHWAY_OF_L1,True
G1 -> S,0,"max(euclidean, cosine)",REACTOME_INTERLEUKIN_17_SIGNALING,False
G1 -> S,0,"max(euclidean, cosine)",REACTOME_MITOTIC_G2_G2_M_PHASES,True
G1 -> S,0,"max(euclidean, cosine)",REACTOME_MITOTIC_G1_PHASE_AND_G1_S_TRANSITION,True
G1 -> S,0,"max(euclidean, cosine)",REACTOME_PROGRAMMED_CELL_DEATH,False
G1 -> S,0,"max(euclidean, cosine)",REACTOME_MISMATCH_REPAIR,False
G1 -> S,0,"max(euclidean, cosine)",REACTOME_ANCHORING_OF_THE_BASAL_BODY_TO_THE_PLASMA_MEMBRANE,False
G1 -> S,0,"max(euclidean, cosine)",REACTOME_PCNA_DEPENDENT_LONG_PATCH_BASE_EXCISION_REPAIR,False
G1 -> S,0,"max(euclidean, cosine)",REACTOME_VESICLE_MEDIATED_TRANSPORT,False
G1 -> S,0,"max(euclidean, cosine)",REACTOME_TRANSLESION_SYNTHESIS_BY_POLK,False
G1 -> S,0,"max(euclidean, cosine)",REACTOME_TERMINATION_OF_TRANSLESION_DNA_SYNTHESIS,False
G1 -> S,0,"max(euclidean, cosine)",REACTOME_RHO_GTPASES_ACTIVATE_FORMINS,False
G1 -> S,0,"max(euclidean, cosine)",REACTOME_HDR_THROUGH_SINGLE_STRAND_ANNEALING_SSA,False
G1 -> S,0,"max(euclidean, cosine)",REACTOME_HDR_THROUGH_HOMOLOGOUS_RECOMBINATION_HRR,False
G1 -> S,0,"max(euclidean, cosine)",REACTOME_DNA_DOUBLE_STRAND_BREAK_REPAIR,False
G1 -> S,0,"max(euclidean, cosine)",REACTOME_HOMOLOGY_DIRECTED_REPAIR,False
G1 -> S,0,"max(euclidean, cosine)",REACTOME_HOMOLOGOUS_DNA_PAIRING_AND_STRAND_EXCHANGE,False
G1 -> S,0,"max(euclidean, cosine)",REACTOME_PROCESSING_OF_DNA_DOUBLE_STRAND_BREAK_ENDS,False
G1 -> S,0,"max(euclidean, cosine)",REACTOME_FORMATION_OF_INCISION_COMPLEX_IN_GG_NER,False
G1 -> S,0,"max(euclidean, cosine)",REACTOME_GAP_FILLING_DNA_REPAIR_SYNTHESIS_AND_LIGATION_IN_GG_NER,False
G1 -> S,0,"max(euclidean, cosine)",REACTOME_NUCLEOTIDE_EXCISION_REPAIR,False
G1 -> S,0,"max(euclidean, cosine)",REACTOME_GLOBAL_GENOME_NUCLEOTIDE_EXCISION_REPAIR_GG_NER,False
G1 -> S,0,"max(euclidean, cosine)",REACTOME_DUAL_INCISION_IN_GG_NER,False
G1 -> S,0,"max(euclidean, cosine)",REACTOME_TRANSCRIPTION_COUPLED_NUCLEOTIDE_EXCISION_REPAIR_TC_NER,False
G1 -> S,0,"max(euclidean, cosine)",REACTOME_DUAL_INCISION_IN_TC_NER,False
G1 -> S,0,"max(euclidean, cosine)",REACTOME_FANCONI_ANEMIA_PATHWAY,False
G1 -> S,0,"max(euclidean, cosine)",REACTOME_RRNA_MODIFICATION_IN_THE_NUCLEUS_AND_CYTOSOL,False
G1 -> S,0,"max(euclidean, cosine)",REACTOME_TP53_REGULATES_TRANSCRIPTION_OF_CELL_CYCLE_GENES,True
G1 -> S,0,"max(euclidean, cosine)",REACTOME_TP53_REGULATES_TRANSCRIPTION_OF_GENES_INVOLVED_IN_G2_CELL_CYCLE_ARREST,True
G1 -> S,0,"max(euclidean, cosine)",REACTOME_TP53_REGULATES_TRANSCRIPTION_OF_GENES_INVOLVED_IN_G1_CELL_CYCLE_ARREST,True
G1 -> S,0,"max(euclidean, cosine)",REACTOME_REGULATION_OF_TP53_ACTIVITY_THROUGH_PHOSPHORYLATION,False
G1 -> S,0,"max(euclidean, cosine)",REACTOME_COPI_DEPENDENT_GOLGI_TO_ER_RETROGRADE_TRAFFIC,False
G1 -> S,0,"max(euclidean, cosine)",REACTOME_COPI_INDEPENDENT_GOLGI_TO_ER_RETROGRADE_TRAFFIC,False
G1 -> S,0,"max(euclidean, cosine)",REACTOME_INTRA_GOLGI_AND_RETROGRADE_GOLGI_TO_ER_TRAFFIC,False
G1 -> S,0,"max(euclidean, cosine)",REACTOME_MITOTIC_PROMETAPHASE,True
G1 -> S,0,"max(euclidean, cosine)",REACTOME_M_PHASE,True
G1 -> S,0,"max(euclidean, cosine)",REACTOME_ORC1_REMOVAL_FROM_CHROMATIN,True
G1 -> S,0,"max(euclidean, cosine)",REACTOME_ACTIVATION_OF_THE_PRE_REPLICATIVE_COMPLEX,False
G1 -> S,0,"max(euclidean, cosine)",REACTOME_DNA_REPLICATION_PRE_INITIATION,True
G1 -> S,0,"max(euclidean, cosine)",REACTOME_SWITCHING_OF_ORIGINS_TO_A_POST_REPLICATIVE_STATE,False
G1 -> S,0,"max(euclidean, cosine)",REACTOME_POLYMERASE_SWITCHING,False
G1 -> S,0,"max(euclidean, cosine)",REACTOME_LAGGING_STRAND_SYNTHESIS,True
G1 -> S,0,"max(euclidean, cosine)",REACTOME_DNA_STRAND_ELONGATION,False
G1 -> S,0,"max(euclidean, cosine)",REACTOME_G1_S_SPECIFIC_TRANSCRIPTION,True
G1 -> S,0,"max(euclidean, cosine)",REACTOME_CYCLIN_D_ASSOCIATED_EVENTS_IN_G1,True
G1 -> S,0,"max(euclidean, cosine)",REACTOME_SYNTHESIS_OF_DNA,False
G1 -> S,0,"max(euclidean, cosine)",REACTOME_S_PHASE,True
G1 -> S,0,"max(euclidean, cosine)",REACTOME_CYCLIN_A_B1_B2_ASSOCIATED_EVENTS_DURING_G2_M_TRANSITION,True
G1 -> S,0,"max(euclidean, cosine)",REACTOME_CELL_CYCLE_MITOTIC,True
G1 -> S,0,"max(euclidean, cosine)",REACTOME_DNA_REPLICATION,True
G1 -> S,0,"max(euclidean, cosine)",REACTOME_G2_M_DNA_DAMAGE_CHECKPOINT,True
G1 -> S,0,"max(euclidean, cosine)",REACTOME_G2_M_CHECKPOINTS,True
G1 -> S,0,"max(euclidean, cosine)",REACTOME_MITOTIC_SPINDLE_CHECKPOINT,True
G1 -> S,0,"max(euclidean, cosine)",REACTOME_CELL_CYCLE_CHECKPOINTS,True
G1 -> S,0,"max(euclidean, cosine)",REACTOME_RRNA_PROCESSING,False
G1 -> S,0,"max(euclidean, cosine)",REACTOME_RNA_POLYMERASE_II_TRANSCRIPTION_TERMINATION,False
G1 -> S,0,"max(euclidean, cosine)",REACTOME_RNA_POLYMERASE_II_TRANSCRIPTION,False
G1 -> S,0,"max(euclidean, cosine)",REACTOME_BASE_EXCISION_REPAIR,False
G1 -> S,0,"max(euclidean, cosine)",REACTOME_CHROMOSOME_MAINTENANCE,True
G1 -> S,0,"max(euclidean, cosine)",REACTOME_DNA_DAMAGE_BYPASS,False
G1 -> S,0,"max(euclidean, cosine)",REACTOME_DNA_REPAIR,False
G1 -> S,0,"max(euclidean, cosine)",REACTOME_RESOLUTION_OF_ABASIC_SITES_AP_SITES,False
G1 -> S,0,"max(euclidean, cosine)",REACTOME_PROTEIN_UBIQUITINATION,False
G1 -> S,0,"max(euclidean, cosine)",REACTOME_THE_ROLE_OF_GTSE1_IN_G2_M_PROGRESSION_AFTER_G2_CHECKPOINT,True
G1 -> S,0,"max(euclidean, cosine)",REACTOME_AURKA_ACTIVATION_BY_TPX2,True
G1 -> S,0,"max(euclidean, cosine)",REACTOME_GOLGI_TO_ER_RETROGRADE_TRANSPORT,False
G1 -> S,0,"max(euclidean, cosine)",REACTOME_E3_UBIQUITIN_LIGASES_UBIQUITINATE_TARGET_PROTEINS,False
G1 -> S,0,"max(euclidean, cosine)",REACTOME_RAB_GEFS_EXCHANGE_GTP_FOR_GDP_ON_RABS,False
G1 -> S,0,"max(euclidean, cosine)",REACTOME_NGF_STIMULATED_TRANSCRIPTION,False
G1 -> S,0,"max(euclidean, cosine)",REACTOME_PEROXISOMAL_PROTEIN_IMPORT,False
G1 -> S,0,"max(euclidean, cosine)",REACTOME_MEIOTIC_RECOMBINATION,False
G1 -> S,0,"max(euclidean, cosine)",REACTOME_PROTEIN_LOCALIZATION,False
G1 -> S,0,"max(euclidean, cosine)",REACTOME_AUTOPHAGY,False
G1 -> S,0,"max(euclidean, cosine)",REACTOME_AGGREPHAGY,False
G1 -> S,0,"max(euclidean, cosine)",REACTOME_SELECTIVE_AUTOPHAGY,False
G1 -> S,0,"max(euclidean, cosine)",REACTOME_SIGNALING_BY_RHO_GTPASES_MIRO_GTPASES_AND_RHOBTB3,False
G1 -> S,0,"max(euclidean, cosine)",REACTOME_KINESINS,False
G1 -> S,0,"min(euclidean, cosine)",REACTOME_APOPTOSIS,False
G1 -> S,0,"min(euclidean, cosine)",REACTOME_INTRINSIC_PATHWAY_FOR_APOPTOSIS,False
G1 -> S,0,"min(euclidean, cosine)",REACTOME_TRANSLESION_SYNTHESIS_BY_Y_FAMILY_DNA_POLYMERASES_BYPASSES_LESIONS_ON_DNA_TEMPLATE,False
G1 -> S,0,"min(euclidean, cosine)",REACTOME_RECOGNITION_OF_DNA_DAMAGE_BY_PCNA_CONTAINING_REPLICATION_COMPLEX,True
G1 -> S,0,"min(euclidean, cosine)",REACTOME_TRANSLESION_SYNTHESIS_BY_POLH,False
G1 -> S,0,"min(euclidean, cosine)",REACTOME_RESOLUTION_OF_AP_SITES_VIA_THE_MULTIPLE_NUCLEOTIDE_PATCH_REPLACEMENT_PATHWAY,False
G1 -> S,0,"min(euclidean, cosine)",REACTOME_E2F_MEDIATED_REGULATION_OF_DNA_REPLICATION,True
G1 -> S,0,"min(euclidean, cosine)",REACTOME_ACTIVATION_OF_BH3_ONLY_PROTEINS,False
G1 -> S,0,"min(euclidean, cosine)",REACTOME_ADAPTIVE_IMMUNE_SYSTEM,False
G1 -> S,0,"min(euclidean, cosine)",REACTOME_TRANSCRIPTION_OF_E2F_TARGETS_UNDER_NEGATIVE_CONTROL_BY_DREAM_COMPLEX,True
G1 -> S,0,"min(euclidean, cosine)",REACTOME_TRANSCRIPTION_OF_E2F_TARGETS_UNDER_NEGATIVE_CONTROL_BY_P107_RBL1_AND_P130_RBL2_IN_COMPLEX_WITH_HDAC1,True
G1 -> S,0,"min(euclidean, cosine)",REACTOME_INHIBITION_OF_THE_PROTEOLYTIC_ACTIVITY_OF_APC_C_REQUIRED_FOR_THE_ONSET_OF_ANAPHASE_BY_MITOTIC_SPINDLE_CHECKPOINT_COMPONENTS,True
G1 -> S,0,"min(euclidean, cosine)",REACTOME_G0_AND_EARLY_G1,True
G1 -> S,0,"min(euclidean, cosine)",REACTOME_POLO_LIKE_KINASE_MEDIATED_EVENTS,True
G1 -> S,0,"min(euclidean, cosine)",REACTOME_TELOMERE_MAINTENANCE,True
G1 -> S,0,"min(euclidean, cosine)",REACTOME_CELL_CYCLE,True
G1 -> S,0,"min(euclidean, cosine)",REACTOME_SIGNALING_BY_NTRKS,False
G1 -> S,0,"min(euclidean, cosine)",REACTOME_APC_C_CDC20_MEDIATED_DEGRADATION_OF_CYCLIN_B,True
G1 -> S,0,"min(euclidean, cosine)",REACTOME_APC_C_MEDIATED_DEGRADATION_OF_CELL_CYCLE_PROTEINS,True
G1 -> S,0,"min(euclidean, cosine)",REACTOME_APC_C_CDH1_MEDIATED_DEGRADATION_OF_CDC20_AND_OTHER_APC_C_CDH1_TARGETED_PROTEINS_IN_LATE_MITOSIS_EARLY_G1,True
G1 -> S,0,"min(euclidean, cosine)",REACTOME_POLYMERASE_SWITCHING_ON_THE_C_STRAND_OF_THE_TELOMERE,True
G1 -> S,0,"min(euclidean, cosine)",REACTOME_TELOMERE_C_STRAND_LAGGING_STRAND_SYNTHESIS,True
G1 -> S,0,"min(euclidean, cosine)",REACTOME_ACTIVATION_OF_ATR_IN_RESPONSE_TO_REPLICATION_STRESS,True
G1 -> S,0,"min(euclidean, cosine)",REACTOME_PHOSPHORYLATION_OF_EMI1,False
G1 -> S,0,"min(euclidean, cosine)",REACTOME_APC_CDC20_MEDIATED_DEGRADATION_OF_NEK2A,True
G1 -> S,0,"min(euclidean, cosine)",REACTOME_EXTENSION_OF_TELOMERES,True
G1 -> S,0,"min(euclidean, cosine)",REACTOME_ORGANELLE_BIOGENESIS_AND_MAINTENANCE,False
G1 -> S,0,"min(euclidean, cosine)",REACTOME_RHO_GTPASE_EFFECTORS,False
G1 -> S,0,"min(euclidean, cosine)",REACTOME_NUCLEAR_EVENTS_KINASE_AND_TRANSCRIPTION_FACTOR_ACTIVATION,False
G1 -> S,0,"min(euclidean, cosine)",REACTOME_MEMBRANE_TRAFFICKING,False
G1 -> S,0,"min(euclidean, cosine)",REACTOME_MHC_CLASS_II_ANTIGEN_PRESENTATION,False
G1 -> S,0,"min(euclidean, cosine)",REACTOME_SEPARATION_OF_SISTER_CHROMATIDS,True
G1 -> S,0,"min(euclidean, cosine)",REACTOME_RESOLUTION_OF_SISTER_CHROMATID_COHESION,True
G1 -> S,0,"min(euclidean, cosine)",REACTOME_CONDENSATION_OF_PROMETAPHASE_CHROMOSOMES,True
G1 -> S,0,"min(euclidean, cosine)",REACTOME_MITOTIC_METAPHASE_AND_ANAPHASE,True
G1 -> S,0,"min(euclidean, cosine)",REACTOME_OXIDATIVE_STRESS_INDUCED_SENESCENCE,False
G1 -> S,0,"min(euclidean, cosine)",REACTOME_SENESCENCE_ASSOCIATED_SECRETORY_PHENOTYPE_SASP,False
G1 -> S,0,"min(euclidean, cosine)",REACTOME_CELLULAR_SENESCENCE,False
G1 -> S,0,"min(euclidean, cosine)",REACTOME_ONCOGENE_INDUCED_SENESCENCE,False
G1 -> S,0,"min(euclidean, cosine)",REACTOME_REGULATION_OF_PLK1_ACTIVITY_AT_G2_M_TRANSITION,True
G1 -> S,0,"min(euclidean, cosine)",REACTOME_NUCLEAR_ENVELOPE_BREAKDOWN,True
G1 -> S,0,"min(euclidean, cosine)",REACTOME_ACTIVATION_OF_NIMA_KINASES_NEK9_NEK6_NEK7,False
G1 -> S,0,"min(euclidean, cosine)",REACTOME_INITIATION_OF_NUCLEAR_ENVELOPE_NE_REFORMATION,False
G1 -> S,0,"min(euclidean, cosine)",REACTOME_NUCLEAR_ENVELOPE_NE_REASSEMBLY,False
G1 -> S,0,"min(euclidean, cosine)",REACTOME_NUCLEAR_PORE_COMPLEX_NPC_DISASSEMBLY,False
G1 -> S,0,"min(euclidean, cosine)",REACTOME_HSP90_CHAPERONE_CYCLE_FOR_STEROID_HORMONE_RECEPTORS_SHR_IN_THE_PRESENCE_OF_LIGAND,False
G1 -> S,0,"min(euclidean, cosine)",REACTOME_TRANSCRIPTIONAL_REGULATION_BY_TP53,False
G1 -> S,0,"min(euclidean, cosine)",REACTOME_RECRUITMENT_OF_MITOTIC_CENTROSOME_PROTEINS_AND_COMPLEXES,True
G1 -> S,0,"min(euclidean, cosine)",REACTOME_RECRUITMENT_OF_NUMA_TO_MITOTIC_CENTROSOMES,True
G1 -> S,0,"min(euclidean, cosine)",REACTOME_MITOTIC_G2_G2_M_PHASES,True
G1 -> S,0,"min(euclidean, cosine)",REACTOME_MITOTIC_G1_PHASE_AND_G1_S_TRANSITION,True
G1 -> S,0,"min(euclidean, cosine)",REACTOME_PROGRAMMED_CELL_DEATH,False
G1 -> S,0,"min(euclidean, cosine)",REACTOME_TNFR1_INDUCED_NFKAPPAB_SIGNALING_PATHWAY,False
G1 -> S,0,"min(euclidean, cosine)",REACTOME_MISMATCH_REPAIR,False
G1 -> S,0,"min(euclidean, cosine)",REACTOME_CILIUM_ASSEMBLY,False
G1 -> S,0,"min(euclidean, cosine)",REACTOME_ANCHORING_OF_THE_BASAL_BODY_TO_THE_PLASMA_MEMBRANE,False
G1 -> S,0,"min(euclidean, cosine)",REACTOME_INTRAFLAGELLAR_TRANSPORT,False
G1 -> S,0,"min(euclidean, cosine)",REACTOME_REGULATION_OF_TP53_ACTIVITY,False
G1 -> S,0,"min(euclidean, cosine)",REACTOME_PCNA_DEPENDENT_LONG_PATCH_BASE_EXCISION_REPAIR,False
G1 -> S,0,"min(euclidean, cosine)",REACTOME_VESICLE_MEDIATED_TRANSPORT,False
G1 -> S,0,"min(euclidean, cosine)",REACTOME_TRANSLESION_SYNTHESIS_BY_POLK,False
G1 -> S,0,"min(euclidean, cosine)",REACTOME_TERMINATION_OF_TRANSLESION_DNA_SYNTHESIS,False
G1 -> S,0,"min(euclidean, cosine)",REACTOME_RHO_GTPASES_ACTIVATE_FORMINS,False
G1 -> S,0,"min(euclidean, cosine)",REACTOME_HDR_THROUGH_SINGLE_STRAND_ANNEALING_SSA,False
G1 -> S,0,"min(euclidean, cosine)",REACTOME_HDR_THROUGH_HOMOLOGOUS_RECOMBINATION_HRR,False
G1 -> S,0,"min(euclidean, cosine)",REACTOME_MAPK6_MAPK4_SIGNALING,False
G1 -> S,0,"min(euclidean, cosine)",REACTOME_DEUBIQUITINATION,False
G1 -> S,0,"min(euclidean, cosine)",REACTOME_UB_SPECIFIC_PROCESSING_PROTEASES,False
G1 -> S,0,"min(euclidean, cosine)",REACTOME_DNA_DOUBLE_STRAND_BREAK_REPAIR,False
G1 -> S,0,"min(euclidean, cosine)",REACTOME_HOMOLOGY_DIRECTED_REPAIR,False
G1 -> S,0,"min(euclidean, cosine)",REACTOME_HOMOLOGOUS_DNA_PAIRING_AND_STRAND_EXCHANGE,False
G1 -> S,0,"min(euclidean, cosine)",REACTOME_DNA_DOUBLE_STRAND_BREAK_RESPONSE,False
G1 -> S,0,"min(euclidean, cosine)",REACTOME_PROCESSING_OF_DNA_DOUBLE_STRAND_BREAK_ENDS,False
G1 -> S,0,"min(euclidean, cosine)",REACTOME_FORMATION_OF_INCISION_COMPLEX_IN_GG_NER,False
G1 -> S,0,"min(euclidean, cosine)",REACTOME_GAP_FILLING_DNA_REPAIR_SYNTHESIS_AND_LIGATION_IN_GG_NER,False
G1 -> S,0,"min(euclidean, cosine)",REACTOME_NUCLEOTIDE_EXCISION_REPAIR,False
G1 -> S,0,"min(euclidean, cosine)",REACTOME_GLOBAL_GENOME_NUCLEOTIDE_EXCISION_REPAIR_GG_NER,False
G1 -> S,0,"min(euclidean, cosine)",REACTOME_DUAL_INCISION_IN_GG_NER,False
G1 -> S,0,"min(euclidean, cosine)",REACTOME_DEPOSITION_OF_NEW_CENPA_CONTAINING_NUCLEOSOMES_AT_THE_CENTROMERE,False
G1 -> S,0,"min(euclidean, cosine)",REACTOME_TRANSCRIPTION_COUPLED_NUCLEOTIDE_EXCISION_REPAIR_TC_NER,False
G1 -> S,0,"min(euclidean, cosine)",REACTOME_DUAL_INCISION_IN_TC_NER,False
G1 -> S,0,"min(euclidean, cosine)",REACTOME_FANCONI_ANEMIA_PATHWAY,False
G1 -> S,0,"min(euclidean, cosine)",REACTOME_RRNA_MODIFICATION_IN_THE_NUCLEUS_AND_CYTOSOL,False
G1 -> S,0,"min(euclidean, cosine)",REACTOME_TP53_REGULATES_TRANSCRIPTION_OF_CELL_CYCLE_GENES,True
G1 -> S,0,"min(euclidean, cosine)",REACTOME_TP53_REGULATES_TRANSCRIPTION_OF_GENES_INVOLVED_IN_G2_CELL_CYCLE_ARREST,True
G1 -> S,0,"min(euclidean, cosine)",REACTOME_TP53_REGULATES_TRANSCRIPTION_OF_GENES_INVOLVED_IN_G1_CELL_CYCLE_ARREST,True
G1 -> S,0,"min(euclidean, cosine)",REACTOME_REGULATION_OF_TP53_ACTIVITY_THROUGH_PHOSPHORYLATION,False
G1 -> S,0,"min(euclidean, cosine)",REACTOME_REGULATION_OF_TP53_EXPRESSION_AND_DEGRADATION,False
G1 -> S,0,"min(euclidean, cosine)",REACTOME_COPI_DEPENDENT_GOLGI_TO_ER_RETROGRADE_TRAFFIC,False
G1 -> S,0,"min(euclidean, cosine)",REACTOME_COPI_INDEPENDENT_GOLGI_TO_ER_RETROGRADE_TRAFFIC,False
G1 -> S,0,"min(euclidean, cosine)",REACTOME_INTRA_GOLGI_AND_RETROGRADE_GOLGI_TO_ER_TRAFFIC,False
G1 -> S,0,"min(euclidean, cosine)",REACTOME_MITOTIC_PROPHASE,True
G1 -> S,0,"min(euclidean, cosine)",REACTOME_MITOTIC_PROMETAPHASE,True
G1 -> S,0,"min(euclidean, cosine)",REACTOME_MITOTIC_TELOPHASE_CYTOKINESIS,True
G1 -> S,0,"min(euclidean, cosine)",REACTOME_M_PHASE,True
G1 -> S,0,"min(euclidean, cosine)",REACTOME_ORC1_REMOVAL_FROM_CHROMATIN,True
G1 -> S,0,"min(euclidean, cosine)",REACTOME_ACTIVATION_OF_THE_PRE_REPLICATIVE_COMPLEX,False
G1 -> S,0,"min(euclidean, cosine)",REACTOME_DNA_REPLICATION_PRE_INITIATION,True
G1 -> S,0,"min(euclidean, cosine)",REACTOME_SWITCHING_OF_ORIGINS_TO_A_POST_REPLICATIVE_STATE,False
G1 -> S,0,"min(euclidean, cosine)",REACTOME_POLYMERASE_SWITCHING,False
G1 -> S,0,"min(euclidean, cosine)",REACTOME_LAGGING_STRAND_SYNTHESIS,True
G1 -> S,0,"min(euclidean, cosine)",REACTOME_DNA_STRAND_ELONGATION,False
G1 -> S,0,"min(euclidean, cosine)",REACTOME_G1_S_SPECIFIC_TRANSCRIPTION,True
G1 -> S,0,"min(euclidean, cosine)",REACTOME_CYCLIN_D_ASSOCIATED_EVENTS_IN_G1,True
G1 -> S,0,"min(euclidean, cosine)",REACTOME_SYNTHESIS_OF_DNA,False
G1 -> S,0,"min(euclidean, cosine)",REACTOME_S_PHASE,True
G1 -> S,0,"min(euclidean, cosine)",REACTOME_CYCLIN_A_B1_B2_ASSOCIATED_EVENTS_DURING_G2_M_TRANSITION,True
G1 -> S,0,"min(euclidean, cosine)",REACTOME_CELL_CYCLE_MITOTIC,True
G1 -> S,0,"min(euclidean, cosine)",REACTOME_DNA_REPLICATION,True
G1 -> S,0,"min(euclidean, cosine)",REACTOME_G2_M_DNA_DAMAGE_CHECKPOINT,True
G1 -> S,0,"min(euclidean, cosine)",REACTOME_G2_M_CHECKPOINTS,True
G1 -> S,0,"min(euclidean, cosine)",REACTOME_MITOTIC_SPINDLE_CHECKPOINT,True
G1 -> S,0,"min(euclidean, cosine)",REACTOME_CELL_CYCLE_CHECKPOINTS,True
G1 -> S,0,"min(euclidean, cosine)",REACTOME_CYCLIN_A_CDK2_ASSOCIATED_EVENTS_AT_S_PHASE_ENTRY,True
G1 -> S,0,"min(euclidean, cosine)",REACTOME_RRNA_PROCESSING,False
G1 -> S,0,"min(euclidean, cosine)",REACTOME_RNA_POLYMERASE_II_TRANSCRIPTION,False
G1 -> S,0,"min(euclidean, cosine)",REACTOME_BASE_EXCISION_REPAIR,False
G1 -> S,0,"min(euclidean, cosine)",REACTOME_CHROMOSOME_MAINTENANCE,True
G1 -> S,0,"min(euclidean, cosine)",REACTOME_DNA_DAMAGE_BYPASS,False
G1 -> S,0,"min(euclidean, cosine)",REACTOME_DNA_REPAIR,False
G1 -> S,0,"min(euclidean, cosine)",REACTOME_RESOLUTION_OF_ABASIC_SITES_AP_SITES,False
G1 -> S,0,"min(euclidean, cosine)",REACTOME_PROTEIN_UBIQUITINATION,False
G1 -> S,0,"min(euclidean, cosine)",REACTOME_THE_ROLE_OF_GTSE1_IN_G2_M_PROGRESSION_AFTER_G2_CHECKPOINT,True
G1 -> S,0,"min(euclidean, cosine)",REACTOME_AURKA_ACTIVATION_BY_TPX2,True
G1 -> S,0,"min(euclidean, cosine)",REACTOME_GOLGI_TO_ER_RETROGRADE_TRANSPORT,False
G1 -> S,0,"min(euclidean, cosine)",REACTOME_TRANSCRIPTIONAL_REGULATION_BY_THE_AP_2_TFAP2_FAMILY_OF_TRANSCRIPTION_FACTORS,False
G1 -> S,0,"min(euclidean, cosine)",REACTOME_E3_UBIQUITIN_LIGASES_UBIQUITINATE_TARGET_PROTEINS,False
G1 -> S,0,"min(euclidean, cosine)",REACTOME_NGF_STIMULATED_TRANSCRIPTION,False
G1 -> S,0,"min(euclidean, cosine)",REACTOME_PEROXISOMAL_PROTEIN_IMPORT,False
G1 -> S,0,"min(euclidean, cosine)",REACTOME_PROTEIN_LOCALIZATION,False
G1 -> S,0,"min(euclidean, cosine)",REACTOME_AUTOPHAGY,False
G1 -> S,0,"min(euclidean, cosine)",REACTOME_TRANSCRIPTIONAL_REGULATION_OF_GRANULOPOIESIS,False
G1 -> S,0,"min(euclidean, cosine)",REACTOME_AGGREPHAGY,False
G1 -> S,0,"min(euclidean, cosine)",REACTOME_SELECTIVE_AUTOPHAGY,False
G1 -> S,0,"min(euclidean, cosine)",REACTOME_DISEASES_OF_MITOTIC_CELL_CYCLE,True
G1 -> S,0,"min(euclidean, cosine)",REACTOME_DISEASES_OF_DNA_REPAIR,False
G1 -> S,0,"min(euclidean, cosine)",REACTOME_SIGNALING_BY_RHO_GTPASES_MIRO_GTPASES_AND_RHOBTB3,False
G1 -> S,0,"min(euclidean, cosine)",REACTOME_KINESINS,False
G1 -> S,0,"min(euclidean, cosine)",REACTOME_FACTORS_INVOLVED_IN_MEGAKARYOCYTE_DEVELOPMENT_AND_PLATELET_PRODUCTION,False
G1 -> S,0,"min(cosine, radial)",REACTOME_APOPTOSIS,False
G1 -> S,0,"min(cosine, radial)",REACTOME_INTRINSIC_PATHWAY_FOR_APOPTOSIS,False
G1 -> S,0,"min(cosine, radial)",REACTOME_TRANSLESION_SYNTHESIS_BY_Y_FAMILY_DNA_POLYMERASES_BYPASSES_LESIONS_ON_DNA_TEMPLATE,False
G1 -> S,0,"min(cosine, radial)",REACTOME_RECOGNITION_OF_DNA_DAMAGE_BY_PCNA_CONTAINING_REPLICATION_COMPLEX,True
G1 -> S,0,"min(cosine, radial)",REACTOME_TRANSLESION_SYNTHESIS_BY_POLH,False
G1 -> S,0,"min(cosine, radial)",REACTOME_RESOLUTION_OF_AP_SITES_VIA_THE_MULTIPLE_NUCLEOTIDE_PATCH_REPLACEMENT_PATHWAY,False
G1 -> S,0,"min(cosine, radial)",REACTOME_E2F_MEDIATED_REGULATION_OF_DNA_REPLICATION,True
G1 -> S,0,"min(cosine, radial)",REACTOME_ACTIVATION_OF_BH3_ONLY_PROTEINS,False
G1 -> S,0,"min(cosine, radial)",REACTOME_ADAPTIVE_IMMUNE_SYSTEM,False
G1 -> S,0,"min(cosine, radial)",REACTOME_TRANSCRIPTION_OF_E2F_TARGETS_UNDER_NEGATIVE_CONTROL_BY_DREAM_COMPLEX,True
G1 -> S,0,"min(cosine, radial)",REACTOME_TRANSCRIPTION_OF_E2F_TARGETS_UNDER_NEGATIVE_CONTROL_BY_P107_RBL1_AND_P130_RBL2_IN_COMPLEX_WITH_HDAC1,True
G1 -> S,0,"min(cosine, radial)",REACTOME_INHIBITION_OF_THE_PROTEOLYTIC_ACTIVITY_OF_APC_C_REQUIRED_FOR_THE_ONSET_OF_ANAPHASE_BY_MITOTIC_SPINDLE_CHECKPOINT_COMPONENTS,True
G1 -> S,0,"min(cosine, radial)",REACTOME_G0_AND_EARLY_G1,True
G1 -> S,0,"min(cosine, radial)",REACTOME_POLO_LIKE_KINASE_MEDIATED_EVENTS,True
G1 -> S,0,"min(cosine, radial)",REACTOME_TELOMERE_MAINTENANCE,True
G1 -> S,0,"min(cosine, radial)",REACTOME_CELL_CYCLE,True
G1 -> S,0,"min(cosine, radial)",REACTOME_SIGNALING_BY_NTRKS,False
G1 -> S,0,"min(cosine, radial)",REACTOME_APC_C_CDC20_MEDIATED_DEGRADATION_OF_CYCLIN_B,True
G1 -> S,0,"min(cosine, radial)",REACTOME_APC_C_MEDIATED_DEGRADATION_OF_CELL_CYCLE_PROTEINS,True
G1 -> S,0,"min(cosine, radial)",REACTOME_APC_C_CDH1_MEDIATED_DEGRADATION_OF_CDC20_AND_OTHER_APC_C_CDH1_TARGETED_PROTEINS_IN_LATE_MITOSIS_EARLY_G1,True
G1 -> S,0,"min(cosine, radial)",REACTOME_POLYMERASE_SWITCHING_ON_THE_C_STRAND_OF_THE_TELOMERE,True
G1 -> S,0,"min(cosine, radial)",REACTOME_TELOMERE_C_STRAND_LAGGING_STRAND_SYNTHESIS,True
G1 -> S,0,"min(cosine, radial)",REACTOME_ACTIVATION_OF_ATR_IN_RESPONSE_TO_REPLICATION_STRESS,True
G1 -> S,0,"min(cosine, radial)",REACTOME_PHOSPHORYLATION_OF_EMI1,False
G1 -> S,0,"min(cosine, radial)",REACTOME_APC_CDC20_MEDIATED_DEGRADATION_OF_NEK2A,True
G1 -> S,0,"min(cosine, radial)",REACTOME_EXTENSION_OF_TELOMERES,True
G1 -> S,0,"min(cosine, radial)",REACTOME_ORGANELLE_BIOGENESIS_AND_MAINTENANCE,False
G1 -> S,0,"min(cosine, radial)",REACTOME_RHO_GTPASE_EFFECTORS,False
G1 -> S,0,"min(cosine, radial)",REACTOME_MEMBRANE_TRAFFICKING,False
G1 -> S,0,"min(cosine, radial)",REACTOME_MHC_CLASS_II_ANTIGEN_PRESENTATION,False
G1 -> S,0,"min(cosine, radial)",REACTOME_SEPARATION_OF_SISTER_CHROMATIDS,True
G1 -> S,0,"min(cosine, radial)",REACTOME_RESOLUTION_OF_SISTER_CHROMATID_COHESION,True
G1 -> S,0,"min(cosine, radial)",REACTOME_CONDENSATION_OF_PROMETAPHASE_CHROMOSOMES,True
G1 -> S,0,"min(cosine, radial)",REACTOME_MITOTIC_METAPHASE_AND_ANAPHASE,True
G1 -> S,0,"min(cosine, radial)",REACTOME_CELLULAR_SENESCENCE,False
G1 -> S,0,"min(cosine, radial)",REACTOME_ONCOGENE_INDUCED_SENESCENCE,False
G1 -> S,0,"min(cosine, radial)",REACTOME_REGULATION_OF_PLK1_ACTIVITY_AT_G2_M_TRANSITION,True
G1 -> S,0,"min(cosine, radial)",REACTOME_NUCLEAR_ENVELOPE_BREAKDOWN,True
G1 -> S,0,"min(cosine, radial)",REACTOME_ACTIVATION_OF_NIMA_KINASES_NEK9_NEK6_NEK7,False
G1 -> S,0,"min(cosine, radial)",REACTOME_INITIATION_OF_NUCLEAR_ENVELOPE_NE_REFORMATION,False
G1 -> S,0,"min(cosine, radial)",REACTOME_NUCLEAR_ENVELOPE_NE_REASSEMBLY,False
G1 -> S,0,"min(cosine, radial)",REACTOME_NUCLEAR_PORE_COMPLEX_NPC_DISASSEMBLY,False
G1 -> S,0,"min(cosine, radial)",REACTOME_HSP90_CHAPERONE_CYCLE_FOR_STEROID_HORMONE_RECEPTORS_SHR_IN_THE_PRESENCE_OF_LIGAND,False
G1 -> S,0,"min(cosine, radial)",REACTOME_TRANSCRIPTIONAL_REGULATION_BY_TP53,False
G1 -> S,0,"min(cosine, radial)",REACTOME_RECRUITMENT_OF_MITOTIC_CENTROSOME_PROTEINS_AND_COMPLEXES,True
G1 -> S,0,"min(cosine, radial)",REACTOME_RECRUITMENT_OF_NUMA_TO_MITOTIC_CENTROSOMES,True
G1 -> S,0,"min(cosine, radial)",REACTOME_MITOTIC_G2_G2_M_PHASES,True
G1 -> S,0,"min(cosine, radial)",REACTOME_MITOTIC_G1_PHASE_AND_G1_S_TRANSITION,True
G1 -> S,0,"min(cosine, radial)",REACTOME_SUMOYLATION_OF_DNA_REPLICATION_PROTEINS,True
G1 -> S,0,"min(cosine, radial)",REACTOME_PROGRAMMED_CELL_DEATH,False
G1 -> S,0,"min(cosine, radial)",REACTOME_MISMATCH_REPAIR,False
G1 -> S,0,"min(cosine, radial)",REACTOME_CILIUM_ASSEMBLY,False
G1 -> S,0,"min(cosine, radial)",REACTOME_ANCHORING_OF_THE_BASAL_BODY_TO_THE_PLASMA_MEMBRANE,False
G1 -> S,0,"min(cosine, radial)",REACTOME_INTRAFLAGELLAR_TRANSPORT,False
G1 -> S,0,"min(cosine, radial)",REACTOME_REGULATION_OF_TP53_ACTIVITY,False
G1 -> S,0,"min(cosine, radial)",REACTOME_PCNA_DEPENDENT_LONG_PATCH_BASE_EXCISION_REPAIR,False
G1 -> S,0,"min(cosine, radial)",REACTOME_VESICLE_MEDIATED_TRANSPORT,False
G1 -> S,0,"min(cosine, radial)",REACTOME_TRANSLESION_SYNTHESIS_BY_POLK,False
G1 -> S,0,"min(cosine, radial)",REACTOME_TERMINATION_OF_TRANSLESION_DNA_SYNTHESIS,False
G1 -> S,0,"min(cosine, radial)",REACTOME_RHO_GTPASES_ACTIVATE_FORMINS,False
G1 -> S,0,"min(cosine, radial)",REACTOME_HDR_THROUGH_SINGLE_STRAND_ANNEALING_SSA,False
G1 -> S,0,"min(cosine, radial)",REACTOME_HDR_THROUGH_HOMOLOGOUS_RECOMBINATION_HRR,False
G1 -> S,0,"min(cosine, radial)",REACTOME_DEUBIQUITINATION,False
G1 -> S,0,"min(cosine, radial)",REACTOME_UB_SPECIFIC_PROCESSING_PROTEASES,False
G1 -> S,0,"min(cosine, radial)",REACTOME_DNA_DOUBLE_STRAND_BREAK_REPAIR,False
G1 -> S,0,"min(cosine, radial)",REACTOME_HOMOLOGY_DIRECTED_REPAIR,False
G1 -> S,0,"min(cosine, radial)",REACTOME_HOMOLOGOUS_DNA_PAIRING_AND_STRAND_EXCHANGE,False
G1 -> S,0,"min(cosine, radial)",REACTOME_DNA_DOUBLE_STRAND_BREAK_RESPONSE,False
G1 -> S,0,"min(cosine, radial)",REACTOME_PROCESSING_OF_DNA_DOUBLE_STRAND_BREAK_ENDS,False
G1 -> S,0,"min(cosine, radial)",REACTOME_FORMATION_OF_INCISION_COMPLEX_IN_GG_NER,False
G1 -> S,0,"min(cosine, radial)",REACTOME_GAP_FILLING_DNA_REPAIR_SYNTHESIS_AND_LIGATION_IN_GG_NER,False
G1 -> S,0,"min(cosine, radial)",REACTOME_NUCLEOTIDE_EXCISION_REPAIR,False
G1 -> S,0,"min(cosine, radial)",REACTOME_GLOBAL_GENOME_NUCLEOTIDE_EXCISION_REPAIR_GG_NER,False
G1 -> S,0,"min(cosine, radial)",REACTOME_DUAL_INCISION_IN_GG_NER,False
G1 -> S,0,"min(cosine, radial)",REACTOME_DEPOSITION_OF_NEW_CENPA_CONTAINING_NUCLEOSOMES_AT_THE_CENTROMERE,False
G1 -> S,0,"min(cosine, radial)",REACTOME_TRANSCRIPTION_COUPLED_NUCLEOTIDE_EXCISION_REPAIR_TC_NER,False
G1 -> S,0,"min(cosine, radial)",REACTOME_DUAL_INCISION_IN_TC_NER,False
G1 -> S,0,"min(cosine, radial)",REACTOME_FANCONI_ANEMIA_PATHWAY,False
G1 -> S,0,"min(cosine, radial)",REACTOME_RRNA_MODIFICATION_IN_THE_NUCLEUS_AND_CYTOSOL,False
G1 -> S,0,"min(cosine, radial)",REACTOME_TP53_REGULATES_TRANSCRIPTION_OF_CELL_CYCLE_GENES,True
G1 -> S,0,"min(cosine, radial)",REACTOME_TP53_REGULATES_TRANSCRIPTION_OF_GENES_INVOLVED_IN_G2_CELL_CYCLE_ARREST,True
G1 -> S,0,"min(cosine, radial)",REACTOME_TP53_REGULATES_TRANSCRIPTION_OF_GENES_INVOLVED_IN_G1_CELL_CYCLE_ARREST,True
G1 -> S,0,"min(cosine, radial)",REACTOME_REGULATION_OF_TP53_ACTIVITY_THROUGH_PHOSPHORYLATION,False
G1 -> S,0,"min(cosine, radial)",REACTOME_REGULATION_OF_TP53_EXPRESSION_AND_DEGRADATION,False
G1 -> S,0,"min(cosine, radial)",REACTOME_COPI_DEPENDENT_GOLGI_TO_ER_RETROGRADE_TRAFFIC,False
G1 -> S,0,"min(cosine, radial)",REACTOME_COPI_INDEPENDENT_GOLGI_TO_ER_RETROGRADE_TRAFFIC,False
G1 -> S,0,"min(cosine, radial)",REACTOME_INTRA_GOLGI_AND_RETROGRADE_GOLGI_TO_ER_TRAFFIC,False
G1 -> S,0,"min(cosine, radial)",REACTOME_MITOTIC_PROPHASE,True
G1 -> S,0,"min(cosine, radial)",REACTOME_MITOTIC_PROMETAPHASE,True
G1 -> S,0,"min(cosine, radial)",REACTOME_MITOTIC_TELOPHASE_CYTOKINESIS,True
G1 -> S,0,"min(cosine, radial)",REACTOME_M_PHASE,True
G1 -> S,0,"min(cosine, radial)",REACTOME_ORC1_REMOVAL_FROM_CHROMATIN,True
G1 -> S,0,"min(cosine, radial)",REACTOME_ACTIVATION_OF_THE_PRE_REPLICATIVE_COMPLEX,False
G1 -> S,0,"min(cosine, radial)",REACTOME_DNA_REPLICATION_PRE_INITIATION,True
G1 -> S,0,"min(cosine, radial)",REACTOME_SWITCHING_OF_ORIGINS_TO_A_POST_REPLICATIVE_STATE,False
G1 -> S,0,"min(cosine, radial)",REACTOME_POLYMERASE_SWITCHING,False
G1 -> S,0,"min(cosine, radial)",REACTOME_LAGGING_STRAND_SYNTHESIS,True
G1 -> S,0,"min(cosine, radial)",REACTOME_DNA_STRAND_ELONGATION,False
G1 -> S,0,"min(cosine, radial)",REACTOME_G1_S_SPECIFIC_TRANSCRIPTION,True
G1 -> S,0,"min(cosine, radial)",REACTOME_CYCLIN_D_ASSOCIATED_EVENTS_IN_G1,True
G1 -> S,0,"min(cosine, radial)",REACTOME_SYNTHESIS_OF_DNA,False
G1 -> S,0,"min(cosine, radial)",REACTOME_S_PHASE,True
G1 -> S,0,"min(cosine, radial)",REACTOME_CYCLIN_A_B1_B2_ASSOCIATED_EVENTS_DURING_G2_M_TRANSITION,True
G1 -> S,0,"min(cosine, radial)",REACTOME_CELL_CYCLE_MITOTIC,True
G1 -> S,0,"min(cosine, radial)",REACTOME_DNA_REPLICATION,True
G1 -> S,0,"min(cosine, radial)",REACTOME_G2_M_DNA_DAMAGE_CHECKPOINT,True
G1 -> S,0,"min(cosine, radial)",REACTOME_G2_M_CHECKPOINTS,True
G1 -> S,0,"min(cosine, radial)",REACTOME_MITOTIC_SPINDLE_CHECKPOINT,True
G1 -> S,0,"min(cosine, radial)",REACTOME_CELL_CYCLE_CHECKPOINTS,True
G1 -> S,0,"min(cosine, radial)",REACTOME_CYCLIN_A_CDK2_ASSOCIATED_EVENTS_AT_S_PHASE_ENTRY,True
G1 -> S,0,"min(cosine, radial)",REACTOME_RRNA_PROCESSING,False
G1 -> S,0,"min(cosine, radial)",REACTOME_RNA_POLYMERASE_II_TRANSCRIPTION,False
G1 -> S,0,"min(cosine, radial)",REACTOME_BASE_EXCISION_REPAIR,False
G1 -> S,0,"min(cosine, radial)",REACTOME_CHROMOSOME_MAINTENANCE,True
G1 -> S,0,"min(cosine, radial)",REACTOME_DNA_DAMAGE_BYPASS,False
G1 -> S,0,"min(cosine, radial)",REACTOME_DNA_REPAIR,False
G1 -> S,0,"min(cosine, radial)",REACTOME_RESOLUTION_OF_ABASIC_SITES_AP_SITES,False
G1 -> S,0,"min(cosine, radial)",REACTOME_PROTEIN_UBIQUITINATION,False
G1 -> S,0,"min(cosine, radial)",REACTOME_THE_ROLE_OF_GTSE1_IN_G2_M_PROGRESSION_AFTER_G2_CHECKPOINT,True
G1 -> S,0,"min(cosine, radial)",REACTOME_AURKA_ACTIVATION_BY_TPX2,True
G1 -> S,0,"min(cosine, radial)",REACTOME_GOLGI_TO_ER_RETROGRADE_TRANSPORT,False
G1 -> S,0,"min(cosine, radial)",REACTOME_E3_UBIQUITIN_LIGASES_UBIQUITINATE_TARGET_PROTEINS,False
G1 -> S,0,"min(cosine, radial)",REACTOME_TRANSCRIPTIONAL_REGULATION_BY_E2F6,True
G1 -> S,0,"min(cosine, radial)",REACTOME_NGF_STIMULATED_TRANSCRIPTION,False
G1 -> S,0,"min(cosine, radial)",REACTOME_PEROXISOMAL_PROTEIN_IMPORT,False
G1 -> S,0,"min(cosine, radial)",REACTOME_PROTEIN_LOCALIZATION,False
G1 -> S,0,"min(cosine, radial)",REACTOME_HCMV_EARLY_EVENTS,False
G1 -> S,0,"min(cosine, radial)",REACTOME_TRANSCRIPTIONAL_REGULATION_OF_GRANULOPOIESIS,False
G1 -> S,0,"min(cosine, radial)",REACTOME_AGGREPHAGY,False
G1 -> S,0,"min(cosine, radial)",REACTOME_ABERRANT_REGULATION_OF_MITOTIC_G1_S_TRANSITION_IN_CANCER_DUE_TO_RB1_DEFECTS,True
G1 -> S,0,"min(cosine, radial)",REACTOME_SELECTIVE_AUTOPHAGY,False
G1 -> S,0,"min(cosine, radial)",REACTOME_DISEASES_OF_MITOTIC_CELL_CYCLE,True
G1 -> S,0,"min(cosine, radial)",REACTOME_SIGNALING_BY_RHO_GTPASES_MIRO_GTPASES_AND_RHOBTB3,False
G1 -> S,0,"min(cosine, radial)",REACTOME_ANTIGEN_PROCESSING_UBIQUITINATION_PROTEASOME_DEGRADATION,False
G1 -> S,0,"min(cosine, radial)",REACTOME_KINESINS,False
G1 -> S,0,"min(cosine, radial)",REACTOME_FACTORS_INVOLVED_IN_MEGAKARYOCYTE_DEVELOPMENT_AND_PLATELET_PRODUCTION,False
G1 -> S,1,euclidean,REACTOME_INTRINSIC_PATHWAY_FOR_APOPTOSIS,False
G1 -> S,1,euclidean,REACTOME_TRANSLESION_SYNTHESIS_BY_Y_FAMILY_DNA_POLYMERASES_BYPASSES_LESIONS_ON_DNA_TEMPLATE,False
G1 -> S,1,euclidean,REACTOME_RECOGNITION_OF_DNA_DAMAGE_BY_PCNA_CONTAINING_REPLICATION_COMPLEX,True
G1 -> S,1,euclidean,REACTOME_TRANSLESION_SYNTHESIS_BY_POLH,False
G1 -> S,1,euclidean,REACTOME_RESOLUTION_OF_AP_SITES_VIA_THE_MULTIPLE_NUCLEOTIDE_PATCH_REPLACEMENT_PATHWAY,False
G1 -> S,1,euclidean,REACTOME_E2F_MEDIATED_REGULATION_OF_DNA_REPLICATION,True
G1 -> S,1,euclidean,REACTOME_ACTIVATION_OF_BH3_ONLY_PROTEINS,False
G1 -> S,1,euclidean,REACTOME_ADAPTIVE_IMMUNE_SYSTEM,False
G1 -> S,1,euclidean,REACTOME_TRANSCRIPTION_OF_E2F_TARGETS_UNDER_NEGATIVE_CONTROL_BY_DREAM_COMPLEX,True
G1 -> S,1,euclidean,REACTOME_TRANSCRIPTION_OF_E2F_TARGETS_UNDER_NEGATIVE_CONTROL_BY_P107_RBL1_AND_P130_RBL2_IN_COMPLEX_WITH_HDAC1,True
G1 -> S,1,euclidean,REACTOME_G0_AND_EARLY_G1,True
G1 -> S,1,euclidean,REACTOME_POLO_LIKE_KINASE_MEDIATED_EVENTS,True
G1 -> S,1,euclidean,REACTOME_TELOMERE_MAINTENANCE,True
G1 -> S,1,euclidean,REACTOME_CELL_CYCLE,True
G1 -> S,1,euclidean,REACTOME_APC_C_CDC20_MEDIATED_DEGRADATION_OF_CYCLIN_B,True
G1 -> S,1,euclidean,REACTOME_APC_C_MEDIATED_DEGRADATION_OF_CELL_CYCLE_PROTEINS,True
G1 -> S,1,euclidean,REACTOME_APC_C_CDH1_MEDIATED_DEGRADATION_OF_CDC20_AND_OTHER_APC_C_CDH1_TARGETED_PROTEINS_IN_LATE_MITOSIS_EARLY_G1,True
G1 -> S,1,euclidean,REACTOME_POLYMERASE_SWITCHING_ON_THE_C_STRAND_OF_THE_TELOMERE,True
G1 -> S,1,euclidean,REACTOME_TELOMERE_C_STRAND_LAGGING_STRAND_SYNTHESIS,True
G1 -> S,1,euclidean,REACTOME_ACTIVATION_OF_ATR_IN_RESPONSE_TO_REPLICATION_STRESS,True
G1 -> S,1,euclidean,REACTOME_PHOSPHORYLATION_OF_EMI1,False
G1 -> S,1,euclidean,REACTOME_APC_CDC20_MEDIATED_DEGRADATION_OF_NEK2A,True
G1 -> S,1,euclidean,REACTOME_EXTENSION_OF_TELOMERES,True
G1 -> S,1,euclidean,REACTOME_RHO_GTPASE_EFFECTORS,False
G1 -> S,1,euclidean,REACTOME_NUCLEAR_EVENTS_KINASE_AND_TRANSCRIPTION_FACTOR_ACTIVATION,False
G1 -> S,1,euclidean,REACTOME_MEMBRANE_TRAFFICKING,False
G1 -> S,1,euclidean,REACTOME_MHC_CLASS_II_ANTIGEN_PRESENTATION,False
G1 -> S,1,euclidean,REACTOME_SEPARATION_OF_SISTER_CHROMATIDS,True
G1 -> S,1,euclidean,REACTOME_RESOLUTION_OF_SISTER_CHROMATID_COHESION,True
G1 -> S,1,euclidean,REACTOME_CONDENSATION_OF_PROMETAPHASE_CHROMOSOMES,True
G1 -> S,1,euclidean,REACTOME_MITOTIC_METAPHASE_AND_ANAPHASE,True
G1 -> S,1,euclidean,REACTOME_REGULATION_OF_PLK1_ACTIVITY_AT_G2_M_TRANSITION,True
G1 -> S,1,euclidean,REACTOME_ACTIVATION_OF_NIMA_KINASES_NEK9_NEK6_NEK7,False
G1 -> S,1,euclidean,REACTOME_INITIATION_OF_NUCLEAR_ENVELOPE_NE_REFORMATION,False
G1 -> S,1,euclidean,REACTOME_NUCLEAR_ENVELOPE_NE_REASSEMBLY,False
G1 -> S,1,euclidean,REACTOME_TRANSCRIPTIONAL_REGULATION_BY_TP53,False
G1 -> S,1,euclidean,REACTOME_MITOTIC_G2_G2_M_PHASES,True
G1 -> S,1,euclidean,REACTOME_MITOTIC_G1_PHASE_AND_G1_S_TRANSITION,True
G1 -> S,1,euclidean,REACTOME_MISMATCH_REPAIR,False
G1 -> S,1,euclidean,REACTOME_TP53_REGULATES_TRANSCRIPTION_OF_CELL_DEATH_GENES,False
G1 -> S,1,euclidean,REACTOME_PCNA_DEPENDENT_LONG_PATCH_BASE_EXCISION_REPAIR,False
G1 -> S,1,euclidean,REACTOME_VESICLE_MEDIATED_TRANSPORT,False
G1 -> S,1,euclidean,REACTOME_TRANSLESION_SYNTHESIS_BY_POLK,False
G1 -> S,1,euclidean,REACTOME_TERMINATION_OF_TRANSLESION_DNA_SYNTHESIS,False
G1 -> S,1,euclidean,REACTOME_RHO_GTPASES_ACTIVATE_FORMINS,False
G1 -> S,1,euclidean,REACTOME_HDR_THROUGH_SINGLE_STRAND_ANNEALING_SSA,False
G1 -> S,1,euclidean,REACTOME_HDR_THROUGH_HOMOLOGOUS_RECOMBINATION_HRR,False
G1 -> S,1,euclidean,REACTOME_UB_SPECIFIC_PROCESSING_PROTEASES,False
G1 -> S,1,euclidean,REACTOME_DNA_DOUBLE_STRAND_BREAK_REPAIR,False
G1 -> S,1,euclidean,REACTOME_HOMOLOGY_DIRECTED_REPAIR,False
G1 -> S,1,euclidean,REACTOME_PROCESSING_OF_DNA_DOUBLE_STRAND_BREAK_ENDS,False
G1 -> S,1,euclidean,REACTOME_GAP_FILLING_DNA_REPAIR_SYNTHESIS_AND_LIGATION_IN_GG_NER,False
G1 -> S,1,euclidean,REACTOME_NUCLEOTIDE_EXCISION_REPAIR,False
G1 -> S,1,euclidean,REACTOME_GLOBAL_GENOME_NUCLEOTIDE_EXCISION_REPAIR_GG_NER,False
G1 -> S,1,euclidean,REACTOME_DUAL_INCISION_IN_GG_NER,False
G1 -> S,1,euclidean,REACTOME_DEPOSITION_OF_NEW_CENPA_CONTAINING_NUCLEOSOMES_AT_THE_CENTROMERE,False
G1 -> S,1,euclidean,REACTOME_TRANSCRIPTION_COUPLED_NUCLEOTIDE_EXCISION_REPAIR_TC_NER,False
G1 -> S,1,euclidean,REACTOME_DUAL_INCISION_IN_TC_NER,False
G1 -> S,1,euclidean,REACTOME_FANCONI_ANEMIA_PATHWAY,False
G1 -> S,1,euclidean,REACTOME_RRNA_MODIFICATION_IN_THE_NUCLEUS_AND_CYTOSOL,False
G1 -> S,1,euclidean,REACTOME_TP53_REGULATES_TRANSCRIPTION_OF_CELL_CYCLE_GENES,True
G1 -> S,1,euclidean,REACTOME_TP53_REGULATES_TRANSCRIPTION_OF_GENES_INVOLVED_IN_G2_CELL_CYCLE_ARREST,True
G1 -> S,1,euclidean,REACTOME_TP53_REGULATES_TRANSCRIPTION_OF_GENES_INVOLVED_IN_G1_CELL_CYCLE_ARREST,True
G1 -> S,1,euclidean,REACTOME_REGULATION_OF_TP53_ACTIVITY_THROUGH_PHOSPHORYLATION,False
G1 -> S,1,euclidean,REACTOME_COPI_MEDIATED_ANTEROGRADE_TRANSPORT,False
G1 -> S,1,euclidean,REACTOME_COPI_DEPENDENT_GOLGI_TO_ER_RETROGRADE_TRAFFIC,False
G1 -> S,1,euclidean,REACTOME_INTRA_GOLGI_AND_RETROGRADE_GOLGI_TO_ER_TRAFFIC,False
G1 -> S,1,euclidean,REACTOME_MITOTIC_PROMETAPHASE,True
G1 -> S,1,euclidean,REACTOME_M_PHASE,True
G1 -> S,1,euclidean,REACTOME_ORC1_REMOVAL_FROM_CHROMATIN,True
G1 -> S,1,euclidean,REACTOME_ACTIVATION_OF_THE_PRE_REPLICATIVE_COMPLEX,False
G1 -> S,1,euclidean,REACTOME_DNA_REPLICATION_PRE_INITIATION,True
G1 -> S,1,euclidean,REACTOME_SWITCHING_OF_ORIGINS_TO_A_POST_REPLICATIVE_STATE,False
G1 -> S,1,euclidean,REACTOME_POLYMERASE_SWITCHING,False
G1 -> S,1,euclidean,REACTOME_LAGGING_STRAND_SYNTHESIS,True
G1 -> S,1,euclidean,REACTOME_DNA_STRAND_ELONGATION,False
G1 -> S,1,euclidean,REACTOME_G1_S_SPECIFIC_TRANSCRIPTION,True
G1 -> S,1,euclidean,REACTOME_SYNTHESIS_OF_DNA,False
G1 -> S,1,euclidean,REACTOME_S_PHASE,True
G1 -> S,1,euclidean,REACTOME_CYCLIN_A_B1_B2_ASSOCIATED_EVENTS_DURING_G2_M_TRANSITION,True
G1 -> S,1,euclidean,REACTOME_CELL_CYCLE_MITOTIC,True
G1 -> S,1,euclidean,REACTOME_DNA_REPLICATION,True
G1 -> S,1,euclidean,REACTOME_G2_M_DNA_DAMAGE_CHECKPOINT,True
G1 -> S,1,euclidean,REACTOME_G2_M_CHECKPOINTS,True
G1 -> S,1,euclidean,REACTOME_MITOTIC_SPINDLE_CHECKPOINT,True
G1 -> S,1,euclidean,REACTOME_CELL_CYCLE_CHECKPOINTS,True
G1 -> S,1,euclidean,REACTOME_RRNA_PROCESSING,False
G1 -> S,1,euclidean,REACTOME_RNA_POLYMERASE_II_TRANSCRIPTION,False
G1 -> S,1,euclidean,REACTOME_BASE_EXCISION_REPAIR,False
G1 -> S,1,euclidean,REACTOME_CHROMOSOME_MAINTENANCE,True
G1 -> S,1,euclidean,REACTOME_DNA_DAMAGE_BYPASS,False
G1 -> S,1,euclidean,REACTOME_DNA_REPAIR,False
G1 -> S,1,euclidean,REACTOME_RESOLUTION_OF_ABASIC_SITES_AP_SITES,False
G1 -> S,1,euclidean,REACTOME_PROTEIN_UBIQUITINATION,False
G1 -> S,1,euclidean,REACTOME_GOLGI_TO_ER_RETROGRADE_TRANSPORT,False
G1 -> S,1,euclidean,REACTOME_E3_UBIQUITIN_LIGASES_UBIQUITINATE_TARGET_PROTEINS,False
G1 -> S,1,euclidean,REACTOME_NGF_STIMULATED_TRANSCRIPTION,False
G1 -> S,1,euclidean,REACTOME_PROTEIN_LOCALIZATION,False
G1 -> S,1,euclidean,REACTOME_SELECTIVE_AUTOPHAGY,False
G1 -> S,1,euclidean,REACTOME_SIGNALING_BY_RHO_GTPASES_MIRO_GTPASES_AND_RHOBTB3,False
G1 -> S,1,cosine,REACTOME_APOPTOSIS,False
G1 -> S,1,cosine,REACTOME_INTRINSIC_PATHWAY_FOR_APOPTOSIS,False
G1 -> S,1,cosine,REACTOME_TRANSLESION_SYNTHESIS_BY_Y_FAMILY_DNA_POLYMERASES_BYPASSES_LESIONS_ON_DNA_TEMPLATE,False
G1 -> S,1,cosine,REACTOME_RECOGNITION_OF_DNA_DAMAGE_BY_PCNA_CONTAINING_REPLICATION_COMPLEX,True
G1 -> S,1,cosine,REACTOME_TRANSLESION_SYNTHESIS_BY_POLH,False
G1 -> S,1,cosine,REACTOME_RESOLUTION_OF_AP_SITES_VIA_THE_MULTIPLE_NUCLEOTIDE_PATCH_REPLACEMENT_PATHWAY,False
G1 -> S,1,cosine,REACTOME_E2F_MEDIATED_REGULATION_OF_DNA_REPLICATION,True
G1 -> S,1,cosine,REACTOME_ACTIVATION_OF_BH3_ONLY_PROTEINS,False
G1 -> S,1,cosine,REACTOME_ADAPTIVE_IMMUNE_SYSTEM,False
G1 -> S,1,cosine,REACTOME_TRANSCRIPTION_OF_E2F_TARGETS_UNDER_NEGATIVE_CONTROL_BY_DREAM_COMPLEX,True
G1 -> S,1,cosine,REACTOME_TRANSCRIPTION_OF_E2F_TARGETS_UNDER_NEGATIVE_CONTROL_BY_P107_RBL1_AND_P130_RBL2_IN_COMPLEX_WITH_HDAC1,True
G1 -> S,1,cosine,REACTOME_INHIBITION_OF_THE_PROTEOLYTIC_ACTIVITY_OF_APC_C_REQUIRED_FOR_THE_ONSET_OF_ANAPHASE_BY_MITOTIC_SPINDLE_CHECKPOINT_COMPONENTS,True
G1 -> S,1,cosine,REACTOME_G0_AND_EARLY_G1,True
G1 -> S,1,cosine,REACTOME_POLO_LIKE_KINASE_MEDIATED_EVENTS,True
G1 -> S,1,cosine,REACTOME_TELOMERE_MAINTENANCE,True
G1 -> S,1,cosine,REACTOME_CELL_CYCLE,True
G1 -> S,1,cosine,REACTOME_MYD88_INDEPENDENT_TLR4_CASCADE,False
G1 -> S,1,cosine,REACTOME_SIGNALING_BY_NTRKS,False
G1 -> S,1,cosine,REACTOME_TOLL_LIKE_RECEPTOR_9_TLR9_CASCADE,False
G1 -> S,1,cosine,REACTOME_TOLL_LIKE_RECEPTOR_TLR1_TLR2_CASCADE,False
G1 -> S,1,cosine,REACTOME_NUCLEOTIDE_BINDING_DOMAIN_LEUCINE_RICH_REPEAT_CONTAINING_RECEPTOR_NLR_SIGNALING_PATHWAYS,False
G1 -> S,1,cosine,REACTOME_TOLL_LIKE_RECEPTOR_CASCADES,False
G1 -> S,1,cosine,REACTOME_APC_C_CDC20_MEDIATED_DEGRADATION_OF_CYCLIN_B,True
G1 -> S,1,cosine,REACTOME_APC_C_MEDIATED_DEGRADATION_OF_CELL_CYCLE_PROTEINS,True
G1 -> S,1,cosine,REACTOME_APC_C_CDH1_MEDIATED_DEGRADATION_OF_CDC20_AND_OTHER_APC_C_CDH1_TARGETED_PROTEINS_IN_LATE_MITOSIS_EARLY_G1,True
G1 -> S,1,cosine,REACTOME_POLYMERASE_SWITCHING_ON_THE_C_STRAND_OF_THE_TELOMERE,True
G1 -> S,1,cosine,REACTOME_TELOMERE_C_STRAND_LAGGING_STRAND_SYNTHESIS,True
G1 -> S,1,cosine,REACTOME_ACTIVATION_OF_ATR_IN_RESPONSE_TO_REPLICATION_STRESS,True
G1 -> S,1,cosine,REACTOME_PHOSPHORYLATION_OF_EMI1,False
G1 -> S,1,cosine,REACTOME_APC_CDC20_MEDIATED_DEGRADATION_OF_NEK2A,True
G1 -> S,1,cosine,REACTOME_EXTENSION_OF_TELOMERES,True
G1 -> S,1,cosine,REACTOME_RHO_GTPASE_EFFECTORS,False
G1 -> S,1,cosine,REACTOME_NUCLEAR_EVENTS_KINASE_AND_TRANSCRIPTION_FACTOR_ACTIVATION,False
G1 -> S,1,cosine,REACTOME_MEMBRANE_TRAFFICKING,False
G1 -> S,1,cosine,REACTOME_MHC_CLASS_II_ANTIGEN_PRESENTATION,False
G1 -> S,1,cosine,REACTOME_SMAD2_SMAD3_SMAD4_HETEROTRIMER_REGULATES_TRANSCRIPTION,False
G1 -> S,1,cosine,REACTOME_VISUAL_PHOTOTRANSDUCTION,False
G1 -> S,1,cosine,REACTOME_SEPARATION_OF_SISTER_CHROMATIDS,True
G1 -> S,1,cosine,REACTOME_RESOLUTION_OF_SISTER_CHROMATID_COHESION,True
G1 -> S,1,cosine,REACTOME_CONDENSATION_OF_PROMETAPHASE_CHROMOSOMES,True
G1 -> S,1,cosine,REACTOME_MITOTIC_METAPHASE_AND_ANAPHASE,True
G1 -> S,1,cosine,REACTOME_OXIDATIVE_STRESS_INDUCED_SENESCENCE,False
G1 -> S,1,cosine,REACTOME_SENESCENCE_ASSOCIATED_SECRETORY_PHENOTYPE_SASP,False
G1 -> S,1,cosine,REACTOME_CELLULAR_SENESCENCE,False
G1 -> S,1,cosine,REACTOME_ONCOGENE_INDUCED_SENESCENCE,False
G1 -> S,1,cosine,REACTOME_REGULATION_OF_PLK1_ACTIVITY_AT_G2_M_TRANSITION,True
G1 -> S,1,cosine,REACTOME_NUCLEAR_ENVELOPE_BREAKDOWN,True
G1 -> S,1,cosine,REACTOME_ACTIVATION_OF_NIMA_KINASES_NEK9_NEK6_NEK7,False
G1 -> S,1,cosine,REACTOME_INITIATION_OF_NUCLEAR_ENVELOPE_NE_REFORMATION,False
G1 -> S,1,cosine,REACTOME_NUCLEAR_ENVELOPE_NE_REASSEMBLY,False
G1 -> S,1,cosine,REACTOME_NUCLEAR_PORE_COMPLEX_NPC_DISASSEMBLY,False
G1 -> S,1,cosine,REACTOME_HSP90_CHAPERONE_CYCLE_FOR_STEROID_HORMONE_RECEPTORS_SHR_IN_THE_PRESENCE_OF_LIGAND,False
G1 -> S,1,cosine,REACTOME_TRANSCRIPTIONAL_REGULATION_BY_TP53,False
G1 -> S,1,cosine,REACTOME_RECRUITMENT_OF_MITOTIC_CENTROSOME_PROTEINS_AND_COMPLEXES,True
G1 -> S,1,cosine,REACTOME_RECRUITMENT_OF_NUMA_TO_MITOTIC_CENTROSOMES,True
G1 -> S,1,cosine,REACTOME_RECYCLING_PATHWAY_OF_L1,True
G1 -> S,1,cosine,REACTOME_INTERLEUKIN_17_SIGNALING,False
G1 -> S,1,cosine,REACTOME_MITOTIC_G2_G2_M_PHASES,True
G1 -> S,1,cosine,REACTOME_MITOTIC_G1_PHASE_AND_G1_S_TRANSITION,True
G1 -> S,1,cosine,REACTOME_PROGRAMMED_CELL_DEATH,False
G1 -> S,1,cosine,REACTOME_REGULATION_OF_TNFR1_SIGNALING,False
G1 -> S,1,cosine,REACTOME_TNFR1_INDUCED_NFKAPPAB_SIGNALING_PATHWAY,False
G1 -> S,1,cosine,REACTOME_MISMATCH_REPAIR,False
G1 -> S,1,cosine,REACTOME_CILIUM_ASSEMBLY,False
G1 -> S,1,cosine,REACTOME_ANCHORING_OF_THE_BASAL_BODY_TO_THE_PLASMA_MEMBRANE,False
G1 -> S,1,cosine,REACTOME_REGULATION_OF_TP53_ACTIVITY,False
G1 -> S,1,cosine,REACTOME_PCNA_DEPENDENT_LONG_PATCH_BASE_EXCISION_REPAIR,False
G1 -> S,1,cosine,REACTOME_VESICLE_MEDIATED_TRANSPORT,False
G1 -> S,1,cosine,REACTOME_TRANSLESION_SYNTHESIS_BY_POLK,False
G1 -> S,1,cosine,REACTOME_TERMINATION_OF_TRANSLESION_DNA_SYNTHESIS,False
G1 -> S,1,cosine,REACTOME_RHO_GTPASES_ACTIVATE_FORMINS,False
G1 -> S,1,cosine,REACTOME_HDR_THROUGH_SINGLE_STRAND_ANNEALING_SSA,False
G1 -> S,1,cosine,REACTOME_HDR_THROUGH_HOMOLOGOUS_RECOMBINATION_HRR,False
G1 -> S,1,cosine,REACTOME_MAPK6_MAPK4_SIGNALING,False
G1 -> S,1,cosine,REACTOME_DEUBIQUITINATION,False
G1 -> S,1,cosine,REACTOME_UB_SPECIFIC_PROCESSING_PROTEASES,False
G1 -> S,1,cosine,REACTOME_DNA_DOUBLE_STRAND_BREAK_REPAIR,False
G1 -> S,1,cosine,REACTOME_HOMOLOGY_DIRECTED_REPAIR,False
G1 -> S,1,cosine,REACTOME_HOMOLOGOUS_DNA_PAIRING_AND_STRAND_EXCHANGE,False
G1 -> S,1,cosine,REACTOME_DNA_DOUBLE_STRAND_BREAK_RESPONSE,False
G1 -> S,1,cosine,REACTOME_PROCESSING_OF_DNA_DOUBLE_STRAND_BREAK_ENDS,False
G1 -> S,1,cosine,REACTOME_FORMATION_OF_INCISION_COMPLEX_IN_GG_NER,False
G1 -> S,1,cosine,REACTOME_GAP_FILLING_DNA_REPAIR_SYNTHESIS_AND_LIGATION_IN_GG_NER,False
G1 -> S,1,cosine,REACTOME_NUCLEOTIDE_EXCISION_REPAIR,False
G1 -> S,1,cosine,REACTOME_GLOBAL_GENOME_NUCLEOTIDE_EXCISION_REPAIR_GG_NER,False
G1 -> S,1,cosine,REACTOME_DUAL_INCISION_IN_GG_NER,False
G1 -> S,1,cosine,REACTOME_DEPOSITION_OF_NEW_CENPA_CONTAINING_NUCLEOSOMES_AT_THE_CENTROMERE,False
G1 -> S,1,cosine,REACTOME_TRANSCRIPTION_COUPLED_NUCLEOTIDE_EXCISION_REPAIR_TC_NER,False
G1 -> S,1,cosine,REACTOME_DUAL_INCISION_IN_TC_NER,False
G1 -> S,1,cosine,REACTOME_FANCONI_ANEMIA_PATHWAY,False
G1 -> S,1,cosine,REACTOME_RRNA_MODIFICATION_IN_THE_NUCLEUS_AND_CYTOSOL,False
G1 -> S,1,cosine,REACTOME_TP53_REGULATES_TRANSCRIPTION_OF_CELL_CYCLE_GENES,True
G1 -> S,1,cosine,REACTOME_TP53_REGULATES_TRANSCRIPTION_OF_GENES_INVOLVED_IN_G2_CELL_CYCLE_ARREST,True
G1 -> S,1,cosine,REACTOME_TP53_REGULATES_TRANSCRIPTION_OF_GENES_INVOLVED_IN_G1_CELL_CYCLE_ARREST,True
G1 -> S,1,cosine,REACTOME_REGULATION_OF_TP53_ACTIVITY_THROUGH_PHOSPHORYLATION,False
G1 -> S,1,cosine,REACTOME_REGULATION_OF_TP53_EXPRESSION_AND_DEGRADATION,False
G1 -> S,1,cosine,REACTOME_COPI_DEPENDENT_GOLGI_TO_ER_RETROGRADE_TRAFFIC,False
G1 -> S,1,cosine,REACTOME_COPI_INDEPENDENT_GOLGI_TO_ER_RETROGRADE_TRAFFIC,False
G1 -> S,1,cosine,REACTOME_INTRA_GOLGI_AND_RETROGRADE_GOLGI_TO_ER_TRAFFIC,False
G1 -> S,1,cosine,REACTOME_MITOTIC_PROPHASE,True
G1 -> S,1,cosine,REACTOME_MITOTIC_PROMETAPHASE,True
G1 -> S,1,cosine,REACTOME_MITOTIC_TELOPHASE_CYTOKINESIS,True
G1 -> S,1,cosine,REACTOME_M_PHASE,True
G1 -> S,1,cosine,REACTOME_ORC1_REMOVAL_FROM_CHROMATIN,True
G1 -> S,1,cosine,REACTOME_ACTIVATION_OF_THE_PRE_REPLICATIVE_COMPLEX,False
G1 -> S,1,cosine,REACTOME_DNA_REPLICATION_PRE_INITIATION,True
G1 -> S,1,cosine,REACTOME_SWITCHING_OF_ORIGINS_TO_A_POST_REPLICATIVE_STATE,False
G1 -> S,1,cosine,REACTOME_POLYMERASE_SWITCHING,False
G1 -> S,1,cosine,REACTOME_LAGGING_STRAND_SYNTHESIS,True
G1 -> S,1,cosine,REACTOME_DNA_STRAND_ELONGATION,False
G1 -> S,1,cosine,REACTOME_G1_S_SPECIFIC_TRANSCRIPTION,True
G1 -> S,1,cosine,REACTOME_CYCLIN_D_ASSOCIATED_EVENTS_IN_G1,True
G1 -> S,1,cosine,REACTOME_SYNTHESIS_OF_DNA,False
G1 -> S,1,cosine,REACTOME_S_PHASE,True
G1 -> S,1,cosine,REACTOME_CYCLIN_A_B1_B2_ASSOCIATED_EVENTS_DURING_G2_M_TRANSITION,True
G1 -> S,1,cosine,REACTOME_CELL_CYCLE_MITOTIC,True
G1 -> S,1,cosine,REACTOME_DNA_REPLICATION,True
G1 -> S,1,cosine,REACTOME_G2_M_DNA_DAMAGE_CHECKPOINT,True
G1 -> S,1,cosine,REACTOME_G2_M_CHECKPOINTS,True
G1 -> S,1,cosine,REACTOME_MITOTIC_SPINDLE_CHECKPOINT,True
G1 -> S,1,cosine,REACTOME_CELL_CYCLE_CHECKPOINTS,True
G1 -> S,1,cosine,REACTOME_CYCLIN_A_CDK2_ASSOCIATED_EVENTS_AT_S_PHASE_ENTRY,True
G1 -> S,1,cosine,REACTOME_RRNA_PROCESSING,False
G1 -> S,1,cosine,REACTOME_RNA_POLYMERASE_II_TRANSCRIPTION_TERMINATION,False
G1 -> S,1,cosine,REACTOME_RNA_POLYMERASE_II_TRANSCRIPTION,False
G1 -> S,1,cosine,REACTOME_BASE_EXCISION_REPAIR,False
G1 -> S,1,cosine,REACTOME_CHROMOSOME_MAINTENANCE,True
G1 -> S,1,cosine,REACTOME_DNA_DAMAGE_BYPASS,False
G1 -> S,1,cosine,REACTOME_DNA_REPAIR,False
G1 -> S,1,cosine,REACTOME_RESOLUTION_OF_ABASIC_SITES_AP_SITES,False
G1 -> S,1,cosine,REACTOME_TNF_SIGNALING,False
G1 -> S,1,cosine,REACTOME_PROTEIN_UBIQUITINATION,False
G1 -> S,1,cosine,REACTOME_THE_ROLE_OF_GTSE1_IN_G2_M_PROGRESSION_AFTER_G2_CHECKPOINT,True
G1 -> S,1,cosine,REACTOME_AURKA_ACTIVATION_BY_TPX2,True
G1 -> S,1,cosine,REACTOME_GOLGI_TO_ER_RETROGRADE_TRANSPORT,False
G1 -> S,1,cosine,REACTOME_E3_UBIQUITIN_LIGASES_UBIQUITINATE_TARGET_PROTEINS,False
G1 -> S,1,cosine,REACTOME_NGF_STIMULATED_TRANSCRIPTION,False
G1 -> S,1,cosine,REACTOME_PEROXISOMAL_PROTEIN_IMPORT,False
G1 -> S,1,cosine,REACTOME_PROTEIN_LOCALIZATION,False
G1 -> S,1,cosine,REACTOME_AUTOPHAGY,False
G1 -> S,1,cosine,REACTOME_AGGREPHAGY,False
G1 -> S,1,cosine,REACTOME_ABERRANT_REGULATION_OF_MITOTIC_G1_S_TRANSITION_IN_CANCER_DUE_TO_RB1_DEFECTS,True
G1 -> S,1,cosine,REACTOME_SELECTIVE_AUTOPHAGY,False
G1 -> S,1,cosine,REACTOME_DISEASES_OF_MITOTIC_CELL_CYCLE,True
G1 -> S,1,cosine,REACTOME_DISEASES_OF_DNA_REPAIR,False
G1 -> S,1,cosine,REACTOME_SIGNALING_BY_RHO_GTPASES_MIRO_GTPASES_AND_RHOBTB3,False
G1 -> S,1,cosine,REACTOME_KINESINS,False
G1 -> S,1,cosine,REACTOME_FACTORS_INVOLVED_IN_MEGAKARYOCYTE_DEVELOPMENT_AND_PLATELET_PRODUCTION,False
G1 -> S,1,radial,REACTOME_TRANSLESION_SYNTHESIS_BY_Y_FAMILY_DNA_POLYMERASES_BYPASSES_LESIONS_ON_DNA_TEMPLATE,False
G1 -> S,1,radial,REACTOME_RECOGNITION_OF_DNA_DAMAGE_BY_PCNA_CONTAINING_REPLICATION_COMPLEX,True
G1 -> S,1,radial,REACTOME_TRANSLESION_SYNTHESIS_BY_POLH,False
G1 -> S,1,radial,REACTOME_RESOLUTION_OF_AP_SITES_VIA_THE_MULTIPLE_NUCLEOTIDE_PATCH_REPLACEMENT_PATHWAY,False
G1 -> S,1,radial,REACTOME_E2F_MEDIATED_REGULATION_OF_DNA_REPLICATION,True
G1 -> S,1,radial,REACTOME_ACTIVATION_OF_BH3_ONLY_PROTEINS,False
G1 -> S,1,radial,REACTOME_ADAPTIVE_IMMUNE_SYSTEM,False
G1 -> S,1,radial,REACTOME_TRANSCRIPTION_OF_E2F_TARGETS_UNDER_NEGATIVE_CONTROL_BY_DREAM_COMPLEX,True
G1 -> S,1,radial,REACTOME_TRANSCRIPTION_OF_E2F_TARGETS_UNDER_NEGATIVE_CONTROL_BY_P107_RBL1_AND_P130_RBL2_IN_COMPLEX_WITH_HDAC1,True
G1 -> S,1,radial,REACTOME_G0_AND_EARLY_G1,True
G1 -> S,1,radial,REACTOME_POLO_LIKE_KINASE_MEDIATED_EVENTS,True
G1 -> S,1,radial,REACTOME_TELOMERE_MAINTENANCE,True
G1 -> S,1,radial,REACTOME_CELL_CYCLE,True
G1 -> S,1,radial,REACTOME_APC_C_CDC20_MEDIATED_DEGRADATION_OF_CYCLIN_B,True
G1 -> S,1,radial,REACTOME_APC_C_MEDIATED_DEGRADATION_OF_CELL_CYCLE_PROTEINS,True
G1 -> S,1,radial,REACTOME_POLYMERASE_SWITCHING_ON_THE_C_STRAND_OF_THE_TELOMERE,True
G1 -> S,1,radial,REACTOME_TELOMERE_C_STRAND_LAGGING_STRAND_SYNTHESIS,True
G1 -> S,1,radial,REACTOME_ACTIVATION_OF_ATR_IN_RESPONSE_TO_REPLICATION_STRESS,True
G1 -> S,1,radial,REACTOME_PHOSPHORYLATION_OF_EMI1,False
G1 -> S,1,radial,REACTOME_EXTENSION_OF_TELOMERES,True
G1 -> S,1,radial,REACTOME_RHO_GTPASE_EFFECTORS,False
G1 -> S,1,radial,REACTOME_SEPARATION_OF_SISTER_CHROMATIDS,True
G1 -> S,1,radial,REACTOME_RESOLUTION_OF_SISTER_CHROMATID_COHESION,True
G1 -> S,1,radial,REACTOME_MITOTIC_METAPHASE_AND_ANAPHASE,True
G1 -> S,1,radial,REACTOME_ACTIVATION_OF_NIMA_KINASES_NEK9_NEK6_NEK7,False
G1 -> S,1,radial,REACTOME_INITIATION_OF_NUCLEAR_ENVELOPE_NE_REFORMATION,False
G1 -> S,1,radial,REACTOME_TRANSCRIPTIONAL_REGULATION_BY_TP53,False
G1 -> S,1,radial,REACTOME_MITOTIC_G2_G2_M_PHASES,True
G1 -> S,1,radial,REACTOME_MITOTIC_G1_PHASE_AND_G1_S_TRANSITION,True
G1 -> S,1,radial,REACTOME_REGULATION_OF_TP53_ACTIVITY,False
G1 -> S,1,radial,REACTOME_PCNA_DEPENDENT_LONG_PATCH_BASE_EXCISION_REPAIR,False
G1 -> S,1,radial,REACTOME_TRANSLESION_SYNTHESIS_BY_POLK,False
G1 -> S,1,radial,REACTOME_TERMINATION_OF_TRANSLESION_DNA_SYNTHESIS,False
G1 -> S,1,radial,REACTOME_RHO_GTPASES_ACTIVATE_FORMINS,False
G1 -> S,1,radial,REACTOME_HDR_THROUGH_HOMOLOGOUS_RECOMBINATION_HRR,False
G1 -> S,1,radial,REACTOME_HOMOLOGY_DIRECTED_REPAIR,False
G1 -> S,1,radial,REACTOME_PROCESSING_OF_DNA_DOUBLE_STRAND_BREAK_ENDS,False
G1 -> S,1,radial,REACTOME_GAP_FILLING_DNA_REPAIR_SYNTHESIS_AND_LIGATION_IN_GG_NER,False
G1 -> S,1,radial,REACTOME_DUAL_INCISION_IN_GG_NER,False
G1 -> S,1,radial,REACTOME_TRANSCRIPTION_COUPLED_NUCLEOTIDE_EXCISION_REPAIR_TC_NER,False
G1 -> S,1,radial,REACTOME_DUAL_INCISION_IN_TC_NER,False
G1 -> S,1,radial,REACTOME_TP53_REGULATES_TRANSCRIPTION_OF_CELL_CYCLE_GENES,True
G1 -> S,1,radial,REACTOME_TP53_REGULATES_TRANSCRIPTION_OF_GENES_INVOLVED_IN_G2_CELL_CYCLE_ARREST,True
G1 -> S,1,radial,REACTOME_TP53_REGULATES_TRANSCRIPTION_OF_GENES_INVOLVED_IN_G1_CELL_CYCLE_ARREST,True
G1 -> S,1,radial,REACTOME_REGULATION_OF_TP53_ACTIVITY_THROUGH_PHOSPHORYLATION,False
G1 -> S,1,radial,REACTOME_COPI_DEPENDENT_GOLGI_TO_ER_RETROGRADE_TRAFFIC,False
G1 -> S,1,radial,REACTOME_INTRA_GOLGI_AND_RETROGRADE_GOLGI_TO_ER_TRAFFIC,False
G1 -> S,1,radial,REACTOME_MITOTIC_PROMETAPHASE,True
G1 -> S,1,radial,REACTOME_M_PHASE,True
G1 -> S,1,radial,REACTOME_ORC1_REMOVAL_FROM_CHROMATIN,True
G1 -> S,1,radial,REACTOME_ACTIVATION_OF_THE_PRE_REPLICATIVE_COMPLEX,False
G1 -> S,1,radial,REACTOME_DNA_REPLICATION_PRE_INITIATION,True
G1 -> S,1,radial,REACTOME_SWITCHING_OF_ORIGINS_TO_A_POST_REPLICATIVE_STATE,False
G1 -> S,1,radial,REACTOME_POLYMERASE_SWITCHING,False
G1 -> S,1,radial,REACTOME_LAGGING_STRAND_SYNTHESIS,True
G1 -> S,1,radial,REACTOME_DNA_STRAND_ELONGATION,False
G1 -> S,1,radial,REACTOME_G1_S_SPECIFIC_TRANSCRIPTION,True
G1 -> S,1,radial,REACTOME_SYNTHESIS_OF_DNA,False
G1 -> S,1,radial,REACTOME_S_PHASE,True
G1 -> S,1,radial,REACTOME_CYCLIN_A_B1_B2_ASSOCIATED_EVENTS_DURING_G2_M_TRANSITION,True
G1 -> S,1,radial,REACTOME_CELL_CYCLE_MITOTIC,True
G1 -> S,1,radial,REACTOME_DNA_REPLICATION,True
G1 -> S,1,radial,REACTOME_G2_M_DNA_DAMAGE_CHECKPOINT,True
G1 -> S,1,radial,REACTOME_G2_M_CHECKPOINTS,True
G1 -> S,1,radial,REACTOME_MITOTIC_SPINDLE_CHECKPOINT,True
G1 -> S,1,radial,REACTOME_CELL_CYCLE_CHECKPOINTS,True
G1 -> S,1,radial,REACTOME_BASE_EXCISION_REPAIR,False
G1 -> S,1,radial,REACTOME_CHROMOSOME_MAINTENANCE,True
G1 -> S,1,radial,REACTOME_DNA_DAMAGE_BYPASS,False
G1 -> S,1,radial,REACTOME_RESOLUTION_OF_ABASIC_SITES_AP_SITES,False
G1 -> S,1,radial,REACTOME_GOLGI_TO_ER_RETROGRADE_TRANSPORT,False
G1 -> S,1,radial,REACTOME_SIGNALING_BY_RHO_GTPASES_MIRO_GTPASES_AND_RHOBTB3,False
G1 -> S,1,radial,REACTOME_KINESINS,False
G1 -> S,1,radial,REACTOME_FACTORS_INVOLVED_IN_MEGAKARYOCYTE_DEVELOPMENT_AND_PLATELET_PRODUCTION,False
G1 -> S,1,default,REACTOME_APOPTOSIS,False
G1 -> S,1,default,REACTOME_INTRINSIC_PATHWAY_FOR_APOPTOSIS,False
G1 -> S,1,default,REACTOME_TRANSLESION_SYNTHESIS_BY_Y_FAMILY_DNA_POLYMERASES_BYPASSES_LESIONS_ON_DNA_TEMPLATE,False
G1 -> S,1,default,REACTOME_RECOGNITION_OF_DNA_DAMAGE_BY_PCNA_CONTAINING_REPLICATION_COMPLEX,True
G1 -> S,1,default,REACTOME_TRANSLESION_SYNTHESIS_BY_POLH,False
G1 -> S,1,default,REACTOME_RESOLUTION_OF_AP_SITES_VIA_THE_MULTIPLE_NUCLEOTIDE_PATCH_REPLACEMENT_PATHWAY,False
G1 -> S,1,default,REACTOME_E2F_MEDIATED_REGULATION_OF_DNA_REPLICATION,True
G1 -> S,1,default,REACTOME_ACTIVATION_OF_BH3_ONLY_PROTEINS,False
G1 -> S,1,default,REACTOME_ADAPTIVE_IMMUNE_SYSTEM,False
G1 -> S,1,default,REACTOME_TRANSCRIPTION_OF_E2F_TARGETS_UNDER_NEGATIVE_CONTROL_BY_DREAM_COMPLEX,True
G1 -> S,1,default,REACTOME_TRANSCRIPTION_OF_E2F_TARGETS_UNDER_NEGATIVE_CONTROL_BY_P107_RBL1_AND_P130_RBL2_IN_COMPLEX_WITH_HDAC1,True
G1 -> S,1,default,REACTOME_INHIBITION_OF_THE_PROTEOLYTIC_ACTIVITY_OF_APC_C_REQUIRED_FOR_THE_ONSET_OF_ANAPHASE_BY_MITOTIC_SPINDLE_CHECKPOINT_COMPONENTS,True
G1 -> S,1,default,REACTOME_G0_AND_EARLY_G1,True
G1 -> S,1,default,REACTOME_POLO_LIKE_KINASE_MEDIATED_EVENTS,True
G1 -> S,1,default,REACTOME_TELOMERE_MAINTENANCE,True
G1 -> S,1,default,REACTOME_CELL_CYCLE,True
G1 -> S,1,default,REACTOME_MYD88_INDEPENDENT_TLR4_CASCADE,False
G1 -> S,1,default,REACTOME_SIGNALING_BY_NTRKS,False
G1 -> S,1,default,REACTOME_TOLL_LIKE_RECEPTOR_TLR1_TLR2_CASCADE,False
G1 -> S,1,default,REACTOME_APC_C_CDC20_MEDIATED_DEGRADATION_OF_CYCLIN_B,True
G1 -> S,1,default,REACTOME_APC_C_MEDIATED_DEGRADATION_OF_CELL_CYCLE_PROTEINS,True
G1 -> S,1,default,REACTOME_APC_C_CDH1_MEDIATED_DEGRADATION_OF_CDC20_AND_OTHER_APC_C_CDH1_TARGETED_PROTEINS_IN_LATE_MITOSIS_EARLY_G1,True
G1 -> S,1,default,REACTOME_POLYMERASE_SWITCHING_ON_THE_C_STRAND_OF_THE_TELOMERE,True
G1 -> S,1,default,REACTOME_TELOMERE_C_STRAND_LAGGING_STRAND_SYNTHESIS,True
G1 -> S,1,default,REACTOME_ACTIVATION_OF_ATR_IN_RESPONSE_TO_REPLICATION_STRESS,True
G1 -> S,1,default,REACTOME_PHOSPHORYLATION_OF_EMI1,False
G1 -> S,1,default,REACTOME_APC_CDC20_MEDIATED_DEGRADATION_OF_NEK2A,True
G1 -> S,1,default,REACTOME_EXTENSION_OF_TELOMERES,True
G1 -> S,1,default,REACTOME_RHO_GTPASE_EFFECTORS,False
G1 -> S,1,default,REACTOME_NUCLEAR_EVENTS_KINASE_AND_TRANSCRIPTION_FACTOR_ACTIVATION,False
G1 -> S,1,default,REACTOME_MEMBRANE_TRAFFICKING,False
G1 -> S,1,default,REACTOME_MHC_CLASS_II_ANTIGEN_PRESENTATION,False
G1 -> S,1,default,REACTOME_SEPARATION_OF_SISTER_CHROMATIDS,True
G1 -> S,1,default,REACTOME_RESOLUTION_OF_SISTER_CHROMATID_COHESION,True
G1 -> S,1,default,REACTOME_CONDENSATION_OF_PROMETAPHASE_CHROMOSOMES,True
G1 -> S,1,default,REACTOME_MITOTIC_METAPHASE_AND_ANAPHASE,True
G1 -> S,1,default,REACTOME_OXIDATIVE_STRESS_INDUCED_SENESCENCE,False
G1 -> S,1,default,REACTOME_SENESCENCE_ASSOCIATED_SECRETORY_PHENOTYPE_SASP,False
G1 -> S,1,default,REACTOME_CELLULAR_SENESCENCE,False
G1 -> S,1,default,REACTOME_ONCOGENE_INDUCED_SENESCENCE,False
G1 -> S,1,default,REACTOME_REGULATION_OF_PLK1_ACTIVITY_AT_G2_M_TRANSITION,True
G1 -> S,1,default,REACTOME_NUCLEAR_ENVELOPE_BREAKDOWN,True
G1 -> S,1,default,REACTOME_ACTIVATION_OF_NIMA_KINASES_NEK9_NEK6_NEK7,False
G1 -> S,1,default,REACTOME_INITIATION_OF_NUCLEAR_ENVELOPE_NE_REFORMATION,False
G1 -> S,1,default,REACTOME_NUCLEAR_ENVELOPE_NE_REASSEMBLY,False
G1 -> S,1,default,REACTOME_NUCLEAR_PORE_COMPLEX_NPC_DISASSEMBLY,False
G1 -> S,1,default,REACTOME_HSP90_CHAPERONE_CYCLE_FOR_STEROID_HORMONE_RECEPTORS_SHR_IN_THE_PRESENCE_OF_LIGAND,False
G1 -> S,1,default,REACTOME_TRANSCRIPTIONAL_REGULATION_BY_TP53,False
G1 -> S,1,default,REACTOME_RECRUITMENT_OF_MITOTIC_CENTROSOME_PROTEINS_AND_COMPLEXES,True
G1 -> S,1,default,REACTOME_RECRUITMENT_OF_NUMA_TO_MITOTIC_CENTROSOMES,True
G1 -> S,1,default,REACTOME_RECYCLING_PATHWAY_OF_L1,True
G1 -> S,1,default,REACTOME_INTERLEUKIN_17_SIGNALING,False
G1 -> S,1,default,REACTOME_MITOTIC_G2_G2_M_PHASES,True
G1 -> S,1,default,REACTOME_MITOTIC_G1_PHASE_AND_G1_S_TRANSITION,True
G1 -> S,1,default,REACTOME_PROGRAMMED_CELL_DEATH,False
G1 -> S,1,default,REACTOME_MISMATCH_REPAIR,False
G1 -> S,1,default,REACTOME_CILIUM_ASSEMBLY,False
G1 -> S,1,default,REACTOME_ANCHORING_OF_THE_BASAL_BODY_TO_THE_PLASMA_MEMBRANE,False
G1 -> S,1,default,REACTOME_INTRAFLAGELLAR_TRANSPORT,False
G1 -> S,1,default,REACTOME_REGULATION_OF_TP53_ACTIVITY,False
G1 -> S,1,default,REACTOME_TP53_REGULATES_TRANSCRIPTION_OF_CELL_DEATH_GENES,False
G1 -> S,1,default,REACTOME_PCNA_DEPENDENT_LONG_PATCH_BASE_EXCISION_REPAIR,False
G1 -> S,1,default,REACTOME_VESICLE_MEDIATED_TRANSPORT,False
G1 -> S,1,default,REACTOME_TRANSLESION_SYNTHESIS_BY_POLK,False
G1 -> S,1,default,REACTOME_TERMINATION_OF_TRANSLESION_DNA_SYNTHESIS,False
G1 -> S,1,default,REACTOME_RHO_GTPASES_ACTIVATE_FORMINS,False
G1 -> S,1,default,REACTOME_HDR_THROUGH_SINGLE_STRAND_ANNEALING_SSA,False
G1 -> S,1,default,REACTOME_HDR_THROUGH_HOMOLOGOUS_RECOMBINATION_HRR,False
G1 -> S,1,default,REACTOME_DEUBIQUITINATION,False
G1 -> S,1,default,REACTOME_UB_SPECIFIC_PROCESSING_PROTEASES,False
G1 -> S,1,default,REACTOME_DNA_DOUBLE_STRAND_BREAK_REPAIR,False
G1 -> S,1,default,REACTOME_HOMOLOGY_DIRECTED_REPAIR,False
G1 -> S,1,default,REACTOME_HOMOLOGOUS_DNA_PAIRING_AND_STRAND_EXCHANGE,False
G1 -> S,1,default,REACTOME_DNA_DOUBLE_STRAND_BREAK_RESPONSE,False
G1 -> S,1,default,REACTOME_PROCESSING_OF_DNA_DOUBLE_STRAND_BREAK_ENDS,False
G1 -> S,1,default,REACTOME_FORMATION_OF_INCISION_COMPLEX_IN_GG_NER,False
G1 -> S,1,default,REACTOME_GAP_FILLING_DNA_REPAIR_SYNTHESIS_AND_LIGATION_IN_GG_NER,False
G1 -> S,1,default,REACTOME_NUCLEOTIDE_EXCISION_REPAIR,False
G1 -> S,1,default,REACTOME_GLOBAL_GENOME_NUCLEOTIDE_EXCISION_REPAIR_GG_NER,False
G1 -> S,1,default,REACTOME_DUAL_INCISION_IN_GG_NER,False
G1 -> S,1,default,REACTOME_DEPOSITION_OF_NEW_CENPA_CONTAINING_NUCLEOSOMES_AT_THE_CENTROMERE,False
G1 -> S,1,default,REACTOME_TRANSCRIPTION_COUPLED_NUCLEOTIDE_EXCISION_REPAIR_TC_NER,False
G1 -> S,1,default,REACTOME_DUAL_INCISION_IN_TC_NER,False
G1 -> S,1,default,REACTOME_FANCONI_ANEMIA_PATHWAY,False
G1 -> S,1,default,REACTOME_RRNA_MODIFICATION_IN_THE_NUCLEUS_AND_CYTOSOL,False
G1 -> S,1,default,REACTOME_TP53_REGULATES_TRANSCRIPTION_OF_CELL_CYCLE_GENES,True
G1 -> S,1,default,REACTOME_TP53_REGULATES_TRANSCRIPTION_OF_GENES_INVOLVED_IN_G2_CELL_CYCLE_ARREST,True
G1 -> S,1,default,REACTOME_TP53_REGULATES_TRANSCRIPTION_OF_GENES_INVOLVED_IN_G1_CELL_CYCLE_ARREST,True
G1 -> S,1,default,REACTOME_REGULATION_OF_TP53_ACTIVITY_THROUGH_PHOSPHORYLATION,False
G1 -> S,1,default,REACTOME_COPI_DEPENDENT_GOLGI_TO_ER_RETROGRADE_TRAFFIC,False
G1 -> S,1,default,REACTOME_COPI_INDEPENDENT_GOLGI_TO_ER_RETROGRADE_TRAFFIC,False
G1 -> S,1,default,REACTOME_INTRA_GOLGI_AND_RETROGRADE_GOLGI_TO_ER_TRAFFIC,False
G1 -> S,1,default,REACTOME_MITOTIC_PROPHASE,True
G1 -> S,1,default,REACTOME_MITOTIC_PROMETAPHASE,True
G1 -> S,1,default,REACTOME_MITOTIC_TELOPHASE_CYTOKINESIS,True
G1 -> S,1,default,REACTOME_M_PHASE,True
G1 -> S,1,default,REACTOME_ORC1_REMOVAL_FROM_CHROMATIN,True
G1 -> S,1,default,REACTOME_ACTIVATION_OF_THE_PRE_REPLICATIVE_COMPLEX,False
G1 -> S,1,default,REACTOME_DNA_REPLICATION_PRE_INITIATION,True
G1 -> S,1,default,REACTOME_SWITCHING_OF_ORIGINS_TO_A_POST_REPLICATIVE_STATE,False
G1 -> S,1,default,REACTOME_POLYMERASE_SWITCHING,False
G1 -> S,1,default,REACTOME_LAGGING_STRAND_SYNTHESIS,True
G1 -> S,1,default,REACTOME_DNA_STRAND_ELONGATION,False
G1 -> S,1,default,REACTOME_G1_S_SPECIFIC_TRANSCRIPTION,True
G1 -> S,1,default,REACTOME_CYCLIN_D_ASSOCIATED_EVENTS_IN_G1,True
G1 -> S,1,default,REACTOME_SYNTHESIS_OF_DNA,False
G1 -> S,1,default,REACTOME_S_PHASE,True
G1 -> S,1,default,REACTOME_CYCLIN_A_B1_B2_ASSOCIATED_EVENTS_DURING_G2_M_TRANSITION,True
G1 -> S,1,default,REACTOME_CELL_CYCLE_MITOTIC,True
G1 -> S,1,default,REACTOME_DNA_REPLICATION,True
G1 -> S,1,default,REACTOME_G2_M_DNA_DAMAGE_CHECKPOINT,True
G1 -> S,1,default,REACTOME_G2_M_CHECKPOINTS,True
G1 -> S,1,default,REACTOME_MITOTIC_SPINDLE_CHECKPOINT,True
G1 -> S,1,default,REACTOME_CELL_CYCLE_CHECKPOINTS,True
G1 -> S,1,default,REACTOME_CYCLIN_A_CDK2_ASSOCIATED_EVENTS_AT_S_PHASE_ENTRY,True
G1 -> S,1,default,REACTOME_RRNA_PROCESSING,False
G1 -> S,1,default,REACTOME_RNA_POLYMERASE_II_TRANSCRIPTION_TERMINATION,False
G1 -> S,1,default,REACTOME_RNA_POLYMERASE_II_TRANSCRIPTION,False
G1 -> S,1,default,REACTOME_BASE_EXCISION_REPAIR,False
G1 -> S,1,default,REACTOME_CHROMOSOME_MAINTENANCE,True
G1 -> S,1,default,REACTOME_DNA_DAMAGE_BYPASS,False
G1 -> S,1,default,REACTOME_DNA_REPAIR,False
G1 -> S,1,default,REACTOME_RESOLUTION_OF_ABASIC_SITES_AP_SITES,False
G1 -> S,1,default,REACTOME_TNF_SIGNALING,False
G1 -> S,1,default,REACTOME_PROTEIN_UBIQUITINATION,False
G1 -> S,1,default,REACTOME_THE_ROLE_OF_GTSE1_IN_G2_M_PROGRESSION_AFTER_G2_CHECKPOINT,True
G1 -> S,1,default,REACTOME_AURKA_ACTIVATION_BY_TPX2,True
G1 -> S,1,default,REACTOME_GOLGI_TO_ER_RETROGRADE_TRANSPORT,False
G1 -> S,1,default,REACTOME_E3_UBIQUITIN_LIGASES_UBIQUITINATE_TARGET_PROTEINS,False
G1 -> S,1,default,REACTOME_NGF_STIMULATED_TRANSCRIPTION,False
G1 -> S,1,default,REACTOME_PEROXISOMAL_PROTEIN_IMPORT,False
G1 -> S,1,default,REACTOME_PROTEIN_LOCALIZATION,False
G1 -> S,1,default,REACTOME_AUTOPHAGY,False
G1 -> S,1,default,REACTOME_AGGREPHAGY,False
G1 -> S,1,default,REACTOME_SELECTIVE_AUTOPHAGY,False
G1 -> S,1,default,REACTOME_DISEASES_OF_MITOTIC_CELL_CYCLE,True
G1 -> S,1,default,REACTOME_SIGNALING_BY_RHO_GTPASES_MIRO_GTPASES_AND_RHOBTB3,False
G1 -> S,1,default,REACTOME_KINESINS,False
G1 -> S,1,default,REACTOME_FACTORS_INVOLVED_IN_MEGAKARYOCYTE_DEVELOPMENT_AND_PLATELET_PRODUCTION,False
G1 -> S,1,"mean(euclidean, cosine)",REACTOME_APOPTOSIS,False
G1 -> S,1,"mean(euclidean, cosine)",REACTOME_INTRINSIC_PATHWAY_FOR_APOPTOSIS,False
G1 -> S,1,"mean(euclidean, cosine)",REACTOME_TRANSLESION_SYNTHESIS_BY_Y_FAMILY_DNA_POLYMERASES_BYPASSES_LESIONS_ON_DNA_TEMPLATE,False
G1 -> S,1,"mean(euclidean, cosine)",REACTOME_RECOGNITION_OF_DNA_DAMAGE_BY_PCNA_CONTAINING_REPLICATION_COMPLEX,True
G1 -> S,1,"mean(euclidean, cosine)",REACTOME_TRANSLESION_SYNTHESIS_BY_POLH,False
G1 -> S,1,"mean(euclidean, cosine)",REACTOME_RESOLUTION_OF_AP_SITES_VIA_THE_MULTIPLE_NUCLEOTIDE_PATCH_REPLACEMENT_PATHWAY,False
G1 -> S,1,"mean(euclidean, cosine)",REACTOME_E2F_MEDIATED_REGULATION_OF_DNA_REPLICATION,True
G1 -> S,1,"mean(euclidean, cosine)",REACTOME_ACTIVATION_OF_BH3_ONLY_PROTEINS,False
G1 -> S,1,"mean(euclidean, cosine)",REACTOME_ADAPTIVE_IMMUNE_SYSTEM,False
G1 -> S,1,"mean(euclidean, cosine)",REACTOME_TRANSCRIPTION_OF_E2F_TARGETS_UNDER_NEGATIVE_CONTROL_BY_DREAM_COMPLEX,True
G1 -> S,1,"mean(euclidean, cosine)",REACTOME_TRANSCRIPTION_OF_E2F_TARGETS_UNDER_NEGATIVE_CONTROL_BY_P107_RBL1_AND_P130_RBL2_IN_COMPLEX_WITH_HDAC1,True
G1 -> S,1,"mean(euclidean, cosine)",REACTOME_INHIBITION_OF_THE_PROTEOLYTIC_ACTIVITY_OF_APC_C_REQUIRED_FOR_THE_ONSET_OF_ANAPHASE_BY_MITOTIC_SPINDLE_CHECKPOINT_COMPONENTS,True
G1 -> S,1,"mean(euclidean, cosine)",REACTOME_G0_AND_EARLY_G1,True
G1 -> S,1,"mean(euclidean, cosine)",REACTOME_POLO_LIKE_KINASE_MEDIATED_EVENTS,True
G1 -> S,1,"mean(euclidean, cosine)",REACTOME_TELOMERE_MAINTENANCE,True
G1 -> S,1,"mean(euclidean, cosine)",REACTOME_CELL_CYCLE,True
G1 -> S,1,"mean(euclidean, cosine)",REACTOME_MYD88_INDEPENDENT_TLR4_CASCADE,False
G1 -> S,1,"mean(euclidean, cosine)",REACTOME_SIGNALING_BY_NTRKS,False
G1 -> S,1,"mean(euclidean, cosine)",REACTOME_TOLL_LIKE_RECEPTOR_9_TLR9_CASCADE,False
G1 -> S,1,"mean(euclidean, cosine)",REACTOME_TOLL_LIKE_RECEPTOR_TLR1_TLR2_CASCADE,False
G1 -> S,1,"mean(euclidean, cosine)",REACTOME_TOLL_LIKE_RECEPTOR_CASCADES,False
G1 -> S,1,"mean(euclidean, cosine)",REACTOME_APC_C_CDC20_MEDIATED_DEGRADATION_OF_CYCLIN_B,True
G1 -> S,1,"mean(euclidean, cosine)",REACTOME_APC_C_MEDIATED_DEGRADATION_OF_CELL_CYCLE_PROTEINS,True
G1 -> S,1,"mean(euclidean, cosine)",REACTOME_APC_C_CDH1_MEDIATED_DEGRADATION_OF_CDC20_AND_OTHER_APC_C_CDH1_TARGETED_PROTEINS_IN_LATE_MITOSIS_EARLY_G1,True
G1 -> S,1,"mean(euclidean, cosine)",REACTOME_POLYMERASE_SWITCHING_ON_THE_C_STRAND_OF_THE_TELOMERE,True
G1 -> S,1,"mean(euclidean, cosine)",REACTOME_TELOMERE_C_STRAND_LAGGING_STRAND_SYNTHESIS,True
G1 -> S,1,"mean(euclidean, cosine)",REACTOME_ACTIVATION_OF_ATR_IN_RESPONSE_TO_REPLICATION_STRESS,True
G1 -> S,1,"mean(euclidean, cosine)",REACTOME_PHOSPHORYLATION_OF_EMI1,False
G1 -> S,1,"mean(euclidean, cosine)",REACTOME_APC_CDC20_MEDIATED_DEGRADATION_OF_NEK2A,True
G1 -> S,1,"mean(euclidean, cosine)",REACTOME_EXTENSION_OF_TELOMERES,True
G1 -> S,1,"mean(euclidean, cosine)",REACTOME_RHO_GTPASE_EFFECTORS,False
G1 -> S,1,"mean(euclidean, cosine)",REACTOME_NUCLEAR_EVENTS_KINASE_AND_TRANSCRIPTION_FACTOR_ACTIVATION,False
G1 -> S,1,"mean(euclidean, cosine)",REACTOME_MEMBRANE_TRAFFICKING,False
G1 -> S,1,"mean(euclidean, cosine)",REACTOME_MHC_CLASS_II_ANTIGEN_PRESENTATION,False
G1 -> S,1,"mean(euclidean, cosine)",REACTOME_SEPARATION_OF_SISTER_CHROMATIDS,True
G1 -> S,1,"mean(euclidean, cosine)",REACTOME_RESOLUTION_OF_SISTER_CHROMATID_COHESION,True
G1 -> S,1,"mean(euclidean, cosine)",REACTOME_CONDENSATION_OF_PROMETAPHASE_CHROMOSOMES,True
G1 -> S,1,"mean(euclidean, cosine)",REACTOME_MITOTIC_METAPHASE_AND_ANAPHASE,True
G1 -> S,1,"mean(euclidean, cosine)",REACTOME_OXIDATIVE_STRESS_INDUCED_SENESCENCE,False
G1 -> S,1,"mean(euclidean, cosine)",REACTOME_SENESCENCE_ASSOCIATED_SECRETORY_PHENOTYPE_SASP,False
G1 -> S,1,"mean(euclidean, cosine)",REACTOME_CELLULAR_SENESCENCE,False
G1 -> S,1,"mean(euclidean, cosine)",REACTOME_ONCOGENE_INDUCED_SENESCENCE,False
G1 -> S,1,"mean(euclidean, cosine)",REACTOME_REGULATION_OF_PLK1_ACTIVITY_AT_G2_M_TRANSITION,True
G1 -> S,1,"mean(euclidean, cosine)",REACTOME_NUCLEAR_ENVELOPE_BREAKDOWN,True
G1 -> S,1,"mean(euclidean, cosine)",REACTOME_ACTIVATION_OF_NIMA_KINASES_NEK9_NEK6_NEK7,False
G1 -> S,1,"mean(euclidean, cosine)",REACTOME_INITIATION_OF_NUCLEAR_ENVELOPE_NE_REFORMATION,False
G1 -> S,1,"mean(euclidean, cosine)",REACTOME_NUCLEAR_ENVELOPE_NE_REASSEMBLY,False
G1 -> S,1,"mean(euclidean, cosine)",REACTOME_NUCLEAR_PORE_COMPLEX_NPC_DISASSEMBLY,False
G1 -> S,1,"mean(euclidean, cosine)",REACTOME_HSP90_CHAPERONE_CYCLE_FOR_STEROID_HORMONE_RECEPTORS_SHR_IN_THE_PRESENCE_OF_LIGAND,False
G1 -> S,1,"mean(euclidean, cosine)",REACTOME_TRANSCRIPTIONAL_REGULATION_BY_TP53,False
G1 -> S,1,"mean(euclidean, cosine)",REACTOME_RECRUITMENT_OF_MITOTIC_CENTROSOME_PROTEINS_AND_COMPLEXES,True
G1 -> S,1,"mean(euclidean, cosine)",REACTOME_RECRUITMENT_OF_NUMA_TO_MITOTIC_CENTROSOMES,True
G1 -> S,1,"mean(euclidean, cosine)",REACTOME_RECYCLING_PATHWAY_OF_L1,True
G1 -> S,1,"mean(euclidean, cosine)",REACTOME_INTERLEUKIN_17_SIGNALING,False
G1 -> S,1,"mean(euclidean, cosine)",REACTOME_MITOTIC_G2_G2_M_PHASES,True
G1 -> S,1,"mean(euclidean, cosine)",REACTOME_MITOTIC_G1_PHASE_AND_G1_S_TRANSITION,True
G1 -> S,1,"mean(euclidean, cosine)",REACTOME_PROGRAMMED_CELL_DEATH,False
G1 -> S,1,"mean(euclidean, cosine)",REACTOME_TNFR1_INDUCED_NFKAPPAB_SIGNALING_PATHWAY,False
G1 -> S,1,"mean(euclidean, cosine)",REACTOME_MISMATCH_REPAIR,False
G1 -> S,1,"mean(euclidean, cosine)",REACTOME_CILIUM_ASSEMBLY,False
G1 -> S,1,"mean(euclidean, cosine)",REACTOME_ANCHORING_OF_THE_BASAL_BODY_TO_THE_PLASMA_MEMBRANE,False
G1 -> S,1,"mean(euclidean, cosine)",REACTOME_REGULATION_OF_TP53_ACTIVITY,False
G1 -> S,1,"mean(euclidean, cosine)",REACTOME_TP53_REGULATES_TRANSCRIPTION_OF_CELL_DEATH_GENES,False
G1 -> S,1,"mean(euclidean, cosine)",REACTOME_PCNA_DEPENDENT_LONG_PATCH_BASE_EXCISION_REPAIR,False
G1 -> S,1,"mean(euclidean, cosine)",REACTOME_VESICLE_MEDIATED_TRANSPORT,False
G1 -> S,1,"mean(euclidean, cosine)",REACTOME_TRANSLESION_SYNTHESIS_BY_POLK,False
G1 -> S,1,"mean(euclidean, cosine)",REACTOME_TERMINATION_OF_TRANSLESION_DNA_SYNTHESIS,False
G1 -> S,1,"mean(euclidean, cosine)",REACTOME_RHO_GTPASES_ACTIVATE_FORMINS,False
G1 -> S,1,"mean(euclidean, cosine)",REACTOME_HDR_THROUGH_SINGLE_STRAND_ANNEALING_SSA,False
G1 -> S,1,"mean(euclidean, cosine)",REACTOME_HDR_THROUGH_HOMOLOGOUS_RECOMBINATION_HRR,False
G1 -> S,1,"mean(euclidean, cosine)",REACTOME_DEUBIQUITINATION,False
G1 -> S,1,"mean(euclidean, cosine)",REACTOME_UB_SPECIFIC_PROCESSING_PROTEASES,False
G1 -> S,1,"mean(euclidean, cosine)",REACTOME_DNA_DOUBLE_STRAND_BREAK_REPAIR,False
G1 -> S,1,"mean(euclidean, cosine)",REACTOME_HOMOLOGY_DIRECTED_REPAIR,False
G1 -> S,1,"mean(euclidean, cosine)",REACTOME_HOMOLOGOUS_DNA_PAIRING_AND_STRAND_EXCHANGE,False
G1 -> S,1,"mean(euclidean, cosine)",REACTOME_DNA_DOUBLE_STRAND_BREAK_RESPONSE,False
G1 -> S,1,"mean(euclidean, cosine)",REACTOME_PROCESSING_OF_DNA_DOUBLE_STRAND_BREAK_ENDS,False
G1 -> S,1,"mean(euclidean, cosine)",REACTOME_FORMATION_OF_INCISION_COMPLEX_IN_GG_NER,False
G1 -> S,1,"mean(euclidean, cosine)",REACTOME_GAP_FILLING_DNA_REPAIR_SYNTHESIS_AND_LIGATION_IN_GG_NER,False
G1 -> S,1,"mean(euclidean, cosine)",REACTOME_NUCLEOTIDE_EXCISION_REPAIR,False
G1 -> S,1,"mean(euclidean, cosine)",REACTOME_GLOBAL_GENOME_NUCLEOTIDE_EXCISION_REPAIR_GG_NER,False
G1 -> S,1,"mean(euclidean, cosine)",REACTOME_DUAL_INCISION_IN_GG_NER,False
G1 -> S,1,"mean(euclidean, cosine)",REACTOME_DEPOSITION_OF_NEW_CENPA_CONTAINING_NUCLEOSOMES_AT_THE_CENTROMERE,False
G1 -> S,1,"mean(euclidean, cosine)",REACTOME_TRANSCRIPTION_COUPLED_NUCLEOTIDE_EXCISION_REPAIR_TC_NER,False
G1 -> S,1,"mean(euclidean, cosine)",REACTOME_DUAL_INCISION_IN_TC_NER,False
G1 -> S,1,"mean(euclidean, cosine)",REACTOME_FANCONI_ANEMIA_PATHWAY,False
G1 -> S,1,"mean(euclidean, cosine)",REACTOME_RRNA_MODIFICATION_IN_THE_NUCLEUS_AND_CYTOSOL,False
G1 -> S,1,"mean(euclidean, cosine)",REACTOME_TP53_REGULATES_TRANSCRIPTION_OF_CELL_CYCLE_GENES,True
G1 -> S,1,"mean(euclidean, cosine)",REACTOME_TP53_REGULATES_TRANSCRIPTION_OF_GENES_INVOLVED_IN_G2_CELL_CYCLE_ARREST,True
G1 -> S,1,"mean(euclidean, cosine)",REACTOME_TP53_REGULATES_TRANSCRIPTION_OF_GENES_INVOLVED_IN_G1_CELL_CYCLE_ARREST,True
G1 -> S,1,"mean(euclidean, cosine)",REACTOME_REGULATION_OF_TP53_ACTIVITY_THROUGH_PHOSPHORYLATION,False
G1 -> S,1,"mean(euclidean, cosine)",REACTOME_COPI_DEPENDENT_GOLGI_TO_ER_RETROGRADE_TRAFFIC,False
G1 -> S,1,"mean(euclidean, cosine)",REACTOME_COPI_INDEPENDENT_GOLGI_TO_ER_RETROGRADE_TRAFFIC,False
G1 -> S,1,"mean(euclidean, cosine)",REACTOME_INTRA_GOLGI_AND_RETROGRADE_GOLGI_TO_ER_TRAFFIC,False
G1 -> S,1,"mean(euclidean, cosine)",REACTOME_MITOTIC_PROPHASE,True
G1 -> S,1,"mean(euclidean, cosine)",REACTOME_MITOTIC_PROMETAPHASE,True
G1 -> S,1,"mean(euclidean, cosine)",REACTOME_MITOTIC_TELOPHASE_CYTOKINESIS,True
G1 -> S,1,"mean(euclidean, cosine)",REACTOME_M_PHASE,True
G1 -> S,1,"mean(euclidean, cosine)",REACTOME_ORC1_REMOVAL_FROM_CHROMATIN,True
G1 -> S,1,"mean(euclidean, cosine)",REACTOME_ACTIVATION_OF_THE_PRE_REPLICATIVE_COMPLEX,False
G1 -> S,1,"mean(euclidean, cosine)",REACTOME_DNA_REPLICATION_PRE_INITIATION,True
G1 -> S,1,"mean(euclidean, cosine)",REACTOME_SWITCHING_OF_ORIGINS_TO_A_POST_REPLICATIVE_STATE,False
G1 -> S,1,"mean(euclidean, cosine)",REACTOME_POLYMERASE_SWITCHING,False
G1 -> S,1,"mean(euclidean, cosine)",REACTOME_LAGGING_STRAND_SYNTHESIS,True
G1 -> S,1,"mean(euclidean, cosine)",REACTOME_DNA_STRAND_ELONGATION,False
G1 -> S,1,"mean(euclidean, cosine)",REACTOME_G1_S_SPECIFIC_TRANSCRIPTION,True
G1 -> S,1,"mean(euclidean, cosine)",REACTOME_CYCLIN_D_ASSOCIATED_EVENTS_IN_G1,True
G1 -> S,1,"mean(euclidean, cosine)",REACTOME_SYNTHESIS_OF_DNA,False
G1 -> S,1,"mean(euclidean, cosine)",REACTOME_S_PHASE,True
G1 -> S,1,"mean(euclidean, cosine)",REACTOME_CYCLIN_A_B1_B2_ASSOCIATED_EVENTS_DURING_G2_M_TRANSITION,True
G1 -> S,1,"mean(euclidean, cosine)",REACTOME_CELL_CYCLE_MITOTIC,True
G1 -> S,1,"mean(euclidean, cosine)",REACTOME_DNA_REPLICATION,True
G1 -> S,1,"mean(euclidean, cosine)",REACTOME_G2_M_DNA_DAMAGE_CHECKPOINT,True
G1 -> S,1,"mean(euclidean, cosine)",REACTOME_G2_M_CHECKPOINTS,True
G1 -> S,1,"mean(euclidean, cosine)",REACTOME_MITOTIC_SPINDLE_CHECKPOINT,True
G1 -> S,1,"mean(euclidean, cosine)",REACTOME_CELL_CYCLE_CHECKPOINTS,True
G1 -> S,1,"mean(euclidean, cosine)",REACTOME_CYCLIN_A_CDK2_ASSOCIATED_EVENTS_AT_S_PHASE_ENTRY,True
G1 -> S,1,"mean(euclidean, cosine)",REACTOME_RRNA_PROCESSING,False
G1 -> S,1,"mean(euclidean, cosine)",REACTOME_RNA_POLYMERASE_II_TRANSCRIPTION_TERMINATION,False
G1 -> S,1,"mean(euclidean, cosine)",REACTOME_RNA_POLYMERASE_II_TRANSCRIPTION,False
G1 -> S,1,"mean(euclidean, cosine)",REACTOME_BASE_EXCISION_REPAIR,False
G1 -> S,1,"mean(euclidean, cosine)",REACTOME_CHROMOSOME_MAINTENANCE,True
G1 -> S,1,"mean(euclidean, cosine)",REACTOME_DNA_DAMAGE_BYPASS,False
G1 -> S,1,"mean(euclidean, cosine)",REACTOME_DNA_REPAIR,False
G1 -> S,1,"mean(euclidean, cosine)",REACTOME_RESOLUTION_OF_ABASIC_SITES_AP_SITES,False
G1 -> S,1,"mean(euclidean, cosine)",REACTOME_TNF_SIGNALING,False
G1 -> S,1,"mean(euclidean, cosine)",REACTOME_PROTEIN_UBIQUITINATION,False
G1 -> S,1,"mean(euclidean, cosine)",REACTOME_THE_ROLE_OF_GTSE1_IN_G2_M_PROGRESSION_AFTER_G2_CHECKPOINT,True
G1 -> S,1,"mean(euclidean, cosine)",REACTOME_AURKA_ACTIVATION_BY_TPX2,True
G1 -> S,1,"mean(euclidean, cosine)",REACTOME_GOLGI_TO_ER_RETROGRADE_TRANSPORT,False
G1 -> S,1,"mean(euclidean, cosine)",REACTOME_E3_UBIQUITIN_LIGASES_UBIQUITINATE_TARGET_PROTEINS,False
G1 -> S,1,"mean(euclidean, cosine)",REACTOME_NGF_STIMULATED_TRANSCRIPTION,False
G1 -> S,1,"mean(euclidean, cosine)",REACTOME_PEROXISOMAL_PROTEIN_IMPORT,False
G1 -> S,1,"mean(euclidean, cosine)",REACTOME_PROTEIN_LOCALIZATION,False
G1 -> S,1,"mean(euclidean, cosine)",REACTOME_AUTOPHAGY,False
G1 -> S,1,"mean(euclidean, cosine)",REACTOME_AGGREPHAGY,False
G1 -> S,1,"mean(euclidean, cosine)",REACTOME_ABERRANT_REGULATION_OF_MITOTIC_G1_S_TRANSITION_IN_CANCER_DUE_TO_RB1_DEFECTS,True
G1 -> S,1,"mean(euclidean, cosine)",REACTOME_SELECTIVE_AUTOPHAGY,False
G1 -> S,1,"mean(euclidean, cosine)",REACTOME_DISEASES_OF_MITOTIC_CELL_CYCLE,True
G1 -> S,1,"mean(euclidean, cosine)",REACTOME_DISEASES_OF_DNA_REPAIR,False
G1 -> S,1,"mean(euclidean, cosine)",REACTOME_SIGNALING_BY_RHO_GTPASES_MIRO_GTPASES_AND_RHOBTB3,False
G1 -> S,1,"mean(euclidean, cosine)",REACTOME_KINESINS,False
G1 -> S,1,"mean(euclidean, cosine)",REACTOME_FACTORS_INVOLVED_IN_MEGAKARYOCYTE_DEVELOPMENT_AND_PLATELET_PRODUCTION,False
G1 -> S,1,"max(euclidean, cosine)",REACTOME_APOPTOSIS,False
G1 -> S,1,"max(euclidean, cosine)",REACTOME_INTRINSIC_PATHWAY_FOR_APOPTOSIS,False
G1 -> S,1,"max(euclidean, cosine)",REACTOME_TRANSLESION_SYNTHESIS_BY_Y_FAMILY_DNA_POLYMERASES_BYPASSES_LESIONS_ON_DNA_TEMPLATE,False
G1 -> S,1,"max(euclidean, cosine)",REACTOME_RECOGNITION_OF_DNA_DAMAGE_BY_PCNA_CONTAINING_REPLICATION_COMPLEX,True
G1 -> S,1,"max(euclidean, cosine)",REACTOME_TRANSLESION_SYNTHESIS_BY_POLH,False
G1 -> S,1,"max(euclidean, cosine)",REACTOME_RESOLUTION_OF_AP_SITES_VIA_THE_MULTIPLE_NUCLEOTIDE_PATCH_REPLACEMENT_PATHWAY,False
G1 -> S,1,"max(euclidean, cosine)",REACTOME_E2F_MEDIATED_REGULATION_OF_DNA_REPLICATION,True
G1 -> S,1,"max(euclidean, cosine)",REACTOME_ACTIVATION_OF_BH3_ONLY_PROTEINS,False
G1 -> S,1,"max(euclidean, cosine)",REACTOME_ADAPTIVE_IMMUNE_SYSTEM,False
G1 -> S,1,"max(euclidean, cosine)",REACTOME_TRANSCRIPTION_OF_E2F_TARGETS_UNDER_NEGATIVE_CONTROL_BY_DREAM_COMPLEX,True
G1 -> S,1,"max(euclidean, cosine)",REACTOME_TRANSCRIPTION_OF_E2F_TARGETS_UNDER_NEGATIVE_CONTROL_BY_P107_RBL1_AND_P130_RBL2_IN_COMPLEX_WITH_HDAC1,True
G1 -> S,1,"max(euclidean, cosine)",REACTOME_INHIBITION_OF_THE_PROTEOLYTIC_ACTIVITY_OF_APC_C_REQUIRED_FOR_THE_ONSET_OF_ANAPHASE_BY_MITOTIC_SPINDLE_CHECKPOINT_COMPONENTS,True
G1 -> S,1,"max(euclidean, cosine)",REACTOME_G0_AND_EARLY_G1,True
G1 -> S,1,"max(euclidean, cosine)",REACTOME_POLO_LIKE_KINASE_MEDIATED_EVENTS,True
G1 -> S,1,"max(euclidean, cosine)",REACTOME_TELOMERE_MAINTENANCE,True
G1 -> S,1,"max(euclidean, cosine)",REACTOME_CELL_CYCLE,True
G1 -> S,1,"max(euclidean, cosine)",REACTOME_MYD88_INDEPENDENT_TLR4_CASCADE,False
G1 -> S,1,"max(euclidean, cosine)",REACTOME_SIGNALING_BY_NTRKS,False
G1 -> S,1,"max(euclidean, cosine)",REACTOME_TOLL_LIKE_RECEPTOR_TLR1_TLR2_CASCADE,False
G1 -> S,1,"max(euclidean, cosine)",REACTOME_APC_C_CDC20_MEDIATED_DEGRADATION_OF_CYCLIN_B,True
G1 -> S,1,"max(euclidean, cosine)",REACTOME_APC_C_MEDIATED_DEGRADATION_OF_CELL_CYCLE_PROTEINS,True
G1 -> S,1,"max(euclidean, cosine)",REACTOME_APC_C_CDH1_MEDIATED_DEGRADATION_OF_CDC20_AND_OTHER_APC_C_CDH1_TARGETED_PROTEINS_IN_LATE_MITOSIS_EARLY_G1,True
G1 -> S,1,"max(euclidean, cosine)",REACTOME_POLYMERASE_SWITCHING_ON_THE_C_STRAND_OF_THE_TELOMERE,True
G1 -> S,1,"max(euclidean, cosine)",REACTOME_TELOMERE_C_STRAND_LAGGING_STRAND_SYNTHESIS,True
G1 -> S,1,"max(euclidean, cosine)",REACTOME_ACTIVATION_OF_ATR_IN_RESPONSE_TO_REPLICATION_STRESS,True
G1 -> S,1,"max(euclidean, cosine)",REACTOME_PHOSPHORYLATION_OF_EMI1,False
G1 -> S,1,"max(euclidean, cosine)",REACTOME_APC_CDC20_MEDIATED_DEGRADATION_OF_NEK2A,True
G1 -> S,1,"max(euclidean, cosine)",REACTOME_EXTENSION_OF_TELOMERES,True
G1 -> S,1,"max(euclidean, cosine)",REACTOME_RHO_GTPASE_EFFECTORS,False
G1 -> S,1,"max(euclidean, cosine)",REACTOME_NUCLEAR_EVENTS_KINASE_AND_TRANSCRIPTION_FACTOR_ACTIVATION,False
G1 -> S,1,"max(euclidean, cosine)",REACTOME_MEMBRANE_TRAFFICKING,False
G1 -> S,1,"max(euclidean, cosine)",REACTOME_MHC_CLASS_II_ANTIGEN_PRESENTATION,False
G1 -> S,1,"max(euclidean, cosine)",REACTOME_SEPARATION_OF_SISTER_CHROMATIDS,True
G1 -> S,1,"max(euclidean, cosine)",REACTOME_RESOLUTION_OF_SISTER_CHROMATID_COHESION,True
G1 -> S,1,"max(euclidean, cosine)",REACTOME_CONDENSATION_OF_PROMETAPHASE_CHROMOSOMES,True
G1 -> S,1,"max(euclidean, cosine)",REACTOME_MITOTIC_METAPHASE_AND_ANAPHASE,True
G1 -> S,1,"max(euclidean, cosine)",REACTOME_OXIDATIVE_STRESS_INDUCED_SENESCENCE,False
G1 -> S,1,"max(euclidean, cosine)",REACTOME_CELLULAR_SENESCENCE,False
G1 -> S,1,"max(euclidean, cosine)",REACTOME_ONCOGENE_INDUCED_SENESCENCE,False
G1 -> S,1,"max(euclidean, cosine)",REACTOME_REGULATION_OF_PLK1_ACTIVITY_AT_G2_M_TRANSITION,True
G1 -> S,1,"max(euclidean, cosine)",REACTOME_ACTIVATION_OF_NIMA_KINASES_NEK9_NEK6_NEK7,False
G1 -> S,1,"max(euclidean, cosine)",REACTOME_INITIATION_OF_NUCLEAR_ENVELOPE_NE_REFORMATION,False
G1 -> S,1,"max(euclidean, cosine)",REACTOME_NUCLEAR_ENVELOPE_NE_REASSEMBLY,False
G1 -> S,1,"max(euclidean, cosine)",REACTOME_HSP90_CHAPERONE_CYCLE_FOR_STEROID_HORMONE_RECEPTORS_SHR_IN_THE_PRESENCE_OF_LIGAND,False
G1 -> S,1,"max(euclidean, cosine)",REACTOME_TRANSCRIPTIONAL_REGULATION_BY_TP53,False
G1 -> S,1,"max(euclidean, cosine)",REACTOME_RECRUITMENT_OF_MITOTIC_CENTROSOME_PROTEINS_AND_COMPLEXES,True
G1 -> S,1,"max(euclidean, cosine)",REACTOME_RECRUITMENT_OF_NUMA_TO_MITOTIC_CENTROSOMES,True
G1 -> S,1,"max(euclidean, cosine)",REACTOME_RECYCLING_PATHWAY_OF_L1,True
G1 -> S,1,"max(euclidean, cosine)",REACTOME_INTERLEUKIN_17_SIGNALING,False
G1 -> S,1,"max(euclidean, cosine)",REACTOME_MITOTIC_G2_G2_M_PHASES,True
G1 -> S,1,"max(euclidean, cosine)",REACTOME_MITOTIC_G1_PHASE_AND_G1_S_TRANSITION,True
G1 -> S,1,"max(euclidean, cosine)",REACTOME_MISMATCH_REPAIR,False
G1 -> S,1,"max(euclidean, cosine)",REACTOME_ANCHORING_OF_THE_BASAL_BODY_TO_THE_PLASMA_MEMBRANE,False
G1 -> S,1,"max(euclidean, cosine)",REACTOME_TP53_REGULATES_TRANSCRIPTION_OF_CELL_DEATH_GENES,False
G1 -> S,1,"max(euclidean, cosine)",REACTOME_PCNA_DEPENDENT_LONG_PATCH_BASE_EXCISION_REPAIR,False
G1 -> S,1,"max(euclidean, cosine)",REACTOME_VESICLE_MEDIATED_TRANSPORT,False
G1 -> S,1,"max(euclidean, cosine)",REACTOME_TRANSLESION_SYNTHESIS_BY_POLK,False
G1 -> S,1,"max(euclidean, cosine)",REACTOME_TERMINATION_OF_TRANSLESION_DNA_SYNTHESIS,False
G1 -> S,1,"max(euclidean, cosine)",REACTOME_RHO_GTPASES_ACTIVATE_FORMINS,False
G1 -> S,1,"max(euclidean, cosine)",REACTOME_HDR_THROUGH_SINGLE_STRAND_ANNEALING_SSA,False
G1 -> S,1,"max(euclidean, cosine)",REACTOME_HDR_THROUGH_HOMOLOGOUS_RECOMBINATION_HRR,False
G1 -> S,1,"max(euclidean, cosine)",REACTOME_DNA_DOUBLE_STRAND_BREAK_REPAIR,False
G1 -> S,1,"max(euclidean, cosine)",REACTOME_HOMOLOGY_DIRECTED_REPAIR,False
G1 -> S,1,"max(euclidean, cosine)",REACTOME_HOMOLOGOUS_DNA_PAIRING_AND_STRAND_EXCHANGE,False
G1 -> S,1,"max(euclidean, cosine)",REACTOME_PROCESSING_OF_DNA_DOUBLE_STRAND_BREAK_ENDS,False
G1 -> S,1,"max(euclidean, cosine)",REACTOME_FORMATION_OF_INCISION_COMPLEX_IN_GG_NER,False
G1 -> S,1,"max(euclidean, cosine)",REACTOME_GAP_FILLING_DNA_REPAIR_SYNTHESIS_AND_LIGATION_IN_GG_NER,False
G1 -> S,1,"max(euclidean, cosine)",REACTOME_NUCLEOTIDE_EXCISION_REPAIR,False
G1 -> S,1,"max(euclidean, cosine)",REACTOME_GLOBAL_GENOME_NUCLEOTIDE_EXCISION_REPAIR_GG_NER,False
G1 -> S,1,"max(euclidean, cosine)",REACTOME_DUAL_INCISION_IN_GG_NER,False
G1 -> S,1,"max(euclidean, cosine)",REACTOME_DEPOSITION_OF_NEW_CENPA_CONTAINING_NUCLEOSOMES_AT_THE_CENTROMERE,False
G1 -> S,1,"max(euclidean, cosine)",REACTOME_TRANSCRIPTION_COUPLED_NUCLEOTIDE_EXCISION_REPAIR_TC_NER,False
G1 -> S,1,"max(euclidean, cosine)",REACTOME_DUAL_INCISION_IN_TC_NER,False
G1 -> S,1,"max(euclidean, cosine)",REACTOME_FANCONI_ANEMIA_PATHWAY,False
G1 -> S,1,"max(euclidean, cosine)",REACTOME_RRNA_MODIFICATION_IN_THE_NUCLEUS_AND_CYTOSOL,False
G1 -> S,1,"max(euclidean, cosine)",REACTOME_TP53_REGULATES_TRANSCRIPTION_OF_CELL_CYCLE_GENES,True
G1 -> S,1,"max(euclidean, cosine)",REACTOME_TP53_REGULATES_TRANSCRIPTION_OF_GENES_INVOLVED_IN_G2_CELL_CYCLE_ARREST,True
G1 -> S,1,"max(euclidean, cosine)",REACTOME_TP53_REGULATES_TRANSCRIPTION_OF_GENES_INVOLVED_IN_G1_CELL_CYCLE_ARREST,True
G1 -> S,1,"max(euclidean, cosine)",REACTOME_REGULATION_OF_TP53_ACTIVITY_THROUGH_PHOSPHORYLATION,False
G1 -> S,1,"max(euclidean, cosine)",REACTOME_NEGATIVE_REGULATION_OF_MET_ACTIVITY,False
G1 -> S,1,"max(euclidean, cosine)",REACTOME_COPI_DEPENDENT_GOLGI_TO_ER_RETROGRADE_TRAFFIC,False
G1 -> S,1,"max(euclidean, cosine)",REACTOME_INTRA_GOLGI_AND_RETROGRADE_GOLGI_TO_ER_TRAFFIC,False
G1 -> S,1,"max(euclidean, cosine)",REACTOME_MITOTIC_PROMETAPHASE,True
G1 -> S,1,"max(euclidean, cosine)",REACTOME_M_PHASE,True
G1 -> S,1,"max(euclidean, cosine)",REACTOME_ORC1_REMOVAL_FROM_CHROMATIN,True
G1 -> S,1,"max(euclidean, cosine)",REACTOME_ACTIVATION_OF_THE_PRE_REPLICATIVE_COMPLEX,False
G1 -> S,1,"max(euclidean, cosine)",REACTOME_DNA_REPLICATION_PRE_INITIATION,True
G1 -> S,1,"max(euclidean, cosine)",REACTOME_SWITCHING_OF_ORIGINS_TO_A_POST_REPLICATIVE_STATE,False
G1 -> S,1,"max(euclidean, cosine)",REACTOME_POLYMERASE_SWITCHING,False
G1 -> S,1,"max(euclidean, cosine)",REACTOME_LAGGING_STRAND_SYNTHESIS,True
G1 -> S,1,"max(euclidean, cosine)",REACTOME_DNA_STRAND_ELONGATION,False
G1 -> S,1,"max(euclidean, cosine)",REACTOME_G1_S_SPECIFIC_TRANSCRIPTION,True
G1 -> S,1,"max(euclidean, cosine)",REACTOME_CYCLIN_D_ASSOCIATED_EVENTS_IN_G1,True
G1 -> S,1,"max(euclidean, cosine)",REACTOME_SYNTHESIS_OF_DNA,False
G1 -> S,1,"max(euclidean, cosine)",REACTOME_S_PHASE,True
G1 -> S,1,"max(euclidean, cosine)",REACTOME_CYCLIN_A_B1_B2_ASSOCIATED_EVENTS_DURING_G2_M_TRANSITION,True
G1 -> S,1,"max(euclidean, cosine)",REACTOME_CELL_CYCLE_MITOTIC,True
G1 -> S,1,"max(euclidean, cosine)",REACTOME_DNA_REPLICATION,True
G1 -> S,1,"max(euclidean, cosine)",REACTOME_G2_M_DNA_DAMAGE_CHECKPOINT,True
G1 -> S,1,"max(euclidean, cosine)",REACTOME_G2_M_CHECKPOINTS,True
G1 -> S,1,"max(euclidean, cosine)",REACTOME_MITOTIC_SPINDLE_CHECKPOINT,True
G1 -> S,1,"max(euclidean, cosine)",REACTOME_CELL_CYCLE_CHECKPOINTS,True
G1 -> S,1,"max(euclidean, cosine)",REACTOME_RRNA_PROCESSING,False
G1 -> S,1,"max(euclidean, cosine)",REACTOME_RNA_POLYMERASE_II_TRANSCRIPTION_TERMINATION,False
G1 -> S,1,"max(euclidean, cosine)",REACTOME_RNA_POLYMERASE_II_TRANSCRIPTION,False
G1 -> S,1,"max(euclidean, cosine)",REACTOME_BASE_EXCISION_REPAIR,False
G1 -> S,1,"max(euclidean, cosine)",REACTOME_CHROMOSOME_MAINTENANCE,True
G1 -> S,1,"max(euclidean, cosine)",REACTOME_DNA_DAMAGE_BYPASS,False
G1 -> S,1,"max(euclidean, cosine)",REACTOME_DNA_REPAIR,False
G1 -> S,1,"max(euclidean, cosine)",REACTOME_RESOLUTION_OF_ABASIC_SITES_AP_SITES,False
G1 -> S,1,"max(euclidean, cosine)",REACTOME_TNF_SIGNALING,False
G1 -> S,1,"max(euclidean, cosine)",REACTOME_PROTEIN_UBIQUITINATION,False
G1 -> S,1,"max(euclidean, cosine)",REACTOME_AURKA_ACTIVATION_BY_TPX2,True
G1 -> S,1,"max(euclidean, cosine)",REACTOME_GOLGI_TO_ER_RETROGRADE_TRANSPORT,False
G1 -> S,1,"max(euclidean, cosine)",REACTOME_E3_UBIQUITIN_LIGASES_UBIQUITINATE_TARGET_PROTEINS,False
G1 -> S,1,"max(euclidean, cosine)",REACTOME_RAB_GEFS_EXCHANGE_GTP_FOR_GDP_ON_RABS,False
G1 -> S,1,"max(euclidean, cosine)",REACTOME_NGF_STIMULATED_TRANSCRIPTION,False
G1 -> S,1,"max(euclidean, cosine)",REACTOME_PEROXISOMAL_PROTEIN_IMPORT,False
G1 -> S,1,"max(euclidean, cosine)",REACTOME_MEIOTIC_RECOMBINATION,False
G1 -> S,1,"max(euclidean, cosine)",REACTOME_PROTEIN_LOCALIZATION,False
G1 -> S,1,"max(euclidean, cosine)",REACTOME_AUTOPHAGY,False
G1 -> S,1,"max(euclidean, cosine)",REACTOME_AGGREPHAGY,False
G1 -> S,1,"max(euclidean, cosine)",REACTOME_SELECTIVE_AUTOPHAGY,False
G1 -> S,1,"max(euclidean, cosine)",REACTOME_SIGNALING_BY_RHO_GTPASES_MIRO_GTPASES_AND_RHOBTB3,False
G1 -> S,1,"max(euclidean, cosine)",REACTOME_KINESINS,False
G1 -> S,1,"min(euclidean, cosine)",REACTOME_APOPTOSIS,False
G1 -> S,1,"min(euclidean, cosine)",REACTOME_INTRINSIC_PATHWAY_FOR_APOPTOSIS,False
G1 -> S,1,"min(euclidean, cosine)",REACTOME_TRANSLESION_SYNTHESIS_BY_Y_FAMILY_DNA_POLYMERASES_BYPASSES_LESIONS_ON_DNA_TEMPLATE,False
G1 -> S,1,"min(euclidean, cosine)",REACTOME_RECOGNITION_OF_DNA_DAMAGE_BY_PCNA_CONTAINING_REPLICATION_COMPLEX,True
G1 -> S,1,"min(euclidean, cosine)",REACTOME_TRANSLESION_SYNTHESIS_BY_POLH,False
G1 -> S,1,"min(euclidean, cosine)",REACTOME_RESOLUTION_OF_AP_SITES_VIA_THE_MULTIPLE_NUCLEOTIDE_PATCH_REPLACEMENT_PATHWAY,False
G1 -> S,1,"min(euclidean, cosine)",REACTOME_E2F_MEDIATED_REGULATION_OF_DNA_REPLICATION,True
G1 -> S,1,"min(euclidean, cosine)",REACTOME_ACTIVATION_OF_BH3_ONLY_PROTEINS,False
G1 -> S,1,"min(euclidean, cosine)",REACTOME_ADAPTIVE_IMMUNE_SYSTEM,False
G1 -> S,1,"min(euclidean, cosine)",REACTOME_TRANSCRIPTION_OF_E2F_TARGETS_UNDER_NEGATIVE_CONTROL_BY_DREAM_COMPLEX,True
G1 -> S,1,"min(euclidean, cosine)",REACTOME_TRANSCRIPTION_OF_E2F_TARGETS_UNDER_NEGATIVE_CONTROL_BY_P107_RBL1_AND_P130_RBL2_IN_COMPLEX_WITH_HDAC1,True
G1 -> S,1,"min(euclidean, cosine)",REACTOME_INHIBITION_OF_THE_PROTEOLYTIC_ACTIVITY_OF_APC_C_REQUIRED_FOR_THE_ONSET_OF_ANAPHASE_BY_MITOTIC_SPINDLE_CHECKPOINT_COMPONENTS,True
G1 -> S,1,"min(euclidean, cosine)",REACTOME_G0_AND_EARLY_G1,True
G1 -> S,1,"min(euclidean, cosine)",REACTOME_POLO_LIKE_KINASE_MEDIATED_EVENTS,True
G1 -> S,1,"min(euclidean, cosine)",REACTOME_TELOMERE_MAINTENANCE,True
G1 -> S,1,"min(euclidean, cosine)",REACTOME_CELL_CYCLE,True
G1 -> S,1,"min(euclidean, cosine)",REACTOME_MYD88_INDEPENDENT_TLR4_CASCADE,False
G1 -> S,1,"min(euclidean, cosine)",REACTOME_SIGNALING_BY_NTRKS,False
G1 -> S,1,"min(euclidean, cosine)",REACTOME_TOLL_LIKE_RECEPTOR_TLR1_TLR2_CASCADE,False
G1 -> S,1,"min(euclidean, cosine)",REACTOME_NUCLEOTIDE_BINDING_DOMAIN_LEUCINE_RICH_REPEAT_CONTAINING_RECEPTOR_NLR_SIGNALING_PATHWAYS,False
G1 -> S,1,"min(euclidean, cosine)",REACTOME_APC_C_CDC20_MEDIATED_DEGRADATION_OF_CYCLIN_B,True
G1 -> S,1,"min(euclidean, cosine)",REACTOME_APC_C_MEDIATED_DEGRADATION_OF_CELL_CYCLE_PROTEINS,True
G1 -> S,1,"min(euclidean, cosine)",REACTOME_APC_C_CDH1_MEDIATED_DEGRADATION_OF_CDC20_AND_OTHER_APC_C_CDH1_TARGETED_PROTEINS_IN_LATE_MITOSIS_EARLY_G1,True
G1 -> S,1,"min(euclidean, cosine)",REACTOME_POLYMERASE_SWITCHING_ON_THE_C_STRAND_OF_THE_TELOMERE,True
G1 -> S,1,"min(euclidean, cosine)",REACTOME_TELOMERE_C_STRAND_LAGGING_STRAND_SYNTHESIS,True
G1 -> S,1,"min(euclidean, cosine)",REACTOME_ACTIVATION_OF_ATR_IN_RESPONSE_TO_REPLICATION_STRESS,True
G1 -> S,1,"min(euclidean, cosine)",REACTOME_PHOSPHORYLATION_OF_EMI1,False
G1 -> S,1,"min(euclidean, cosine)",REACTOME_APC_CDC20_MEDIATED_DEGRADATION_OF_NEK2A,True
G1 -> S,1,"min(euclidean, cosine)",REACTOME_EXTENSION_OF_TELOMERES,True
G1 -> S,1,"min(euclidean, cosine)",REACTOME_ORGANELLE_BIOGENESIS_AND_MAINTENANCE,False
G1 -> S,1,"min(euclidean, cosine)",REACTOME_RHO_GTPASE_EFFECTORS,False
G1 -> S,1,"min(euclidean, cosine)",REACTOME_NUCLEAR_EVENTS_KINASE_AND_TRANSCRIPTION_FACTOR_ACTIVATION,False
G1 -> S,1,"min(euclidean, cosine)",REACTOME_MEMBRANE_TRAFFICKING,False
G1 -> S,1,"min(euclidean, cosine)",REACTOME_MHC_CLASS_II_ANTIGEN_PRESENTATION,False
G1 -> S,1,"min(euclidean, cosine)",REACTOME_SEPARATION_OF_SISTER_CHROMATIDS,True
G1 -> S,1,"min(euclidean, cosine)",REACTOME_RESOLUTION_OF_SISTER_CHROMATID_COHESION,True
G1 -> S,1,"min(euclidean, cosine)",REACTOME_CONDENSATION_OF_PROMETAPHASE_CHROMOSOMES,True
G1 -> S,1,"min(euclidean, cosine)",REACTOME_MITOTIC_METAPHASE_AND_ANAPHASE,True
G1 -> S,1,"min(euclidean, cosine)",REACTOME_OXIDATIVE_STRESS_INDUCED_SENESCENCE,False
G1 -> S,1,"min(euclidean, cosine)",REACTOME_SENESCENCE_ASSOCIATED_SECRETORY_PHENOTYPE_SASP,False
G1 -> S,1,"min(euclidean, cosine)",REACTOME_CELLULAR_SENESCENCE,False
G1 -> S,1,"min(euclidean, cosine)",REACTOME_ONCOGENE_INDUCED_SENESCENCE,False
G1 -> S,1,"min(euclidean, cosine)",REACTOME_REGULATION_OF_PLK1_ACTIVITY_AT_G2_M_TRANSITION,True
G1 -> S,1,"min(euclidean, cosine)",REACTOME_NUCLEAR_ENVELOPE_BREAKDOWN,True
G1 -> S,1,"min(euclidean, cosine)",REACTOME_ACTIVATION_OF_NIMA_KINASES_NEK9_NEK6_NEK7,False
G1 -> S,1,"min(euclidean, cosine)",REACTOME_INITIATION_OF_NUCLEAR_ENVELOPE_NE_REFORMATION,False
G1 -> S,1,"min(euclidean, cosine)",REACTOME_NUCLEAR_ENVELOPE_NE_REASSEMBLY,False
G1 -> S,1,"min(euclidean, cosine)",REACTOME_NUCLEAR_PORE_COMPLEX_NPC_DISASSEMBLY,False
G1 -> S,1,"min(euclidean, cosine)",REACTOME_HSP90_CHAPERONE_CYCLE_FOR_STEROID_HORMONE_RECEPTORS_SHR_IN_THE_PRESENCE_OF_LIGAND,False
G1 -> S,1,"min(euclidean, cosine)",REACTOME_TRANSCRIPTIONAL_REGULATION_BY_TP53,False
G1 -> S,1,"min(euclidean, cosine)",REACTOME_RECRUITMENT_OF_MITOTIC_CENTROSOME_PROTEINS_AND_COMPLEXES,True
G1 -> S,1,"min(euclidean, cosine)",REACTOME_RECRUITMENT_OF_NUMA_TO_MITOTIC_CENTROSOMES,True
G1 -> S,1,"min(euclidean, cosine)",REACTOME_INTERLEUKIN_17_SIGNALING,False
G1 -> S,1,"min(euclidean, cosine)",REACTOME_MITOTIC_G2_G2_M_PHASES,True
G1 -> S,1,"min(euclidean, cosine)",REACTOME_MITOTIC_G1_PHASE_AND_G1_S_TRANSITION,True
G1 -> S,1,"min(euclidean, cosine)",REACTOME_PROGRAMMED_CELL_DEATH,False
G1 -> S,1,"min(euclidean, cosine)",REACTOME_TNFR1_INDUCED_NFKAPPAB_SIGNALING_PATHWAY,False
G1 -> S,1,"min(euclidean, cosine)",REACTOME_MISMATCH_REPAIR,False
G1 -> S,1,"min(euclidean, cosine)",REACTOME_CILIUM_ASSEMBLY,False
G1 -> S,1,"min(euclidean, cosine)",REACTOME_ANCHORING_OF_THE_BASAL_BODY_TO_THE_PLASMA_MEMBRANE,False
G1 -> S,1,"min(euclidean, cosine)",REACTOME_INTRAFLAGELLAR_TRANSPORT,False
G1 -> S,1,"min(euclidean, cosine)",REACTOME_REGULATION_OF_TP53_ACTIVITY,False
G1 -> S,1,"min(euclidean, cosine)",REACTOME_TP53_REGULATES_TRANSCRIPTION_OF_CELL_DEATH_GENES,False
G1 -> S,1,"min(euclidean, cosine)",REACTOME_PCNA_DEPENDENT_LONG_PATCH_BASE_EXCISION_REPAIR,False
G1 -> S,1,"min(euclidean, cosine)",REACTOME_VESICLE_MEDIATED_TRANSPORT,False
G1 -> S,1,"min(euclidean, cosine)",REACTOME_TRANSLESION_SYNTHESIS_BY_POLK,False
G1 -> S,1,"min(euclidean, cosine)",REACTOME_TERMINATION_OF_TRANSLESION_DNA_SYNTHESIS,False
G1 -> S,1,"min(euclidean, cosine)",REACTOME_RHO_GTPASES_ACTIVATE_FORMINS,False
G1 -> S,1,"min(euclidean, cosine)",REACTOME_HDR_THROUGH_SINGLE_STRAND_ANNEALING_SSA,False
G1 -> S,1,"min(euclidean, cosine)",REACTOME_HDR_THROUGH_HOMOLOGOUS_RECOMBINATION_HRR,False
G1 -> S,1,"min(euclidean, cosine)",REACTOME_MAPK6_MAPK4_SIGNALING,False
G1 -> S,1,"min(euclidean, cosine)",REACTOME_DEUBIQUITINATION,False
G1 -> S,1,"min(euclidean, cosine)",REACTOME_UB_SPECIFIC_PROCESSING_PROTEASES,False
G1 -> S,1,"min(euclidean, cosine)",REACTOME_DNA_DOUBLE_STRAND_BREAK_REPAIR,False
G1 -> S,1,"min(euclidean, cosine)",REACTOME_HOMOLOGY_DIRECTED_REPAIR,False
G1 -> S,1,"min(euclidean, cosine)",REACTOME_HOMOLOGOUS_DNA_PAIRING_AND_STRAND_EXCHANGE,False
G1 -> S,1,"min(euclidean, cosine)",REACTOME_DNA_DOUBLE_STRAND_BREAK_RESPONSE,False
G1 -> S,1,"min(euclidean, cosine)",REACTOME_PROCESSING_OF_DNA_DOUBLE_STRAND_BREAK_ENDS,False
G1 -> S,1,"min(euclidean, cosine)",REACTOME_FORMATION_OF_INCISION_COMPLEX_IN_GG_NER,False
G1 -> S,1,"min(euclidean, cosine)",REACTOME_GAP_FILLING_DNA_REPAIR_SYNTHESIS_AND_LIGATION_IN_GG_NER,False
G1 -> S,1,"min(euclidean, cosine)",REACTOME_NUCLEOTIDE_EXCISION_REPAIR,False
G1 -> S,1,"min(euclidean, cosine)",REACTOME_GLOBAL_GENOME_NUCLEOTIDE_EXCISION_REPAIR_GG_NER,False
G1 -> S,1,"min(euclidean, cosine)",REACTOME_DUAL_INCISION_IN_GG_NER,False
G1 -> S,1,"min(euclidean, cosine)",REACTOME_DEPOSITION_OF_NEW_CENPA_CONTAINING_NUCLEOSOMES_AT_THE_CENTROMERE,False
G1 -> S,1,"min(euclidean, cosine)",REACTOME_TRANSCRIPTION_COUPLED_NUCLEOTIDE_EXCISION_REPAIR_TC_NER,False
G1 -> S,1,"min(euclidean, cosine)",REACTOME_DUAL_INCISION_IN_TC_NER,False
G1 -> S,1,"min(euclidean, cosine)",REACTOME_FANCONI_ANEMIA_PATHWAY,False
G1 -> S,1,"min(euclidean, cosine)",REACTOME_RRNA_MODIFICATION_IN_THE_NUCLEUS_AND_CYTOSOL,False
G1 -> S,1,"min(euclidean, cosine)",REACTOME_TP53_REGULATES_TRANSCRIPTION_OF_CELL_CYCLE_GENES,True
G1 -> S,1,"min(euclidean, cosine)",REACTOME_TP53_REGULATES_TRANSCRIPTION_OF_GENES_INVOLVED_IN_G2_CELL_CYCLE_ARREST,True
G1 -> S,1,"min(euclidean, cosine)",REACTOME_TP53_REGULATES_TRANSCRIPTION_OF_GENES_INVOLVED_IN_G1_CELL_CYCLE_ARREST,True
G1 -> S,1,"min(euclidean, cosine)",REACTOME_REGULATION_OF_TP53_ACTIVITY_THROUGH_PHOSPHORYLATION,False
G1 -> S,1,"min(euclidean, cosine)",REACTOME_COPI_DEPENDENT_GOLGI_TO_ER_RETROGRADE_TRAFFIC,False
G1 -> S,1,"min(euclidean, cosine)",REACTOME_COPI_INDEPENDENT_GOLGI_TO_ER_RETROGRADE_TRAFFIC,False
G1 -> S,1,"min(euclidean, cosine)",REACTOME_INTRA_GOLGI_AND_RETROGRADE_GOLGI_TO_ER_TRAFFIC,False
G1 -> S,1,"min(euclidean, cosine)",REACTOME_MITOTIC_PROPHASE,True
G1 -> S,1,"min(euclidean, cosine)",REACTOME_MITOTIC_PROMETAPHASE,True
G1 -> S,1,"min(euclidean, cosine)",REACTOME_MITOTIC_TELOPHASE_CYTOKINESIS,True
G1 -> S,1,"min(euclidean, cosine)",REACTOME_M_PHASE,True
G1 -> S,1,"min(euclidean, cosine)",REACTOME_ORC1_REMOVAL_FROM_CHROMATIN,True
G1 -> S,1,"min(euclidean, cosine)",REACTOME_ACTIVATION_OF_THE_PRE_REPLICATIVE_COMPLEX,False
G1 -> S,1,"min(euclidean, cosine)",REACTOME_DNA_REPLICATION_PRE_INITIATION,True
G1 -> S,1,"min(euclidean, cosine)",REACTOME_SWITCHING_OF_ORIGINS_TO_A_POST_REPLICATIVE_STATE,False
G1 -> S,1,"min(euclidean, cosine)",REACTOME_POLYMERASE_SWITCHING,False
G1 -> S,1,"min(euclidean, cosine)",REACTOME_LAGGING_STRAND_SYNTHESIS,True
G1 -> S,1,"min(euclidean, cosine)",REACTOME_DNA_STRAND_ELONGATION,False
G1 -> S,1,"min(euclidean, cosine)",REACTOME_G1_S_SPECIFIC_TRANSCRIPTION,True
G1 -> S,1,"min(euclidean, cosine)",REACTOME_CYCLIN_D_ASSOCIATED_EVENTS_IN_G1,True
G1 -> S,1,"min(euclidean, cosine)",REACTOME_SYNTHESIS_OF_DNA,False
G1 -> S,1,"min(euclidean, cosine)",REACTOME_S_PHASE,True
G1 -> S,1,"min(euclidean, cosine)",REACTOME_CYCLIN_A_B1_B2_ASSOCIATED_EVENTS_DURING_G2_M_TRANSITION,True
G1 -> S,1,"min(euclidean, cosine)",REACTOME_CELL_CYCLE_MITOTIC,True
G1 -> S,1,"min(euclidean, cosine)",REACTOME_DNA_REPLICATION,True
G1 -> S,1,"min(euclidean, cosine)",REACTOME_G2_M_DNA_DAMAGE_CHECKPOINT,True
G1 -> S,1,"min(euclidean, cosine)",REACTOME_G2_M_CHECKPOINTS,True
G1 -> S,1,"min(euclidean, cosine)",REACTOME_MITOTIC_SPINDLE_CHECKPOINT,True
G1 -> S,1,"min(euclidean, cosine)",REACTOME_CELL_CYCLE_CHECKPOINTS,True
G1 -> S,1,"min(euclidean, cosine)",REACTOME_CYCLIN_A_CDK2_ASSOCIATED_EVENTS_AT_S_PHASE_ENTRY,True
G1 -> S,1,"min(euclidean, cosine)",REACTOME_RRNA_PROCESSING,False
G1 -> S,1,"min(euclidean, cosine)",REACTOME_RNA_POLYMERASE_II_TRANSCRIPTION,False
G1 -> S,1,"min(euclidean, cosine)",REACTOME_BASE_EXCISION_REPAIR,False
G1 -> S,1,"min(euclidean, cosine)",REACTOME_CHROMOSOME_MAINTENANCE,True
G1 -> S,1,"min(euclidean, cosine)",REACTOME_DNA_DAMAGE_BYPASS,False
G1 -> S,1,"min(euclidean, cosine)",REACTOME_DNA_REPAIR,False
G1 -> S,1,"min(euclidean, cosine)",REACTOME_RESOLUTION_OF_ABASIC_SITES_AP_SITES,False
G1 -> S,1,"min(euclidean, cosine)",REACTOME_PROTEIN_UBIQUITINATION,False
G1 -> S,1,"min(euclidean, cosine)",REACTOME_THE_ROLE_OF_GTSE1_IN_G2_M_PROGRESSION_AFTER_G2_CHECKPOINT,True
G1 -> S,1,"min(euclidean, cosine)",REACTOME_AURKA_ACTIVATION_BY_TPX2,True
G1 -> S,1,"min(euclidean, cosine)",REACTOME_GOLGI_TO_ER_RETROGRADE_TRANSPORT,False
G1 -> S,1,"min(euclidean, cosine)",REACTOME_E3_UBIQUITIN_LIGASES_UBIQUITINATE_TARGET_PROTEINS,False
G1 -> S,1,"min(euclidean, cosine)",REACTOME_NGF_STIMULATED_TRANSCRIPTION,False
G1 -> S,1,"min(euclidean, cosine)",REACTOME_PEROXISOMAL_PROTEIN_IMPORT,False
G1 -> S,1,"min(euclidean, cosine)",REACTOME_PROTEIN_LOCALIZATION,False
G1 -> S,1,"min(euclidean, cosine)",REACTOME_AUTOPHAGY,False
G1 -> S,1,"min(euclidean, cosine)",REACTOME_TRANSCRIPTIONAL_REGULATION_OF_GRANULOPOIESIS,False
G1 -> S,1,"min(euclidean, cosine)",REACTOME_AGGREPHAGY,False
G1 -> S,1,"min(euclidean, cosine)",REACTOME_ABERRANT_REGULATION_OF_MITOTIC_G1_S_TRANSITION_IN_CANCER_DUE_TO_RB1_DEFECTS,True
G1 -> S,1,"min(euclidean, cosine)",REACTOME_SELECTIVE_AUTOPHAGY,False
G1 -> S,1,"min(euclidean, cosine)",REACTOME_DISEASES_OF_MITOTIC_CELL_CYCLE,True
G1 -> S,1,"min(euclidean, cosine)",REACTOME_DISEASES_OF_DNA_REPAIR,False
G1 -> S,1,"min(euclidean, cosine)",REACTOME_SIGNALING_BY_RHO_GTPASES_MIRO_GTPASES_AND_RHOBTB3,False
G1 -> S,1,"min(euclidean, cosine)",REACTOME_KINESINS,False
G1 -> S,1,"min(euclidean, cosine)",REACTOME_FACTORS_INVOLVED_IN_MEGAKARYOCYTE_DEVELOPMENT_AND_PLATELET_PRODUCTION,False
G1 -> S,1,"min(cosine, radial)",REACTOME_APOPTOSIS,False
G1 -> S,1,"min(cosine, radial)",REACTOME_INTRINSIC_PATHWAY_FOR_APOPTOSIS,False
G1 -> S,1,"min(cosine, radial)",REACTOME_TRANSLESION_SYNTHESIS_BY_Y_FAMILY_DNA_POLYMERASES_BYPASSES_LESIONS_ON_DNA_TEMPLATE,False
G1 -> S,1,"min(cosine, radial)",REACTOME_RECOGNITION_OF_DNA_DAMAGE_BY_PCNA_CONTAINING_REPLICATION_COMPLEX,True
G1 -> S,1,"min(cosine, radial)",REACTOME_TRANSLESION_SYNTHESIS_BY_POLH,False
G1 -> S,1,"min(cosine, radial)",REACTOME_RESOLUTION_OF_AP_SITES_VIA_THE_MULTIPLE_NUCLEOTIDE_PATCH_REPLACEMENT_PATHWAY,False
G1 -> S,1,"min(cosine, radial)",REACTOME_E2F_MEDIATED_REGULATION_OF_DNA_REPLICATION,True
G1 -> S,1,"min(cosine, radial)",REACTOME_ACTIVATION_OF_BH3_ONLY_PROTEINS,False
G1 -> S,1,"min(cosine, radial)",REACTOME_ADAPTIVE_IMMUNE_SYSTEM,False
G1 -> S,1,"min(cosine, radial)",REACTOME_TRANSCRIPTION_OF_E2F_TARGETS_UNDER_NEGATIVE_CONTROL_BY_DREAM_COMPLEX,True
G1 -> S,1,"min(cosine, radial)",REACTOME_TRANSCRIPTION_OF_E2F_TARGETS_UNDER_NEGATIVE_CONTROL_BY_P107_RBL1_AND_P130_RBL2_IN_COMPLEX_WITH_HDAC1,True
G1 -> S,1,"min(cosine, radial)",REACTOME_INHIBITION_OF_THE_PROTEOLYTIC_ACTIVITY_OF_APC_C_REQUIRED_FOR_THE_ONSET_OF_ANAPHASE_BY_MITOTIC_SPINDLE_CHECKPOINT_COMPONENTS,True
G1 -> S,1,"min(cosine, radial)",REACTOME_G0_AND_EARLY_G1,True
G1 -> S,1,"min(cosine, radial)",REACTOME_POLO_LIKE_KINASE_MEDIATED_EVENTS,True
G1 -> S,1,"min(cosine, radial)",REACTOME_TELOMERE_MAINTENANCE,True
G1 -> S,1,"min(cosine, radial)",REACTOME_CELL_CYCLE,True
G1 -> S,1,"min(cosine, radial)",REACTOME_SIGNALING_BY_NTRKS,False
G1 -> S,1,"min(cosine, radial)",REACTOME_APC_C_CDC20_MEDIATED_DEGRADATION_OF_CYCLIN_B,True
G1 -> S,1,"min(cosine, radial)",REACTOME_APC_C_MEDIATED_DEGRADATION_OF_CELL_CYCLE_PROTEINS,True
G1 -> S,1,"min(cosine, radial)",REACTOME_APC_C_CDH1_MEDIATED_DEGRADATION_OF_CDC20_AND_OTHER_APC_C_CDH1_TARGETED_PROTEINS_IN_LATE_MITOSIS_EARLY_G1,True
G1 -> S,1,"min(cosine, radial)",REACTOME_POLYMERASE_SWITCHING_ON_THE_C_STRAND_OF_THE_TELOMERE,True
G1 -> S,1,"min(cosine, radial)",REACTOME_TELOMERE_C_STRAND_LAGGING_STRAND_SYNTHESIS,True
G1 -> S,1,"min(cosine, radial)",REACTOME_ACTIVATION_OF_ATR_IN_RESPONSE_TO_REPLICATION_STRESS,True
G1 -> S,1,"min(cosine, radial)",REACTOME_PHOSPHORYLATION_OF_EMI1,False
G1 -> S,1,"min(cosine, radial)",REACTOME_APC_CDC20_MEDIATED_DEGRADATION_OF_NEK2A,True
G1 -> S,1,"min(cosine, radial)",REACTOME_EXTENSION_OF_TELOMERES,True
G1 -> S,1,"min(cosine, radial)",REACTOME_RHO_GTPASE_EFFECTORS,False
G1 -> S,1,"min(cosine, radial)",REACTOME_MEMBRANE_TRAFFICKING,False
G1 -> S,1,"min(cosine, radial)",REACTOME_MHC_CLASS_II_ANTIGEN_PRESENTATION,False
G1 -> S,1,"min(cosine, radial)",REACTOME_SEPARATION_OF_SISTER_CHROMATIDS,True
G1 -> S,1,"min(cosine, radial)",REACTOME_RESOLUTION_OF_SISTER_CHROMATID_COHESION,True
G1 -> S,1,"min(cosine, radial)",REACTOME_CONDENSATION_OF_PROMETAPHASE_CHROMOSOMES,True
G1 -> S,1,"min(cosine, radial)",REACTOME_MITOTIC_METAPHASE_AND_ANAPHASE,True
G1 -> S,1,"min(cosine, radial)",REACTOME_CELLULAR_SENESCENCE,False
G1 -> S,1,"min(cosine, radial)",REACTOME_ONCOGENE_INDUCED_SENESCENCE,False
G1 -> S,1,"min(cosine, radial)",REACTOME_REGULATION_OF_PLK1_ACTIVITY_AT_G2_M_TRANSITION,True
G1 -> S,1,"min(cosine, radial)",REACTOME_NUCLEAR_ENVELOPE_BREAKDOWN,True
G1 -> S,1,"min(cosine, radial)",REACTOME_ACTIVATION_OF_NIMA_KINASES_NEK9_NEK6_NEK7,False
G1 -> S,1,"min(cosine, radial)",REACTOME_SUMOYLATION,False
G1 -> S,1,"min(cosine, radial)",REACTOME_INITIATION_OF_NUCLEAR_ENVELOPE_NE_REFORMATION,False
G1 -> S,1,"min(cosine, radial)",REACTOME_NUCLEAR_ENVELOPE_NE_REASSEMBLY,False
G1 -> S,1,"min(cosine, radial)",REACTOME_NUCLEAR_PORE_COMPLEX_NPC_DISASSEMBLY,False
G1 -> S,1,"min(cosine, radial)",REACTOME_TRANSCRIPTIONAL_REGULATION_BY_TP53,False
G1 -> S,1,"min(cosine, radial)",REACTOME_RECRUITMENT_OF_MITOTIC_CENTROSOME_PROTEINS_AND_COMPLEXES,True
G1 -> S,1,"min(cosine, radial)",REACTOME_RECRUITMENT_OF_NUMA_TO_MITOTIC_CENTROSOMES,True
G1 -> S,1,"min(cosine, radial)",REACTOME_MITOTIC_G2_G2_M_PHASES,True
G1 -> S,1,"min(cosine, radial)",REACTOME_MITOTIC_G1_PHASE_AND_G1_S_TRANSITION,True
G1 -> S,1,"min(cosine, radial)",REACTOME_SUMOYLATION_OF_DNA_REPLICATION_PROTEINS,True
G1 -> S,1,"min(cosine, radial)",REACTOME_PROGRAMMED_CELL_DEATH,False
G1 -> S,1,"min(cosine, radial)",REACTOME_MISMATCH_REPAIR,False
G1 -> S,1,"min(cosine, radial)",REACTOME_CILIUM_ASSEMBLY,False
G1 -> S,1,"min(cosine, radial)",REACTOME_ANCHORING_OF_THE_BASAL_BODY_TO_THE_PLASMA_MEMBRANE,False
G1 -> S,1,"min(cosine, radial)",REACTOME_INTRAFLAGELLAR_TRANSPORT,False
G1 -> S,1,"min(cosine, radial)",REACTOME_REGULATION_OF_TP53_ACTIVITY,False
G1 -> S,1,"min(cosine, radial)",REACTOME_PCNA_DEPENDENT_LONG_PATCH_BASE_EXCISION_REPAIR,False
G1 -> S,1,"min(cosine, radial)",REACTOME_VESICLE_MEDIATED_TRANSPORT,False
G1 -> S,1,"min(cosine, radial)",REACTOME_TRANSLESION_SYNTHESIS_BY_POLK,False
G1 -> S,1,"min(cosine, radial)",REACTOME_TERMINATION_OF_TRANSLESION_DNA_SYNTHESIS,False
G1 -> S,1,"min(cosine, radial)",REACTOME_RHO_GTPASES_ACTIVATE_FORMINS,False
G1 -> S,1,"min(cosine, radial)",REACTOME_HDR_THROUGH_SINGLE_STRAND_ANNEALING_SSA,False
G1 -> S,1,"min(cosine, radial)",REACTOME_HDR_THROUGH_HOMOLOGOUS_RECOMBINATION_HRR,False
G1 -> S,1,"min(cosine, radial)",REACTOME_MAPK6_MAPK4_SIGNALING,False
G1 -> S,1,"min(cosine, radial)",REACTOME_DEUBIQUITINATION,False
G1 -> S,1,"min(cosine, radial)",REACTOME_UB_SPECIFIC_PROCESSING_PROTEASES,False
G1 -> S,1,"min(cosine, radial)",REACTOME_DNA_DOUBLE_STRAND_BREAK_REPAIR,False
G1 -> S,1,"min(cosine, radial)",REACTOME_HOMOLOGY_DIRECTED_REPAIR,False
G1 -> S,1,"min(cosine, radial)",REACTOME_HOMOLOGOUS_DNA_PAIRING_AND_STRAND_EXCHANGE,False
G1 -> S,1,"min(cosine, radial)",REACTOME_DNA_DOUBLE_STRAND_BREAK_RESPONSE,False
G1 -> S,1,"min(cosine, radial)",REACTOME_PROCESSING_OF_DNA_DOUBLE_STRAND_BREAK_ENDS,False
G1 -> S,1,"min(cosine, radial)",REACTOME_FORMATION_OF_INCISION_COMPLEX_IN_GG_NER,False
G1 -> S,1,"min(cosine, radial)",REACTOME_GAP_FILLING_DNA_REPAIR_SYNTHESIS_AND_LIGATION_IN_GG_NER,False
G1 -> S,1,"min(cosine, radial)",REACTOME_NUCLEOTIDE_EXCISION_REPAIR,False
G1 -> S,1,"min(cosine, radial)",REACTOME_GLOBAL_GENOME_NUCLEOTIDE_EXCISION_REPAIR_GG_NER,False
G1 -> S,1,"min(cosine, radial)",REACTOME_DUAL_INCISION_IN_GG_NER,False
G1 -> S,1,"min(cosine, radial)",REACTOME_DEPOSITION_OF_NEW_CENPA_CONTAINING_NUCLEOSOMES_AT_THE_CENTROMERE,False
G1 -> S,1,"min(cosine, radial)",REACTOME_TRANSCRIPTION_COUPLED_NUCLEOTIDE_EXCISION_REPAIR_TC_NER,False
G1 -> S,1,"min(cosine, radial)",REACTOME_DUAL_INCISION_IN_TC_NER,False
G1 -> S,1,"min(cosine, radial)",REACTOME_FANCONI_ANEMIA_PATHWAY,False
G1 -> S,1,"min(cosine, radial)",REACTOME_RRNA_MODIFICATION_IN_THE_NUCLEUS_AND_CYTOSOL,False
G1 -> S,1,"min(cosine, radial)",REACTOME_TP53_REGULATES_TRANSCRIPTION_OF_CELL_CYCLE_GENES,True
G1 -> S,1,"min(cosine, radial)",REACTOME_TP53_REGULATES_TRANSCRIPTION_OF_GENES_INVOLVED_IN_G2_CELL_CYCLE_ARREST,True
G1 -> S,1,"min(cosine, radial)",REACTOME_TP53_REGULATES_TRANSCRIPTION_OF_GENES_INVOLVED_IN_G1_CELL_CYCLE_ARREST,True
G1 -> S,1,"min(cosine, radial)",REACTOME_REGULATION_OF_TP53_ACTIVITY_THROUGH_PHOSPHORYLATION,False
G1 -> S,1,"min(cosine, radial)",REACTOME_REGULATION_OF_TP53_EXPRESSION_AND_DEGRADATION,False
G1 -> S,1,"min(cosine, radial)",REACTOME_COPI_DEPENDENT_GOLGI_TO_ER_RETROGRADE_TRAFFIC,False
G1 -> S,1,"min(cosine, radial)",REACTOME_COPI_INDEPENDENT_GOLGI_TO_ER_RETROGRADE_TRAFFIC,False
G1 -> S,1,"min(cosine, radial)",REACTOME_INTRA_GOLGI_AND_RETROGRADE_GOLGI_TO_ER_TRAFFIC,False
G1 -> S,1,"min(cosine, radial)",REACTOME_MITOTIC_PROPHASE,True
G1 -> S,1,"min(cosine, radial)",REACTOME_MITOTIC_PROMETAPHASE,True
G1 -> S,1,"min(cosine, radial)",REACTOME_MITOTIC_TELOPHASE_CYTOKINESIS,True
G1 -> S,1,"min(cosine, radial)",REACTOME_M_PHASE,True
G1 -> S,1,"min(cosine, radial)",REACTOME_ORC1_REMOVAL_FROM_CHROMATIN,True
G1 -> S,1,"min(cosine, radial)",REACTOME_ACTIVATION_OF_THE_PRE_REPLICATIVE_COMPLEX,False
G1 -> S,1,"min(cosine, radial)",REACTOME_DNA_REPLICATION_PRE_INITIATION,True
G1 -> S,1,"min(cosine, radial)",REACTOME_SWITCHING_OF_ORIGINS_TO_A_POST_REPLICATIVE_STATE,False
G1 -> S,1,"min(cosine, radial)",REACTOME_POLYMERASE_SWITCHING,False
G1 -> S,1,"min(cosine, radial)",REACTOME_LAGGING_STRAND_SYNTHESIS,True
G1 -> S,1,"min(cosine, radial)",REACTOME_DNA_STRAND_ELONGATION,False
G1 -> S,1,"min(cosine, radial)",REACTOME_G1_S_SPECIFIC_TRANSCRIPTION,True
G1 -> S,1,"min(cosine, radial)",REACTOME_CYCLIN_D_ASSOCIATED_EVENTS_IN_G1,True
G1 -> S,1,"min(cosine, radial)",REACTOME_SYNTHESIS_OF_DNA,False
G1 -> S,1,"min(cosine, radial)",REACTOME_S_PHASE,True
G1 -> S,1,"min(cosine, radial)",REACTOME_CYCLIN_A_B1_B2_ASSOCIATED_EVENTS_DURING_G2_M_TRANSITION,True
G1 -> S,1,"min(cosine, radial)",REACTOME_CELL_CYCLE_MITOTIC,True
G1 -> S,1,"min(cosine, radial)",REACTOME_DNA_REPLICATION,True
G1 -> S,1,"min(cosine, radial)",REACTOME_G2_M_DNA_DAMAGE_CHECKPOINT,True
G1 -> S,1,"min(cosine, radial)",REACTOME_G2_M_CHECKPOINTS,True
G1 -> S,1,"min(cosine, radial)",REACTOME_MITOTIC_SPINDLE_CHECKPOINT,True
G1 -> S,1,"min(cosine, radial)",REACTOME_CELL_CYCLE_CHECKPOINTS,True
G1 -> S,1,"min(cosine, radial)",REACTOME_CYCLIN_A_CDK2_ASSOCIATED_EVENTS_AT_S_PHASE_ENTRY,True
G1 -> S,1,"min(cosine, radial)",REACTOME_RRNA_PROCESSING,False
G1 -> S,1,"min(cosine, radial)",REACTOME_RNA_POLYMERASE_II_TRANSCRIPTION,False
G1 -> S,1,"min(cosine, radial)",REACTOME_BASE_EXCISION_REPAIR,False
G1 -> S,1,"min(cosine, radial)",REACTOME_CHROMOSOME_MAINTENANCE,True
G1 -> S,1,"min(cosine, radial)",REACTOME_DNA_DAMAGE_BYPASS,False
G1 -> S,1,"min(cosine, radial)",REACTOME_DNA_REPAIR,False
G1 -> S,1,"min(cosine, radial)",REACTOME_RESOLUTION_OF_ABASIC_SITES_AP_SITES,False
G1 -> S,1,"min(cosine, radial)",REACTOME_PROTEIN_UBIQUITINATION,False
G1 -> S,1,"min(cosine, radial)",REACTOME_THE_ROLE_OF_GTSE1_IN_G2_M_PROGRESSION_AFTER_G2_CHECKPOINT,True
G1 -> S,1,"min(cosine, radial)",REACTOME_AURKA_ACTIVATION_BY_TPX2,True
G1 -> S,1,"min(cosine, radial)",REACTOME_GOLGI_TO_ER_RETROGRADE_TRANSPORT,False
G1 -> S,1,"min(cosine, radial)",REACTOME_E3_UBIQUITIN_LIGASES_UBIQUITINATE_TARGET_PROTEINS,False
G1 -> S,1,"min(cosine, radial)",REACTOME_NGF_STIMULATED_TRANSCRIPTION,False
G1 -> S,1,"min(cosine, radial)",REACTOME_PEROXISOMAL_PROTEIN_IMPORT,False
G1 -> S,1,"min(cosine, radial)",REACTOME_PROTEIN_LOCALIZATION,False
G1 -> S,1,"min(cosine, radial)",REACTOME_TRANSCRIPTIONAL_REGULATION_OF_GRANULOPOIESIS,False
G1 -> S,1,"min(cosine, radial)",REACTOME_AGGREPHAGY,False
G1 -> S,1,"min(cosine, radial)",REACTOME_ABERRANT_REGULATION_OF_MITOTIC_G1_S_TRANSITION_IN_CANCER_DUE_TO_RB1_DEFECTS,True
G1 -> S,1,"min(cosine, radial)",REACTOME_SELECTIVE_AUTOPHAGY,False
G1 -> S,1,"min(cosine, radial)",REACTOME_DISEASES_OF_MITOTIC_CELL_CYCLE,True
G1 -> S,1,"min(cosine, radial)",REACTOME_SIGNALING_BY_RHO_GTPASES_MIRO_GTPASES_AND_RHOBTB3,False
G1 -> S,1,"min(cosine, radial)",REACTOME_ANTIGEN_PROCESSING_UBIQUITINATION_PROTEASOME_DEGRADATION,False
G1 -> S,1,"min(cosine, radial)",REACTOME_KINESINS,False
G1 -> S,1,"min(cosine, radial)",REACTOME_FACTORS_INVOLVED_IN_MEGAKARYOCYTE_DEVELOPMENT_AND_PLATELET_PRODUCTION,False
G1 -> S,2,euclidean,REACTOME_INTRINSIC_PATHWAY_FOR_APOPTOSIS,False
G1 -> S,2,euclidean,REACTOME_TRANSLESION_SYNTHESIS_BY_Y_FAMILY_DNA_POLYMERASES_BYPASSES_LESIONS_ON_DNA_TEMPLATE,False
G1 -> S,2,euclidean,REACTOME_RECOGNITION_OF_DNA_DAMAGE_BY_PCNA_CONTAINING_REPLICATION_COMPLEX,True
G1 -> S,2,euclidean,REACTOME_TRANSLESION_SYNTHESIS_BY_POLH,False
G1 -> S,2,euclidean,REACTOME_RESOLUTION_OF_AP_SITES_VIA_THE_MULTIPLE_NUCLEOTIDE_PATCH_REPLACEMENT_PATHWAY,False
G1 -> S,2,euclidean,REACTOME_E2F_MEDIATED_REGULATION_OF_DNA_REPLICATION,True
G1 -> S,2,euclidean,REACTOME_ACTIVATION_OF_BH3_ONLY_PROTEINS,False
G1 -> S,2,euclidean,REACTOME_ADAPTIVE_IMMUNE_SYSTEM,False
G1 -> S,2,euclidean,REACTOME_TRANSCRIPTION_OF_E2F_TARGETS_UNDER_NEGATIVE_CONTROL_BY_DREAM_COMPLEX,True
G1 -> S,2,euclidean,REACTOME_INHIBITION_OF_THE_PROTEOLYTIC_ACTIVITY_OF_APC_C_REQUIRED_FOR_THE_ONSET_OF_ANAPHASE_BY_MITOTIC_SPINDLE_CHECKPOINT_COMPONENTS,True
G1 -> S,2,euclidean,REACTOME_G0_AND_EARLY_G1,True
G1 -> S,2,euclidean,REACTOME_POLO_LIKE_KINASE_MEDIATED_EVENTS,True
G1 -> S,2,euclidean,REACTOME_TELOMERE_MAINTENANCE,True
G1 -> S,2,euclidean,REACTOME_CELL_CYCLE,True
G1 -> S,2,euclidean,REACTOME_SIGNALING_BY_NTRKS,False
G1 -> S,2,euclidean,REACTOME_APC_C_CDC20_MEDIATED_DEGRADATION_OF_CYCLIN_B,True
G1 -> S,2,euclidean,REACTOME_APC_C_MEDIATED_DEGRADATION_OF_CELL_CYCLE_PROTEINS,True
G1 -> S,2,euclidean,REACTOME_APC_C_CDH1_MEDIATED_DEGRADATION_OF_CDC20_AND_OTHER_APC_C_CDH1_TARGETED_PROTEINS_IN_LATE_MITOSIS_EARLY_G1,True
G1 -> S,2,euclidean,REACTOME_POLYMERASE_SWITCHING_ON_THE_C_STRAND_OF_THE_TELOMERE,True
G1 -> S,2,euclidean,REACTOME_TELOMERE_C_STRAND_LAGGING_STRAND_SYNTHESIS,True
G1 -> S,2,euclidean,REACTOME_ACTIVATION_OF_ATR_IN_RESPONSE_TO_REPLICATION_STRESS,True
G1 -> S,2,euclidean,REACTOME_PHOSPHORYLATION_OF_EMI1,False
G1 -> S,2,euclidean,REACTOME_APC_CDC20_MEDIATED_DEGRADATION_OF_NEK2A,True
G1 -> S,2,euclidean,REACTOME_EXTENSION_OF_TELOMERES,True
G1 -> S,2,euclidean,REACTOME_RHO_GTPASE_EFFECTORS,False
G1 -> S,2,euclidean,REACTOME_NUCLEAR_EVENTS_KINASE_AND_TRANSCRIPTION_FACTOR_ACTIVATION,False
G1 -> S,2,euclidean,REACTOME_MEMBRANE_TRAFFICKING,False
G1 -> S,2,euclidean,REACTOME_MHC_CLASS_II_ANTIGEN_PRESENTATION,False
G1 -> S,2,euclidean,REACTOME_SEPARATION_OF_SISTER_CHROMATIDS,True
G1 -> S,2,euclidean,REACTOME_RESOLUTION_OF_SISTER_CHROMATID_COHESION,True
G1 -> S,2,euclidean,REACTOME_CONDENSATION_OF_PROMETAPHASE_CHROMOSOMES,True
G1 -> S,2,euclidean,REACTOME_MITOTIC_METAPHASE_AND_ANAPHASE,True
G1 -> S,2,euclidean,REACTOME_REGULATION_OF_PLK1_ACTIVITY_AT_G2_M_TRANSITION,True
G1 -> S,2,euclidean,REACTOME_ACTIVATION_OF_NIMA_KINASES_NEK9_NEK6_NEK7,False
G1 -> S,2,euclidean,REACTOME_INITIATION_OF_NUCLEAR_ENVELOPE_NE_REFORMATION,False
G1 -> S,2,euclidean,REACTOME_NUCLEAR_ENVELOPE_NE_REASSEMBLY,False
G1 -> S,2,euclidean,REACTOME_TRANSCRIPTIONAL_REGULATION_BY_TP53,False
G1 -> S,2,euclidean,REACTOME_MITOTIC_G2_G2_M_PHASES,True
G1 -> S,2,euclidean,REACTOME_MITOTIC_G1_PHASE_AND_G1_S_TRANSITION,True
G1 -> S,2,euclidean,REACTOME_MISMATCH_REPAIR,False
G1 -> S,2,euclidean,REACTOME_PCNA_DEPENDENT_LONG_PATCH_BASE_EXCISION_REPAIR,False
G1 -> S,2,euclidean,REACTOME_VESICLE_MEDIATED_TRANSPORT,False
G1 -> S,2,euclidean,REACTOME_TRANSLESION_SYNTHESIS_BY_POLK,False
G1 -> S,2,euclidean,REACTOME_TERMINATION_OF_TRANSLESION_DNA_SYNTHESIS,False
G1 -> S,2,euclidean,REACTOME_RHO_GTPASES_ACTIVATE_FORMINS,False
G1 -> S,2,euclidean,REACTOME_HDR_THROUGH_SINGLE_STRAND_ANNEALING_SSA,False
G1 -> S,2,euclidean,REACTOME_HDR_THROUGH_HOMOLOGOUS_RECOMBINATION_HRR,False
G1 -> S,2,euclidean,REACTOME_DNA_DOUBLE_STRAND_BREAK_REPAIR,False
G1 -> S,2,euclidean,REACTOME_HOMOLOGY_DIRECTED_REPAIR,False
G1 -> S,2,euclidean,REACTOME_HOMOLOGOUS_DNA_PAIRING_AND_STRAND_EXCHANGE,False
G1 -> S,2,euclidean,REACTOME_PROCESSING_OF_DNA_DOUBLE_STRAND_BREAK_ENDS,False
G1 -> S,2,euclidean,REACTOME_GAP_FILLING_DNA_REPAIR_SYNTHESIS_AND_LIGATION_IN_GG_NER,False
G1 -> S,2,euclidean,REACTOME_NUCLEOTIDE_EXCISION_REPAIR,False
G1 -> S,2,euclidean,REACTOME_GLOBAL_GENOME_NUCLEOTIDE_EXCISION_REPAIR_GG_NER,False
G1 -> S,2,euclidean,REACTOME_DUAL_INCISION_IN_GG_NER,False
G1 -> S,2,euclidean,REACTOME_DEPOSITION_OF_NEW_CENPA_CONTAINING_NUCLEOSOMES_AT_THE_CENTROMERE,False
G1 -> S,2,euclidean,REACTOME_TRANSCRIPTION_COUPLED_NUCLEOTIDE_EXCISION_REPAIR_TC_NER,False
G1 -> S,2,euclidean,REACTOME_DUAL_INCISION_IN_TC_NER,False
G1 -> S,2,euclidean,REACTOME_RRNA_MODIFICATION_IN_THE_NUCLEUS_AND_CYTOSOL,False
G1 -> S,2,euclidean,REACTOME_TP53_REGULATES_TRANSCRIPTION_OF_CELL_CYCLE_GENES,True
G1 -> S,2,euclidean,REACTOME_TP53_REGULATES_TRANSCRIPTION_OF_GENES_INVOLVED_IN_G2_CELL_CYCLE_ARREST,True
G1 -> S,2,euclidean,REACTOME_TP53_REGULATES_TRANSCRIPTION_OF_GENES_INVOLVED_IN_G1_CELL_CYCLE_ARREST,True
G1 -> S,2,euclidean,REACTOME_REGULATION_OF_TP53_ACTIVITY_THROUGH_PHOSPHORYLATION,False
G1 -> S,2,euclidean,REACTOME_COPI_DEPENDENT_GOLGI_TO_ER_RETROGRADE_TRAFFIC,False
G1 -> S,2,euclidean,REACTOME_INTRA_GOLGI_AND_RETROGRADE_GOLGI_TO_ER_TRAFFIC,False
G1 -> S,2,euclidean,REACTOME_MITOTIC_PROMETAPHASE,True
G1 -> S,2,euclidean,REACTOME_M_PHASE,True
G1 -> S,2,euclidean,REACTOME_ACTIVATION_OF_THE_PRE_REPLICATIVE_COMPLEX,False
G1 -> S,2,euclidean,REACTOME_DNA_REPLICATION_PRE_INITIATION,True
G1 -> S,2,euclidean,REACTOME_SWITCHING_OF_ORIGINS_TO_A_POST_REPLICATIVE_STATE,False
G1 -> S,2,euclidean,REACTOME_POLYMERASE_SWITCHING,False
G1 -> S,2,euclidean,REACTOME_LAGGING_STRAND_SYNTHESIS,True
G1 -> S,2,euclidean,REACTOME_DNA_STRAND_ELONGATION,False
G1 -> S,2,euclidean,REACTOME_G1_S_SPECIFIC_TRANSCRIPTION,True
G1 -> S,2,euclidean,REACTOME_SYNTHESIS_OF_DNA,False
G1 -> S,2,euclidean,REACTOME_S_PHASE,True
G1 -> S,2,euclidean,REACTOME_CYCLIN_A_B1_B2_ASSOCIATED_EVENTS_DURING_G2_M_TRANSITION,True
G1 -> S,2,euclidean,REACTOME_CELL_CYCLE_MITOTIC,True
G1 -> S,2,euclidean,REACTOME_DNA_REPLICATION,True
G1 -> S,2,euclidean,REACTOME_G2_M_DNA_DAMAGE_CHECKPOINT,True
G1 -> S,2,euclidean,REACTOME_G2_M_CHECKPOINTS,True
G1 -> S,2,euclidean,REACTOME_MITOTIC_SPINDLE_CHECKPOINT,True
G1 -> S,2,euclidean,REACTOME_CELL_CYCLE_CHECKPOINTS,True
G1 -> S,2,euclidean,REACTOME_RRNA_PROCESSING,False
G1 -> S,2,euclidean,REACTOME_BASE_EXCISION_REPAIR,False
G1 -> S,2,euclidean,REACTOME_CHROMOSOME_MAINTENANCE,True
G1 -> S,2,euclidean,REACTOME_DNA_DAMAGE_BYPASS,False
G1 -> S,2,euclidean,REACTOME_DNA_REPAIR,False
G1 -> S,2,euclidean,REACTOME_RESOLUTION_OF_ABASIC_SITES_AP_SITES,False
G1 -> S,2,euclidean,REACTOME_PROTEIN_UBIQUITINATION,False
G1 -> S,2,euclidean,REACTOME_GOLGI_TO_ER_RETROGRADE_TRANSPORT,False
G1 -> S,2,euclidean,REACTOME_E3_UBIQUITIN_LIGASES_UBIQUITINATE_TARGET_PROTEINS,False
G1 -> S,2,euclidean,REACTOME_NGF_STIMULATED_TRANSCRIPTION,False
G1 -> S,2,euclidean,REACTOME_SELECTIVE_AUTOPHAGY,False
G1 -> S,2,euclidean,REACTOME_SIGNALING_BY_RHO_GTPASES_MIRO_GTPASES_AND_RHOBTB3,False
G1 -> S,2,cosine,REACTOME_APOPTOSIS,False
G1 -> S,2,cosine,REACTOME_INTRINSIC_PATHWAY_FOR_APOPTOSIS,False
G1 -> S,2,cosine,REACTOME_TRANSLESION_SYNTHESIS_BY_Y_FAMILY_DNA_POLYMERASES_BYPASSES_LESIONS_ON_DNA_TEMPLATE,False
G1 -> S,2,cosine,REACTOME_RECOGNITION_OF_DNA_DAMAGE_BY_PCNA_CONTAINING_REPLICATION_COMPLEX,True
G1 -> S,2,cosine,REACTOME_TRANSLESION_SYNTHESIS_BY_POLH,False
G1 -> S,2,cosine,REACTOME_RESOLUTION_OF_AP_SITES_VIA_THE_MULTIPLE_NUCLEOTIDE_PATCH_REPLACEMENT_PATHWAY,False
G1 -> S,2,cosine,REACTOME_E2F_MEDIATED_REGULATION_OF_DNA_REPLICATION,True
G1 -> S,2,cosine,REACTOME_ACTIVATION_OF_BH3_ONLY_PROTEINS,False
G1 -> S,2,cosine,REACTOME_ADAPTIVE_IMMUNE_SYSTEM,False
G1 -> S,2,cosine,REACTOME_TRANSCRIPTION_OF_E2F_TARGETS_UNDER_NEGATIVE_CONTROL_BY_DREAM_COMPLEX,True
G1 -> S,2,cosine,REACTOME_TRANSCRIPTION_OF_E2F_TARGETS_UNDER_NEGATIVE_CONTROL_BY_P107_RBL1_AND_P130_RBL2_IN_COMPLEX_WITH_HDAC1,True
G1 -> S,2,cosine,REACTOME_INHIBITION_OF_THE_PROTEOLYTIC_ACTIVITY_OF_APC_C_REQUIRED_FOR_THE_ONSET_OF_ANAPHASE_BY_MITOTIC_SPINDLE_CHECKPOINT_COMPONENTS,True
G1 -> S,2,cosine,REACTOME_G0_AND_EARLY_G1,True
G1 -> S,2,cosine,REACTOME_POLO_LIKE_KINASE_MEDIATED_EVENTS,True
G1 -> S,2,cosine,REACTOME_TELOMERE_MAINTENANCE,True
G1 -> S,2,cosine,REACTOME_CELL_CYCLE,True
G1 -> S,2,cosine,REACTOME_MYD88_INDEPENDENT_TLR4_CASCADE,False
G1 -> S,2,cosine,REACTOME_TOLL_LIKE_RECEPTOR_TLR1_TLR2_CASCADE,False
G1 -> S,2,cosine,REACTOME_NUCLEOTIDE_BINDING_DOMAIN_LEUCINE_RICH_REPEAT_CONTAINING_RECEPTOR_NLR_SIGNALING_PATHWAYS,False
G1 -> S,2,cosine,REACTOME_TOLL_LIKE_RECEPTOR_CASCADES,False
G1 -> S,2,cosine,REACTOME_APC_C_CDC20_MEDIATED_DEGRADATION_OF_CYCLIN_B,True
G1 -> S,2,cosine,REACTOME_APC_C_MEDIATED_DEGRADATION_OF_CELL_CYCLE_PROTEINS,True
G1 -> S,2,cosine,REACTOME_APC_C_CDH1_MEDIATED_DEGRADATION_OF_CDC20_AND_OTHER_APC_C_CDH1_TARGETED_PROTEINS_IN_LATE_MITOSIS_EARLY_G1,True
G1 -> S,2,cosine,REACTOME_POLYMERASE_SWITCHING_ON_THE_C_STRAND_OF_THE_TELOMERE,True
G1 -> S,2,cosine,REACTOME_TELOMERE_C_STRAND_LAGGING_STRAND_SYNTHESIS,True
G1 -> S,2,cosine,REACTOME_ACTIVATION_OF_ATR_IN_RESPONSE_TO_REPLICATION_STRESS,True
G1 -> S,2,cosine,REACTOME_PHOSPHORYLATION_OF_EMI1,False
G1 -> S,2,cosine,REACTOME_APC_CDC20_MEDIATED_DEGRADATION_OF_NEK2A,True
G1 -> S,2,cosine,REACTOME_EXTENSION_OF_TELOMERES,True
G1 -> S,2,cosine,REACTOME_ORGANELLE_BIOGENESIS_AND_MAINTENANCE,False
G1 -> S,2,cosine,REACTOME_RHO_GTPASE_EFFECTORS,False
G1 -> S,2,cosine,REACTOME_MEMBRANE_TRAFFICKING,False
G1 -> S,2,cosine,REACTOME_MHC_CLASS_II_ANTIGEN_PRESENTATION,False
G1 -> S,2,cosine,REACTOME_SMAD2_SMAD3_SMAD4_HETEROTRIMER_REGULATES_TRANSCRIPTION,False
G1 -> S,2,cosine,REACTOME_SEPARATION_OF_SISTER_CHROMATIDS,True
G1 -> S,2,cosine,REACTOME_RESOLUTION_OF_SISTER_CHROMATID_COHESION,True
G1 -> S,2,cosine,REACTOME_CONDENSATION_OF_PROMETAPHASE_CHROMOSOMES,True
G1 -> S,2,cosine,REACTOME_MITOTIC_METAPHASE_AND_ANAPHASE,True
G1 -> S,2,cosine,REACTOME_OXIDATIVE_STRESS_INDUCED_SENESCENCE,False
G1 -> S,2,cosine,REACTOME_SENESCENCE_ASSOCIATED_SECRETORY_PHENOTYPE_SASP,False
G1 -> S,2,cosine,REACTOME_CELLULAR_SENESCENCE,False
G1 -> S,2,cosine,REACTOME_ONCOGENE_INDUCED_SENESCENCE,False
G1 -> S,2,cosine,REACTOME_REGULATION_OF_PLK1_ACTIVITY_AT_G2_M_TRANSITION,True
G1 -> S,2,cosine,REACTOME_NUCLEAR_ENVELOPE_BREAKDOWN,True
G1 -> S,2,cosine,REACTOME_ACTIVATION_OF_NIMA_KINASES_NEK9_NEK6_NEK7,False
G1 -> S,2,cosine,REACTOME_INITIATION_OF_NUCLEAR_ENVELOPE_NE_REFORMATION,False
G1 -> S,2,cosine,REACTOME_NUCLEAR_ENVELOPE_NE_REASSEMBLY,False
G1 -> S,2,cosine,REACTOME_NUCLEAR_PORE_COMPLEX_NPC_DISASSEMBLY,False
G1 -> S,2,cosine,REACTOME_HSP90_CHAPERONE_CYCLE_FOR_STEROID_HORMONE_RECEPTORS_SHR_IN_THE_PRESENCE_OF_LIGAND,False
G1 -> S,2,cosine,REACTOME_TRANSCRIPTIONAL_REGULATION_BY_TP53,False
G1 -> S,2,cosine,REACTOME_RECRUITMENT_OF_MITOTIC_CENTROSOME_PROTEINS_AND_COMPLEXES,True
G1 -> S,2,cosine,REACTOME_RECRUITMENT_OF_NUMA_TO_MITOTIC_CENTROSOMES,True
G1 -> S,2,cosine,REACTOME_RECYCLING_PATHWAY_OF_L1,True
G1 -> S,2,cosine,REACTOME_INTERLEUKIN_17_SIGNALING,False
G1 -> S,2,cosine,REACTOME_MITOTIC_G2_G2_M_PHASES,True
G1 -> S,2,cosine,REACTOME_MITOTIC_G1_PHASE_AND_G1_S_TRANSITION,True
G1 -> S,2,cosine,REACTOME_PROGRAMMED_CELL_DEATH,False
G1 -> S,2,cosine,REACTOME_REGULATION_OF_TNFR1_SIGNALING,False
G1 -> S,2,cosine,REACTOME_TNFR1_INDUCED_NFKAPPAB_SIGNALING_PATHWAY,False
G1 -> S,2,cosine,REACTOME_MISMATCH_REPAIR,False
G1 -> S,2,cosine,REACTOME_CILIUM_ASSEMBLY,False
G1 -> S,2,cosine,REACTOME_ANCHORING_OF_THE_BASAL_BODY_TO_THE_PLASMA_MEMBRANE,False
G1 -> S,2,cosine,REACTOME_REGULATION_OF_TP53_ACTIVITY,False
G1 -> S,2,cosine,REACTOME_PCNA_DEPENDENT_LONG_PATCH_BASE_EXCISION_REPAIR,False
G1 -> S,2,cosine,REACTOME_VESICLE_MEDIATED_TRANSPORT,False
G1 -> S,2,cosine,REACTOME_TRANSLESION_SYNTHESIS_BY_POLK,False
G1 -> S,2,cosine,REACTOME_TERMINATION_OF_TRANSLESION_DNA_SYNTHESIS,False
G1 -> S,2,cosine,REACTOME_RHO_GTPASES_ACTIVATE_FORMINS,False
G1 -> S,2,cosine,REACTOME_HDR_THROUGH_SINGLE_STRAND_ANNEALING_SSA,False
G1 -> S,2,cosine,REACTOME_HDR_THROUGH_HOMOLOGOUS_RECOMBINATION_HRR,False
G1 -> S,2,cosine,REACTOME_DEUBIQUITINATION,False
G1 -> S,2,cosine,REACTOME_UB_SPECIFIC_PROCESSING_PROTEASES,False
G1 -> S,2,cosine,REACTOME_DNA_DOUBLE_STRAND_BREAK_REPAIR,False
G1 -> S,2,cosine,REACTOME_HOMOLOGY_DIRECTED_REPAIR,False
G1 -> S,2,cosine,REACTOME_HOMOLOGOUS_DNA_PAIRING_AND_STRAND_EXCHANGE,False
G1 -> S,2,cosine,REACTOME_DNA_DOUBLE_STRAND_BREAK_RESPONSE,False
G1 -> S,2,cosine,REACTOME_PROCESSING_OF_DNA_DOUBLE_STRAND_BREAK_ENDS,False
G1 -> S,2,cosine,REACTOME_FORMATION_OF_INCISION_COMPLEX_IN_GG_NER,False
G1 -> S,2,cosine,REACTOME_GAP_FILLING_DNA_REPAIR_SYNTHESIS_AND_LIGATION_IN_GG_NER,False
G1 -> S,2,cosine,REACTOME_NUCLEOTIDE_EXCISION_REPAIR,False
G1 -> S,2,cosine,REACTOME_GLOBAL_GENOME_NUCLEOTIDE_EXCISION_REPAIR_GG_NER,False
G1 -> S,2,cosine,REACTOME_DUAL_INCISION_IN_GG_NER,False
G1 -> S,2,cosine,REACTOME_DEPOSITION_OF_NEW_CENPA_CONTAINING_NUCLEOSOMES_AT_THE_CENTROMERE,False
G1 -> S,2,cosine,REACTOME_TRANSCRIPTION_COUPLED_NUCLEOTIDE_EXCISION_REPAIR_TC_NER,False
G1 -> S,2,cosine,REACTOME_DUAL_INCISION_IN_TC_NER,False
G1 -> S,2,cosine,REACTOME_FANCONI_ANEMIA_PATHWAY,False
G1 -> S,2,cosine,REACTOME_RRNA_MODIFICATION_IN_THE_NUCLEUS_AND_CYTOSOL,False
G1 -> S,2,cosine,REACTOME_TP53_REGULATES_TRANSCRIPTION_OF_CELL_CYCLE_GENES,True
G1 -> S,2,cosine,REACTOME_TP53_REGULATES_TRANSCRIPTION_OF_GENES_INVOLVED_IN_G2_CELL_CYCLE_ARREST,True
G1 -> S,2,cosine,REACTOME_TP53_REGULATES_TRANSCRIPTION_OF_GENES_INVOLVED_IN_G1_CELL_CYCLE_ARREST,True
G1 -> S,2,cosine,REACTOME_REGULATION_OF_TP53_ACTIVITY_THROUGH_PHOSPHORYLATION,False
G1 -> S,2,cosine,REACTOME_COPI_DEPENDENT_GOLGI_TO_ER_RETROGRADE_TRAFFIC,False
G1 -> S,2,cosine,REACTOME_COPI_INDEPENDENT_GOLGI_TO_ER_RETROGRADE_TRAFFIC,False
G1 -> S,2,cosine,REACTOME_INTRA_GOLGI_AND_RETROGRADE_GOLGI_TO_ER_TRAFFIC,False
G1 -> S,2,cosine,REACTOME_MITOTIC_PROPHASE,True
G1 -> S,2,cosine,REACTOME_MITOTIC_PROMETAPHASE,True
G1 -> S,2,cosine,REACTOME_MITOTIC_TELOPHASE_CYTOKINESIS,True
G1 -> S,2,cosine,REACTOME_M_PHASE,True
G1 -> S,2,cosine,REACTOME_ORC1_REMOVAL_FROM_CHROMATIN,True
G1 -> S,2,cosine,REACTOME_ACTIVATION_OF_THE_PRE_REPLICATIVE_COMPLEX,False
G1 -> S,2,cosine,REACTOME_DNA_REPLICATION_PRE_INITIATION,True
G1 -> S,2,cosine,REACTOME_SWITCHING_OF_ORIGINS_TO_A_POST_REPLICATIVE_STATE,False
G1 -> S,2,cosine,REACTOME_POLYMERASE_SWITCHING,False
G1 -> S,2,cosine,REACTOME_LAGGING_STRAND_SYNTHESIS,True
G1 -> S,2,cosine,REACTOME_DNA_STRAND_ELONGATION,False
G1 -> S,2,cosine,REACTOME_G1_S_SPECIFIC_TRANSCRIPTION,True
G1 -> S,2,cosine,REACTOME_CYCLIN_D_ASSOCIATED_EVENTS_IN_G1,True
G1 -> S,2,cosine,REACTOME_SYNTHESIS_OF_DNA,False
G1 -> S,2,cosine,REACTOME_S_PHASE,True
G1 -> S,2,cosine,REACTOME_CYCLIN_A_B1_B2_ASSOCIATED_EVENTS_DURING_G2_M_TRANSITION,True
G1 -> S,2,cosine,REACTOME_CELL_CYCLE_MITOTIC,True
G1 -> S,2,cosine,REACTOME_DNA_REPLICATION,True
G1 -> S,2,cosine,REACTOME_G2_M_DNA_DAMAGE_CHECKPOINT,True
G1 -> S,2,cosine,REACTOME_G2_M_CHECKPOINTS,True
G1 -> S,2,cosine,REACTOME_MITOTIC_SPINDLE_CHECKPOINT,True
G1 -> S,2,cosine,REACTOME_CELL_CYCLE_CHECKPOINTS,True
G1 -> S,2,cosine,REACTOME_CYCLIN_A_CDK2_ASSOCIATED_EVENTS_AT_S_PHASE_ENTRY,True
G1 -> S,2,cosine,REACTOME_RRNA_PROCESSING,False
G1 -> S,2,cosine,REACTOME_RNA_POLYMERASE_II_TRANSCRIPTION,False
G1 -> S,2,cosine,REACTOME_BASE_EXCISION_REPAIR,False
G1 -> S,2,cosine,REACTOME_CHROMOSOME_MAINTENANCE,True
G1 -> S,2,cosine,REACTOME_DNA_DAMAGE_BYPASS,False
G1 -> S,2,cosine,REACTOME_DNA_REPAIR,False
G1 -> S,2,cosine,REACTOME_RESOLUTION_OF_ABASIC_SITES_AP_SITES,False
G1 -> S,2,cosine,REACTOME_TNF_SIGNALING,False
G1 -> S,2,cosine,REACTOME_PROTEIN_UBIQUITINATION,False
G1 -> S,2,cosine,REACTOME_THE_ROLE_OF_GTSE1_IN_G2_M_PROGRESSION_AFTER_G2_CHECKPOINT,True
G1 -> S,2,cosine,REACTOME_AURKA_ACTIVATION_BY_TPX2,True
G1 -> S,2,cosine,REACTOME_GOLGI_TO_ER_RETROGRADE_TRANSPORT,False
G1 -> S,2,cosine,REACTOME_E3_UBIQUITIN_LIGASES_UBIQUITINATE_TARGET_PROTEINS,False
G1 -> S,2,cosine,REACTOME_METABOLISM_OF_RNA,False
G1 -> S,2,cosine,REACTOME_PEROXISOMAL_PROTEIN_IMPORT,False
G1 -> S,2,cosine,REACTOME_PROTEIN_LOCALIZATION,False
G1 -> S,2,cosine,REACTOME_AUTOPHAGY,False
G1 -> S,2,cosine,REACTOME_AGGREPHAGY,False
G1 -> S,2,cosine,REACTOME_ABERRANT_REGULATION_OF_MITOTIC_G1_S_TRANSITION_IN_CANCER_DUE_TO_RB1_DEFECTS,True
G1 -> S,2,cosine,REACTOME_SELECTIVE_AUTOPHAGY,False
G1 -> S,2,cosine,REACTOME_DISEASES_OF_MITOTIC_CELL_CYCLE,True
G1 -> S,2,cosine,REACTOME_DISEASES_OF_DNA_REPAIR,False
G1 -> S,2,cosine,REACTOME_SIGNALING_BY_RHO_GTPASES_MIRO_GTPASES_AND_RHOBTB3,False
G1 -> S,2,cosine,REACTOME_KINESINS,False
G1 -> S,2,cosine,REACTOME_FACTORS_INVOLVED_IN_MEGAKARYOCYTE_DEVELOPMENT_AND_PLATELET_PRODUCTION,False
G1 -> S,2,radial,REACTOME_TRANSLESION_SYNTHESIS_BY_Y_FAMILY_DNA_POLYMERASES_BYPASSES_LESIONS_ON_DNA_TEMPLATE,False
G1 -> S,2,radial,REACTOME_RECOGNITION_OF_DNA_DAMAGE_BY_PCNA_CONTAINING_REPLICATION_COMPLEX,True
G1 -> S,2,radial,REACTOME_TRANSLESION_SYNTHESIS_BY_POLH,False
G1 -> S,2,radial,REACTOME_RESOLUTION_OF_AP_SITES_VIA_THE_MULTIPLE_NUCLEOTIDE_PATCH_REPLACEMENT_PATHWAY,False
G1 -> S,2,radial,REACTOME_ACTIVATION_OF_BH3_ONLY_PROTEINS,False
G1 -> S,2,radial,REACTOME_TRANSCRIPTION_OF_E2F_TARGETS_UNDER_NEGATIVE_CONTROL_BY_DREAM_COMPLEX,True
G1 -> S,2,radial,REACTOME_G0_AND_EARLY_G1,True
G1 -> S,2,radial,REACTOME_POLO_LIKE_KINASE_MEDIATED_EVENTS,True
G1 -> S,2,radial,REACTOME_TELOMERE_MAINTENANCE,True
G1 -> S,2,radial,REACTOME_CELL_CYCLE,True
G1 -> S,2,radial,REACTOME_APC_C_CDC20_MEDIATED_DEGRADATION_OF_CYCLIN_B,True
G1 -> S,2,radial,REACTOME_APC_C_MEDIATED_DEGRADATION_OF_CELL_CYCLE_PROTEINS,True
G1 -> S,2,radial,REACTOME_POLYMERASE_SWITCHING_ON_THE_C_STRAND_OF_THE_TELOMERE,True
G1 -> S,2,radial,REACTOME_TELOMERE_C_STRAND_LAGGING_STRAND_SYNTHESIS,True
G1 -> S,2,radial,REACTOME_ACTIVATION_OF_ATR_IN_RESPONSE_TO_REPLICATION_STRESS,True
G1 -> S,2,radial,REACTOME_PHOSPHORYLATION_OF_EMI1,False
G1 -> S,2,radial,REACTOME_EXTENSION_OF_TELOMERES,True
G1 -> S,2,radial,REACTOME_RHO_GTPASE_EFFECTORS,False
G1 -> S,2,radial,REACTOME_SEPARATION_OF_SISTER_CHROMATIDS,True
G1 -> S,2,radial,REACTOME_RESOLUTION_OF_SISTER_CHROMATID_COHESION,True
G1 -> S,2,radial,REACTOME_CONDENSATION_OF_PROMETAPHASE_CHROMOSOMES,True
G1 -> S,2,radial,REACTOME_MITOTIC_METAPHASE_AND_ANAPHASE,True
G1 -> S,2,radial,REACTOME_ACTIVATION_OF_NIMA_KINASES_NEK9_NEK6_NEK7,False
G1 -> S,2,radial,REACTOME_INITIATION_OF_NUCLEAR_ENVELOPE_NE_REFORMATION,False
G1 -> S,2,radial,REACTOME_TRANSCRIPTIONAL_REGULATION_BY_TP53,False
G1 -> S,2,radial,REACTOME_MITOTIC_G2_G2_M_PHASES,True
G1 -> S,2,radial,REACTOME_MITOTIC_G1_PHASE_AND_G1_S_TRANSITION,True
G1 -> S,2,radial,REACTOME_REGULATION_OF_TP53_ACTIVITY,False
G1 -> S,2,radial,REACTOME_PCNA_DEPENDENT_LONG_PATCH_BASE_EXCISION_REPAIR,False
G1 -> S,2,radial,REACTOME_TRANSLESION_SYNTHESIS_BY_POLK,False
G1 -> S,2,radial,REACTOME_TERMINATION_OF_TRANSLESION_DNA_SYNTHESIS,False
G1 -> S,2,radial,REACTOME_RHO_GTPASES_ACTIVATE_FORMINS,False
G1 -> S,2,radial,REACTOME_HDR_THROUGH_HOMOLOGOUS_RECOMBINATION_HRR,False
G1 -> S,2,radial,REACTOME_DNA_DOUBLE_STRAND_BREAK_REPAIR,False
G1 -> S,2,radial,REACTOME_HOMOLOGY_DIRECTED_REPAIR,False
G1 -> S,2,radial,REACTOME_PROCESSING_OF_DNA_DOUBLE_STRAND_BREAK_ENDS,False
G1 -> S,2,radial,REACTOME_GAP_FILLING_DNA_REPAIR_SYNTHESIS_AND_LIGATION_IN_GG_NER,False
G1 -> S,2,radial,REACTOME_NUCLEOTIDE_EXCISION_REPAIR,False
G1 -> S,2,radial,REACTOME_GLOBAL_GENOME_NUCLEOTIDE_EXCISION_REPAIR_GG_NER,False
G1 -> S,2,radial,REACTOME_DUAL_INCISION_IN_GG_NER,False
G1 -> S,2,radial,REACTOME_TRANSCRIPTION_COUPLED_NUCLEOTIDE_EXCISION_REPAIR_TC_NER,False
G1 -> S,2,radial,REACTOME_DUAL_INCISION_IN_TC_NER,False
G1 -> S,2,radial,REACTOME_TP53_REGULATES_TRANSCRIPTION_OF_CELL_CYCLE_GENES,True
G1 -> S,2,radial,REACTOME_TP53_REGULATES_TRANSCRIPTION_OF_GENES_INVOLVED_IN_G2_CELL_CYCLE_ARREST,True
G1 -> S,2,radial,REACTOME_REGULATION_OF_TP53_ACTIVITY_THROUGH_PHOSPHORYLATION,False
G1 -> S,2,radial,REACTOME_COPI_DEPENDENT_GOLGI_TO_ER_RETROGRADE_TRAFFIC,False
G1 -> S,2,radial,REACTOME_INTRA_GOLGI_AND_RETROGRADE_GOLGI_TO_ER_TRAFFIC,False
G1 -> S,2,radial,REACTOME_MITOTIC_PROMETAPHASE,True
G1 -> S,2,radial,REACTOME_M_PHASE,True
G1 -> S,2,radial,REACTOME_ACTIVATION_OF_THE_PRE_REPLICATIVE_COMPLEX,False
G1 -> S,2,radial,REACTOME_DNA_REPLICATION_PRE_INITIATION,True
G1 -> S,2,radial,REACTOME_SWITCHING_OF_ORIGINS_TO_A_POST_REPLICATIVE_STATE,False
G1 -> S,2,radial,REACTOME_POLYMERASE_SWITCHING,False
G1 -> S,2,radial,REACTOME_LAGGING_STRAND_SYNTHESIS,True
G1 -> S,2,radial,REACTOME_DNA_STRAND_ELONGATION,False
G1 -> S,2,radial,REACTOME_G1_S_SPECIFIC_TRANSCRIPTION,True
G1 -> S,2,radial,REACTOME_SYNTHESIS_OF_DNA,False
G1 -> S,2,radial,REACTOME_S_PHASE,True
G1 -> S,2,radial,REACTOME_CYCLIN_A_B1_B2_ASSOCIATED_EVENTS_DURING_G2_M_TRANSITION,True
G1 -> S,2,radial,REACTOME_CELL_CYCLE_MITOTIC,True
G1 -> S,2,radial,REACTOME_DNA_REPLICATION,True
G1 -> S,2,radial,REACTOME_G2_M_DNA_DAMAGE_CHECKPOINT,True
G1 -> S,2,radial,REACTOME_G2_M_CHECKPOINTS,True
G1 -> S,2,radial,REACTOME_MITOTIC_SPINDLE_CHECKPOINT,True
G1 -> S,2,radial,REACTOME_CELL_CYCLE_CHECKPOINTS,True
G1 -> S,2,radial,REACTOME_BASE_EXCISION_REPAIR,False
G1 -> S,2,radial,REACTOME_CHROMOSOME_MAINTENANCE,True
G1 -> S,2,radial,REACTOME_DNA_DAMAGE_BYPASS,False
G1 -> S,2,radial,REACTOME_DNA_REPAIR,False
G1 -> S,2,radial,REACTOME_RESOLUTION_OF_ABASIC_SITES_AP_SITES,False
G1 -> S,2,radial,REACTOME_GOLGI_TO_ER_RETROGRADE_TRANSPORT,False
G1 -> S,2,radial,REACTOME_SIGNALING_BY_RHO_GTPASES_MIRO_GTPASES_AND_RHOBTB3,False
G1 -> S,2,default,REACTOME_APOPTOSIS,False
G1 -> S,2,default,REACTOME_INTRINSIC_PATHWAY_FOR_APOPTOSIS,False
G1 -> S,2,default,REACTOME_TRANSLESION_SYNTHESIS_BY_Y_FAMILY_DNA_POLYMERASES_BYPASSES_LESIONS_ON_DNA_TEMPLATE,False
G1 -> S,2,default,REACTOME_RECOGNITION_OF_DNA_DAMAGE_BY_PCNA_CONTAINING_REPLICATION_COMPLEX,True
G1 -> S,2,default,REACTOME_TRANSLESION_SYNTHESIS_BY_POLH,False
G1 -> S,2,default,REACTOME_RESOLUTION_OF_AP_SITES_VIA_THE_MULTIPLE_NUCLEOTIDE_PATCH_REPLACEMENT_PATHWAY,False
G1 -> S,2,default,REACTOME_E2F_MEDIATED_REGULATION_OF_DNA_REPLICATION,True
G1 -> S,2,default,REACTOME_ACTIVATION_OF_BH3_ONLY_PROTEINS,False
G1 -> S,2,default,REACTOME_ADAPTIVE_IMMUNE_SYSTEM,False
G1 -> S,2,default,REACTOME_TRANSCRIPTION_OF_E2F_TARGETS_UNDER_NEGATIVE_CONTROL_BY_DREAM_COMPLEX,True
G1 -> S,2,default,REACTOME_TRANSCRIPTION_OF_E2F_TARGETS_UNDER_NEGATIVE_CONTROL_BY_P107_RBL1_AND_P130_RBL2_IN_COMPLEX_WITH_HDAC1,True
G1 -> S,2,default,REACTOME_INHIBITION_OF_THE_PROTEOLYTIC_ACTIVITY_OF_APC_C_REQUIRED_FOR_THE_ONSET_OF_ANAPHASE_BY_MITOTIC_SPINDLE_CHECKPOINT_COMPONENTS,True
G1 -> S,2,default,REACTOME_G0_AND_EARLY_G1,True
G1 -> S,2,default,REACTOME_POLO_LIKE_KINASE_MEDIATED_EVENTS,True
G1 -> S,2,default,REACTOME_TELOMERE_MAINTENANCE,True
G1 -> S,2,default,REACTOME_CELL_CYCLE,True
G1 -> S,2,default,REACTOME_SIGNALING_BY_NTRKS,False
G1 -> S,2,default,REACTOME_APC_C_CDC20_MEDIATED_DEGRADATION_OF_CYCLIN_B,True
G1 -> S,2,default,REACTOME_APC_C_MEDIATED_DEGRADATION_OF_CELL_CYCLE_PROTEINS,True
G1 -> S,2,default,REACTOME_APC_C_CDH1_MEDIATED_DEGRADATION_OF_CDC20_AND_OTHER_APC_C_CDH1_TARGETED_PROTEINS_IN_LATE_MITOSIS_EARLY_G1,True
G1 -> S,2,default,REACTOME_POLYMERASE_SWITCHING_ON_THE_C_STRAND_OF_THE_TELOMERE,True
G1 -> S,2,default,REACTOME_TELOMERE_C_STRAND_LAGGING_STRAND_SYNTHESIS,True
G1 -> S,2,default,REACTOME_ACTIVATION_OF_ATR_IN_RESPONSE_TO_REPLICATION_STRESS,True
G1 -> S,2,default,REACTOME_PHOSPHORYLATION_OF_EMI1,False
G1 -> S,2,default,REACTOME_APC_CDC20_MEDIATED_DEGRADATION_OF_NEK2A,True
G1 -> S,2,default,REACTOME_EXTENSION_OF_TELOMERES,True
G1 -> S,2,default,REACTOME_ORGANELLE_BIOGENESIS_AND_MAINTENANCE,False
G1 -> S,2,default,REACTOME_RHO_GTPASE_EFFECTORS,False
G1 -> S,2,default,REACTOME_NUCLEAR_EVENTS_KINASE_AND_TRANSCRIPTION_FACTOR_ACTIVATION,False
G1 -> S,2,default,REACTOME_MEMBRANE_TRAFFICKING,False
G1 -> S,2,default,REACTOME_MHC_CLASS_II_ANTIGEN_PRESENTATION,False
G1 -> S,2,default,REACTOME_SEPARATION_OF_SISTER_CHROMATIDS,True
G1 -> S,2,default,REACTOME_RESOLUTION_OF_SISTER_CHROMATID_COHESION,True
G1 -> S,2,default,REACTOME_CONDENSATION_OF_PROMETAPHASE_CHROMOSOMES,True
G1 -> S,2,default,REACTOME_MITOTIC_METAPHASE_AND_ANAPHASE,True
G1 -> S,2,default,REACTOME_CELLULAR_SENESCENCE,False
G1 -> S,2,default,REACTOME_ONCOGENE_INDUCED_SENESCENCE,False
G1 -> S,2,default,REACTOME_REGULATION_OF_PLK1_ACTIVITY_AT_G2_M_TRANSITION,True
G1 -> S,2,default,REACTOME_NUCLEAR_ENVELOPE_BREAKDOWN,True
G1 -> S,2,default,REACTOME_ACTIVATION_OF_NIMA_KINASES_NEK9_NEK6_NEK7,False
G1 -> S,2,default,REACTOME_INITIATION_OF_NUCLEAR_ENVELOPE_NE_REFORMATION,False
G1 -> S,2,default,REACTOME_NUCLEAR_ENVELOPE_NE_REASSEMBLY,False
G1 -> S,2,default,REACTOME_NUCLEAR_PORE_COMPLEX_NPC_DISASSEMBLY,False
G1 -> S,2,default,REACTOME_HSP90_CHAPERONE_CYCLE_FOR_STEROID_HORMONE_RECEPTORS_SHR_IN_THE_PRESENCE_OF_LIGAND,False
G1 -> S,2,default,REACTOME_TRANSCRIPTIONAL_REGULATION_BY_TP53,False
G1 -> S,2,default,REACTOME_RECRUITMENT_OF_MITOTIC_CENTROSOME_PROTEINS_AND_COMPLEXES,True
G1 -> S,2,default,REACTOME_RECRUITMENT_OF_NUMA_TO_MITOTIC_CENTROSOMES,True
G1 -> S,2,default,REACTOME_MITOTIC_G2_G2_M_PHASES,True
G1 -> S,2,default,REACTOME_MITOTIC_G1_PHASE_AND_G1_S_TRANSITION,True
G1 -> S,2,default,REACTOME_PROGRAMMED_CELL_DEATH,False
G1 -> S,2,default,REACTOME_MISMATCH_REPAIR,False
G1 -> S,2,default,REACTOME_CILIUM_ASSEMBLY,False
G1 -> S,2,default,REACTOME_ANCHORING_OF_THE_BASAL_BODY_TO_THE_PLASMA_MEMBRANE,False
G1 -> S,2,default,REACTOME_INTRAFLAGELLAR_TRANSPORT,False
G1 -> S,2,default,REACTOME_REGULATION_OF_TP53_ACTIVITY,False
G1 -> S,2,default,REACTOME_PCNA_DEPENDENT_LONG_PATCH_BASE_EXCISION_REPAIR,False
G1 -> S,2,default,REACTOME_VESICLE_MEDIATED_TRANSPORT,False
G1 -> S,2,default,REACTOME_TRANSLESION_SYNTHESIS_BY_POLK,False
G1 -> S,2,default,REACTOME_TERMINATION_OF_TRANSLESION_DNA_SYNTHESIS,False
G1 -> S,2,default,REACTOME_RHO_GTPASES_ACTIVATE_FORMINS,False
G1 -> S,2,default,REACTOME_HDR_THROUGH_SINGLE_STRAND_ANNEALING_SSA,False
G1 -> S,2,default,REACTOME_HDR_THROUGH_HOMOLOGOUS_RECOMBINATION_HRR,False
G1 -> S,2,default,REACTOME_DEUBIQUITINATION,False
G1 -> S,2,default,REACTOME_UB_SPECIFIC_PROCESSING_PROTEASES,False
G1 -> S,2,default,REACTOME_DNA_DOUBLE_STRAND_BREAK_REPAIR,False
G1 -> S,2,default,REACTOME_HOMOLOGY_DIRECTED_REPAIR,False
G1 -> S,2,default,REACTOME_HOMOLOGOUS_DNA_PAIRING_AND_STRAND_EXCHANGE,False
G1 -> S,2,default,REACTOME_DNA_DOUBLE_STRAND_BREAK_RESPONSE,False
G1 -> S,2,default,REACTOME_PROCESSING_OF_DNA_DOUBLE_STRAND_BREAK_ENDS,False
G1 -> S,2,default,REACTOME_FORMATION_OF_INCISION_COMPLEX_IN_GG_NER,False
G1 -> S,2,default,REACTOME_GAP_FILLING_DNA_REPAIR_SYNTHESIS_AND_LIGATION_IN_GG_NER,False
G1 -> S,2,default,REACTOME_NUCLEOTIDE_EXCISION_REPAIR,False
G1 -> S,2,default,REACTOME_GLOBAL_GENOME_NUCLEOTIDE_EXCISION_REPAIR_GG_NER,False
G1 -> S,2,default,REACTOME_DUAL_INCISION_IN_GG_NER,False
G1 -> S,2,default,REACTOME_DEPOSITION_OF_NEW_CENPA_CONTAINING_NUCLEOSOMES_AT_THE_CENTROMERE,False
G1 -> S,2,default,REACTOME_TRANSCRIPTION_COUPLED_NUCLEOTIDE_EXCISION_REPAIR_TC_NER,False
G1 -> S,2,default,REACTOME_DUAL_INCISION_IN_TC_NER,False
G1 -> S,2,default,REACTOME_FANCONI_ANEMIA_PATHWAY,False
G1 -> S,2,default,REACTOME_RRNA_MODIFICATION_IN_THE_NUCLEUS_AND_CYTOSOL,False
G1 -> S,2,default,REACTOME_TP53_REGULATES_TRANSCRIPTION_OF_CELL_CYCLE_GENES,True
G1 -> S,2,default,REACTOME_TP53_REGULATES_TRANSCRIPTION_OF_GENES_INVOLVED_IN_G2_CELL_CYCLE_ARREST,True
G1 -> S,2,default,REACTOME_TP53_REGULATES_TRANSCRIPTION_OF_GENES_INVOLVED_IN_G1_CELL_CYCLE_ARREST,True
G1 -> S,2,default,REACTOME_REGULATION_OF_TP53_ACTIVITY_THROUGH_PHOSPHORYLATION,False
G1 -> S,2,default,REACTOME_COPI_DEPENDENT_GOLGI_TO_ER_RETROGRADE_TRAFFIC,False
G1 -> S,2,default,REACTOME_COPI_INDEPENDENT_GOLGI_TO_ER_RETROGRADE_TRAFFIC,False
G1 -> S,2,default,REACTOME_INTRA_GOLGI_AND_RETROGRADE_GOLGI_TO_ER_TRAFFIC,False
G1 -> S,2,default,REACTOME_MITOTIC_PROPHASE,True
G1 -> S,2,default,REACTOME_MITOTIC_PROMETAPHASE,True
G1 -> S,2,default,REACTOME_MITOTIC_TELOPHASE_CYTOKINESIS,True
G1 -> S,2,default,REACTOME_M_PHASE,True
G1 -> S,2,default,REACTOME_ORC1_REMOVAL_FROM_CHROMATIN,True
G1 -> S,2,default,REACTOME_ACTIVATION_OF_THE_PRE_REPLICATIVE_COMPLEX,False
G1 -> S,2,default,REACTOME_DNA_REPLICATION_PRE_INITIATION,True
G1 -> S,2,default,REACTOME_SWITCHING_OF_ORIGINS_TO_A_POST_REPLICATIVE_STATE,False
G1 -> S,2,default,REACTOME_POLYMERASE_SWITCHING,False
G1 -> S,2,default,REACTOME_LAGGING_STRAND_SYNTHESIS,True
G1 -> S,2,default,REACTOME_DNA_STRAND_ELONGATION,False
G1 -> S,2,default,REACTOME_G1_S_SPECIFIC_TRANSCRIPTION,True
G1 -> S,2,default,REACTOME_CYCLIN_D_ASSOCIATED_EVENTS_IN_G1,True
G1 -> S,2,default,REACTOME_SYNTHESIS_OF_DNA,False
G1 -> S,2,default,REACTOME_S_PHASE,True
G1 -> S,2,default,REACTOME_CYCLIN_A_B1_B2_ASSOCIATED_EVENTS_DURING_G2_M_TRANSITION,True
G1 -> S,2,default,REACTOME_CELL_CYCLE_MITOTIC,True
G1 -> S,2,default,REACTOME_DNA_REPLICATION,True
G1 -> S,2,default,REACTOME_G2_M_DNA_DAMAGE_CHECKPOINT,True
G1 -> S,2,default,REACTOME_G2_M_CHECKPOINTS,True
G1 -> S,2,default,REACTOME_MITOTIC_SPINDLE_CHECKPOINT,True
G1 -> S,2,default,REACTOME_CELL_CYCLE_CHECKPOINTS,True
G1 -> S,2,default,REACTOME_CYCLIN_A_CDK2_ASSOCIATED_EVENTS_AT_S_PHASE_ENTRY,True
G1 -> S,2,default,REACTOME_RRNA_PROCESSING,False
G1 -> S,2,default,REACTOME_RNA_POLYMERASE_II_TRANSCRIPTION,False
G1 -> S,2,default,REACTOME_BASE_EXCISION_REPAIR,False
G1 -> S,2,default,REACTOME_CHROMOSOME_MAINTENANCE,True
G1 -> S,2,default,REACTOME_DNA_DAMAGE_BYPASS,False
G1 -> S,2,default,REACTOME_DNA_REPAIR,False
G1 -> S,2,default,REACTOME_RESOLUTION_OF_ABASIC_SITES_AP_SITES,False
G1 -> S,2,default,REACTOME_PROTEIN_UBIQUITINATION,False
G1 -> S,2,default,REACTOME_THE_ROLE_OF_GTSE1_IN_G2_M_PROGRESSION_AFTER_G2_CHECKPOINT,True
G1 -> S,2,default,REACTOME_AURKA_ACTIVATION_BY_TPX2,True
G1 -> S,2,default,REACTOME_GOLGI_TO_ER_RETROGRADE_TRANSPORT,False
G1 -> S,2,default,REACTOME_E3_UBIQUITIN_LIGASES_UBIQUITINATE_TARGET_PROTEINS,False
G1 -> S,2,default,REACTOME_METABOLISM_OF_RNA,False
G1 -> S,2,default,REACTOME_NGF_STIMULATED_TRANSCRIPTION,False
G1 -> S,2,default,REACTOME_PEROXISOMAL_PROTEIN_IMPORT,False
G1 -> S,2,default,REACTOME_PROTEIN_LOCALIZATION,False
G1 -> S,2,default,REACTOME_AUTOPHAGY,False
G1 -> S,2,default,REACTOME_AGGREPHAGY,False
G1 -> S,2,default,REACTOME_ABERRANT_REGULATION_OF_MITOTIC_G1_S_TRANSITION_IN_CANCER_DUE_TO_RB1_DEFECTS,True
G1 -> S,2,default,REACTOME_SELECTIVE_AUTOPHAGY,False
G1 -> S,2,default,REACTOME_DISEASES_OF_MITOTIC_CELL_CYCLE,True
G1 -> S,2,default,REACTOME_SIGNALING_BY_RHO_GTPASES_MIRO_GTPASES_AND_RHOBTB3,False
G1 -> S,2,default,REACTOME_KINESINS,False
G1 -> S,2,default,REACTOME_FACTORS_INVOLVED_IN_MEGAKARYOCYTE_DEVELOPMENT_AND_PLATELET_PRODUCTION,False
G1 -> S,2,"mean(euclidean, cosine)",REACTOME_APOPTOSIS,False
G1 -> S,2,"mean(euclidean, cosine)",REACTOME_INTRINSIC_PATHWAY_FOR_APOPTOSIS,False
G1 -> S,2,"mean(euclidean, cosine)",REACTOME_TRANSLESION_SYNTHESIS_BY_Y_FAMILY_DNA_POLYMERASES_BYPASSES_LESIONS_ON_DNA_TEMPLATE,False
G1 -> S,2,"mean(euclidean, cosine)",REACTOME_RECOGNITION_OF_DNA_DAMAGE_BY_PCNA_CONTAINING_REPLICATION_COMPLEX,True
G1 -> S,2,"mean(euclidean, cosine)",REACTOME_TRANSLESION_SYNTHESIS_BY_POLH,False
G1 -> S,2,"mean(euclidean, cosine)",REACTOME_RESOLUTION_OF_AP_SITES_VIA_THE_MULTIPLE_NUCLEOTIDE_PATCH_REPLACEMENT_PATHWAY,False
G1 -> S,2,"mean(euclidean, cosine)",REACTOME_E2F_MEDIATED_REGULATION_OF_DNA_REPLICATION,True
G1 -> S,2,"mean(euclidean, cosine)",REACTOME_ACTIVATION_OF_BH3_ONLY_PROTEINS,False
G1 -> S,2,"mean(euclidean, cosine)",REACTOME_ADAPTIVE_IMMUNE_SYSTEM,False
G1 -> S,2,"mean(euclidean, cosine)",REACTOME_TRANSCRIPTION_OF_E2F_TARGETS_UNDER_NEGATIVE_CONTROL_BY_DREAM_COMPLEX,True
G1 -> S,2,"mean(euclidean, cosine)",REACTOME_TRANSCRIPTION_OF_E2F_TARGETS_UNDER_NEGATIVE_CONTROL_BY_P107_RBL1_AND_P130_RBL2_IN_COMPLEX_WITH_HDAC1,True
G1 -> S,2,"mean(euclidean, cosine)",REACTOME_INHIBITION_OF_THE_PROTEOLYTIC_ACTIVITY_OF_APC_C_REQUIRED_FOR_THE_ONSET_OF_ANAPHASE_BY_MITOTIC_SPINDLE_CHECKPOINT_COMPONENTS,True
G1 -> S,2,"mean(euclidean, cosine)",REACTOME_G0_AND_EARLY_G1,True
G1 -> S,2,"mean(euclidean, cosine)",REACTOME_POLO_LIKE_KINASE_MEDIATED_EVENTS,True
G1 -> S,2,"mean(euclidean, cosine)",REACTOME_TELOMERE_MAINTENANCE,True
G1 -> S,2,"mean(euclidean, cosine)",REACTOME_CELL_CYCLE,True
G1 -> S,2,"mean(euclidean, cosine)",REACTOME_SIGNALING_BY_NTRKS,False
G1 -> S,2,"mean(euclidean, cosine)",REACTOME_APC_C_CDC20_MEDIATED_DEGRADATION_OF_CYCLIN_B,True
G1 -> S,2,"mean(euclidean, cosine)",REACTOME_APC_C_MEDIATED_DEGRADATION_OF_CELL_CYCLE_PROTEINS,True
G1 -> S,2,"mean(euclidean, cosine)",REACTOME_APC_C_CDH1_MEDIATED_DEGRADATION_OF_CDC20_AND_OTHER_APC_C_CDH1_TARGETED_PROTEINS_IN_LATE_MITOSIS_EARLY_G1,True
G1 -> S,2,"mean(euclidean, cosine)",REACTOME_POLYMERASE_SWITCHING_ON_THE_C_STRAND_OF_THE_TELOMERE,True
G1 -> S,2,"mean(euclidean, cosine)",REACTOME_TELOMERE_C_STRAND_LAGGING_STRAND_SYNTHESIS,True
G1 -> S,2,"mean(euclidean, cosine)",REACTOME_ACTIVATION_OF_ATR_IN_RESPONSE_TO_REPLICATION_STRESS,True
G1 -> S,2,"mean(euclidean, cosine)",REACTOME_PHOSPHORYLATION_OF_EMI1,False
G1 -> S,2,"mean(euclidean, cosine)",REACTOME_APC_CDC20_MEDIATED_DEGRADATION_OF_NEK2A,True
G1 -> S,2,"mean(euclidean, cosine)",REACTOME_EXTENSION_OF_TELOMERES,True
G1 -> S,2,"mean(euclidean, cosine)",REACTOME_ORGANELLE_BIOGENESIS_AND_MAINTENANCE,False
G1 -> S,2,"mean(euclidean, cosine)",REACTOME_RHO_GTPASE_EFFECTORS,False
G1 -> S,2,"mean(euclidean, cosine)",REACTOME_NUCLEAR_EVENTS_KINASE_AND_TRANSCRIPTION_FACTOR_ACTIVATION,False
G1 -> S,2,"mean(euclidean, cosine)",REACTOME_MEMBRANE_TRAFFICKING,False
G1 -> S,2,"mean(euclidean, cosine)",REACTOME_MHC_CLASS_II_ANTIGEN_PRESENTATION,False
G1 -> S,2,"mean(euclidean, cosine)",REACTOME_SEPARATION_OF_SISTER_CHROMATIDS,True
G1 -> S,2,"mean(euclidean, cosine)",REACTOME_RESOLUTION_OF_SISTER_CHROMATID_COHESION,True
G1 -> S,2,"mean(euclidean, cosine)",REACTOME_CONDENSATION_OF_PROMETAPHASE_CHROMOSOMES,True
G1 -> S,2,"mean(euclidean, cosine)",REACTOME_MITOTIC_METAPHASE_AND_ANAPHASE,True
G1 -> S,2,"mean(euclidean, cosine)",REACTOME_CELLULAR_SENESCENCE,False
G1 -> S,2,"mean(euclidean, cosine)",REACTOME_ONCOGENE_INDUCED_SENESCENCE,False
G1 -> S,2,"mean(euclidean, cosine)",REACTOME_REGULATION_OF_PLK1_ACTIVITY_AT_G2_M_TRANSITION,True
G1 -> S,2,"mean(euclidean, cosine)",REACTOME_NUCLEAR_ENVELOPE_BREAKDOWN,True
G1 -> S,2,"mean(euclidean, cosine)",REACTOME_ACTIVATION_OF_NIMA_KINASES_NEK9_NEK6_NEK7,False
G1 -> S,2,"mean(euclidean, cosine)",REACTOME_INITIATION_OF_NUCLEAR_ENVELOPE_NE_REFORMATION,False
G1 -> S,2,"mean(euclidean, cosine)",REACTOME_NUCLEAR_ENVELOPE_NE_REASSEMBLY,False
G1 -> S,2,"mean(euclidean, cosine)",REACTOME_NUCLEAR_PORE_COMPLEX_NPC_DISASSEMBLY,False
G1 -> S,2,"mean(euclidean, cosine)",REACTOME_HSP90_CHAPERONE_CYCLE_FOR_STEROID_HORMONE_RECEPTORS_SHR_IN_THE_PRESENCE_OF_LIGAND,False
G1 -> S,2,"mean(euclidean, cosine)",REACTOME_TRANSCRIPTIONAL_REGULATION_BY_TP53,False
G1 -> S,2,"mean(euclidean, cosine)",REACTOME_RECRUITMENT_OF_MITOTIC_CENTROSOME_PROTEINS_AND_COMPLEXES,True
G1 -> S,2,"mean(euclidean, cosine)",REACTOME_RECRUITMENT_OF_NUMA_TO_MITOTIC_CENTROSOMES,True
G1 -> S,2,"mean(euclidean, cosine)",REACTOME_RECYCLING_PATHWAY_OF_L1,True
G1 -> S,2,"mean(euclidean, cosine)",REACTOME_MITOTIC_G2_G2_M_PHASES,True
G1 -> S,2,"mean(euclidean, cosine)",REACTOME_MITOTIC_G1_PHASE_AND_G1_S_TRANSITION,True
G1 -> S,2,"mean(euclidean, cosine)",REACTOME_PROGRAMMED_CELL_DEATH,False
G1 -> S,2,"mean(euclidean, cosine)",REACTOME_TNFR1_INDUCED_NFKAPPAB_SIGNALING_PATHWAY,False
G1 -> S,2,"mean(euclidean, cosine)",REACTOME_MISMATCH_REPAIR,False
G1 -> S,2,"mean(euclidean, cosine)",REACTOME_CILIUM_ASSEMBLY,False
G1 -> S,2,"mean(euclidean, cosine)",REACTOME_ANCHORING_OF_THE_BASAL_BODY_TO_THE_PLASMA_MEMBRANE,False
G1 -> S,2,"mean(euclidean, cosine)",REACTOME_INTRAFLAGELLAR_TRANSPORT,False
G1 -> S,2,"mean(euclidean, cosine)",REACTOME_REGULATION_OF_TP53_ACTIVITY,False
G1 -> S,2,"mean(euclidean, cosine)",REACTOME_PCNA_DEPENDENT_LONG_PATCH_BASE_EXCISION_REPAIR,False
G1 -> S,2,"mean(euclidean, cosine)",REACTOME_VESICLE_MEDIATED_TRANSPORT,False
G1 -> S,2,"mean(euclidean, cosine)",REACTOME_TRANSLESION_SYNTHESIS_BY_POLK,False
G1 -> S,2,"mean(euclidean, cosine)",REACTOME_TERMINATION_OF_TRANSLESION_DNA_SYNTHESIS,False
G1 -> S,2,"mean(euclidean, cosine)",REACTOME_RHO_GTPASES_ACTIVATE_FORMINS,False
G1 -> S,2,"mean(euclidean, cosine)",REACTOME_HDR_THROUGH_SINGLE_STRAND_ANNEALING_SSA,False
G1 -> S,2,"mean(euclidean, cosine)",REACTOME_HDR_THROUGH_HOMOLOGOUS_RECOMBINATION_HRR,False
G1 -> S,2,"mean(euclidean, cosine)",REACTOME_DEUBIQUITINATION,False
G1 -> S,2,"mean(euclidean, cosine)",REACTOME_UB_SPECIFIC_PROCESSING_PROTEASES,False
G1 -> S,2,"mean(euclidean, cosine)",REACTOME_DNA_DOUBLE_STRAND_BREAK_REPAIR,False
G1 -> S,2,"mean(euclidean, cosine)",REACTOME_HOMOLOGY_DIRECTED_REPAIR,False
G1 -> S,2,"mean(euclidean, cosine)",REACTOME_HOMOLOGOUS_DNA_PAIRING_AND_STRAND_EXCHANGE,False
G1 -> S,2,"mean(euclidean, cosine)",REACTOME_DNA_DOUBLE_STRAND_BREAK_RESPONSE,False
G1 -> S,2,"mean(euclidean, cosine)",REACTOME_PROCESSING_OF_DNA_DOUBLE_STRAND_BREAK_ENDS,False
G1 -> S,2,"mean(euclidean, cosine)",REACTOME_FORMATION_OF_INCISION_COMPLEX_IN_GG_NER,False
G1 -> S,2,"mean(euclidean, cosine)",REACTOME_GAP_FILLING_DNA_REPAIR_SYNTHESIS_AND_LIGATION_IN_GG_NER,False
G1 -> S,2,"mean(euclidean, cosine)",REACTOME_NUCLEOTIDE_EXCISION_REPAIR,False
G1 -> S,2,"mean(euclidean, cosine)",REACTOME_GLOBAL_GENOME_NUCLEOTIDE_EXCISION_REPAIR_GG_NER,False
G1 -> S,2,"mean(euclidean, cosine)",REACTOME_DUAL_INCISION_IN_GG_NER,False
G1 -> S,2,"mean(euclidean, cosine)",REACTOME_DEPOSITION_OF_NEW_CENPA_CONTAINING_NUCLEOSOMES_AT_THE_CENTROMERE,False
G1 -> S,2,"mean(euclidean, cosine)",REACTOME_TRANSCRIPTION_COUPLED_NUCLEOTIDE_EXCISION_REPAIR_TC_NER,False
G1 -> S,2,"mean(euclidean, cosine)",REACTOME_DUAL_INCISION_IN_TC_NER,False
G1 -> S,2,"mean(euclidean, cosine)",REACTOME_FANCONI_ANEMIA_PATHWAY,False
G1 -> S,2,"mean(euclidean, cosine)",REACTOME_RRNA_MODIFICATION_IN_THE_NUCLEUS_AND_CYTOSOL,False
G1 -> S,2,"mean(euclidean, cosine)",REACTOME_TP53_REGULATES_TRANSCRIPTION_OF_CELL_CYCLE_GENES,True
G1 -> S,2,"mean(euclidean, cosine)",REACTOME_TP53_REGULATES_TRANSCRIPTION_OF_GENES_INVOLVED_IN_G2_CELL_CYCLE_ARREST,True
G1 -> S,2,"mean(euclidean, cosine)",REACTOME_TP53_REGULATES_TRANSCRIPTION_OF_GENES_INVOLVED_IN_G1_CELL_CYCLE_ARREST,True
G1 -> S,2,"mean(euclidean, cosine)",REACTOME_REGULATION_OF_TP53_ACTIVITY_THROUGH_PHOSPHORYLATION,False
G1 -> S,2,"mean(euclidean, cosine)",REACTOME_COPI_DEPENDENT_GOLGI_TO_ER_RETROGRADE_TRAFFIC,False
G1 -> S,2,"mean(euclidean, cosine)",REACTOME_COPI_INDEPENDENT_GOLGI_TO_ER_RETROGRADE_TRAFFIC,False
G1 -> S,2,"mean(euclidean, cosine)",REACTOME_INTRA_GOLGI_AND_RETROGRADE_GOLGI_TO_ER_TRAFFIC,False
G1 -> S,2,"mean(euclidean, cosine)",REACTOME_MITOTIC_PROPHASE,True
G1 -> S,2,"mean(euclidean, cosine)",REACTOME_MITOTIC_PROMETAPHASE,True
G1 -> S,2,"mean(euclidean, cosine)",REACTOME_MITOTIC_TELOPHASE_CYTOKINESIS,True
G1 -> S,2,"mean(euclidean, cosine)",REACTOME_M_PHASE,True
G1 -> S,2,"mean(euclidean, cosine)",REACTOME_ORC1_REMOVAL_FROM_CHROMATIN,True
G1 -> S,2,"mean(euclidean, cosine)",REACTOME_ACTIVATION_OF_THE_PRE_REPLICATIVE_COMPLEX,False
G1 -> S,2,"mean(euclidean, cosine)",REACTOME_DNA_REPLICATION_PRE_INITIATION,True
G1 -> S,2,"mean(euclidean, cosine)",REACTOME_SWITCHING_OF_ORIGINS_TO_A_POST_REPLICATIVE_STATE,False
G1 -> S,2,"mean(euclidean, cosine)",REACTOME_POLYMERASE_SWITCHING,False
G1 -> S,2,"mean(euclidean, cosine)",REACTOME_LAGGING_STRAND_SYNTHESIS,True
G1 -> S,2,"mean(euclidean, cosine)",REACTOME_DNA_STRAND_ELONGATION,False
G1 -> S,2,"mean(euclidean, cosine)",REACTOME_G1_S_SPECIFIC_TRANSCRIPTION,True
G1 -> S,2,"mean(euclidean, cosine)",REACTOME_CYCLIN_D_ASSOCIATED_EVENTS_IN_G1,True
G1 -> S,2,"mean(euclidean, cosine)",REACTOME_SYNTHESIS_OF_DNA,False
G1 -> S,2,"mean(euclidean, cosine)",REACTOME_S_PHASE,True
G1 -> S,2,"mean(euclidean, cosine)",REACTOME_CYCLIN_A_B1_B2_ASSOCIATED_EVENTS_DURING_G2_M_TRANSITION,True
G1 -> S,2,"mean(euclidean, cosine)",REACTOME_CELL_CYCLE_MITOTIC,True
G1 -> S,2,"mean(euclidean, cosine)",REACTOME_DNA_REPLICATION,True
G1 -> S,2,"mean(euclidean, cosine)",REACTOME_G2_M_DNA_DAMAGE_CHECKPOINT,True
G1 -> S,2,"mean(euclidean, cosine)",REACTOME_G2_M_CHECKPOINTS,True
G1 -> S,2,"mean(euclidean, cosine)",REACTOME_MITOTIC_SPINDLE_CHECKPOINT,True
G1 -> S,2,"mean(euclidean, cosine)",REACTOME_CELL_CYCLE_CHECKPOINTS,True
G1 -> S,2,"mean(euclidean, cosine)",REACTOME_CYCLIN_A_CDK2_ASSOCIATED_EVENTS_AT_S_PHASE_ENTRY,True
G1 -> S,2,"mean(euclidean, cosine)",REACTOME_RRNA_PROCESSING,False
G1 -> S,2,"mean(euclidean, cosine)",REACTOME_RNA_POLYMERASE_II_TRANSCRIPTION,False
G1 -> S,2,"mean(euclidean, cosine)",REACTOME_BASE_EXCISION_REPAIR,False
G1 -> S,2,"mean(euclidean, cosine)",REACTOME_CHROMOSOME_MAINTENANCE,True
G1 -> S,2,"mean(euclidean, cosine)",REACTOME_DNA_DAMAGE_BYPASS,False
G1 -> S,2,"mean(euclidean, cosine)",REACTOME_DNA_REPAIR,False
G1 -> S,2,"mean(euclidean, cosine)",REACTOME_RESOLUTION_OF_ABASIC_SITES_AP_SITES,False
G1 -> S,2,"mean(euclidean, cosine)",REACTOME_TNF_SIGNALING,False
G1 -> S,2,"mean(euclidean, cosine)",REACTOME_PROTEIN_UBIQUITINATION,False
G1 -> S,2,"mean(euclidean, cosine)",REACTOME_THE_ROLE_OF_GTSE1_IN_G2_M_PROGRESSION_AFTER_G2_CHECKPOINT,True
G1 -> S,2,"mean(euclidean, cosine)",REACTOME_AURKA_ACTIVATION_BY_TPX2,True
G1 -> S,2,"mean(euclidean, cosine)",REACTOME_GOLGI_TO_ER_RETROGRADE_TRANSPORT,False
G1 -> S,2,"mean(euclidean, cosine)",REACTOME_E3_UBIQUITIN_LIGASES_UBIQUITINATE_TARGET_PROTEINS,False
G1 -> S,2,"mean(euclidean, cosine)",REACTOME_METABOLISM_OF_RNA,False
G1 -> S,2,"mean(euclidean, cosine)",REACTOME_NGF_STIMULATED_TRANSCRIPTION,False
G1 -> S,2,"mean(euclidean, cosine)",REACTOME_PEROXISOMAL_PROTEIN_IMPORT,False
G1 -> S,2,"mean(euclidean, cosine)",REACTOME_PROTEIN_LOCALIZATION,False
G1 -> S,2,"mean(euclidean, cosine)",REACTOME_AUTOPHAGY,False
G1 -> S,2,"mean(euclidean, cosine)",REACTOME_AGGREPHAGY,False
G1 -> S,2,"mean(euclidean, cosine)",REACTOME_ABERRANT_REGULATION_OF_MITOTIC_G1_S_TRANSITION_IN_CANCER_DUE_TO_RB1_DEFECTS,True
G1 -> S,2,"mean(euclidean, cosine)",REACTOME_SELECTIVE_AUTOPHAGY,False
G1 -> S,2,"mean(euclidean, cosine)",REACTOME_DISEASES_OF_MITOTIC_CELL_CYCLE,True
G1 -> S,2,"mean(euclidean, cosine)",REACTOME_SIGNALING_BY_RHO_GTPASES_MIRO_GTPASES_AND_RHOBTB3,False
G1 -> S,2,"mean(euclidean, cosine)",REACTOME_KINESINS,False
G1 -> S,2,"mean(euclidean, cosine)",REACTOME_FACTORS_INVOLVED_IN_MEGAKARYOCYTE_DEVELOPMENT_AND_PLATELET_PRODUCTION,False
G1 -> S,2,"max(euclidean, cosine)",REACTOME_APOPTOSIS,False
G1 -> S,2,"max(euclidean, cosine)",REACTOME_INTRINSIC_PATHWAY_FOR_APOPTOSIS,False
G1 -> S,2,"max(euclidean, cosine)",REACTOME_TRANSLESION_SYNTHESIS_BY_Y_FAMILY_DNA_POLYMERASES_BYPASSES_LESIONS_ON_DNA_TEMPLATE,False
G1 -> S,2,"max(euclidean, cosine)",REACTOME_RECOGNITION_OF_DNA_DAMAGE_BY_PCNA_CONTAINING_REPLICATION_COMPLEX,True
G1 -> S,2,"max(euclidean, cosine)",REACTOME_TRANSLESION_SYNTHESIS_BY_POLH,False
G1 -> S,2,"max(euclidean, cosine)",REACTOME_RESOLUTION_OF_AP_SITES_VIA_THE_MULTIPLE_NUCLEOTIDE_PATCH_REPLACEMENT_PATHWAY,False
G1 -> S,2,"max(euclidean, cosine)",REACTOME_E2F_MEDIATED_REGULATION_OF_DNA_REPLICATION,True
G1 -> S,2,"max(euclidean, cosine)",REACTOME_ACTIVATION_OF_BH3_ONLY_PROTEINS,False
G1 -> S,2,"max(euclidean, cosine)",REACTOME_ADAPTIVE_IMMUNE_SYSTEM,False
G1 -> S,2,"max(euclidean, cosine)",REACTOME_TRANSCRIPTION_OF_E2F_TARGETS_UNDER_NEGATIVE_CONTROL_BY_DREAM_COMPLEX,True
G1 -> S,2,"max(euclidean, cosine)",REACTOME_INHIBITION_OF_THE_PROTEOLYTIC_ACTIVITY_OF_APC_C_REQUIRED_FOR_THE_ONSET_OF_ANAPHASE_BY_MITOTIC_SPINDLE_CHECKPOINT_COMPONENTS,True
G1 -> S,2,"max(euclidean, cosine)",REACTOME_G0_AND_EARLY_G1,True
G1 -> S,2,"max(euclidean, cosine)",REACTOME_POLO_LIKE_KINASE_MEDIATED_EVENTS,True
G1 -> S,2,"max(euclidean, cosine)",REACTOME_TELOMERE_MAINTENANCE,True
G1 -> S,2,"max(euclidean, cosine)",REACTOME_CELL_CYCLE,True
G1 -> S,2,"max(euclidean, cosine)",REACTOME_SIGNALING_BY_NTRKS,False
G1 -> S,2,"max(euclidean, cosine)",REACTOME_TOLL_LIKE_RECEPTOR_TLR1_TLR2_CASCADE,False
G1 -> S,2,"max(euclidean, cosine)",REACTOME_APC_C_CDC20_MEDIATED_DEGRADATION_OF_CYCLIN_B,True
G1 -> S,2,"max(euclidean, cosine)",REACTOME_APC_C_MEDIATED_DEGRADATION_OF_CELL_CYCLE_PROTEINS,True
G1 -> S,2,"max(euclidean, cosine)",REACTOME_APC_C_CDH1_MEDIATED_DEGRADATION_OF_CDC20_AND_OTHER_APC_C_CDH1_TARGETED_PROTEINS_IN_LATE_MITOSIS_EARLY_G1,True
G1 -> S,2,"max(euclidean, cosine)",REACTOME_POLYMERASE_SWITCHING_ON_THE_C_STRAND_OF_THE_TELOMERE,True
G1 -> S,2,"max(euclidean, cosine)",REACTOME_TELOMERE_C_STRAND_LAGGING_STRAND_SYNTHESIS,True
G1 -> S,2,"max(euclidean, cosine)",REACTOME_ACTIVATION_OF_ATR_IN_RESPONSE_TO_REPLICATION_STRESS,True
G1 -> S,2,"max(euclidean, cosine)",REACTOME_PHOSPHORYLATION_OF_EMI1,False
G1 -> S,2,"max(euclidean, cosine)",REACTOME_APC_CDC20_MEDIATED_DEGRADATION_OF_NEK2A,True
G1 -> S,2,"max(euclidean, cosine)",REACTOME_EXTENSION_OF_TELOMERES,True
G1 -> S,2,"max(euclidean, cosine)",REACTOME_RHO_GTPASE_EFFECTORS,False
G1 -> S,2,"max(euclidean, cosine)",REACTOME_NUCLEAR_EVENTS_KINASE_AND_TRANSCRIPTION_FACTOR_ACTIVATION,False
G1 -> S,2,"max(euclidean, cosine)",REACTOME_MEMBRANE_TRAFFICKING,False
G1 -> S,2,"max(euclidean, cosine)",REACTOME_MHC_CLASS_II_ANTIGEN_PRESENTATION,False
G1 -> S,2,"max(euclidean, cosine)",REACTOME_SEPARATION_OF_SISTER_CHROMATIDS,True
G1 -> S,2,"max(euclidean, cosine)",REACTOME_RESOLUTION_OF_SISTER_CHROMATID_COHESION,True
G1 -> S,2,"max(euclidean, cosine)",REACTOME_CONDENSATION_OF_PROMETAPHASE_CHROMOSOMES,True
G1 -> S,2,"max(euclidean, cosine)",REACTOME_MITOTIC_METAPHASE_AND_ANAPHASE,True
G1 -> S,2,"max(euclidean, cosine)",REACTOME_ONCOGENE_INDUCED_SENESCENCE,False
G1 -> S,2,"max(euclidean, cosine)",REACTOME_REGULATION_OF_PLK1_ACTIVITY_AT_G2_M_TRANSITION,True
G1 -> S,2,"max(euclidean, cosine)",REACTOME_ACTIVATION_OF_NIMA_KINASES_NEK9_NEK6_NEK7,False
G1 -> S,2,"max(euclidean, cosine)",REACTOME_INITIATION_OF_NUCLEAR_ENVELOPE_NE_REFORMATION,False
G1 -> S,2,"max(euclidean, cosine)",REACTOME_NUCLEAR_ENVELOPE_NE_REASSEMBLY,False
G1 -> S,2,"max(euclidean, cosine)",REACTOME_HSP90_CHAPERONE_CYCLE_FOR_STEROID_HORMONE_RECEPTORS_SHR_IN_THE_PRESENCE_OF_LIGAND,False
G1 -> S,2,"max(euclidean, cosine)",REACTOME_TRANSCRIPTIONAL_REGULATION_BY_TP53,False
G1 -> S,2,"max(euclidean, cosine)",REACTOME_RECRUITMENT_OF_MITOTIC_CENTROSOME_PROTEINS_AND_COMPLEXES,True
G1 -> S,2,"max(euclidean, cosine)",REACTOME_RECRUITMENT_OF_NUMA_TO_MITOTIC_CENTROSOMES,True
G1 -> S,2,"max(euclidean, cosine)",REACTOME_INTERLEUKIN_17_SIGNALING,False
G1 -> S,2,"max(euclidean, cosine)",REACTOME_MITOTIC_G2_G2_M_PHASES,True
G1 -> S,2,"max(euclidean, cosine)",REACTOME_MITOTIC_G1_PHASE_AND_G1_S_TRANSITION,True
G1 -> S,2,"max(euclidean, cosine)",REACTOME_MISMATCH_REPAIR,False
G1 -> S,2,"max(euclidean, cosine)",REACTOME_ANCHORING_OF_THE_BASAL_BODY_TO_THE_PLASMA_MEMBRANE,False
G1 -> S,2,"max(euclidean, cosine)",REACTOME_PCNA_DEPENDENT_LONG_PATCH_BASE_EXCISION_REPAIR,False
G1 -> S,2,"max(euclidean, cosine)",REACTOME_VESICLE_MEDIATED_TRANSPORT,False
G1 -> S,2,"max(euclidean, cosine)",REACTOME_TRANSLESION_SYNTHESIS_BY_POLK,False
G1 -> S,2,"max(euclidean, cosine)",REACTOME_TERMINATION_OF_TRANSLESION_DNA_SYNTHESIS,False
G1 -> S,2,"max(euclidean, cosine)",REACTOME_RHO_GTPASES_ACTIVATE_FORMINS,False
G1 -> S,2,"max(euclidean, cosine)",REACTOME_HDR_THROUGH_SINGLE_STRAND_ANNEALING_SSA,False
G1 -> S,2,"max(euclidean, cosine)",REACTOME_HDR_THROUGH_HOMOLOGOUS_RECOMBINATION_HRR,False
G1 -> S,2,"max(euclidean, cosine)",REACTOME_DNA_DOUBLE_STRAND_BREAK_REPAIR,False
G1 -> S,2,"max(euclidean, cosine)",REACTOME_HOMOLOGY_DIRECTED_REPAIR,False
G1 -> S,2,"max(euclidean, cosine)",REACTOME_HOMOLOGOUS_DNA_PAIRING_AND_STRAND_EXCHANGE,False
G1 -> S,2,"max(euclidean, cosine)",REACTOME_PROCESSING_OF_DNA_DOUBLE_STRAND_BREAK_ENDS,False
G1 -> S,2,"max(euclidean, cosine)",REACTOME_FORMATION_OF_INCISION_COMPLEX_IN_GG_NER,False
G1 -> S,2,"max(euclidean, cosine)",REACTOME_GAP_FILLING_DNA_REPAIR_SYNTHESIS_AND_LIGATION_IN_GG_NER,False
G1 -> S,2,"max(euclidean, cosine)",REACTOME_NUCLEOTIDE_EXCISION_REPAIR,False
G1 -> S,2,"max(euclidean, cosine)",REACTOME_GLOBAL_GENOME_NUCLEOTIDE_EXCISION_REPAIR_GG_NER,False
G1 -> S,2,"max(euclidean, cosine)",REACTOME_DUAL_INCISION_IN_GG_NER,False
G1 -> S,2,"max(euclidean, cosine)",REACTOME_DEPOSITION_OF_NEW_CENPA_CONTAINING_NUCLEOSOMES_AT_THE_CENTROMERE,False
G1 -> S,2,"max(euclidean, cosine)",REACTOME_TRANSCRIPTION_COUPLED_NUCLEOTIDE_EXCISION_REPAIR_TC_NER,False
G1 -> S,2,"max(euclidean, cosine)",REACTOME_DUAL_INCISION_IN_TC_NER,False
G1 -> S,2,"max(euclidean, cosine)",REACTOME_FANCONI_ANEMIA_PATHWAY,False
G1 -> S,2,"max(euclidean, cosine)",REACTOME_RRNA_MODIFICATION_IN_THE_NUCLEUS_AND_CYTOSOL,False
G1 -> S,2,"max(euclidean, cosine)",REACTOME_TP53_REGULATES_TRANSCRIPTION_OF_CELL_CYCLE_GENES,True
G1 -> S,2,"max(euclidean, cosine)",REACTOME_TP53_REGULATES_TRANSCRIPTION_OF_GENES_INVOLVED_IN_G2_CELL_CYCLE_ARREST,True
G1 -> S,2,"max(euclidean, cosine)",REACTOME_TP53_REGULATES_TRANSCRIPTION_OF_GENES_INVOLVED_IN_G1_CELL_CYCLE_ARREST,True
G1 -> S,2,"max(euclidean, cosine)",REACTOME_REGULATION_OF_TP53_ACTIVITY_THROUGH_PHOSPHORYLATION,False
G1 -> S,2,"max(euclidean, cosine)",REACTOME_COPI_DEPENDENT_GOLGI_TO_ER_RETROGRADE_TRAFFIC,False
G1 -> S,2,"max(euclidean, cosine)",REACTOME_INTRA_GOLGI_AND_RETROGRADE_GOLGI_TO_ER_TRAFFIC,False
G1 -> S,2,"max(euclidean, cosine)",REACTOME_MITOTIC_PROMETAPHASE,True
G1 -> S,2,"max(euclidean, cosine)",REACTOME_M_PHASE,True
G1 -> S,2,"max(euclidean, cosine)",REACTOME_ORC1_REMOVAL_FROM_CHROMATIN,True
G1 -> S,2,"max(euclidean, cosine)",REACTOME_ACTIVATION_OF_THE_PRE_REPLICATIVE_COMPLEX,False
G1 -> S,2,"max(euclidean, cosine)",REACTOME_DNA_REPLICATION_PRE_INITIATION,True
G1 -> S,2,"max(euclidean, cosine)",REACTOME_SWITCHING_OF_ORIGINS_TO_A_POST_REPLICATIVE_STATE,False
G1 -> S,2,"max(euclidean, cosine)",REACTOME_POLYMERASE_SWITCHING,False
G1 -> S,2,"max(euclidean, cosine)",REACTOME_LAGGING_STRAND_SYNTHESIS,True
G1 -> S,2,"max(euclidean, cosine)",REACTOME_DNA_STRAND_ELONGATION,False
G1 -> S,2,"max(euclidean, cosine)",REACTOME_G1_S_SPECIFIC_TRANSCRIPTION,True
G1 -> S,2,"max(euclidean, cosine)",REACTOME_CYCLIN_D_ASSOCIATED_EVENTS_IN_G1,True
G1 -> S,2,"max(euclidean, cosine)",REACTOME_SYNTHESIS_OF_DNA,False
G1 -> S,2,"max(euclidean, cosine)",REACTOME_S_PHASE,True
G1 -> S,2,"max(euclidean, cosine)",REACTOME_CYCLIN_A_B1_B2_ASSOCIATED_EVENTS_DURING_G2_M_TRANSITION,True
G1 -> S,2,"max(euclidean, cosine)",REACTOME_CELL_CYCLE_MITOTIC,True
G1 -> S,2,"max(euclidean, cosine)",REACTOME_DNA_REPLICATION,True
G1 -> S,2,"max(euclidean, cosine)",REACTOME_G2_M_DNA_DAMAGE_CHECKPOINT,True
G1 -> S,2,"max(euclidean, cosine)",REACTOME_G2_M_CHECKPOINTS,True
G1 -> S,2,"max(euclidean, cosine)",REACTOME_MITOTIC_SPINDLE_CHECKPOINT,True
G1 -> S,2,"max(euclidean, cosine)",REACTOME_CELL_CYCLE_CHECKPOINTS,True
G1 -> S,2,"max(euclidean, cosine)",REACTOME_RRNA_PROCESSING,False
G1 -> S,2,"max(euclidean, cosine)",REACTOME_RNA_POLYMERASE_II_TRANSCRIPTION_TERMINATION,False
G1 -> S,2,"max(euclidean, cosine)",REACTOME_BASE_EXCISION_REPAIR,False
G1 -> S,2,"max(euclidean, cosine)",REACTOME_CHROMOSOME_MAINTENANCE,True
G1 -> S,2,"max(euclidean, cosine)",REACTOME_DNA_DAMAGE_BYPASS,False
G1 -> S,2,"max(euclidean, cosine)",REACTOME_DNA_REPAIR,False
G1 -> S,2,"max(euclidean, cosine)",REACTOME_RESOLUTION_OF_ABASIC_SITES_AP_SITES,False
G1 -> S,2,"max(euclidean, cosine)",REACTOME_TNF_SIGNALING,False
G1 -> S,2,"max(euclidean, cosine)",REACTOME_PROTEIN_UBIQUITINATION,False
G1 -> S,2,"max(euclidean, cosine)",REACTOME_THE_ROLE_OF_GTSE1_IN_G2_M_PROGRESSION_AFTER_G2_CHECKPOINT,True
G1 -> S,2,"max(euclidean, cosine)",REACTOME_AURKA_ACTIVATION_BY_TPX2,True
G1 -> S,2,"max(euclidean, cosine)",REACTOME_GOLGI_TO_ER_RETROGRADE_TRANSPORT,False
G1 -> S,2,"max(euclidean, cosine)",REACTOME_E3_UBIQUITIN_LIGASES_UBIQUITINATE_TARGET_PROTEINS,False
G1 -> S,2,"max(euclidean, cosine)",REACTOME_RAB_GEFS_EXCHANGE_GTP_FOR_GDP_ON_RABS,False
G1 -> S,2,"max(euclidean, cosine)",REACTOME_NGF_STIMULATED_TRANSCRIPTION,False
G1 -> S,2,"max(euclidean, cosine)",REACTOME_PEROXISOMAL_PROTEIN_IMPORT,False
G1 -> S,2,"max(euclidean, cosine)",REACTOME_PROTEIN_LOCALIZATION,False
G1 -> S,2,"max(euclidean, cosine)",REACTOME_AGGREPHAGY,False
G1 -> S,2,"max(euclidean, cosine)",REACTOME_SELECTIVE_AUTOPHAGY,False
G1 -> S,2,"max(euclidean, cosine)",REACTOME_SIGNALING_BY_RHO_GTPASES_MIRO_GTPASES_AND_RHOBTB3,False
G1 -> S,2,"min(euclidean, cosine)",REACTOME_APOPTOSIS,False
G1 -> S,2,"min(euclidean, cosine)",REACTOME_INTRINSIC_PATHWAY_FOR_APOPTOSIS,False
G1 -> S,2,"min(euclidean, cosine)",REACTOME_TRANSLESION_SYNTHESIS_BY_Y_FAMILY_DNA_POLYMERASES_BYPASSES_LESIONS_ON_DNA_TEMPLATE,False
G1 -> S,2,"min(euclidean, cosine)",REACTOME_RECOGNITION_OF_DNA_DAMAGE_BY_PCNA_CONTAINING_REPLICATION_COMPLEX,True
G1 -> S,2,"min(euclidean, cosine)",REACTOME_TRANSLESION_SYNTHESIS_BY_POLH,False
G1 -> S,2,"min(euclidean, cosine)",REACTOME_RESOLUTION_OF_AP_SITES_VIA_THE_MULTIPLE_NUCLEOTIDE_PATCH_REPLACEMENT_PATHWAY,False
G1 -> S,2,"min(euclidean, cosine)",REACTOME_E2F_MEDIATED_REGULATION_OF_DNA_REPLICATION,True
G1 -> S,2,"min(euclidean, cosine)",REACTOME_ACTIVATION_OF_BH3_ONLY_PROTEINS,False
G1 -> S,2,"min(euclidean, cosine)",REACTOME_ADAPTIVE_IMMUNE_SYSTEM,False
G1 -> S,2,"min(euclidean, cosine)",REACTOME_TRANSCRIPTION_OF_E2F_TARGETS_UNDER_NEGATIVE_CONTROL_BY_DREAM_COMPLEX,True
G1 -> S,2,"min(euclidean, cosine)",REACTOME_TRANSCRIPTION_OF_E2F_TARGETS_UNDER_NEGATIVE_CONTROL_BY_P107_RBL1_AND_P130_RBL2_IN_COMPLEX_WITH_HDAC1,True
G1 -> S,2,"min(euclidean, cosine)",REACTOME_INHIBITION_OF_THE_PROTEOLYTIC_ACTIVITY_OF_APC_C_REQUIRED_FOR_THE_ONSET_OF_ANAPHASE_BY_MITOTIC_SPINDLE_CHECKPOINT_COMPONENTS,True
G1 -> S,2,"min(euclidean, cosine)",REACTOME_G0_AND_EARLY_G1,True
G1 -> S,2,"min(euclidean, cosine)",REACTOME_POLO_LIKE_KINASE_MEDIATED_EVENTS,True
G1 -> S,2,"min(euclidean, cosine)",REACTOME_TELOMERE_MAINTENANCE,True
G1 -> S,2,"min(euclidean, cosine)",REACTOME_CELL_CYCLE,True
G1 -> S,2,"min(euclidean, cosine)",REACTOME_APC_C_CDC20_MEDIATED_DEGRADATION_OF_CYCLIN_B,True
G1 -> S,2,"min(euclidean, cosine)",REACTOME_APC_C_MEDIATED_DEGRADATION_OF_CELL_CYCLE_PROTEINS,True
G1 -> S,2,"min(euclidean, cosine)",REACTOME_APC_C_CDH1_MEDIATED_DEGRADATION_OF_CDC20_AND_OTHER_APC_C_CDH1_TARGETED_PROTEINS_IN_LATE_MITOSIS_EARLY_G1,True
G1 -> S,2,"min(euclidean, cosine)",REACTOME_POLYMERASE_SWITCHING_ON_THE_C_STRAND_OF_THE_TELOMERE,True
G1 -> S,2,"min(euclidean, cosine)",REACTOME_TELOMERE_C_STRAND_LAGGING_STRAND_SYNTHESIS,True
G1 -> S,2,"min(euclidean, cosine)",REACTOME_ACTIVATION_OF_ATR_IN_RESPONSE_TO_REPLICATION_STRESS,True
G1 -> S,2,"min(euclidean, cosine)",REACTOME_PHOSPHORYLATION_OF_EMI1,False
G1 -> S,2,"min(euclidean, cosine)",REACTOME_APC_CDC20_MEDIATED_DEGRADATION_OF_NEK2A,True
G1 -> S,2,"min(euclidean, cosine)",REACTOME_EXTENSION_OF_TELOMERES,True
G1 -> S,2,"min(euclidean, cosine)",REACTOME_ORGANELLE_BIOGENESIS_AND_MAINTENANCE,False
G1 -> S,2,"min(euclidean, cosine)",REACTOME_RHO_GTPASE_EFFECTORS,False
G1 -> S,2,"min(euclidean, cosine)",REACTOME_MEMBRANE_TRAFFICKING,False
G1 -> S,2,"min(euclidean, cosine)",REACTOME_MHC_CLASS_II_ANTIGEN_PRESENTATION,False
G1 -> S,2,"min(euclidean, cosine)",REACTOME_SEPARATION_OF_SISTER_CHROMATIDS,True
G1 -> S,2,"min(euclidean, cosine)",REACTOME_RESOLUTION_OF_SISTER_CHROMATID_COHESION,True
G1 -> S,2,"min(euclidean, cosine)",REACTOME_CONDENSATION_OF_PROMETAPHASE_CHROMOSOMES,True
G1 -> S,2,"min(euclidean, cosine)",REACTOME_MITOTIC_METAPHASE_AND_ANAPHASE,True
G1 -> S,2,"min(euclidean, cosine)",REACTOME_CELLULAR_SENESCENCE,False
G1 -> S,2,"min(euclidean, cosine)",REACTOME_ONCOGENE_INDUCED_SENESCENCE,False
G1 -> S,2,"min(euclidean, cosine)",REACTOME_REGULATION_OF_PLK1_ACTIVITY_AT_G2_M_TRANSITION,True
G1 -> S,2,"min(euclidean, cosine)",REACTOME_NUCLEAR_ENVELOPE_BREAKDOWN,True
G1 -> S,2,"min(euclidean, cosine)",REACTOME_ACTIVATION_OF_NIMA_KINASES_NEK9_NEK6_NEK7,False
G1 -> S,2,"min(euclidean, cosine)",REACTOME_INITIATION_OF_NUCLEAR_ENVELOPE_NE_REFORMATION,False
G1 -> S,2,"min(euclidean, cosine)",REACTOME_NUCLEAR_ENVELOPE_NE_REASSEMBLY,False
G1 -> S,2,"min(euclidean, cosine)",REACTOME_NUCLEAR_PORE_COMPLEX_NPC_DISASSEMBLY,False
G1 -> S,2,"min(euclidean, cosine)",REACTOME_HSP90_CHAPERONE_CYCLE_FOR_STEROID_HORMONE_RECEPTORS_SHR_IN_THE_PRESENCE_OF_LIGAND,False
G1 -> S,2,"min(euclidean, cosine)",REACTOME_TRANSCRIPTIONAL_REGULATION_BY_TP53,False
G1 -> S,2,"min(euclidean, cosine)",REACTOME_RECRUITMENT_OF_MITOTIC_CENTROSOME_PROTEINS_AND_COMPLEXES,True
G1 -> S,2,"min(euclidean, cosine)",REACTOME_RECRUITMENT_OF_NUMA_TO_MITOTIC_CENTROSOMES,True
G1 -> S,2,"min(euclidean, cosine)",REACTOME_MITOTIC_G2_G2_M_PHASES,True
G1 -> S,2,"min(euclidean, cosine)",REACTOME_MITOTIC_G1_PHASE_AND_G1_S_TRANSITION,True
G1 -> S,2,"min(euclidean, cosine)",REACTOME_PROGRAMMED_CELL_DEATH,False
G1 -> S,2,"min(euclidean, cosine)",REACTOME_TNFR1_INDUCED_NFKAPPAB_SIGNALING_PATHWAY,False
G1 -> S,2,"min(euclidean, cosine)",REACTOME_MISMATCH_REPAIR,False
G1 -> S,2,"min(euclidean, cosine)",REACTOME_CILIUM_ASSEMBLY,False
G1 -> S,2,"min(euclidean, cosine)",REACTOME_ANCHORING_OF_THE_BASAL_BODY_TO_THE_PLASMA_MEMBRANE,False
G1 -> S,2,"min(euclidean, cosine)",REACTOME_INTRAFLAGELLAR_TRANSPORT,False
G1 -> S,2,"min(euclidean, cosine)",REACTOME_REGULATION_OF_TP53_ACTIVITY,False
G1 -> S,2,"min(euclidean, cosine)",REACTOME_PCNA_DEPENDENT_LONG_PATCH_BASE_EXCISION_REPAIR,False
G1 -> S,2,"min(euclidean, cosine)",REACTOME_VESICLE_MEDIATED_TRANSPORT,False
G1 -> S,2,"min(euclidean, cosine)",REACTOME_TRANSLESION_SYNTHESIS_BY_POLK,False
G1 -> S,2,"min(euclidean, cosine)",REACTOME_TERMINATION_OF_TRANSLESION_DNA_SYNTHESIS,False
G1 -> S,2,"min(euclidean, cosine)",REACTOME_RHO_GTPASES_ACTIVATE_FORMINS,False
G1 -> S,2,"min(euclidean, cosine)",REACTOME_HDR_THROUGH_SINGLE_STRAND_ANNEALING_SSA,False
G1 -> S,2,"min(euclidean, cosine)",REACTOME_HDR_THROUGH_HOMOLOGOUS_RECOMBINATION_HRR,False
G1 -> S,2,"min(euclidean, cosine)",REACTOME_DEUBIQUITINATION,False
G1 -> S,2,"min(euclidean, cosine)",REACTOME_UB_SPECIFIC_PROCESSING_PROTEASES,False
G1 -> S,2,"min(euclidean, cosine)",REACTOME_DNA_DOUBLE_STRAND_BREAK_REPAIR,False
G1 -> S,2,"min(euclidean, cosine)",REACTOME_HOMOLOGY_DIRECTED_REPAIR,False
G1 -> S,2,"min(euclidean, cosine)",REACTOME_HOMOLOGOUS_DNA_PAIRING_AND_STRAND_EXCHANGE,False
G1 -> S,2,"min(euclidean, cosine)",REACTOME_DNA_DOUBLE_STRAND_BREAK_RESPONSE,False
G1 -> S,2,"min(euclidean, cosine)",REACTOME_PROCESSING_OF_DNA_DOUBLE_STRAND_BREAK_ENDS,False
G1 -> S,2,"min(euclidean, cosine)",REACTOME_FORMATION_OF_INCISION_COMPLEX_IN_GG_NER,False
G1 -> S,2,"min(euclidean, cosine)",REACTOME_GAP_FILLING_DNA_REPAIR_SYNTHESIS_AND_LIGATION_IN_GG_NER,False
G1 -> S,2,"min(euclidean, cosine)",REACTOME_NUCLEOTIDE_EXCISION_REPAIR,False
G1 -> S,2,"min(euclidean, cosine)",REACTOME_GLOBAL_GENOME_NUCLEOTIDE_EXCISION_REPAIR_GG_NER,False
G1 -> S,2,"min(euclidean, cosine)",REACTOME_DUAL_INCISION_IN_GG_NER,False
G1 -> S,2,"min(euclidean, cosine)",REACTOME_DEPOSITION_OF_NEW_CENPA_CONTAINING_NUCLEOSOMES_AT_THE_CENTROMERE,False
G1 -> S,2,"min(euclidean, cosine)",REACTOME_TRANSCRIPTION_COUPLED_NUCLEOTIDE_EXCISION_REPAIR_TC_NER,False
G1 -> S,2,"min(euclidean, cosine)",REACTOME_DUAL_INCISION_IN_TC_NER,False
G1 -> S,2,"min(euclidean, cosine)",REACTOME_RRNA_MODIFICATION_IN_THE_NUCLEUS_AND_CYTOSOL,False
G1 -> S,2,"min(euclidean, cosine)",REACTOME_TP53_REGULATES_TRANSCRIPTION_OF_CELL_CYCLE_GENES,True
G1 -> S,2,"min(euclidean, cosine)",REACTOME_TP53_REGULATES_TRANSCRIPTION_OF_GENES_INVOLVED_IN_G2_CELL_CYCLE_ARREST,True
G1 -> S,2,"min(euclidean, cosine)",REACTOME_TP53_REGULATES_TRANSCRIPTION_OF_GENES_INVOLVED_IN_G1_CELL_CYCLE_ARREST,True
G1 -> S,2,"min(euclidean, cosine)",REACTOME_REGULATION_OF_TP53_ACTIVITY_THROUGH_PHOSPHORYLATION,False
G1 -> S,2,"min(euclidean, cosine)",REACTOME_COPI_DEPENDENT_GOLGI_TO_ER_RETROGRADE_TRAFFIC,False
G1 -> S,2,"min(euclidean, cosine)",REACTOME_COPI_INDEPENDENT_GOLGI_TO_ER_RETROGRADE_TRAFFIC,False
G1 -> S,2,"min(euclidean, cosine)",REACTOME_INTRA_GOLGI_AND_RETROGRADE_GOLGI_TO_ER_TRAFFIC,False
G1 -> S,2,"min(euclidean, cosine)",REACTOME_MITOTIC_PROPHASE,True
G1 -> S,2,"min(euclidean, cosine)",REACTOME_MITOTIC_PROMETAPHASE,True
G1 -> S,2,"min(euclidean, cosine)",REACTOME_MITOTIC_TELOPHASE_CYTOKINESIS,True
G1 -> S,2,"min(euclidean, cosine)",REACTOME_M_PHASE,True
G1 -> S,2,"min(euclidean, cosine)",REACTOME_ORC1_REMOVAL_FROM_CHROMATIN,True
G1 -> S,2,"min(euclidean, cosine)",REACTOME_ACTIVATION_OF_THE_PRE_REPLICATIVE_COMPLEX,False
G1 -> S,2,"min(euclidean, cosine)",REACTOME_DNA_REPLICATION_PRE_INITIATION,True
G1 -> S,2,"min(euclidean, cosine)",REACTOME_SWITCHING_OF_ORIGINS_TO_A_POST_REPLICATIVE_STATE,False
G1 -> S,2,"min(euclidean, cosine)",REACTOME_POLYMERASE_SWITCHING,False
G1 -> S,2,"min(euclidean, cosine)",REACTOME_LAGGING_STRAND_SYNTHESIS,True
G1 -> S,2,"min(euclidean, cosine)",REACTOME_DNA_STRAND_ELONGATION,False
G1 -> S,2,"min(euclidean, cosine)",REACTOME_G1_S_SPECIFIC_TRANSCRIPTION,True
G1 -> S,2,"min(euclidean, cosine)",REACTOME_CYCLIN_D_ASSOCIATED_EVENTS_IN_G1,True
G1 -> S,2,"min(euclidean, cosine)",REACTOME_SYNTHESIS_OF_DNA,False
G1 -> S,2,"min(euclidean, cosine)",REACTOME_S_PHASE,True
G1 -> S,2,"min(euclidean, cosine)",REACTOME_CYCLIN_A_B1_B2_ASSOCIATED_EVENTS_DURING_G2_M_TRANSITION,True
G1 -> S,2,"min(euclidean, cosine)",REACTOME_CELL_CYCLE_MITOTIC,True
G1 -> S,2,"min(euclidean, cosine)",REACTOME_DNA_REPLICATION,True
G1 -> S,2,"min(euclidean, cosine)",REACTOME_G2_M_DNA_DAMAGE_CHECKPOINT,True
G1 -> S,2,"min(euclidean, cosine)",REACTOME_G2_M_CHECKPOINTS,True
G1 -> S,2,"min(euclidean, cosine)",REACTOME_MITOTIC_SPINDLE_CHECKPOINT,True
G1 -> S,2,"min(euclidean, cosine)",REACTOME_CELL_CYCLE_CHECKPOINTS,True
G1 -> S,2,"min(euclidean, cosine)",REACTOME_CYCLIN_A_CDK2_ASSOCIATED_EVENTS_AT_S_PHASE_ENTRY,True
G1 -> S,2,"min(euclidean, cosine)",REACTOME_RRNA_PROCESSING,False
G1 -> S,2,"min(euclidean, cosine)",REACTOME_RNA_POLYMERASE_II_TRANSCRIPTION,False
G1 -> S,2,"min(euclidean, cosine)",REACTOME_BASE_EXCISION_REPAIR,False
G1 -> S,2,"min(euclidean, cosine)",REACTOME_CHROMOSOME_MAINTENANCE,True
G1 -> S,2,"min(euclidean, cosine)",REACTOME_DNA_DAMAGE_BYPASS,False
G1 -> S,2,"min(euclidean, cosine)",REACTOME_DNA_REPAIR,False
G1 -> S,2,"min(euclidean, cosine)",REACTOME_RESOLUTION_OF_ABASIC_SITES_AP_SITES,False
G1 -> S,2,"min(euclidean, cosine)",REACTOME_PROTEIN_UBIQUITINATION,False
G1 -> S,2,"min(euclidean, cosine)",REACTOME_THE_ROLE_OF_GTSE1_IN_G2_M_PROGRESSION_AFTER_G2_CHECKPOINT,True
G1 -> S,2,"min(euclidean, cosine)",REACTOME_AURKA_ACTIVATION_BY_TPX2,True
G1 -> S,2,"min(euclidean, cosine)",REACTOME_GOLGI_TO_ER_RETROGRADE_TRANSPORT,False
G1 -> S,2,"min(euclidean, cosine)",REACTOME_E3_UBIQUITIN_LIGASES_UBIQUITINATE_TARGET_PROTEINS,False
G1 -> S,2,"min(euclidean, cosine)",REACTOME_PEROXISOMAL_PROTEIN_IMPORT,False
G1 -> S,2,"min(euclidean, cosine)",REACTOME_PROTEIN_LOCALIZATION,False
G1 -> S,2,"min(euclidean, cosine)",REACTOME_AGGREPHAGY,False
G1 -> S,2,"min(euclidean, cosine)",REACTOME_ABERRANT_REGULATION_OF_MITOTIC_G1_S_TRANSITION_IN_CANCER_DUE_TO_RB1_DEFECTS,True
G1 -> S,2,"min(euclidean, cosine)",REACTOME_SELECTIVE_AUTOPHAGY,False
G1 -> S,2,"min(euclidean, cosine)",REACTOME_DISEASES_OF_MITOTIC_CELL_CYCLE,True
G1 -> S,2,"min(euclidean, cosine)",REACTOME_SIGNALING_BY_RHO_GTPASES_MIRO_GTPASES_AND_RHOBTB3,False
G1 -> S,2,"min(euclidean, cosine)",REACTOME_KINESINS,False
G1 -> S,2,"min(euclidean, cosine)",REACTOME_FACTORS_INVOLVED_IN_MEGAKARYOCYTE_DEVELOPMENT_AND_PLATELET_PRODUCTION,False
G1 -> S,2,"min(cosine, radial)",REACTOME_APOPTOSIS,False
G1 -> S,2,"min(cosine, radial)",REACTOME_INTRINSIC_PATHWAY_FOR_APOPTOSIS,False
G1 -> S,2,"min(cosine, radial)",REACTOME_TRANSLESION_SYNTHESIS_BY_Y_FAMILY_DNA_POLYMERASES_BYPASSES_LESIONS_ON_DNA_TEMPLATE,False
G1 -> S,2,"min(cosine, radial)",REACTOME_RECOGNITION_OF_DNA_DAMAGE_BY_PCNA_CONTAINING_REPLICATION_COMPLEX,True
G1 -> S,2,"min(cosine, radial)",REACTOME_TRANSLESION_SYNTHESIS_BY_POLH,False
G1 -> S,2,"min(cosine, radial)",REACTOME_RESOLUTION_OF_AP_SITES_VIA_THE_MULTIPLE_NUCLEOTIDE_PATCH_REPLACEMENT_PATHWAY,False
G1 -> S,2,"min(cosine, radial)",REACTOME_E2F_MEDIATED_REGULATION_OF_DNA_REPLICATION,True
G1 -> S,2,"min(cosine, radial)",REACTOME_ACTIVATION_OF_BH3_ONLY_PROTEINS,False
G1 -> S,2,"min(cosine, radial)",REACTOME_ADAPTIVE_IMMUNE_SYSTEM,False
G1 -> S,2,"min(cosine, radial)",REACTOME_TRANSCRIPTION_OF_E2F_TARGETS_UNDER_NEGATIVE_CONTROL_BY_DREAM_COMPLEX,True
G1 -> S,2,"min(cosine, radial)",REACTOME_TRANSCRIPTION_OF_E2F_TARGETS_UNDER_NEGATIVE_CONTROL_BY_P107_RBL1_AND_P130_RBL2_IN_COMPLEX_WITH_HDAC1,True
G1 -> S,2,"min(cosine, radial)",REACTOME_INHIBITION_OF_THE_PROTEOLYTIC_ACTIVITY_OF_APC_C_REQUIRED_FOR_THE_ONSET_OF_ANAPHASE_BY_MITOTIC_SPINDLE_CHECKPOINT_COMPONENTS,True
G1 -> S,2,"min(cosine, radial)",REACTOME_G0_AND_EARLY_G1,True
G1 -> S,2,"min(cosine, radial)",REACTOME_POLO_LIKE_KINASE_MEDIATED_EVENTS,True
G1 -> S,2,"min(cosine, radial)",REACTOME_TELOMERE_MAINTENANCE,True
G1 -> S,2,"min(cosine, radial)",REACTOME_CELL_CYCLE,True
G1 -> S,2,"min(cosine, radial)",REACTOME_APC_C_CDC20_MEDIATED_DEGRADATION_OF_CYCLIN_B,True
G1 -> S,2,"min(cosine, radial)",REACTOME_APC_C_MEDIATED_DEGRADATION_OF_CELL_CYCLE_PROTEINS,True
G1 -> S,2,"min(cosine, radial)",REACTOME_APC_C_CDH1_MEDIATED_DEGRADATION_OF_CDC20_AND_OTHER_APC_C_CDH1_TARGETED_PROTEINS_IN_LATE_MITOSIS_EARLY_G1,True
G1 -> S,2,"min(cosine, radial)",REACTOME_POLYMERASE_SWITCHING_ON_THE_C_STRAND_OF_THE_TELOMERE,True
G1 -> S,2,"min(cosine, radial)",REACTOME_TELOMERE_C_STRAND_LAGGING_STRAND_SYNTHESIS,True
G1 -> S,2,"min(cosine, radial)",REACTOME_ACTIVATION_OF_ATR_IN_RESPONSE_TO_REPLICATION_STRESS,True
G1 -> S,2,"min(cosine, radial)",REACTOME_PHOSPHORYLATION_OF_EMI1,False
G1 -> S,2,"min(cosine, radial)",REACTOME_APC_CDC20_MEDIATED_DEGRADATION_OF_NEK2A,True
G1 -> S,2,"min(cosine, radial)",REACTOME_EXTENSION_OF_TELOMERES,True
G1 -> S,2,"min(cosine, radial)",REACTOME_RHO_GTPASE_EFFECTORS,False
G1 -> S,2,"min(cosine, radial)",REACTOME_MEMBRANE_TRAFFICKING,False
G1 -> S,2,"min(cosine, radial)",REACTOME_MHC_CLASS_II_ANTIGEN_PRESENTATION,False
G1 -> S,2,"min(cosine, radial)",REACTOME_SEPARATION_OF_SISTER_CHROMATIDS,True
G1 -> S,2,"min(cosine, radial)",REACTOME_RESOLUTION_OF_SISTER_CHROMATID_COHESION,True
G1 -> S,2,"min(cosine, radial)",REACTOME_CONDENSATION_OF_PROMETAPHASE_CHROMOSOMES,True
G1 -> S,2,"min(cosine, radial)",REACTOME_MITOTIC_METAPHASE_AND_ANAPHASE,True
G1 -> S,2,"min(cosine, radial)",REACTOME_CELLULAR_SENESCENCE,False
G1 -> S,2,"min(cosine, radial)",REACTOME_ONCOGENE_INDUCED_SENESCENCE,False
G1 -> S,2,"min(cosine, radial)",REACTOME_REGULATION_OF_PLK1_ACTIVITY_AT_G2_M_TRANSITION,True
G1 -> S,2,"min(cosine, radial)",REACTOME_NUCLEAR_ENVELOPE_BREAKDOWN,True
G1 -> S,2,"min(cosine, radial)",REACTOME_ACTIVATION_OF_NIMA_KINASES_NEK9_NEK6_NEK7,False
G1 -> S,2,"min(cosine, radial)",REACTOME_INITIATION_OF_NUCLEAR_ENVELOPE_NE_REFORMATION,False
G1 -> S,2,"min(cosine, radial)",REACTOME_NUCLEAR_ENVELOPE_NE_REASSEMBLY,False
G1 -> S,2,"min(cosine, radial)",REACTOME_NUCLEAR_PORE_COMPLEX_NPC_DISASSEMBLY,False
G1 -> S,2,"min(cosine, radial)",REACTOME_TRANSCRIPTIONAL_REGULATION_BY_TP53,False
G1 -> S,2,"min(cosine, radial)",REACTOME_RECRUITMENT_OF_MITOTIC_CENTROSOME_PROTEINS_AND_COMPLEXES,True
G1 -> S,2,"min(cosine, radial)",REACTOME_RECRUITMENT_OF_NUMA_TO_MITOTIC_CENTROSOMES,True
G1 -> S,2,"min(cosine, radial)",REACTOME_MITOTIC_G2_G2_M_PHASES,True
G1 -> S,2,"min(cosine, radial)",REACTOME_MITOTIC_G1_PHASE_AND_G1_S_TRANSITION,True
G1 -> S,2,"min(cosine, radial)",REACTOME_SUMOYLATION_OF_DNA_REPLICATION_PROTEINS,True
G1 -> S,2,"min(cosine, radial)",REACTOME_PROGRAMMED_CELL_DEATH,False
G1 -> S,2,"min(cosine, radial)",REACTOME_MISMATCH_REPAIR,False
G1 -> S,2,"min(cosine, radial)",REACTOME_CILIUM_ASSEMBLY,False
G1 -> S,2,"min(cosine, radial)",REACTOME_ANCHORING_OF_THE_BASAL_BODY_TO_THE_PLASMA_MEMBRANE,False
G1 -> S,2,"min(cosine, radial)",REACTOME_INTRAFLAGELLAR_TRANSPORT,False
G1 -> S,2,"min(cosine, radial)",REACTOME_REGULATION_OF_TP53_ACTIVITY,False
G1 -> S,2,"min(cosine, radial)",REACTOME_PCNA_DEPENDENT_LONG_PATCH_BASE_EXCISION_REPAIR,False
G1 -> S,2,"min(cosine, radial)",REACTOME_VESICLE_MEDIATED_TRANSPORT,False
G1 -> S,2,"min(cosine, radial)",REACTOME_TRANSLESION_SYNTHESIS_BY_POLK,False
G1 -> S,2,"min(cosine, radial)",REACTOME_TERMINATION_OF_TRANSLESION_DNA_SYNTHESIS,False
G1 -> S,2,"min(cosine, radial)",REACTOME_RHO_GTPASES_ACTIVATE_FORMINS,False
G1 -> S,2,"min(cosine, radial)",REACTOME_HDR_THROUGH_SINGLE_STRAND_ANNEALING_SSA,False
G1 -> S,2,"min(cosine, radial)",REACTOME_HDR_THROUGH_HOMOLOGOUS_RECOMBINATION_HRR,False
G1 -> S,2,"min(cosine, radial)",REACTOME_DEUBIQUITINATION,False
G1 -> S,2,"min(cosine, radial)",REACTOME_UB_SPECIFIC_PROCESSING_PROTEASES,False
G1 -> S,2,"min(cosine, radial)",REACTOME_DNA_DOUBLE_STRAND_BREAK_REPAIR,False
G1 -> S,2,"min(cosine, radial)",REACTOME_HOMOLOGY_DIRECTED_REPAIR,False
G1 -> S,2,"min(cosine, radial)",REACTOME_HOMOLOGOUS_DNA_PAIRING_AND_STRAND_EXCHANGE,False
G1 -> S,2,"min(cosine, radial)",REACTOME_DNA_DOUBLE_STRAND_BREAK_RESPONSE,False
G1 -> S,2,"min(cosine, radial)",REACTOME_PROCESSING_OF_DNA_DOUBLE_STRAND_BREAK_ENDS,False
G1 -> S,2,"min(cosine, radial)",REACTOME_FORMATION_OF_INCISION_COMPLEX_IN_GG_NER,False
G1 -> S,2,"min(cosine, radial)",REACTOME_GAP_FILLING_DNA_REPAIR_SYNTHESIS_AND_LIGATION_IN_GG_NER,False
G1 -> S,2,"min(cosine, radial)",REACTOME_NUCLEOTIDE_EXCISION_REPAIR,False
G1 -> S,2,"min(cosine, radial)",REACTOME_GLOBAL_GENOME_NUCLEOTIDE_EXCISION_REPAIR_GG_NER,False
G1 -> S,2,"min(cosine, radial)",REACTOME_DUAL_INCISION_IN_GG_NER,False
G1 -> S,2,"min(cosine, radial)",REACTOME_DEPOSITION_OF_NEW_CENPA_CONTAINING_NUCLEOSOMES_AT_THE_CENTROMERE,False
G1 -> S,2,"min(cosine, radial)",REACTOME_TRANSCRIPTION_COUPLED_NUCLEOTIDE_EXCISION_REPAIR_TC_NER,False
G1 -> S,2,"min(cosine, radial)",REACTOME_DUAL_INCISION_IN_TC_NER,False
G1 -> S,2,"min(cosine, radial)",REACTOME_FANCONI_ANEMIA_PATHWAY,False
G1 -> S,2,"min(cosine, radial)",REACTOME_RRNA_MODIFICATION_IN_THE_NUCLEUS_AND_CYTOSOL,False
G1 -> S,2,"min(cosine, radial)",REACTOME_TP53_REGULATES_TRANSCRIPTION_OF_CELL_CYCLE_GENES,True
G1 -> S,2,"min(cosine, radial)",REACTOME_TP53_REGULATES_TRANSCRIPTION_OF_GENES_INVOLVED_IN_G2_CELL_CYCLE_ARREST,True
G1 -> S,2,"min(cosine, radial)",REACTOME_TP53_REGULATES_TRANSCRIPTION_OF_GENES_INVOLVED_IN_G1_CELL_CYCLE_ARREST,True
G1 -> S,2,"min(cosine, radial)",REACTOME_REGULATION_OF_TP53_ACTIVITY_THROUGH_PHOSPHORYLATION,False
G1 -> S,2,"min(cosine, radial)",REACTOME_COPI_DEPENDENT_GOLGI_TO_ER_RETROGRADE_TRAFFIC,False
G1 -> S,2,"min(cosine, radial)",REACTOME_COPI_INDEPENDENT_GOLGI_TO_ER_RETROGRADE_TRAFFIC,False
G1 -> S,2,"min(cosine, radial)",REACTOME_INTRA_GOLGI_AND_RETROGRADE_GOLGI_TO_ER_TRAFFIC,False
G1 -> S,2,"min(cosine, radial)",REACTOME_MITOTIC_PROPHASE,True
G1 -> S,2,"min(cosine, radial)",REACTOME_MITOTIC_PROMETAPHASE,True
G1 -> S,2,"min(cosine, radial)",REACTOME_MITOTIC_TELOPHASE_CYTOKINESIS,True
G1 -> S,2,"min(cosine, radial)",REACTOME_M_PHASE,True
G1 -> S,2,"min(cosine, radial)",REACTOME_ORC1_REMOVAL_FROM_CHROMATIN,True
G1 -> S,2,"min(cosine, radial)",REACTOME_ACTIVATION_OF_THE_PRE_REPLICATIVE_COMPLEX,False
G1 -> S,2,"min(cosine, radial)",REACTOME_DNA_REPLICATION_PRE_INITIATION,True
G1 -> S,2,"min(cosine, radial)",REACTOME_SWITCHING_OF_ORIGINS_TO_A_POST_REPLICATIVE_STATE,False
G1 -> S,2,"min(cosine, radial)",REACTOME_POLYMERASE_SWITCHING,False
G1 -> S,2,"min(cosine, radial)",REACTOME_LAGGING_STRAND_SYNTHESIS,True
G1 -> S,2,"min(cosine, radial)",REACTOME_DNA_STRAND_ELONGATION,False
G1 -> S,2,"min(cosine, radial)",REACTOME_G1_S_SPECIFIC_TRANSCRIPTION,True
G1 -> S,2,"min(cosine, radial)",REACTOME_CYCLIN_D_ASSOCIATED_EVENTS_IN_G1,True
G1 -> S,2,"min(cosine, radial)",REACTOME_SYNTHESIS_OF_DNA,False
G1 -> S,2,"min(cosine, radial)",REACTOME_S_PHASE,True
G1 -> S,2,"min(cosine, radial)",REACTOME_CYCLIN_A_B1_B2_ASSOCIATED_EVENTS_DURING_G2_M_TRANSITION,True
G1 -> S,2,"min(cosine, radial)",REACTOME_CELL_CYCLE_MITOTIC,True
G1 -> S,2,"min(cosine, radial)",REACTOME_DNA_REPLICATION,True
G1 -> S,2,"min(cosine, radial)",REACTOME_G2_M_DNA_DAMAGE_CHECKPOINT,True
G1 -> S,2,"min(cosine, radial)",REACTOME_G2_M_CHECKPOINTS,True
G1 -> S,2,"min(cosine, radial)",REACTOME_MITOTIC_SPINDLE_CHECKPOINT,True
G1 -> S,2,"min(cosine, radial)",REACTOME_CELL_CYCLE_CHECKPOINTS,True
G1 -> S,2,"min(cosine, radial)",REACTOME_CYCLIN_A_CDK2_ASSOCIATED_EVENTS_AT_S_PHASE_ENTRY,True
G1 -> S,2,"min(cosine, radial)",REACTOME_RRNA_PROCESSING,False
G1 -> S,2,"min(cosine, radial)",REACTOME_RNA_POLYMERASE_II_TRANSCRIPTION,False
G1 -> S,2,"min(cosine, radial)",REACTOME_BASE_EXCISION_REPAIR,False
G1 -> S,2,"min(cosine, radial)",REACTOME_CHROMOSOME_MAINTENANCE,True
G1 -> S,2,"min(cosine, radial)",REACTOME_DNA_DAMAGE_BYPASS,False
G1 -> S,2,"min(cosine, radial)",REACTOME_DNA_REPAIR,False
G1 -> S,2,"min(cosine, radial)",REACTOME_RESOLUTION_OF_ABASIC_SITES_AP_SITES,False
G1 -> S,2,"min(cosine, radial)",REACTOME_PROTEIN_UBIQUITINATION,False
G1 -> S,2,"min(cosine, radial)",REACTOME_THE_ROLE_OF_GTSE1_IN_G2_M_PROGRESSION_AFTER_G2_CHECKPOINT,True
G1 -> S,2,"min(cosine, radial)",REACTOME_AURKA_ACTIVATION_BY_TPX2,True
G1 -> S,2,"min(cosine, radial)",REACTOME_GOLGI_TO_ER_RETROGRADE_TRANSPORT,False
G1 -> S,2,"min(cosine, radial)",REACTOME_E3_UBIQUITIN_LIGASES_UBIQUITINATE_TARGET_PROTEINS,False
G1 -> S,2,"min(cosine, radial)",REACTOME_TRANSCRIPTIONAL_REGULATION_BY_E2F6,True
G1 -> S,2,"min(cosine, radial)",REACTOME_NGF_STIMULATED_TRANSCRIPTION,False
G1 -> S,2,"min(cosine, radial)",REACTOME_PEROXISOMAL_PROTEIN_IMPORT,False
G1 -> S,2,"min(cosine, radial)",REACTOME_PROTEIN_LOCALIZATION,False
G1 -> S,2,"min(cosine, radial)",REACTOME_AGGREPHAGY,False
G1 -> S,2,"min(cosine, radial)",REACTOME_ABERRANT_REGULATION_OF_MITOTIC_G1_S_TRANSITION_IN_CANCER_DUE_TO_RB1_DEFECTS,True
G1 -> S,2,"min(cosine, radial)",REACTOME_SELECTIVE_AUTOPHAGY,False
G1 -> S,2,"min(cosine, radial)",REACTOME_DISEASES_OF_MITOTIC_CELL_CYCLE,True
G1 -> S,2,"min(cosine, radial)",REACTOME_SIGNALING_BY_RHO_GTPASES_MIRO_GTPASES_AND_RHOBTB3,False
G1 -> S,2,"min(cosine, radial)",REACTOME_KINESINS,False
G1 -> S,2,"min(cosine, radial)",REACTOME_FACTORS_INVOLVED_IN_MEGAKARYOCYTE_DEVELOPMENT_AND_PLATELET_PRODUCTION,False
S -> G2,0,euclidean,REACTOME_APC_C_CDC20_MEDIATED_DEGRADATION_OF_CYCLIN_B,True
S -> G2,0,euclidean,REACTOME_APC_C_MEDIATED_DEGRADATION_OF_CELL_CYCLE_PROTEINS,True
S -> G2,0,euclidean,REACTOME_APC_C_CDH1_MEDIATED_DEGRADATION_OF_CDC20_AND_OTHER_APC_C_CDH1_TARGETED_PROTEINS_IN_LATE_MITOSIS_EARLY_G1,True
S -> G2,0,euclidean,REACTOME_CONDENSATION_OF_PROMETAPHASE_CHROMOSOMES,True
S -> G2,0,euclidean,REACTOME_MITOTIC_METAPHASE_AND_ANAPHASE,True
S -> G2,0,cosine,REACTOME_DOWNSTREAM_SIGNALING_EVENTS_OF_B_CELL_RECEPTOR_BCR,False
S -> G2,0,cosine,REACTOME_ANTIVIRAL_MECHANISM_BY_IFN_STIMULATED_GENES,False
S -> G2,0,cosine,REACTOME_ANTIGEN_PROCESSING_CROSS_PRESENTATION,False
S -> G2,0,cosine,REACTOME_CYTOKINE_SIGNALING_IN_IMMUNE_SYSTEM,False
S -> G2,0,cosine,REACTOME_CELL_CYCLE,True
S -> G2,0,cosine,REACTOME_APC_C_MEDIATED_DEGRADATION_OF_CELL_CYCLE_PROTEINS,True
S -> G2,0,cosine,REACTOME_APC_C_CDH1_MEDIATED_DEGRADATION_OF_CDC20_AND_OTHER_APC_C_CDH1_TARGETED_PROTEINS_IN_LATE_MITOSIS_EARLY_G1,True
S -> G2,0,cosine,REACTOME_APC_CDC20_MEDIATED_DEGRADATION_OF_NEK2A,True
S -> G2,0,cosine,REACTOME_ORGANELLE_BIOGENESIS_AND_MAINTENANCE,False
S -> G2,0,cosine,REACTOME_P75_NTR_RECEPTOR_MEDIATED_SIGNALLING,False
S -> G2,0,cosine,REACTOME_DEGRADATION_OF_BETA_CATENIN_BY_THE_DESTRUCTION_COMPLEX,False
S -> G2,0,cosine,REACTOME_TCR_SIGNALING,False
S -> G2,0,cosine,REACTOME_CELL_DEATH_SIGNALLING_VIA_NRAGE_NRIF_AND_NADE,False
S -> G2,0,cosine,REACTOME_SEPARATION_OF_SISTER_CHROMATIDS,True
S -> G2,0,cosine,REACTOME_MITOTIC_METAPHASE_AND_ANAPHASE,True
S -> G2,0,cosine,REACTOME_FCERI_MEDIATED_NF_KB_ACTIVATION,False
S -> G2,0,cosine,REACTOME_METABOLISM_OF_POLYAMINES,False
S -> G2,0,cosine,REACTOME_SIGNALING_BY_ROBO_RECEPTORS,False
S -> G2,0,cosine,REACTOME_RECRUITMENT_OF_NUMA_TO_MITOTIC_CENTROSOMES,True
S -> G2,0,cosine,REACTOME_ABC_FAMILY_PROTEINS_MEDIATED_TRANSPORT,False
S -> G2,0,cosine,REACTOME_INTERLEUKIN_1_FAMILY_SIGNALING,False
S -> G2,0,cosine,REACTOME_AUF1_HNRNP_D0_BINDS_AND_DESTABILIZES_MRNA,False
S -> G2,0,cosine,REACTOME_REGULATION_OF_MRNA_STABILITY_BY_PROTEINS_THAT_BIND_AU_RICH_ELEMENTS,False
S -> G2,0,cosine,REACTOME_DEGRADATION_OF_DVL,False
S -> G2,0,cosine,REACTOME_HEDGEHOG_LIGAND_BIOGENESIS,False
S -> G2,0,cosine,REACTOME_SIGNALING_BY_HEDGEHOG,False
S -> G2,0,cosine,REACTOME_CLEC7A_DECTIN_1_SIGNALING,False
S -> G2,0,cosine,REACTOME_HEDGEHOG_OFF_STATE,False
S -> G2,0,cosine,REACTOME_CILIUM_ASSEMBLY,False
S -> G2,0,cosine,REACTOME_ABC_TRANSPORTER_DISORDERS,False
S -> G2,0,cosine,REACTOME_C_TYPE_LECTIN_RECEPTORS_CLRS,False
S -> G2,0,cosine,REACTOME_HEDGEHOG_ON_STATE,False
S -> G2,0,cosine,REACTOME_REGULATION_OF_TP53_ACTIVITY,False
S -> G2,0,cosine,REACTOME_REGULATION_OF_RAS_BY_GAPS,False
S -> G2,0,cosine,REACTOME_RHO_GTPASES_ACTIVATE_FORMINS,False
S -> G2,0,cosine,REACTOME_TNFR2_NON_CANONICAL_NF_KB_PATHWAY,False
S -> G2,0,cosine,REACTOME_DEFECTIVE_CFTR_CAUSES_CYSTIC_FIBROSIS,False
S -> G2,0,cosine,REACTOME_UCH_PROTEINASES,False
S -> G2,0,cosine,REACTOME_DNA_DAMAGE_RECOGNITION_IN_GG_NER,False
S -> G2,0,cosine,REACTOME_REGULATION_OF_TP53_ACTIVITY_THROUGH_PHOSPHORYLATION,False
S -> G2,0,cosine,REACTOME_MITOTIC_PROMETAPHASE,True
S -> G2,0,cosine,REACTOME_M_PHASE,True
S -> G2,0,cosine,REACTOME_CELL_CYCLE_MITOTIC,True
S -> G2,0,cosine,REACTOME_STABILIZATION_OF_P53,False
S -> G2,0,cosine,REACTOME_METABOLISM_OF_AMINO_ACIDS_AND_DERIVATIVES,False
S -> G2,0,cosine,REACTOME_PROTEIN_UBIQUITINATION,False
S -> G2,0,cosine,REACTOME_AURKA_ACTIVATION_BY_TPX2,True
S -> G2,0,cosine,REACTOME_RUNX1_REGULATES_TRANSCRIPTION_OF_GENES_INVOLVED_IN_DIFFERENTIATION_OF_HSCS,False
S -> G2,0,cosine,REACTOME_REGULATION_OF_RUNX2_EXPRESSION_AND_ACTIVITY,False
S -> G2,0,cosine,REACTOME_REGULATION_OF_RUNX3_EXPRESSION_AND_ACTIVITY,False
S -> G2,0,cosine,REACTOME_REGULATION_OF_EXPRESSION_OF_SLITS_AND_ROBOS,False
S -> G2,0,cosine,REACTOME_CDC42_GTPASE_CYCLE,False
S -> G2,0,cosine,REACTOME_SIGNALING_BY_NOTCH4,False
S -> G2,0,cosine,REACTOME_INTERLEUKIN_1_SIGNALING,False
S -> G2,0,cosine,REACTOME_REGULATION_OF_HMOX1_EXPRESSION_AND_ACTIVITY,False
S -> G2,0,default,REACTOME_DOWNSTREAM_SIGNALING_EVENTS_OF_B_CELL_RECEPTOR_BCR,False
S -> G2,0,default,REACTOME_APC_C_CDC20_MEDIATED_DEGRADATION_OF_CYCLIN_B,True
S -> G2,0,default,REACTOME_APC_C_MEDIATED_DEGRADATION_OF_CELL_CYCLE_PROTEINS,True
S -> G2,0,default,REACTOME_APC_C_CDH1_MEDIATED_DEGRADATION_OF_CDC20_AND_OTHER_APC_C_CDH1_TARGETED_PROTEINS_IN_LATE_MITOSIS_EARLY_G1,True
S -> G2,0,default,REACTOME_APC_CDC20_MEDIATED_DEGRADATION_OF_NEK2A,True
S -> G2,0,default,REACTOME_TCR_SIGNALING,False
S -> G2,0,default,REACTOME_SEPARATION_OF_SISTER_CHROMATIDS,True
S -> G2,0,default,REACTOME_CONDENSATION_OF_PROMETAPHASE_CHROMOSOMES,True
S -> G2,0,default,REACTOME_MITOTIC_METAPHASE_AND_ANAPHASE,True
S -> G2,0,default,REACTOME_FCERI_MEDIATED_NF_KB_ACTIVATION,False
S -> G2,0,default,REACTOME_METABOLISM_OF_POLYAMINES,False
S -> G2,0,default,REACTOME_SIGNALING_BY_ROBO_RECEPTORS,False
S -> G2,0,default,REACTOME_ABC_FAMILY_PROTEINS_MEDIATED_TRANSPORT,False
S -> G2,0,default,REACTOME_INTERLEUKIN_1_FAMILY_SIGNALING,False
S -> G2,0,default,REACTOME_AUF1_HNRNP_D0_BINDS_AND_DESTABILIZES_MRNA,False
S -> G2,0,default,REACTOME_REGULATION_OF_MRNA_STABILITY_BY_PROTEINS_THAT_BIND_AU_RICH_ELEMENTS,False
S -> G2,0,default,REACTOME_DEGRADATION_OF_DVL,False
S -> G2,0,default,REACTOME_HEDGEHOG_LIGAND_BIOGENESIS,False
S -> G2,0,default,REACTOME_SIGNALING_BY_HEDGEHOG,False
S -> G2,0,default,REACTOME_CLEC7A_DECTIN_1_SIGNALING,False
S -> G2,0,default,REACTOME_HEDGEHOG_OFF_STATE,False
S -> G2,0,default,REACTOME_ABC_TRANSPORTER_DISORDERS,False
S -> G2,0,default,REACTOME_HEDGEHOG_ON_STATE,False
S -> G2,0,default,REACTOME_REGULATION_OF_TP53_ACTIVITY,False
S -> G2,0,default,REACTOME_DEFECTIVE_CFTR_CAUSES_CYSTIC_FIBROSIS,False
S -> G2,0,default,REACTOME_UCH_PROTEINASES,False
S -> G2,0,default,REACTOME_PROTEIN_PROTEIN_INTERACTIONS_AT_SYNAPSES,False
S -> G2,0,default,REACTOME_REGULATION_OF_TP53_ACTIVITY_THROUGH_PHOSPHORYLATION,False
S -> G2,0,default,REACTOME_MITOTIC_PROMETAPHASE,True
S -> G2,0,default,REACTOME_M_PHASE,True
S -> G2,0,default,REACTOME_CELL_CYCLE_MITOTIC,True
S -> G2,0,default,REACTOME_STABILIZATION_OF_P53,False
S -> G2,0,default,REACTOME_METABOLISM_OF_AMINO_ACIDS_AND_DERIVATIVES,False
S -> G2,0,default,REACTOME_AURKA_ACTIVATION_BY_TPX2,True
S -> G2,0,default,REACTOME_RUNX1_REGULATES_TRANSCRIPTION_OF_GENES_INVOLVED_IN_DIFFERENTIATION_OF_HSCS,False
S -> G2,0,default,REACTOME_REGULATION_OF_RUNX2_EXPRESSION_AND_ACTIVITY,False
S -> G2,0,default,REACTOME_REGULATION_OF_RUNX3_EXPRESSION_AND_ACTIVITY,False
S -> G2,0,default,REACTOME_REGULATION_OF_PTEN_STABILITY_AND_ACTIVITY,False
S -> G2,0,default,REACTOME_REGULATION_OF_EXPRESSION_OF_SLITS_AND_ROBOS,False
S -> G2,0,default,REACTOME_INTERLEUKIN_1_SIGNALING,False
S -> G2,0,default,REACTOME_SELECTIVE_AUTOPHAGY,False
S -> G2,0,default,REACTOME_REGULATION_OF_HMOX1_EXPRESSION_AND_ACTIVITY,False
S -> G2,0,"mean(euclidean, cosine)",REACTOME_DOWNSTREAM_SIGNALING_EVENTS_OF_B_CELL_RECEPTOR_BCR,False
S -> G2,0,"mean(euclidean, cosine)",REACTOME_CELL_CYCLE,True
S -> G2,0,"mean(euclidean, cosine)",REACTOME_APC_C_CDC20_MEDIATED_DEGRADATION_OF_CYCLIN_B,True
S -> G2,0,"mean(euclidean, cosine)",REACTOME_APC_C_MEDIATED_DEGRADATION_OF_CELL_CYCLE_PROTEINS,True
S -> G2,0,"mean(euclidean, cosine)",REACTOME_APC_C_CDH1_MEDIATED_DEGRADATION_OF_CDC20_AND_OTHER_APC_C_CDH1_TARGETED_PROTEINS_IN_LATE_MITOSIS_EARLY_G1,True
S -> G2,0,"mean(euclidean, cosine)",REACTOME_APC_CDC20_MEDIATED_DEGRADATION_OF_NEK2A,True
S -> G2,0,"mean(euclidean, cosine)",REACTOME_TCR_SIGNALING,False
S -> G2,0,"mean(euclidean, cosine)",REACTOME_SEPARATION_OF_SISTER_CHROMATIDS,True
S -> G2,0,"mean(euclidean, cosine)",REACTOME_CONDENSATION_OF_PROMETAPHASE_CHROMOSOMES,True
S -> G2,0,"mean(euclidean, cosine)",REACTOME_MITOTIC_METAPHASE_AND_ANAPHASE,True
S -> G2,0,"mean(euclidean, cosine)",REACTOME_FCERI_MEDIATED_NF_KB_ACTIVATION,False
S -> G2,0,"mean(euclidean, cosine)",REACTOME_METABOLISM_OF_POLYAMINES,False
S -> G2,0,"mean(euclidean, cosine)",REACTOME_SIGNALING_BY_ROBO_RECEPTORS,False
S -> G2,0,"mean(euclidean, cosine)",REACTOME_ABC_FAMILY_PROTEINS_MEDIATED_TRANSPORT,False
S -> G2,0,"mean(euclidean, cosine)",REACTOME_INTERLEUKIN_1_FAMILY_SIGNALING,False
S -> G2,0,"mean(euclidean, cosine)",REACTOME_AUF1_HNRNP_D0_BINDS_AND_DESTABILIZES_MRNA,False
S -> G2,0,"mean(euclidean, cosine)",REACTOME_REGULATION_OF_MRNA_STABILITY_BY_PROTEINS_THAT_BIND_AU_RICH_ELEMENTS,False
S -> G2,0,"mean(euclidean, cosine)",REACTOME_DEGRADATION_OF_DVL,False
S -> G2,0,"mean(euclidean, cosine)",REACTOME_HEDGEHOG_LIGAND_BIOGENESIS,False
S -> G2,0,"mean(euclidean, cosine)",REACTOME_SIGNALING_BY_HEDGEHOG,False
S -> G2,0,"mean(euclidean, cosine)",REACTOME_CLEC7A_DECTIN_1_SIGNALING,False
S -> G2,0,"mean(euclidean, cosine)",REACTOME_HEDGEHOG_OFF_STATE,False
S -> G2,0,"mean(euclidean, cosine)",REACTOME_ABC_TRANSPORTER_DISORDERS,False
S -> G2,0,"mean(euclidean, cosine)",REACTOME_HEDGEHOG_ON_STATE,False
S -> G2,0,"mean(euclidean, cosine)",REACTOME_REGULATION_OF_TP53_ACTIVITY,False
S -> G2,0,"mean(euclidean, cosine)",REACTOME_RHO_GTPASES_ACTIVATE_FORMINS,False
S -> G2,0,"mean(euclidean, cosine)",REACTOME_DEFECTIVE_CFTR_CAUSES_CYSTIC_FIBROSIS,False
S -> G2,0,"mean(euclidean, cosine)",REACTOME_UCH_PROTEINASES,False
S -> G2,0,"mean(euclidean, cosine)",REACTOME_REGULATION_OF_TP53_ACTIVITY_THROUGH_PHOSPHORYLATION,False
S -> G2,0,"mean(euclidean, cosine)",REACTOME_MITOTIC_PROMETAPHASE,True
S -> G2,0,"mean(euclidean, cosine)",REACTOME_M_PHASE,True
S -> G2,0,"mean(euclidean, cosine)",REACTOME_CELL_CYCLE_MITOTIC,True
S -> G2,0,"mean(euclidean, cosine)",REACTOME_STABILIZATION_OF_P53,False
S -> G2,0,"mean(euclidean, cosine)",REACTOME_METABOLISM_OF_AMINO_ACIDS_AND_DERIVATIVES,False
S -> G2,0,"mean(euclidean, cosine)",REACTOME_AURKA_ACTIVATION_BY_TPX2,True
S -> G2,0,"mean(euclidean, cosine)",REACTOME_REGULATION_OF_RUNX2_EXPRESSION_AND_ACTIVITY,False
S -> G2,0,"mean(euclidean, cosine)",REACTOME_REGULATION_OF_RUNX3_EXPRESSION_AND_ACTIVITY,False
S -> G2,0,"mean(euclidean, cosine)",REACTOME_REGULATION_OF_EXPRESSION_OF_SLITS_AND_ROBOS,False
S -> G2,0,"mean(euclidean, cosine)",REACTOME_INTERLEUKIN_1_SIGNALING,False
S -> G2,0,"mean(euclidean, cosine)",REACTOME_REGULATION_OF_HMOX1_EXPRESSION_AND_ACTIVITY,False
S -> G2,0,"max(euclidean, cosine)",REACTOME_APC_C_CDC20_MEDIATED_DEGRADATION_OF_CYCLIN_B,True
S -> G2,0,"max(euclidean, cosine)",REACTOME_APC_C_MEDIATED_DEGRADATION_OF_CELL_CYCLE_PROTEINS,True
S -> G2,0,"max(euclidean, cosine)",REACTOME_APC_C_CDH1_MEDIATED_DEGRADATION_OF_CDC20_AND_OTHER_APC_C_CDH1_TARGETED_PROTEINS_IN_LATE_MITOSIS_EARLY_G1,True
S -> G2,0,"max(euclidean, cosine)",REACTOME_MITOTIC_METAPHASE_AND_ANAPHASE,True
S -> G2,0,"max(euclidean, cosine)",REACTOME_ABC_FAMILY_PROTEINS_MEDIATED_TRANSPORT,False
S -> G2,0,"max(euclidean, cosine)",REACTOME_PROTEIN_PROTEIN_INTERACTIONS_AT_SYNAPSES,False
S -> G2,0,"max(euclidean, cosine)",REACTOME_REGULATION_OF_TP53_ACTIVITY_THROUGH_PHOSPHORYLATION,False
S -> G2,0,"max(euclidean, cosine)",REACTOME_M_PHASE,True
S -> G2,0,"min(euclidean, cosine)",REACTOME_DOWNSTREAM_SIGNALING_EVENTS_OF_B_CELL_RECEPTOR_BCR,False
S -> G2,0,"min(euclidean, cosine)",REACTOME_ANTIVIRAL_MECHANISM_BY_IFN_STIMULATED_GENES,False
S -> G2,0,"min(euclidean, cosine)",REACTOME_CYTOKINE_SIGNALING_IN_IMMUNE_SYSTEM,False
S -> G2,0,"min(euclidean, cosine)",REACTOME_HIV_INFECTION,False
S -> G2,0,"min(euclidean, cosine)",REACTOME_HOST_INTERACTIONS_OF_HIV_FACTORS,False
S -> G2,0,"min(euclidean, cosine)",REACTOME_CELL_CYCLE,True
S -> G2,0,"min(euclidean, cosine)",REACTOME_NS1_MEDIATED_EFFECTS_ON_HOST_PATHWAYS,False
S -> G2,0,"min(euclidean, cosine)",REACTOME_APC_C_MEDIATED_DEGRADATION_OF_CELL_CYCLE_PROTEINS,True
S -> G2,0,"min(euclidean, cosine)",REACTOME_APC_C_CDH1_MEDIATED_DEGRADATION_OF_CDC20_AND_OTHER_APC_C_CDH1_TARGETED_PROTEINS_IN_LATE_MITOSIS_EARLY_G1,True
S -> G2,0,"min(euclidean, cosine)",REACTOME_APC_CDC20_MEDIATED_DEGRADATION_OF_NEK2A,True
S -> G2,0,"min(euclidean, cosine)",REACTOME_P75_NTR_RECEPTOR_MEDIATED_SIGNALLING,False
S -> G2,0,"min(euclidean, cosine)",REACTOME_TCR_SIGNALING,False
S -> G2,0,"min(euclidean, cosine)",REACTOME_SEPARATION_OF_SISTER_CHROMATIDS,True
S -> G2,0,"min(euclidean, cosine)",REACTOME_MITOTIC_METAPHASE_AND_ANAPHASE,True
S -> G2,0,"min(euclidean, cosine)",REACTOME_FCERI_MEDIATED_NF_KB_ACTIVATION,False
S -> G2,0,"min(euclidean, cosine)",REACTOME_METABOLISM_OF_POLYAMINES,False
S -> G2,0,"min(euclidean, cosine)",REACTOME_SIGNALING_BY_ROBO_RECEPTORS,False
S -> G2,0,"min(euclidean, cosine)",REACTOME_ABC_FAMILY_PROTEINS_MEDIATED_TRANSPORT,False
S -> G2,0,"min(euclidean, cosine)",REACTOME_INTERLEUKIN_1_FAMILY_SIGNALING,False
S -> G2,0,"min(euclidean, cosine)",REACTOME_AUF1_HNRNP_D0_BINDS_AND_DESTABILIZES_MRNA,False
S -> G2,0,"min(euclidean, cosine)",REACTOME_REGULATION_OF_MRNA_STABILITY_BY_PROTEINS_THAT_BIND_AU_RICH_ELEMENTS,False
S -> G2,0,"min(euclidean, cosine)",REACTOME_SUMOYLATION_OF_DNA_REPLICATION_PROTEINS,True
S -> G2,0,"min(euclidean, cosine)",REACTOME_DEGRADATION_OF_DVL,False
S -> G2,0,"min(euclidean, cosine)",REACTOME_HEDGEHOG_LIGAND_BIOGENESIS,False
S -> G2,0,"min(euclidean, cosine)",REACTOME_SIGNALING_BY_HEDGEHOG,False
S -> G2,0,"min(euclidean, cosine)",REACTOME_CLEC7A_DECTIN_1_SIGNALING,False
S -> G2,0,"min(euclidean, cosine)",REACTOME_HEDGEHOG_OFF_STATE,False
S -> G2,0,"min(euclidean, cosine)",REACTOME_CILIUM_ASSEMBLY,False
S -> G2,0,"min(euclidean, cosine)",REACTOME_ABC_TRANSPORTER_DISORDERS,False
S -> G2,0,"min(euclidean, cosine)",REACTOME_C_TYPE_LECTIN_RECEPTORS_CLRS,False
S -> G2,0,"min(euclidean, cosine)",REACTOME_HEDGEHOG_ON_STATE,False
S -> G2,0,"min(euclidean, cosine)",REACTOME_REGULATION_OF_TP53_ACTIVITY,False
S -> G2,0,"min(euclidean, cosine)",REACTOME_REGULATION_OF_RAS_BY_GAPS,False
S -> G2,0,"min(euclidean, cosine)",REACTOME_RHO_GTPASES_ACTIVATE_FORMINS,False
S -> G2,0,"min(euclidean, cosine)",REACTOME_TNFR2_NON_CANONICAL_NF_KB_PATHWAY,False
S -> G2,0,"min(euclidean, cosine)",REACTOME_DEFECTIVE_CFTR_CAUSES_CYSTIC_FIBROSIS,False
S -> G2,0,"min(euclidean, cosine)",REACTOME_MAPK6_MAPK4_SIGNALING,False
S -> G2,0,"min(euclidean, cosine)",REACTOME_UCH_PROTEINASES,False
S -> G2,0,"min(euclidean, cosine)",REACTOME_REGULATION_OF_TP53_ACTIVITY_THROUGH_PHOSPHORYLATION,False
S -> G2,0,"min(euclidean, cosine)",REACTOME_MITOTIC_PROMETAPHASE,True
S -> G2,0,"min(euclidean, cosine)",REACTOME_M_PHASE,True
S -> G2,0,"min(euclidean, cosine)",REACTOME_CELL_CYCLE_MITOTIC,True
S -> G2,0,"min(euclidean, cosine)",REACTOME_STABILIZATION_OF_P53,False
S -> G2,0,"min(euclidean, cosine)",REACTOME_MITOTIC_SPINDLE_CHECKPOINT,True
S -> G2,0,"min(euclidean, cosine)",REACTOME_METABOLISM_OF_AMINO_ACIDS_AND_DERIVATIVES,False
S -> G2,0,"min(euclidean, cosine)",REACTOME_PROTEIN_UBIQUITINATION,False
S -> G2,0,"min(euclidean, cosine)",REACTOME_AURKA_ACTIVATION_BY_TPX2,True
S -> G2,0,"min(euclidean, cosine)",REACTOME_RUNX1_REGULATES_TRANSCRIPTION_OF_GENES_INVOLVED_IN_DIFFERENTIATION_OF_HSCS,False
S -> G2,0,"min(euclidean, cosine)",REACTOME_REGULATION_OF_RUNX2_EXPRESSION_AND_ACTIVITY,False
S -> G2,0,"min(euclidean, cosine)",REACTOME_REGULATION_OF_RUNX3_EXPRESSION_AND_ACTIVITY,False
S -> G2,0,"min(euclidean, cosine)",REACTOME_REGULATION_OF_PTEN_STABILITY_AND_ACTIVITY,False
S -> G2,0,"min(euclidean, cosine)",REACTOME_REGULATION_OF_EXPRESSION_OF_SLITS_AND_ROBOS,False
S -> G2,0,"min(euclidean, cosine)",REACTOME_CDC42_GTPASE_CYCLE,False
S -> G2,0,"min(euclidean, cosine)",REACTOME_SIGNALING_BY_NOTCH4,False
S -> G2,0,"min(euclidean, cosine)",REACTOME_INTERLEUKIN_1_SIGNALING,False
S -> G2,0,"min(euclidean, cosine)",REACTOME_INTERFERON_SIGNALING,False
S -> G2,0,"min(euclidean, cosine)",REACTOME_AUTOPHAGY,False
S -> G2,0,"min(euclidean, cosine)",REACTOME_SELECTIVE_AUTOPHAGY,False
S -> G2,0,"min(euclidean, cosine)",REACTOME_REGULATION_OF_HMOX1_EXPRESSION_AND_ACTIVITY,False
S -> G2,0,"min(euclidean, cosine)",REACTOME_SIGNALING_BY_THE_B_CELL_RECEPTOR_BCR,False
S -> G2,1,cosine,REACTOME_DOWNSTREAM_SIGNALING_EVENTS_OF_B_CELL_RECEPTOR_BCR,False
S -> G2,1,cosine,REACTOME_ANTIVIRAL_MECHANISM_BY_IFN_STIMULATED_GENES,False
S -> G2,1,cosine,REACTOME_ANTIGEN_PROCESSING_CROSS_PRESENTATION,False
S -> G2,1,cosine,REACTOME_CYTOKINE_SIGNALING_IN_IMMUNE_SYSTEM,False
S -> G2,1,cosine,REACTOME_APC_C_MEDIATED_DEGRADATION_OF_CELL_CYCLE_PROTEINS,True
S -> G2,1,cosine,REACTOME_APC_C_CDH1_MEDIATED_DEGRADATION_OF_CDC20_AND_OTHER_APC_C_CDH1_TARGETED_PROTEINS_IN_LATE_MITOSIS_EARLY_G1,True
S -> G2,1,cosine,REACTOME_APC_CDC20_MEDIATED_DEGRADATION_OF_NEK2A,True
S -> G2,1,cosine,REACTOME_ORGANELLE_BIOGENESIS_AND_MAINTENANCE,False
S -> G2,1,cosine,REACTOME_SCF_SKP2_MEDIATED_DEGRADATION_OF_P27_P21,False
S -> G2,1,cosine,REACTOME_P75_NTR_RECEPTOR_MEDIATED_SIGNALLING,False
S -> G2,1,cosine,REACTOME_DEGRADATION_OF_BETA_CATENIN_BY_THE_DESTRUCTION_COMPLEX,False
S -> G2,1,cosine,REACTOME_TCR_SIGNALING,False
S -> G2,1,cosine,REACTOME_SEPARATION_OF_SISTER_CHROMATIDS,True
S -> G2,1,cosine,REACTOME_MITOTIC_METAPHASE_AND_ANAPHASE,True
S -> G2,1,cosine,REACTOME_FCERI_MEDIATED_NF_KB_ACTIVATION,False
S -> G2,1,cosine,REACTOME_SIGNALING_BY_ROBO_RECEPTORS,False
S -> G2,1,cosine,REACTOME_RECRUITMENT_OF_MITOTIC_CENTROSOME_PROTEINS_AND_COMPLEXES,True
S -> G2,1,cosine,REACTOME_RECRUITMENT_OF_NUMA_TO_MITOTIC_CENTROSOMES,True
S -> G2,1,cosine,REACTOME_ABC_FAMILY_PROTEINS_MEDIATED_TRANSPORT,False
S -> G2,1,cosine,REACTOME_INTERLEUKIN_1_FAMILY_SIGNALING,False
S -> G2,1,cosine,REACTOME_SIGNALING_BY_INTERLEUKINS,False
S -> G2,1,cosine,REACTOME_AUF1_HNRNP_D0_BINDS_AND_DESTABILIZES_MRNA,False
S -> G2,1,cosine,REACTOME_REGULATION_OF_MRNA_STABILITY_BY_PROTEINS_THAT_BIND_AU_RICH_ELEMENTS,False
S -> G2,1,cosine,REACTOME_MITOTIC_G2_G2_M_PHASES,True
S -> G2,1,cosine,REACTOME_DEGRADATION_OF_DVL,False
S -> G2,1,cosine,REACTOME_HEDGEHOG_LIGAND_BIOGENESIS,False
S -> G2,1,cosine,REACTOME_SIGNALING_BY_HEDGEHOG,False
S -> G2,1,cosine,REACTOME_CLEC7A_DECTIN_1_SIGNALING,False
S -> G2,1,cosine,REACTOME_HEDGEHOG_OFF_STATE,False
S -> G2,1,cosine,REACTOME_CILIUM_ASSEMBLY,False
S -> G2,1,cosine,REACTOME_ABC_TRANSPORTER_DISORDERS,False
S -> G2,1,cosine,REACTOME_ANCHORING_OF_THE_BASAL_BODY_TO_THE_PLASMA_MEMBRANE,False
S -> G2,1,cosine,REACTOME_C_TYPE_LECTIN_RECEPTORS_CLRS,False
S -> G2,1,cosine,REACTOME_HEDGEHOG_ON_STATE,False
S -> G2,1,cosine,REACTOME_REGULATION_OF_TP53_ACTIVITY,False
S -> G2,1,cosine,REACTOME_REGULATION_OF_RAS_BY_GAPS,False
S -> G2,1,cosine,REACTOME_TNFR2_NON_CANONICAL_NF_KB_PATHWAY,False
S -> G2,1,cosine,REACTOME_DEFECTIVE_CFTR_CAUSES_CYSTIC_FIBROSIS,False
S -> G2,1,cosine,REACTOME_MAPK6_MAPK4_SIGNALING,False
S -> G2,1,cosine,REACTOME_UCH_PROTEINASES,False
S -> G2,1,cosine,REACTOME_DNA_DAMAGE_RECOGNITION_IN_GG_NER,False
S -> G2,1,cosine,REACTOME_REGULATION_OF_TP53_ACTIVITY_THROUGH_PHOSPHORYLATION,False
S -> G2,1,cosine,REACTOME_CDT1_ASSOCIATION_WITH_THE_CDC6_ORC_ORIGIN_COMPLEX,True
S -> G2,1,cosine,REACTOME_MITOTIC_PROMETAPHASE,True
S -> G2,1,cosine,REACTOME_M_PHASE,True
S -> G2,1,cosine,REACTOME_CELL_CYCLE_MITOTIC,True
S -> G2,1,cosine,REACTOME_STABILIZATION_OF_P53,False
S -> G2,1,cosine,REACTOME_METABOLISM_OF_AMINO_ACIDS_AND_DERIVATIVES,False
S -> G2,1,cosine,REACTOME_PROTEIN_UBIQUITINATION,False
S -> G2,1,cosine,REACTOME_AURKA_ACTIVATION_BY_TPX2,True
S -> G2,1,cosine,REACTOME_RUNX1_REGULATES_TRANSCRIPTION_OF_GENES_INVOLVED_IN_DIFFERENTIATION_OF_HSCS,False
S -> G2,1,cosine,REACTOME_REGULATION_OF_RUNX2_EXPRESSION_AND_ACTIVITY,False
S -> G2,1,cosine,REACTOME_REGULATION_OF_RUNX3_EXPRESSION_AND_ACTIVITY,False
S -> G2,1,cosine,REACTOME_REGULATION_OF_EXPRESSION_OF_SLITS_AND_ROBOS,False
S -> G2,1,cosine,REACTOME_CDC42_GTPASE_CYCLE,False
S -> G2,1,cosine,REACTOME_SIGNALING_BY_NOTCH4,False
S -> G2,1,cosine,REACTOME_INTERLEUKIN_1_SIGNALING,False
S -> G2,1,cosine,REACTOME_INTERFERON_ALPHA_BETA_SIGNALING,False
S -> G2,1,cosine,REACTOME_CYTOPROTECTION_BY_HMOX1,False
S -> G2,1,cosine,REACTOME_REGULATION_OF_HMOX1_EXPRESSION_AND_ACTIVITY,False
S -> G2,1,default,REACTOME_DOWNSTREAM_SIGNALING_EVENTS_OF_B_CELL_RECEPTOR_BCR,False
S -> G2,1,default,REACTOME_ANTIGEN_PROCESSING_CROSS_PRESENTATION,False
S -> G2,1,default,REACTOME_APC_C_CDC20_MEDIATED_DEGRADATION_OF_CYCLIN_B,True
S -> G2,1,default,REACTOME_APC_C_MEDIATED_DEGRADATION_OF_CELL_CYCLE_PROTEINS,True
S -> G2,1,default,REACTOME_APC_C_CDH1_MEDIATED_DEGRADATION_OF_CDC20_AND_OTHER_APC_C_CDH1_TARGETED_PROTEINS_IN_LATE_MITOSIS_EARLY_G1,True
S -> G2,1,default,REACTOME_APC_CDC20_MEDIATED_DEGRADATION_OF_NEK2A,True
S -> G2,1,default,REACTOME_TCR_SIGNALING,False
S -> G2,1,default,REACTOME_SEPARATION_OF_SISTER_CHROMATIDS,True
S -> G2,1,default,REACTOME_MITOTIC_METAPHASE_AND_ANAPHASE,True
S -> G2,1,default,REACTOME_FCERI_MEDIATED_NF_KB_ACTIVATION,False
S -> G2,1,default,REACTOME_METABOLISM_OF_POLYAMINES,False
S -> G2,1,default,REACTOME_SIGNALING_BY_ROBO_RECEPTORS,False
S -> G2,1,default,REACTOME_ABC_FAMILY_PROTEINS_MEDIATED_TRANSPORT,False
S -> G2,1,default,REACTOME_INTERLEUKIN_1_FAMILY_SIGNALING,False
S -> G2,1,default,REACTOME_AUF1_HNRNP_D0_BINDS_AND_DESTABILIZES_MRNA,False
S -> G2,1,default,REACTOME_REGULATION_OF_MRNA_STABILITY_BY_PROTEINS_THAT_BIND_AU_RICH_ELEMENTS,False
S -> G2,1,default,REACTOME_MITOTIC_G2_G2_M_PHASES,True
S -> G2,1,default,REACTOME_DEGRADATION_OF_DVL,False
S -> G2,1,default,REACTOME_HEDGEHOG_LIGAND_BIOGENESIS,False
S -> G2,1,default,REACTOME_SIGNALING_BY_HEDGEHOG,False
S -> G2,1,default,REACTOME_CLEC7A_DECTIN_1_SIGNALING,False
S -> G2,1,default,REACTOME_HEDGEHOG_OFF_STATE,False
S -> G2,1,default,REACTOME_CILIUM_ASSEMBLY,False
S -> G2,1,default,REACTOME_ABC_TRANSPORTER_DISORDERS,False
S -> G2,1,default,REACTOME_ANCHORING_OF_THE_BASAL_BODY_TO_THE_PLASMA_MEMBRANE,False
S -> G2,1,default,REACTOME_HEDGEHOG_ON_STATE,False
S -> G2,1,default,REACTOME_REGULATION_OF_TP53_ACTIVITY,False
S -> G2,1,default,REACTOME_TNFR2_NON_CANONICAL_NF_KB_PATHWAY,False
S -> G2,1,default,REACTOME_DEFECTIVE_CFTR_CAUSES_CYSTIC_FIBROSIS,False
S -> G2,1,default,REACTOME_MAPK6_MAPK4_SIGNALING,False
S -> G2,1,default,REACTOME_REGULATION_OF_TP53_ACTIVITY_THROUGH_PHOSPHORYLATION,False
S -> G2,1,default,REACTOME_CDT1_ASSOCIATION_WITH_THE_CDC6_ORC_ORIGIN_COMPLEX,True
S -> G2,1,default,REACTOME_MITOTIC_PROMETAPHASE,True
S -> G2,1,default,REACTOME_M_PHASE,True
S -> G2,1,default,REACTOME_CELL_CYCLE_MITOTIC,True
S -> G2,1,default,REACTOME_STABILIZATION_OF_P53,False
S -> G2,1,default,REACTOME_METABOLISM_OF_AMINO_ACIDS_AND_DERIVATIVES,False
S -> G2,1,default,REACTOME_AURKA_ACTIVATION_BY_TPX2,True
S -> G2,1,default,REACTOME_RUNX1_REGULATES_TRANSCRIPTION_OF_GENES_INVOLVED_IN_DIFFERENTIATION_OF_HSCS,False
S -> G2,1,default,REACTOME_REGULATION_OF_RUNX2_EXPRESSION_AND_ACTIVITY,False
S -> G2,1,default,REACTOME_REGULATION_OF_RUNX3_EXPRESSION_AND_ACTIVITY,False
S -> G2,1,default,REACTOME_REGULATION_OF_PTEN_STABILITY_AND_ACTIVITY,False
S -> G2,1,default,REACTOME_REGULATION_OF_EXPRESSION_OF_SLITS_AND_ROBOS,False
S -> G2,1,default,REACTOME_INTERLEUKIN_1_SIGNALING,False
S -> G2,1,default,REACTOME_SELECTIVE_AUTOPHAGY,False
S -> G2,1,default,REACTOME_REGULATION_OF_HMOX1_EXPRESSION_AND_ACTIVITY,False
S -> G2,1,default,REACTOME_SIGNALING_BY_THE_B_CELL_RECEPTOR_BCR,False
S -> G2,1,"mean(euclidean, cosine)",REACTOME_DOWNSTREAM_SIGNALING_EVENTS_OF_B_CELL_RECEPTOR_BCR,False
S -> G2,1,"mean(euclidean, cosine)",REACTOME_ANTIGEN_PROCESSING_CROSS_PRESENTATION,False
S -> G2,1,"mean(euclidean, cosine)",REACTOME_APC_C_CDC20_MEDIATED_DEGRADATION_OF_CYCLIN_B,True
S -> G2,1,"mean(euclidean, cosine)",REACTOME_APC_C_MEDIATED_DEGRADATION_OF_CELL_CYCLE_PROTEINS,True
S -> G2,1,"mean(euclidean, cosine)",REACTOME_APC_C_CDH1_MEDIATED_DEGRADATION_OF_CDC20_AND_OTHER_APC_C_CDH1_TARGETED_PROTEINS_IN_LATE_MITOSIS_EARLY_G1,True
S -> G2,1,"mean(euclidean, cosine)",REACTOME_APC_CDC20_MEDIATED_DEGRADATION_OF_NEK2A,True
S -> G2,1,"mean(euclidean, cosine)",REACTOME_TCR_SIGNALING,False
S -> G2,1,"mean(euclidean, cosine)",REACTOME_SEPARATION_OF_SISTER_CHROMATIDS,True
S -> G2,1,"mean(euclidean, cosine)",REACTOME_MITOTIC_METAPHASE_AND_ANAPHASE,True
S -> G2,1,"mean(euclidean, cosine)",REACTOME_REGULATION_OF_PLK1_ACTIVITY_AT_G2_M_TRANSITION,True
S -> G2,1,"mean(euclidean, cosine)",REACTOME_FCERI_MEDIATED_NF_KB_ACTIVATION,False
S -> G2,1,"mean(euclidean, cosine)",REACTOME_METABOLISM_OF_POLYAMINES,False
S -> G2,1,"mean(euclidean, cosine)",REACTOME_SIGNALING_BY_ROBO_RECEPTORS,False
S -> G2,1,"mean(euclidean, cosine)",REACTOME_RECRUITMENT_OF_NUMA_TO_MITOTIC_CENTROSOMES,True
S -> G2,1,"mean(euclidean, cosine)",REACTOME_ABC_FAMILY_PROTEINS_MEDIATED_TRANSPORT,False
S -> G2,1,"mean(euclidean, cosine)",REACTOME_INTERLEUKIN_1_FAMILY_SIGNALING,False
S -> G2,1,"mean(euclidean, cosine)",REACTOME_AUF1_HNRNP_D0_BINDS_AND_DESTABILIZES_MRNA,False
S -> G2,1,"mean(euclidean, cosine)",REACTOME_REGULATION_OF_MRNA_STABILITY_BY_PROTEINS_THAT_BIND_AU_RICH_ELEMENTS,False
S -> G2,1,"mean(euclidean, cosine)",REACTOME_MITOTIC_G2_G2_M_PHASES,True
S -> G2,1,"mean(euclidean, cosine)",REACTOME_DEGRADATION_OF_DVL,False
S -> G2,1,"mean(euclidean, cosine)",REACTOME_HEDGEHOG_LIGAND_BIOGENESIS,False
S -> G2,1,"mean(euclidean, cosine)",REACTOME_SIGNALING_BY_HEDGEHOG,False
S -> G2,1,"mean(euclidean, cosine)",REACTOME_CLEC7A_DECTIN_1_SIGNALING,False
S -> G2,1,"mean(euclidean, cosine)",REACTOME_HEDGEHOG_OFF_STATE,False
S -> G2,1,"mean(euclidean, cosine)",REACTOME_CILIUM_ASSEMBLY,False
S -> G2,1,"mean(euclidean, cosine)",REACTOME_ABC_TRANSPORTER_DISORDERS,False
S -> G2,1,"mean(euclidean, cosine)",REACTOME_ANCHORING_OF_THE_BASAL_BODY_TO_THE_PLASMA_MEMBRANE,False
S -> G2,1,"mean(euclidean, cosine)",REACTOME_HEDGEHOG_ON_STATE,False
S -> G2,1,"mean(euclidean, cosine)",REACTOME_REGULATION_OF_TP53_ACTIVITY,False
S -> G2,1,"mean(euclidean, cosine)",REACTOME_TNFR2_NON_CANONICAL_NF_KB_PATHWAY,False
S -> G2,1,"mean(euclidean, cosine)",REACTOME_DEFECTIVE_CFTR_CAUSES_CYSTIC_FIBROSIS,False
S -> G2,1,"mean(euclidean, cosine)",REACTOME_MAPK6_MAPK4_SIGNALING,False
S -> G2,1,"mean(euclidean, cosine)",REACTOME_REGULATION_OF_TP53_ACTIVITY_THROUGH_PHOSPHORYLATION,False
S -> G2,1,"mean(euclidean, cosine)",REACTOME_CDT1_ASSOCIATION_WITH_THE_CDC6_ORC_ORIGIN_COMPLEX,True
S -> G2,1,"mean(euclidean, cosine)",REACTOME_MITOTIC_PROMETAPHASE,True
S -> G2,1,"mean(euclidean, cosine)",REACTOME_M_PHASE,True
S -> G2,1,"mean(euclidean, cosine)",REACTOME_CELL_CYCLE_MITOTIC,True
S -> G2,1,"mean(euclidean, cosine)",REACTOME_STABILIZATION_OF_P53,False
S -> G2,1,"mean(euclidean, cosine)",REACTOME_METABOLISM_OF_AMINO_ACIDS_AND_DERIVATIVES,False
S -> G2,1,"mean(euclidean, cosine)",REACTOME_THE_ROLE_OF_GTSE1_IN_G2_M_PROGRESSION_AFTER_G2_CHECKPOINT,True
S -> G2,1,"mean(euclidean, cosine)",REACTOME_AURKA_ACTIVATION_BY_TPX2,True
S -> G2,1,"mean(euclidean, cosine)",REACTOME_RUNX1_REGULATES_TRANSCRIPTION_OF_GENES_INVOLVED_IN_DIFFERENTIATION_OF_HSCS,False
S -> G2,1,"mean(euclidean, cosine)",REACTOME_REGULATION_OF_RUNX2_EXPRESSION_AND_ACTIVITY,False
S -> G2,1,"mean(euclidean, cosine)",REACTOME_REGULATION_OF_RUNX3_EXPRESSION_AND_ACTIVITY,False
S -> G2,1,"mean(euclidean, cosine)",REACTOME_REGULATION_OF_PTEN_STABILITY_AND_ACTIVITY,False
S -> G2,1,"mean(euclidean, cosine)",REACTOME_REGULATION_OF_EXPRESSION_OF_SLITS_AND_ROBOS,False
S -> G2,1,"mean(euclidean, cosine)",REACTOME_INTERLEUKIN_1_SIGNALING,False
S -> G2,1,"mean(euclidean, cosine)",REACTOME_SELECTIVE_AUTOPHAGY,False
S -> G2,1,"mean(euclidean, cosine)",REACTOME_REGULATION_OF_HMOX1_EXPRESSION_AND_ACTIVITY,False
S -> G2,1,"mean(euclidean, cosine)",REACTOME_SIGNALING_BY_THE_B_CELL_RECEPTOR_BCR,False
S -> G2,1,"max(euclidean, cosine)",REACTOME_APC_C_CDC20_MEDIATED_DEGRADATION_OF_CYCLIN_B,True
S -> G2,1,"max(euclidean, cosine)",REACTOME_APC_C_MEDIATED_DEGRADATION_OF_CELL_CYCLE_PROTEINS,True
S -> G2,1,"max(euclidean, cosine)",REACTOME_APC_C_CDH1_MEDIATED_DEGRADATION_OF_CDC20_AND_OTHER_APC_C_CDH1_TARGETED_PROTEINS_IN_LATE_MITOSIS_EARLY_G1,True
S -> G2,1,"min(euclidean, cosine)",REACTOME_DOWNSTREAM_SIGNALING_EVENTS_OF_B_CELL_RECEPTOR_BCR,False
S -> G2,1,"min(euclidean, cosine)",REACTOME_ANTIVIRAL_MECHANISM_BY_IFN_STIMULATED_GENES,False
S -> G2,1,"min(euclidean, cosine)",REACTOME_CYTOKINE_SIGNALING_IN_IMMUNE_SYSTEM,False
S -> G2,1,"min(euclidean, cosine)",REACTOME_HIV_INFECTION,False
S -> G2,1,"min(euclidean, cosine)",REACTOME_HOST_INTERACTIONS_OF_HIV_FACTORS,False
S -> G2,1,"min(euclidean, cosine)",REACTOME_CELL_CYCLE,True
S -> G2,1,"min(euclidean, cosine)",REACTOME_APC_C_MEDIATED_DEGRADATION_OF_CELL_CYCLE_PROTEINS,True
S -> G2,1,"min(euclidean, cosine)",REACTOME_APC_C_CDH1_MEDIATED_DEGRADATION_OF_CDC20_AND_OTHER_APC_C_CDH1_TARGETED_PROTEINS_IN_LATE_MITOSIS_EARLY_G1,True
S -> G2,1,"min(euclidean, cosine)",REACTOME_APC_CDC20_MEDIATED_DEGRADATION_OF_NEK2A,True
S -> G2,1,"min(euclidean, cosine)",REACTOME_ORGANELLE_BIOGENESIS_AND_MAINTENANCE,False
S -> G2,1,"min(euclidean, cosine)",REACTOME_TCR_SIGNALING,False
S -> G2,1,"min(euclidean, cosine)",REACTOME_FC_EPSILON_RECEPTOR_FCERI_SIGNALING,False
S -> G2,1,"min(euclidean, cosine)",REACTOME_SEPARATION_OF_SISTER_CHROMATIDS,True
S -> G2,1,"min(euclidean, cosine)",REACTOME_MITOTIC_METAPHASE_AND_ANAPHASE,True
S -> G2,1,"min(euclidean, cosine)",REACTOME_FCERI_MEDIATED_NF_KB_ACTIVATION,False
S -> G2,1,"min(euclidean, cosine)",REACTOME_METABOLISM_OF_POLYAMINES,False
S -> G2,1,"min(euclidean, cosine)",REACTOME_SIGNALING_BY_ROBO_RECEPTORS,False
S -> G2,1,"min(euclidean, cosine)",REACTOME_RECRUITMENT_OF_NUMA_TO_MITOTIC_CENTROSOMES,True
S -> G2,1,"min(euclidean, cosine)",REACTOME_ABC_FAMILY_PROTEINS_MEDIATED_TRANSPORT,False
S -> G2,1,"min(euclidean, cosine)",REACTOME_INTERLEUKIN_1_FAMILY_SIGNALING,False
S -> G2,1,"min(euclidean, cosine)",REACTOME_AUF1_HNRNP_D0_BINDS_AND_DESTABILIZES_MRNA,False
S -> G2,1,"min(euclidean, cosine)",REACTOME_REGULATION_OF_MRNA_STABILITY_BY_PROTEINS_THAT_BIND_AU_RICH_ELEMENTS,False
S -> G2,1,"min(euclidean, cosine)",REACTOME_DEGRADATION_OF_DVL,False
S -> G2,1,"min(euclidean, cosine)",REACTOME_HEDGEHOG_LIGAND_BIOGENESIS,False
S -> G2,1,"min(euclidean, cosine)",REACTOME_SIGNALING_BY_HEDGEHOG,False
S -> G2,1,"min(euclidean, cosine)",REACTOME_CLEC7A_DECTIN_1_SIGNALING,False
S -> G2,1,"min(euclidean, cosine)",REACTOME_HEDGEHOG_OFF_STATE,False
S -> G2,1,"min(euclidean, cosine)",REACTOME_CILIUM_ASSEMBLY,False
S -> G2,1,"min(euclidean, cosine)",REACTOME_ABC_TRANSPORTER_DISORDERS,False
S -> G2,1,"min(euclidean, cosine)",REACTOME_ANCHORING_OF_THE_BASAL_BODY_TO_THE_PLASMA_MEMBRANE,False
S -> G2,1,"min(euclidean, cosine)",REACTOME_C_TYPE_LECTIN_RECEPTORS_CLRS,False
S -> G2,1,"min(euclidean, cosine)",REACTOME_HEDGEHOG_ON_STATE,False
S -> G2,1,"min(euclidean, cosine)",REACTOME_REGULATION_OF_TP53_ACTIVITY,False
S -> G2,1,"min(euclidean, cosine)",REACTOME_REGULATION_OF_RAS_BY_GAPS,False
S -> G2,1,"min(euclidean, cosine)",REACTOME_RHO_GTPASES_ACTIVATE_FORMINS,False
S -> G2,1,"min(euclidean, cosine)",REACTOME_TNFR2_NON_CANONICAL_NF_KB_PATHWAY,False
S -> G2,1,"min(euclidean, cosine)",REACTOME_DEFECTIVE_CFTR_CAUSES_CYSTIC_FIBROSIS,False
S -> G2,1,"min(euclidean, cosine)",REACTOME_MAPK6_MAPK4_SIGNALING,False
S -> G2,1,"min(euclidean, cosine)",REACTOME_DNA_DAMAGE_RECOGNITION_IN_GG_NER,False
S -> G2,1,"min(euclidean, cosine)",REACTOME_REGULATION_OF_TP53_ACTIVITY_THROUGH_PHOSPHORYLATION,False
S -> G2,1,"min(euclidean, cosine)",REACTOME_CDT1_ASSOCIATION_WITH_THE_CDC6_ORC_ORIGIN_COMPLEX,True
S -> G2,1,"min(euclidean, cosine)",REACTOME_MITOTIC_PROMETAPHASE,True
S -> G2,1,"min(euclidean, cosine)",REACTOME_M_PHASE,True
S -> G2,1,"min(euclidean, cosine)",REACTOME_CELL_CYCLE_MITOTIC,True
S -> G2,1,"min(euclidean, cosine)",REACTOME_STABILIZATION_OF_P53,False
S -> G2,1,"min(euclidean, cosine)",REACTOME_MITOTIC_SPINDLE_CHECKPOINT,True
S -> G2,1,"min(euclidean, cosine)",REACTOME_METABOLISM_OF_AMINO_ACIDS_AND_DERIVATIVES,False
S -> G2,1,"min(euclidean, cosine)",REACTOME_PROTEIN_UBIQUITINATION,False
S -> G2,1,"min(euclidean, cosine)",REACTOME_AURKA_ACTIVATION_BY_TPX2,True
S -> G2,1,"min(euclidean, cosine)",REACTOME_RUNX1_REGULATES_TRANSCRIPTION_OF_GENES_INVOLVED_IN_DIFFERENTIATION_OF_HSCS,False
S -> G2,1,"min(euclidean, cosine)",REACTOME_REGULATION_OF_RUNX2_EXPRESSION_AND_ACTIVITY,False
S -> G2,1,"min(euclidean, cosine)",REACTOME_REGULATION_OF_RUNX3_EXPRESSION_AND_ACTIVITY,False
S -> G2,1,"min(euclidean, cosine)",REACTOME_REGULATION_OF_PTEN_STABILITY_AND_ACTIVITY,False
S -> G2,1,"min(euclidean, cosine)",REACTOME_REGULATION_OF_EXPRESSION_OF_SLITS_AND_ROBOS,False
S -> G2,1,"min(euclidean, cosine)",REACTOME_CDC42_GTPASE_CYCLE,False
S -> G2,1,"min(euclidean, cosine)",REACTOME_SIGNALING_BY_NOTCH4,False
S -> G2,1,"min(euclidean, cosine)",REACTOME_INTERLEUKIN_1_SIGNALING,False
S -> G2,1,"min(euclidean, cosine)",REACTOME_AUTOPHAGY,False
S -> G2,1,"min(euclidean, cosine)",REACTOME_SELECTIVE_AUTOPHAGY,False
S -> G2,1,"min(euclidean, cosine)",REACTOME_REGULATION_OF_HMOX1_EXPRESSION_AND_ACTIVITY,False
S -> G2,1,"min(euclidean, cosine)",REACTOME_SIGNALING_BY_THE_B_CELL_RECEPTOR_BCR,False
S -> G2,2,cosine,REACTOME_DOWNSTREAM_SIGNALING_EVENTS_OF_B_CELL_RECEPTOR_BCR,False
S -> G2,2,cosine,REACTOME_CYTOKINE_SIGNALING_IN_IMMUNE_SYSTEM,False
S -> G2,2,cosine,REACTOME_CELL_CYCLE,True
S -> G2,2,cosine,REACTOME_APC_C_MEDIATED_DEGRADATION_OF_CELL_CYCLE_PROTEINS,True
S -> G2,2,cosine,REACTOME_APC_C_CDH1_MEDIATED_DEGRADATION_OF_CDC20_AND_OTHER_APC_C_CDH1_TARGETED_PROTEINS_IN_LATE_MITOSIS_EARLY_G1,True
S -> G2,2,cosine,REACTOME_APC_CDC20_MEDIATED_DEGRADATION_OF_NEK2A,True
S -> G2,2,cosine,REACTOME_SCF_SKP2_MEDIATED_DEGRADATION_OF_P27_P21,False
S -> G2,2,cosine,REACTOME_P75_NTR_RECEPTOR_MEDIATED_SIGNALLING,False
S -> G2,2,cosine,REACTOME_DEGRADATION_OF_BETA_CATENIN_BY_THE_DESTRUCTION_COMPLEX,False
S -> G2,2,cosine,REACTOME_TCR_SIGNALING,False
S -> G2,2,cosine,REACTOME_SEPARATION_OF_SISTER_CHROMATIDS,True
S -> G2,2,cosine,REACTOME_MITOTIC_METAPHASE_AND_ANAPHASE,True
S -> G2,2,cosine,REACTOME_FCERI_MEDIATED_NF_KB_ACTIVATION,False
S -> G2,2,cosine,REACTOME_METABOLISM_OF_POLYAMINES,False
S -> G2,2,cosine,REACTOME_RECRUITMENT_OF_NUMA_TO_MITOTIC_CENTROSOMES,True
S -> G2,2,cosine,REACTOME_ABC_FAMILY_PROTEINS_MEDIATED_TRANSPORT,False
S -> G2,2,cosine,REACTOME_INTERLEUKIN_1_FAMILY_SIGNALING,False
S -> G2,2,cosine,REACTOME_AUF1_HNRNP_D0_BINDS_AND_DESTABILIZES_MRNA,False
S -> G2,2,cosine,REACTOME_REGULATION_OF_MRNA_STABILITY_BY_PROTEINS_THAT_BIND_AU_RICH_ELEMENTS,False
S -> G2,2,cosine,REACTOME_DEGRADATION_OF_DVL,False
S -> G2,2,cosine,REACTOME_HEDGEHOG_LIGAND_BIOGENESIS,False
S -> G2,2,cosine,REACTOME_SIGNALING_BY_HEDGEHOG,False
S -> G2,2,cosine,REACTOME_CLEC7A_DECTIN_1_SIGNALING,False
S -> G2,2,cosine,REACTOME_HEDGEHOG_OFF_STATE,False
S -> G2,2,cosine,REACTOME_CILIUM_ASSEMBLY,False
S -> G2,2,cosine,REACTOME_ABC_TRANSPORTER_DISORDERS,False
S -> G2,2,cosine,REACTOME_C_TYPE_LECTIN_RECEPTORS_CLRS,False
S -> G2,2,cosine,REACTOME_HEDGEHOG_ON_STATE,False
S -> G2,2,cosine,REACTOME_REGULATION_OF_TP53_ACTIVITY,False
S -> G2,2,cosine,REACTOME_REGULATION_OF_RAS_BY_GAPS,False
S -> G2,2,cosine,REACTOME_RHO_GTPASES_ACTIVATE_FORMINS,False
S -> G2,2,cosine,REACTOME_TNFR2_NON_CANONICAL_NF_KB_PATHWAY,False
S -> G2,2,cosine,REACTOME_DEFECTIVE_CFTR_CAUSES_CYSTIC_FIBROSIS,False
S -> G2,2,cosine,REACTOME_MAPK6_MAPK4_SIGNALING,False
S -> G2,2,cosine,REACTOME_UCH_PROTEINASES,False
S -> G2,2,cosine,REACTOME_DNA_DAMAGE_RECOGNITION_IN_GG_NER,False
S -> G2,2,cosine,REACTOME_REGULATION_OF_TP53_ACTIVITY_THROUGH_PHOSPHORYLATION,False
S -> G2,2,cosine,REACTOME_CDT1_ASSOCIATION_WITH_THE_CDC6_ORC_ORIGIN_COMPLEX,True
S -> G2,2,cosine,REACTOME_MITOTIC_PROMETAPHASE,True
S -> G2,2,cosine,REACTOME_MITOTIC_TELOPHASE_CYTOKINESIS,True
S -> G2,2,cosine,REACTOME_M_PHASE,True
S -> G2,2,cosine,REACTOME_CELL_CYCLE_MITOTIC,True
S -> G2,2,cosine,REACTOME_STABILIZATION_OF_P53,False
S -> G2,2,cosine,REACTOME_G1_S_DNA_DAMAGE_CHECKPOINTS,True
S -> G2,2,cosine,REACTOME_METABOLISM_OF_AMINO_ACIDS_AND_DERIVATIVES,False
S -> G2,2,cosine,REACTOME_PROTEIN_UBIQUITINATION,False
S -> G2,2,cosine,REACTOME_AURKA_ACTIVATION_BY_TPX2,True
S -> G2,2,cosine,REACTOME_TRANSCRIPTIONAL_REGULATION_BY_RUNX3,False
S -> G2,2,cosine,REACTOME_RUNX1_REGULATES_TRANSCRIPTION_OF_GENES_INVOLVED_IN_DIFFERENTIATION_OF_HSCS,False
S -> G2,2,cosine,REACTOME_REGULATION_OF_RUNX2_EXPRESSION_AND_ACTIVITY,False
S -> G2,2,cosine,REACTOME_REGULATION_OF_RUNX3_EXPRESSION_AND_ACTIVITY,False
S -> G2,2,cosine,REACTOME_REGULATION_OF_EXPRESSION_OF_SLITS_AND_ROBOS,False
S -> G2,2,cosine,REACTOME_CDC42_GTPASE_CYCLE,False
S -> G2,2,cosine,REACTOME_SIGNALING_BY_NOTCH4,False
S -> G2,2,cosine,REACTOME_INTERLEUKIN_1_SIGNALING,False
S -> G2,2,cosine,REACTOME_CYTOPROTECTION_BY_HMOX1,False
S -> G2,2,cosine,REACTOME_REGULATION_OF_HMOX1_EXPRESSION_AND_ACTIVITY,False
S -> G2,2,default,REACTOME_DOWNSTREAM_SIGNALING_EVENTS_OF_B_CELL_RECEPTOR_BCR,False
S -> G2,2,default,REACTOME_ANTIGEN_PROCESSING_CROSS_PRESENTATION,False
S -> G2,2,default,REACTOME_CELL_CYCLE,True
S -> G2,2,default,REACTOME_APC_C_CDC20_MEDIATED_DEGRADATION_OF_CYCLIN_B,True
S -> G2,2,default,REACTOME_APC_C_MEDIATED_DEGRADATION_OF_CELL_CYCLE_PROTEINS,True
S -> G2,2,default,REACTOME_APC_C_CDH1_MEDIATED_DEGRADATION_OF_CDC20_AND_OTHER_APC_C_CDH1_TARGETED_PROTEINS_IN_LATE_MITOSIS_EARLY_G1,True
S -> G2,2,default,REACTOME_APC_CDC20_MEDIATED_DEGRADATION_OF_NEK2A,True
S -> G2,2,default,REACTOME_P75_NTR_RECEPTOR_MEDIATED_SIGNALLING,False
S -> G2,2,default,REACTOME_DEGRADATION_OF_BETA_CATENIN_BY_THE_DESTRUCTION_COMPLEX,False
S -> G2,2,default,REACTOME_TCR_SIGNALING,False
S -> G2,2,default,REACTOME_SEPARATION_OF_SISTER_CHROMATIDS,True
S -> G2,2,default,REACTOME_MITOTIC_METAPHASE_AND_ANAPHASE,True
S -> G2,2,default,REACTOME_FCERI_MEDIATED_NF_KB_ACTIVATION,False
S -> G2,2,default,REACTOME_METABOLISM_OF_POLYAMINES,False
S -> G2,2,default,REACTOME_SIGNALING_BY_ROBO_RECEPTORS,False
S -> G2,2,default,REACTOME_ABC_FAMILY_PROTEINS_MEDIATED_TRANSPORT,False
S -> G2,2,default,REACTOME_INTERLEUKIN_1_FAMILY_SIGNALING,False
S -> G2,2,default,REACTOME_AUF1_HNRNP_D0_BINDS_AND_DESTABILIZES_MRNA,False
S -> G2,2,default,REACTOME_REGULATION_OF_MRNA_STABILITY_BY_PROTEINS_THAT_BIND_AU_RICH_ELEMENTS,False
S -> G2,2,default,REACTOME_MITOTIC_G2_G2_M_PHASES,True
S -> G2,2,default,REACTOME_ASYMMETRIC_LOCALIZATION_OF_PCP_PROTEINS,False
S -> G2,2,default,REACTOME_DEGRADATION_OF_DVL,False
S -> G2,2,default,REACTOME_HEDGEHOG_LIGAND_BIOGENESIS,False
S -> G2,2,default,REACTOME_SIGNALING_BY_HEDGEHOG,False
S -> G2,2,default,REACTOME_CLEC7A_DECTIN_1_SIGNALING,False
S -> G2,2,default,REACTOME_HEDGEHOG_OFF_STATE,False
S -> G2,2,default,REACTOME_ABC_TRANSPORTER_DISORDERS,False
S -> G2,2,default,REACTOME_HEDGEHOG_ON_STATE,False
S -> G2,2,default,REACTOME_REGULATION_OF_TP53_ACTIVITY,False
S -> G2,2,default,REACTOME_TNFR2_NON_CANONICAL_NF_KB_PATHWAY,False
S -> G2,2,default,REACTOME_DEFECTIVE_CFTR_CAUSES_CYSTIC_FIBROSIS,False
S -> G2,2,default,REACTOME_UCH_PROTEINASES,False
S -> G2,2,default,REACTOME_REGULATION_OF_TP53_ACTIVITY_THROUGH_PHOSPHORYLATION,False
S -> G2,2,default,REACTOME_CDT1_ASSOCIATION_WITH_THE_CDC6_ORC_ORIGIN_COMPLEX,True
S -> G2,2,default,REACTOME_MITOTIC_PROMETAPHASE,True
S -> G2,2,default,REACTOME_M_PHASE,True
S -> G2,2,default,REACTOME_CELL_CYCLE_MITOTIC,True
S -> G2,2,default,REACTOME_STABILIZATION_OF_P53,False
S -> G2,2,default,REACTOME_METABOLISM_OF_AMINO_ACIDS_AND_DERIVATIVES,False
S -> G2,2,default,REACTOME_THE_ROLE_OF_GTSE1_IN_G2_M_PROGRESSION_AFTER_G2_CHECKPOINT,True
S -> G2,2,default,REACTOME_AURKA_ACTIVATION_BY_TPX2,True
S -> G2,2,default,REACTOME_RUNX1_REGULATES_TRANSCRIPTION_OF_GENES_INVOLVED_IN_DIFFERENTIATION_OF_HSCS,False
S -> G2,2,default,REACTOME_REGULATION_OF_RUNX2_EXPRESSION_AND_ACTIVITY,False
S -> G2,2,default,REACTOME_REGULATION_OF_RUNX3_EXPRESSION_AND_ACTIVITY,False
S -> G2,2,default,REACTOME_REGULATION_OF_PTEN_STABILITY_AND_ACTIVITY,False
S -> G2,2,default,REACTOME_REGULATION_OF_EXPRESSION_OF_SLITS_AND_ROBOS,False
S -> G2,2,default,REACTOME_SIGNALING_BY_NOTCH4,False
S -> G2,2,default,REACTOME_INTERLEUKIN_1_SIGNALING,False
S -> G2,2,default,REACTOME_AUTOPHAGY,False
S -> G2,2,default,REACTOME_SELECTIVE_AUTOPHAGY,False
S -> G2,2,default,REACTOME_CYTOPROTECTION_BY_HMOX1,False
S -> G2,2,default,REACTOME_REGULATION_OF_HMOX1_EXPRESSION_AND_ACTIVITY,False
S -> G2,2,"mean(euclidean, cosine)",REACTOME_DOWNSTREAM_SIGNALING_EVENTS_OF_B_CELL_RECEPTOR_BCR,False
S -> G2,2,"mean(euclidean, cosine)",REACTOME_ANTIGEN_PROCESSING_CROSS_PRESENTATION,False
S -> G2,2,"mean(euclidean, cosine)",REACTOME_CELL_CYCLE,True
S -> G2,2,"mean(euclidean, cosine)",REACTOME_APC_C_CDC20_MEDIATED_DEGRADATION_OF_CYCLIN_B,True
S -> G2,2,"mean(euclidean, cosine)",REACTOME_APC_C_MEDIATED_DEGRADATION_OF_CELL_CYCLE_PROTEINS,True
S -> G2,2,"mean(euclidean, cosine)",REACTOME_APC_C_CDH1_MEDIATED_DEGRADATION_OF_CDC20_AND_OTHER_APC_C_CDH1_TARGETED_PROTEINS_IN_LATE_MITOSIS_EARLY_G1,True
S -> G2,2,"mean(euclidean, cosine)",REACTOME_APC_CDC20_MEDIATED_DEGRADATION_OF_NEK2A,True
S -> G2,2,"mean(euclidean, cosine)",REACTOME_DEGRADATION_OF_BETA_CATENIN_BY_THE_DESTRUCTION_COMPLEX,False
S -> G2,2,"mean(euclidean, cosine)",REACTOME_TCR_SIGNALING,False
S -> G2,2,"mean(euclidean, cosine)",REACTOME_SEPARATION_OF_SISTER_CHROMATIDS,True
S -> G2,2,"mean(euclidean, cosine)",REACTOME_MITOTIC_METAPHASE_AND_ANAPHASE,True
S -> G2,2,"mean(euclidean, cosine)",REACTOME_FCERI_MEDIATED_NF_KB_ACTIVATION,False
S -> G2,2,"mean(euclidean, cosine)",REACTOME_METABOLISM_OF_POLYAMINES,False
S -> G2,2,"mean(euclidean, cosine)",REACTOME_SIGNALING_BY_ROBO_RECEPTORS,False
S -> G2,2,"mean(euclidean, cosine)",REACTOME_ABC_FAMILY_PROTEINS_MEDIATED_TRANSPORT,False
S -> G2,2,"mean(euclidean, cosine)",REACTOME_INTERLEUKIN_1_FAMILY_SIGNALING,False
S -> G2,2,"mean(euclidean, cosine)",REACTOME_AUF1_HNRNP_D0_BINDS_AND_DESTABILIZES_MRNA,False
S -> G2,2,"mean(euclidean, cosine)",REACTOME_REGULATION_OF_MRNA_STABILITY_BY_PROTEINS_THAT_BIND_AU_RICH_ELEMENTS,False
S -> G2,2,"mean(euclidean, cosine)",REACTOME_MITOTIC_G2_G2_M_PHASES,True
S -> G2,2,"mean(euclidean, cosine)",REACTOME_ASYMMETRIC_LOCALIZATION_OF_PCP_PROTEINS,False
S -> G2,2,"mean(euclidean, cosine)",REACTOME_DEGRADATION_OF_DVL,False
S -> G2,2,"mean(euclidean, cosine)",REACTOME_HEDGEHOG_LIGAND_BIOGENESIS,False
S -> G2,2,"mean(euclidean, cosine)",REACTOME_SIGNALING_BY_HEDGEHOG,False
S -> G2,2,"mean(euclidean, cosine)",REACTOME_CLEC7A_DECTIN_1_SIGNALING,False
S -> G2,2,"mean(euclidean, cosine)",REACTOME_HEDGEHOG_OFF_STATE,False
S -> G2,2,"mean(euclidean, cosine)",REACTOME_ABC_TRANSPORTER_DISORDERS,False
S -> G2,2,"mean(euclidean, cosine)",REACTOME_HEDGEHOG_ON_STATE,False
S -> G2,2,"mean(euclidean, cosine)",REACTOME_REGULATION_OF_TP53_ACTIVITY,False
S -> G2,2,"mean(euclidean, cosine)",REACTOME_TNFR2_NON_CANONICAL_NF_KB_PATHWAY,False
S -> G2,2,"mean(euclidean, cosine)",REACTOME_DEFECTIVE_CFTR_CAUSES_CYSTIC_FIBROSIS,False
S -> G2,2,"mean(euclidean, cosine)",REACTOME_UCH_PROTEINASES,False
S -> G2,2,"mean(euclidean, cosine)",REACTOME_REGULATION_OF_TP53_ACTIVITY_THROUGH_PHOSPHORYLATION,False
S -> G2,2,"mean(euclidean, cosine)",REACTOME_CDT1_ASSOCIATION_WITH_THE_CDC6_ORC_ORIGIN_COMPLEX,True
S -> G2,2,"mean(euclidean, cosine)",REACTOME_MITOTIC_PROMETAPHASE,True
S -> G2,2,"mean(euclidean, cosine)",REACTOME_M_PHASE,True
S -> G2,2,"mean(euclidean, cosine)",REACTOME_CELL_CYCLE_MITOTIC,True
S -> G2,2,"mean(euclidean, cosine)",REACTOME_STABILIZATION_OF_P53,False
S -> G2,2,"mean(euclidean, cosine)",REACTOME_G1_S_DNA_DAMAGE_CHECKPOINTS,True
S -> G2,2,"mean(euclidean, cosine)",REACTOME_CELL_CYCLE_CHECKPOINTS,True
S -> G2,2,"mean(euclidean, cosine)",REACTOME_METABOLISM_OF_AMINO_ACIDS_AND_DERIVATIVES,False
S -> G2,2,"mean(euclidean, cosine)",REACTOME_THE_ROLE_OF_GTSE1_IN_G2_M_PROGRESSION_AFTER_G2_CHECKPOINT,True
S -> G2,2,"mean(euclidean, cosine)",REACTOME_AURKA_ACTIVATION_BY_TPX2,True
S -> G2,2,"mean(euclidean, cosine)",REACTOME_RUNX1_REGULATES_TRANSCRIPTION_OF_GENES_INVOLVED_IN_DIFFERENTIATION_OF_HSCS,False
S -> G2,2,"mean(euclidean, cosine)",REACTOME_REGULATION_OF_RUNX2_EXPRESSION_AND_ACTIVITY,False
S -> G2,2,"mean(euclidean, cosine)",REACTOME_REGULATION_OF_RUNX3_EXPRESSION_AND_ACTIVITY,False
S -> G2,2,"mean(euclidean, cosine)",REACTOME_REGULATION_OF_PTEN_STABILITY_AND_ACTIVITY,False
S -> G2,2,"mean(euclidean, cosine)",REACTOME_REGULATION_OF_EXPRESSION_OF_SLITS_AND_ROBOS,False
S -> G2,2,"mean(euclidean, cosine)",REACTOME_INTERLEUKIN_1_SIGNALING,False
S -> G2,2,"mean(euclidean, cosine)",REACTOME_AUTOPHAGY,False
S -> G2,2,"mean(euclidean, cosine)",REACTOME_SELECTIVE_AUTOPHAGY,False
S -> G2,2,"mean(euclidean, cosine)",REACTOME_CYTOPROTECTION_BY_HMOX1,False
S -> G2,2,"mean(euclidean, cosine)",REACTOME_REGULATION_OF_HMOX1_EXPRESSION_AND_ACTIVITY,False
S -> G2,2,"max(euclidean, cosine)",REACTOME_APC_C_CDC20_MEDIATED_DEGRADATION_OF_CYCLIN_B,True
S -> G2,2,"max(euclidean, cosine)",REACTOME_APC_C_MEDIATED_DEGRADATION_OF_CELL_CYCLE_PROTEINS,True
S -> G2,2,"max(euclidean, cosine)",REACTOME_APC_C_CDH1_MEDIATED_DEGRADATION_OF_CDC20_AND_OTHER_APC_C_CDH1_TARGETED_PROTEINS_IN_LATE_MITOSIS_EARLY_G1,True
S -> G2,2,"max(euclidean, cosine)",REACTOME_ABC_FAMILY_PROTEINS_MEDIATED_TRANSPORT,False
S -> G2,2,"min(euclidean, cosine)",REACTOME_DOWNSTREAM_SIGNALING_EVENTS_OF_B_CELL_RECEPTOR_BCR,False
S -> G2,2,"min(euclidean, cosine)",REACTOME_ANTIVIRAL_MECHANISM_BY_IFN_STIMULATED_GENES,False
S -> G2,2,"min(euclidean, cosine)",REACTOME_CYTOKINE_SIGNALING_IN_IMMUNE_SYSTEM,False
S -> G2,2,"min(euclidean, cosine)",REACTOME_HOST_INTERACTIONS_OF_HIV_FACTORS,False
S -> G2,2,"min(euclidean, cosine)",REACTOME_CELL_CYCLE,True
S -> G2,2,"min(euclidean, cosine)",REACTOME_APC_C_MEDIATED_DEGRADATION_OF_CELL_CYCLE_PROTEINS,True
S -> G2,2,"min(euclidean, cosine)",REACTOME_APC_C_CDH1_MEDIATED_DEGRADATION_OF_CDC20_AND_OTHER_APC_C_CDH1_TARGETED_PROTEINS_IN_LATE_MITOSIS_EARLY_G1,True
S -> G2,2,"min(euclidean, cosine)",REACTOME_APC_CDC20_MEDIATED_DEGRADATION_OF_NEK2A,True
S -> G2,2,"min(euclidean, cosine)",REACTOME_ORGANELLE_BIOGENESIS_AND_MAINTENANCE,False
S -> G2,2,"min(euclidean, cosine)",REACTOME_SCF_SKP2_MEDIATED_DEGRADATION_OF_P27_P21,False
S -> G2,2,"min(euclidean, cosine)",REACTOME_P75_NTR_RECEPTOR_MEDIATED_SIGNALLING,False
S -> G2,2,"min(euclidean, cosine)",REACTOME_DEGRADATION_OF_BETA_CATENIN_BY_THE_DESTRUCTION_COMPLEX,False
S -> G2,2,"min(euclidean, cosine)",REACTOME_TCR_SIGNALING,False
S -> G2,2,"min(euclidean, cosine)",REACTOME_FC_EPSILON_RECEPTOR_FCERI_SIGNALING,False
S -> G2,2,"min(euclidean, cosine)",REACTOME_SEPARATION_OF_SISTER_CHROMATIDS,True
S -> G2,2,"min(euclidean, cosine)",REACTOME_RESOLUTION_OF_SISTER_CHROMATID_COHESION,True
S -> G2,2,"min(euclidean, cosine)",REACTOME_MITOTIC_METAPHASE_AND_ANAPHASE,True
S -> G2,2,"min(euclidean, cosine)",REACTOME_FCERI_MEDIATED_NF_KB_ACTIVATION,False
S -> G2,2,"min(euclidean, cosine)",REACTOME_METABOLISM_OF_POLYAMINES,False
S -> G2,2,"min(euclidean, cosine)",REACTOME_SIGNALING_BY_ROBO_RECEPTORS,False
S -> G2,2,"min(euclidean, cosine)",REACTOME_ABC_FAMILY_PROTEINS_MEDIATED_TRANSPORT,False
S -> G2,2,"min(euclidean, cosine)",REACTOME_INTERLEUKIN_1_FAMILY_SIGNALING,False
S -> G2,2,"min(euclidean, cosine)",REACTOME_AUF1_HNRNP_D0_BINDS_AND_DESTABILIZES_MRNA,False
S -> G2,2,"min(euclidean, cosine)",REACTOME_REGULATION_OF_MRNA_STABILITY_BY_PROTEINS_THAT_BIND_AU_RICH_ELEMENTS,False
S -> G2,2,"min(euclidean, cosine)",REACTOME_ASYMMETRIC_LOCALIZATION_OF_PCP_PROTEINS,False
S -> G2,2,"min(euclidean, cosine)",REACTOME_DEGRADATION_OF_DVL,False
S -> G2,2,"min(euclidean, cosine)",REACTOME_HEDGEHOG_LIGAND_BIOGENESIS,False
S -> G2,2,"min(euclidean, cosine)",REACTOME_SIGNALING_BY_HEDGEHOG,False
S -> G2,2,"min(euclidean, cosine)",REACTOME_CLEC7A_DECTIN_1_SIGNALING,False
S -> G2,2,"min(euclidean, cosine)",REACTOME_HEDGEHOG_OFF_STATE,False
S -> G2,2,"min(euclidean, cosine)",REACTOME_CILIUM_ASSEMBLY,False
S -> G2,2,"min(euclidean, cosine)",REACTOME_ABC_TRANSPORTER_DISORDERS,False
S -> G2,2,"min(euclidean, cosine)",REACTOME_DISORDERS_OF_TRANSMEMBRANE_TRANSPORTERS,False
S -> G2,2,"min(euclidean, cosine)",REACTOME_C_TYPE_LECTIN_RECEPTORS_CLRS,False
S -> G2,2,"min(euclidean, cosine)",REACTOME_HEDGEHOG_ON_STATE,False
S -> G2,2,"min(euclidean, cosine)",REACTOME_REGULATION_OF_TP53_ACTIVITY,False
S -> G2,2,"min(euclidean, cosine)",REACTOME_REGULATION_OF_RAS_BY_GAPS,False
S -> G2,2,"min(euclidean, cosine)",REACTOME_RHO_GTPASES_ACTIVATE_FORMINS,False
S -> G2,2,"min(euclidean, cosine)",REACTOME_TNFR2_NON_CANONICAL_NF_KB_PATHWAY,False
S -> G2,2,"min(euclidean, cosine)",REACTOME_DEFECTIVE_CFTR_CAUSES_CYSTIC_FIBROSIS,False
S -> G2,2,"min(euclidean, cosine)",REACTOME_MAPK6_MAPK4_SIGNALING,False
S -> G2,2,"min(euclidean, cosine)",REACTOME_UCH_PROTEINASES,False
S -> G2,2,"min(euclidean, cosine)",REACTOME_REGULATION_OF_TP53_ACTIVITY_THROUGH_PHOSPHORYLATION,False
S -> G2,2,"min(euclidean, cosine)",REACTOME_CDT1_ASSOCIATION_WITH_THE_CDC6_ORC_ORIGIN_COMPLEX,True
S -> G2,2,"min(euclidean, cosine)",REACTOME_MITOTIC_PROMETAPHASE,True
S -> G2,2,"min(euclidean, cosine)",REACTOME_MITOTIC_TELOPHASE_CYTOKINESIS,True
S -> G2,2,"min(euclidean, cosine)",REACTOME_M_PHASE,True
S -> G2,2,"min(euclidean, cosine)",REACTOME_CELL_CYCLE_MITOTIC,True
S -> G2,2,"min(euclidean, cosine)",REACTOME_STABILIZATION_OF_P53,False
S -> G2,2,"min(euclidean, cosine)",REACTOME_G1_S_DNA_DAMAGE_CHECKPOINTS,True
S -> G2,2,"min(euclidean, cosine)",REACTOME_MITOTIC_SPINDLE_CHECKPOINT,True
S -> G2,2,"min(euclidean, cosine)",REACTOME_CELL_CYCLE_CHECKPOINTS,True
S -> G2,2,"min(euclidean, cosine)",REACTOME_METABOLISM_OF_AMINO_ACIDS_AND_DERIVATIVES,False
S -> G2,2,"min(euclidean, cosine)",REACTOME_PROTEIN_UBIQUITINATION,False
S -> G2,2,"min(euclidean, cosine)",REACTOME_THE_ROLE_OF_GTSE1_IN_G2_M_PROGRESSION_AFTER_G2_CHECKPOINT,True
S -> G2,2,"min(euclidean, cosine)",REACTOME_AURKA_ACTIVATION_BY_TPX2,True
S -> G2,2,"min(euclidean, cosine)",REACTOME_RUNX1_REGULATES_TRANSCRIPTION_OF_GENES_INVOLVED_IN_DIFFERENTIATION_OF_HSCS,False
S -> G2,2,"min(euclidean, cosine)",REACTOME_REGULATION_OF_RUNX2_EXPRESSION_AND_ACTIVITY,False
S -> G2,2,"min(euclidean, cosine)",REACTOME_REGULATION_OF_RUNX3_EXPRESSION_AND_ACTIVITY,False
S -> G2,2,"min(euclidean, cosine)",REACTOME_REGULATION_OF_PTEN_STABILITY_AND_ACTIVITY,False
S -> G2,2,"min(euclidean, cosine)",REACTOME_REGULATION_OF_EXPRESSION_OF_SLITS_AND_ROBOS,False
S -> G2,2,"min(euclidean, cosine)",REACTOME_SIGNALING_BY_NOTCH4,False
S -> G2,2,"min(euclidean, cosine)",REACTOME_INTERLEUKIN_1_SIGNALING,False
S -> G2,2,"min(euclidean, cosine)",REACTOME_AUTOPHAGY,False
S -> G2,2,"min(euclidean, cosine)",REACTOME_SELECTIVE_AUTOPHAGY,False
S -> G2,2,"min(euclidean, cosine)",REACTOME_CYTOPROTECTION_BY_HMOX1,False
S -> G2,2,"min(euclidean, cosine)",REACTOME_REGULATION_OF_HMOX1_EXPRESSION_AND_ACTIVITY,False
S -> G2,2,"min(euclidean, cosine)",REACTOME_SIGNALING_BY_THE_B_CELL_RECEPTOR_BCR,False
G2 -> M,0,euclidean,REACTOME_HEMOSTASIS,False
G2 -> M,0,euclidean,REACTOME_INHIBITION_OF_THE_PROTEOLYTIC_ACTIVITY_OF_APC_C_REQUIRED_FOR_THE_ONSET_OF_ANAPHASE_BY_MITOTIC_SPINDLE_CHECKPOINT_COMPONENTS,True
G2 -> M,0,euclidean,REACTOME_POLO_LIKE_KINASE_MEDIATED_EVENTS,True
G2 -> M,0,euclidean,REACTOME_CELL_CYCLE,True
G2 -> M,0,euclidean,REACTOME_APC_C_CDC20_MEDIATED_DEGRADATION_OF_CYCLIN_B,True
G2 -> M,0,euclidean,REACTOME_APC_C_MEDIATED_DEGRADATION_OF_CELL_CYCLE_PROTEINS,True
G2 -> M,0,euclidean,REACTOME_APC_C_CDH1_MEDIATED_DEGRADATION_OF_CDC20_AND_OTHER_APC_C_CDH1_TARGETED_PROTEINS_IN_LATE_MITOSIS_EARLY_G1,True
G2 -> M,0,euclidean,REACTOME_PHOSPHORYLATION_OF_EMI1,False
G2 -> M,0,euclidean,REACTOME_APC_CDC20_MEDIATED_DEGRADATION_OF_NEK2A,True
G2 -> M,0,euclidean,REACTOME_RHO_GTPASE_EFFECTORS,False
G2 -> M,0,euclidean,REACTOME_SEPARATION_OF_SISTER_CHROMATIDS,True
G2 -> M,0,euclidean,REACTOME_RESOLUTION_OF_SISTER_CHROMATID_COHESION,True
G2 -> M,0,euclidean,REACTOME_CONDENSATION_OF_PROMETAPHASE_CHROMOSOMES,True
G2 -> M,0,euclidean,REACTOME_MITOTIC_METAPHASE_AND_ANAPHASE,True
G2 -> M,0,euclidean,REACTOME_REGULATION_OF_PLK1_ACTIVITY_AT_G2_M_TRANSITION,True
G2 -> M,0,euclidean,REACTOME_REGULATION_OF_MRNA_STABILITY_BY_PROTEINS_THAT_BIND_AU_RICH_ELEMENTS,False
G2 -> M,0,euclidean,REACTOME_MITOTIC_G2_G2_M_PHASES,True
G2 -> M,0,euclidean,REACTOME_TP53_REGULATES_TRANSCRIPTION_OF_GENES_INVOLVED_IN_G2_CELL_CYCLE_ARREST,True
G2 -> M,0,euclidean,REACTOME_MITOTIC_PROMETAPHASE,True
G2 -> M,0,euclidean,REACTOME_MITOTIC_TELOPHASE_CYTOKINESIS,True
G2 -> M,0,euclidean,REACTOME_M_PHASE,True
G2 -> M,0,euclidean,REACTOME_CYCLIN_A_B1_B2_ASSOCIATED_EVENTS_DURING_G2_M_TRANSITION,True
G2 -> M,0,euclidean,REACTOME_CELL_CYCLE_MITOTIC,True
G2 -> M,0,euclidean,REACTOME_MITOTIC_SPINDLE_CHECKPOINT,True
G2 -> M,0,euclidean,REACTOME_CELL_CYCLE_CHECKPOINTS,True
G2 -> M,0,euclidean,REACTOME_AURKA_ACTIVATION_BY_TPX2,True
G2 -> M,0,euclidean,REACTOME_SIGNALING_BY_NOTCH3,False
G2 -> M,0,cosine,REACTOME_NEURONAL_SYSTEM,False
G2 -> M,0,cosine,REACTOME_INHIBITION_OF_THE_PROTEOLYTIC_ACTIVITY_OF_APC_C_REQUIRED_FOR_THE_ONSET_OF_ANAPHASE_BY_MITOTIC_SPINDLE_CHECKPOINT_COMPONENTS,True
G2 -> M,0,cosine,REACTOME_APC_C_CDC20_MEDIATED_DEGRADATION_OF_CYCLIN_B,True
G2 -> M,0,cosine,REACTOME_APC_C_MEDIATED_DEGRADATION_OF_CELL_CYCLE_PROTEINS,True
G2 -> M,0,cosine,REACTOME_PHOSPHORYLATION_OF_EMI1,False
G2 -> M,0,cosine,REACTOME_APC_CDC20_MEDIATED_DEGRADATION_OF_NEK2A,True
G2 -> M,0,cosine,REACTOME_PI3K_AKT_SIGNALING_IN_CANCER,False
G2 -> M,0,cosine,REACTOME_CONDENSATION_OF_PROMETAPHASE_CHROMOSOMES,True
G2 -> M,0,cosine,REACTOME_MITOTIC_METAPHASE_AND_ANAPHASE,True
G2 -> M,0,cosine,REACTOME_REGULATION_OF_PLK1_ACTIVITY_AT_G2_M_TRANSITION,True
G2 -> M,0,cosine,REACTOME_INITIATION_OF_NUCLEAR_ENVELOPE_NE_REFORMATION,False
G2 -> M,0,cosine,REACTOME_NUCLEAR_ENVELOPE_NE_REASSEMBLY,False
G2 -> M,0,cosine,REACTOME_L1CAM_INTERACTIONS,False
G2 -> M,0,cosine,REACTOME_RECRUITMENT_OF_NUMA_TO_MITOTIC_CENTROSOMES,True
G2 -> M,0,cosine,REACTOME_REGULATION_OF_MRNA_STABILITY_BY_PROTEINS_THAT_BIND_AU_RICH_ELEMENTS,False
G2 -> M,0,cosine,REACTOME_MITOTIC_G2_G2_M_PHASES,True
G2 -> M,0,cosine,REACTOME_CILIUM_ASSEMBLY,False
G2 -> M,0,cosine,REACTOME_ANCHORING_OF_THE_BASAL_BODY_TO_THE_PLASMA_MEMBRANE,False
G2 -> M,0,cosine,REACTOME_MITOTIC_PROMETAPHASE,True
G2 -> M,0,cosine,REACTOME_M_PHASE,True
G2 -> M,0,cosine,REACTOME_CELL_CYCLE_MITOTIC,True
G2 -> M,0,cosine,REACTOME_PLATELET_ACTIVATION_SIGNALING_AND_AGGREGATION,False
G2 -> M,0,cosine,REACTOME_RESPONSE_TO_ELEVATED_PLATELET_CYTOSOLIC_CA2,False
G2 -> M,0,cosine,REACTOME_THE_ROLE_OF_GTSE1_IN_G2_M_PROGRESSION_AFTER_G2_CHECKPOINT,True
G2 -> M,0,cosine,REACTOME_AURKA_ACTIVATION_BY_TPX2,True
G2 -> M,0,cosine,REACTOME_TRANSCRIPTIONAL_REGULATION_BY_RUNX2,False
G2 -> M,0,cosine,REACTOME_SIGNALING_BY_NOTCH3,False
G2 -> M,0,cosine,REACTOME_NERVOUS_SYSTEM_DEVELOPMENT,False
G2 -> M,0,default,REACTOME_INHIBITION_OF_THE_PROTEOLYTIC_ACTIVITY_OF_APC_C_REQUIRED_FOR_THE_ONSET_OF_ANAPHASE_BY_MITOTIC_SPINDLE_CHECKPOINT_COMPONENTS,True
G2 -> M,0,default,REACTOME_SIGNALING_BY_NOTCH,False
G2 -> M,0,default,REACTOME_CELL_CYCLE,True
G2 -> M,0,default,REACTOME_APC_C_CDC20_MEDIATED_DEGRADATION_OF_CYCLIN_B,True
G2 -> M,0,default,REACTOME_APC_C_MEDIATED_DEGRADATION_OF_CELL_CYCLE_PROTEINS,True
G2 -> M,0,default,REACTOME_APC_C_CDH1_MEDIATED_DEGRADATION_OF_CDC20_AND_OTHER_APC_C_CDH1_TARGETED_PROTEINS_IN_LATE_MITOSIS_EARLY_G1,True
G2 -> M,0,default,REACTOME_PHOSPHORYLATION_OF_EMI1,False
G2 -> M,0,default,REACTOME_APC_CDC20_MEDIATED_DEGRADATION_OF_NEK2A,True
G2 -> M,0,default,REACTOME_SEPARATION_OF_SISTER_CHROMATIDS,True
G2 -> M,0,default,REACTOME_RESOLUTION_OF_SISTER_CHROMATID_COHESION,True
G2 -> M,0,default,REACTOME_CONDENSATION_OF_PROMETAPHASE_CHROMOSOMES,True
G2 -> M,0,default,REACTOME_MITOTIC_METAPHASE_AND_ANAPHASE,True
G2 -> M,0,default,REACTOME_REGULATION_OF_PLK1_ACTIVITY_AT_G2_M_TRANSITION,True
G2 -> M,0,default,REACTOME_INITIATION_OF_NUCLEAR_ENVELOPE_NE_REFORMATION,False
G2 -> M,0,default,REACTOME_NUCLEAR_ENVELOPE_NE_REASSEMBLY,False
G2 -> M,0,default,REACTOME_RECRUITMENT_OF_MITOTIC_CENTROSOME_PROTEINS_AND_COMPLEXES,True
G2 -> M,0,default,REACTOME_RECRUITMENT_OF_NUMA_TO_MITOTIC_CENTROSOMES,True
G2 -> M,0,default,REACTOME_AUF1_HNRNP_D0_BINDS_AND_DESTABILIZES_MRNA,False
G2 -> M,0,default,REACTOME_REGULATION_OF_MRNA_STABILITY_BY_PROTEINS_THAT_BIND_AU_RICH_ELEMENTS,False
G2 -> M,0,default,REACTOME_MITOTIC_G2_G2_M_PHASES,True
G2 -> M,0,default,REACTOME_CILIUM_ASSEMBLY,False
G2 -> M,0,default,REACTOME_ANCHORING_OF_THE_BASAL_BODY_TO_THE_PLASMA_MEMBRANE,False
G2 -> M,0,default,REACTOME_TP53_REGULATES_TRANSCRIPTION_OF_GENES_INVOLVED_IN_G2_CELL_CYCLE_ARREST,True
G2 -> M,0,default,REACTOME_MITOTIC_PROMETAPHASE,True
G2 -> M,0,default,REACTOME_M_PHASE,True
G2 -> M,0,default,REACTOME_CYCLIN_A_B1_B2_ASSOCIATED_EVENTS_DURING_G2_M_TRANSITION,True
G2 -> M,0,default,REACTOME_CELL_CYCLE_MITOTIC,True
G2 -> M,0,default,REACTOME_MITOTIC_SPINDLE_CHECKPOINT,True
G2 -> M,0,default,REACTOME_RESPONSE_TO_ELEVATED_PLATELET_CYTOSOLIC_CA2,False
G2 -> M,0,default,REACTOME_THE_ROLE_OF_GTSE1_IN_G2_M_PROGRESSION_AFTER_G2_CHECKPOINT,True
G2 -> M,0,default,REACTOME_AURKA_ACTIVATION_BY_TPX2,True
G2 -> M,0,default,REACTOME_TRANSCRIPTIONAL_REGULATION_BY_RUNX2,False
G2 -> M,0,default,REACTOME_SIGNALING_BY_NOTCH3,False
G2 -> M,0,"mean(euclidean, cosine)",REACTOME_INHIBITION_OF_THE_PROTEOLYTIC_ACTIVITY_OF_APC_C_REQUIRED_FOR_THE_ONSET_OF_ANAPHASE_BY_MITOTIC_SPINDLE_CHECKPOINT_COMPONENTS,True
G2 -> M,0,"mean(euclidean, cosine)",REACTOME_SIGNALING_BY_NOTCH,False
G2 -> M,0,"mean(euclidean, cosine)",REACTOME_CELL_CYCLE,True
G2 -> M,0,"mean(euclidean, cosine)",REACTOME_APC_C_CDC20_MEDIATED_DEGRADATION_OF_CYCLIN_B,True
G2 -> M,0,"mean(euclidean, cosine)",REACTOME_APC_C_MEDIATED_DEGRADATION_OF_CELL_CYCLE_PROTEINS,True
G2 -> M,0,"mean(euclidean, cosine)",REACTOME_APC_C_CDH1_MEDIATED_DEGRADATION_OF_CDC20_AND_OTHER_APC_C_CDH1_TARGETED_PROTEINS_IN_LATE_MITOSIS_EARLY_G1,True
G2 -> M,0,"mean(euclidean, cosine)",REACTOME_PHOSPHORYLATION_OF_EMI1,False
G2 -> M,0,"mean(euclidean, cosine)",REACTOME_APC_CDC20_MEDIATED_DEGRADATION_OF_NEK2A,True
G2 -> M,0,"mean(euclidean, cosine)",REACTOME_SEPARATION_OF_SISTER_CHROMATIDS,True
G2 -> M,0,"mean(euclidean, cosine)",REACTOME_RESOLUTION_OF_SISTER_CHROMATID_COHESION,True
G2 -> M,0,"mean(euclidean, cosine)",REACTOME_CONDENSATION_OF_PROMETAPHASE_CHROMOSOMES,True
G2 -> M,0,"mean(euclidean, cosine)",REACTOME_MITOTIC_METAPHASE_AND_ANAPHASE,True
G2 -> M,0,"mean(euclidean, cosine)",REACTOME_REGULATION_OF_PLK1_ACTIVITY_AT_G2_M_TRANSITION,True
G2 -> M,0,"mean(euclidean, cosine)",REACTOME_INITIATION_OF_NUCLEAR_ENVELOPE_NE_REFORMATION,False
G2 -> M,0,"mean(euclidean, cosine)",REACTOME_NUCLEAR_ENVELOPE_NE_REASSEMBLY,False
G2 -> M,0,"mean(euclidean, cosine)",REACTOME_RECRUITMENT_OF_MITOTIC_CENTROSOME_PROTEINS_AND_COMPLEXES,True
G2 -> M,0,"mean(euclidean, cosine)",REACTOME_RECRUITMENT_OF_NUMA_TO_MITOTIC_CENTROSOMES,True
G2 -> M,0,"mean(euclidean, cosine)",REACTOME_AUF1_HNRNP_D0_BINDS_AND_DESTABILIZES_MRNA,False
G2 -> M,0,"mean(euclidean, cosine)",REACTOME_REGULATION_OF_MRNA_STABILITY_BY_PROTEINS_THAT_BIND_AU_RICH_ELEMENTS,False
G2 -> M,0,"mean(euclidean, cosine)",REACTOME_MITOTIC_G2_G2_M_PHASES,True
G2 -> M,0,"mean(euclidean, cosine)",REACTOME_CILIUM_ASSEMBLY,False
G2 -> M,0,"mean(euclidean, cosine)",REACTOME_ANCHORING_OF_THE_BASAL_BODY_TO_THE_PLASMA_MEMBRANE,False
G2 -> M,0,"mean(euclidean, cosine)",REACTOME_TP53_REGULATES_TRANSCRIPTION_OF_GENES_INVOLVED_IN_G2_CELL_CYCLE_ARREST,True
G2 -> M,0,"mean(euclidean, cosine)",REACTOME_MITOTIC_PROMETAPHASE,True
G2 -> M,0,"mean(euclidean, cosine)",REACTOME_M_PHASE,True
G2 -> M,0,"mean(euclidean, cosine)",REACTOME_CYCLIN_A_B1_B2_ASSOCIATED_EVENTS_DURING_G2_M_TRANSITION,True
G2 -> M,0,"mean(euclidean, cosine)",REACTOME_CELL_CYCLE_MITOTIC,True
G2 -> M,0,"mean(euclidean, cosine)",REACTOME_MITOTIC_SPINDLE_CHECKPOINT,True
G2 -> M,0,"mean(euclidean, cosine)",REACTOME_RESPONSE_TO_ELEVATED_PLATELET_CYTOSOLIC_CA2,False
G2 -> M,0,"mean(euclidean, cosine)",REACTOME_THE_ROLE_OF_GTSE1_IN_G2_M_PROGRESSION_AFTER_G2_CHECKPOINT,True
G2 -> M,0,"mean(euclidean, cosine)",REACTOME_AURKA_ACTIVATION_BY_TPX2,True
G2 -> M,0,"mean(euclidean, cosine)",REACTOME_TRANSCRIPTIONAL_REGULATION_BY_RUNX2,False
G2 -> M,0,"mean(euclidean, cosine)",REACTOME_SIGNALING_BY_NOTCH3,False
G2 -> M,0,"max(euclidean, cosine)",REACTOME_HEMOSTASIS,False
G2 -> M,0,"max(euclidean, cosine)",REACTOME_INHIBITION_OF_THE_PROTEOLYTIC_ACTIVITY_OF_APC_C_REQUIRED_FOR_THE_ONSET_OF_ANAPHASE_BY_MITOTIC_SPINDLE_CHECKPOINT_COMPONENTS,True
G2 -> M,0,"max(euclidean, cosine)",REACTOME_POLO_LIKE_KINASE_MEDIATED_EVENTS,True
G2 -> M,0,"max(euclidean, cosine)",REACTOME_CELL_CYCLE,True
G2 -> M,0,"max(euclidean, cosine)",REACTOME_APC_C_CDC20_MEDIATED_DEGRADATION_OF_CYCLIN_B,True
G2 -> M,0,"max(euclidean, cosine)",REACTOME_APC_C_MEDIATED_DEGRADATION_OF_CELL_CYCLE_PROTEINS,True
G2 -> M,0,"max(euclidean, cosine)",REACTOME_APC_C_CDH1_MEDIATED_DEGRADATION_OF_CDC20_AND_OTHER_APC_C_CDH1_TARGETED_PROTEINS_IN_LATE_MITOSIS_EARLY_G1,True
G2 -> M,0,"max(euclidean, cosine)",REACTOME_PHOSPHORYLATION_OF_EMI1,False
G2 -> M,0,"max(euclidean, cosine)",REACTOME_APC_CDC20_MEDIATED_DEGRADATION_OF_NEK2A,True
G2 -> M,0,"max(euclidean, cosine)",REACTOME_RHO_GTPASE_EFFECTORS,False
G2 -> M,0,"max(euclidean, cosine)",REACTOME_SEPARATION_OF_SISTER_CHROMATIDS,True
G2 -> M,0,"max(euclidean, cosine)",REACTOME_RESOLUTION_OF_SISTER_CHROMATID_COHESION,True
G2 -> M,0,"max(euclidean, cosine)",REACTOME_CONDENSATION_OF_PROMETAPHASE_CHROMOSOMES,True
G2 -> M,0,"max(euclidean, cosine)",REACTOME_MITOTIC_METAPHASE_AND_ANAPHASE,True
G2 -> M,0,"max(euclidean, cosine)",REACTOME_REGULATION_OF_PLK1_ACTIVITY_AT_G2_M_TRANSITION,True
G2 -> M,0,"max(euclidean, cosine)",REACTOME_INITIATION_OF_NUCLEAR_ENVELOPE_NE_REFORMATION,False
G2 -> M,0,"max(euclidean, cosine)",REACTOME_RECRUITMENT_OF_MITOTIC_CENTROSOME_PROTEINS_AND_COMPLEXES,True
G2 -> M,0,"max(euclidean, cosine)",REACTOME_RECRUITMENT_OF_NUMA_TO_MITOTIC_CENTROSOMES,True
G2 -> M,0,"max(euclidean, cosine)",REACTOME_AUF1_HNRNP_D0_BINDS_AND_DESTABILIZES_MRNA,False
G2 -> M,0,"max(euclidean, cosine)",REACTOME_REGULATION_OF_MRNA_STABILITY_BY_PROTEINS_THAT_BIND_AU_RICH_ELEMENTS,False
G2 -> M,0,"max(euclidean, cosine)",REACTOME_MITOTIC_G2_G2_M_PHASES,True
G2 -> M,0,"max(euclidean, cosine)",REACTOME_CILIUM_ASSEMBLY,False
G2 -> M,0,"max(euclidean, cosine)",REACTOME_ANCHORING_OF_THE_BASAL_BODY_TO_THE_PLASMA_MEMBRANE,False
G2 -> M,0,"max(euclidean, cosine)",REACTOME_RHO_GTPASES_ACTIVATE_FORMINS,False
G2 -> M,0,"max(euclidean, cosine)",REACTOME_TP53_REGULATES_TRANSCRIPTION_OF_GENES_INVOLVED_IN_G2_CELL_CYCLE_ARREST,True
G2 -> M,0,"max(euclidean, cosine)",REACTOME_MITOTIC_PROMETAPHASE,True
G2 -> M,0,"max(euclidean, cosine)",REACTOME_MITOTIC_TELOPHASE_CYTOKINESIS,True
G2 -> M,0,"max(euclidean, cosine)",REACTOME_M_PHASE,True
G2 -> M,0,"max(euclidean, cosine)",REACTOME_CYCLIN_A_B1_B2_ASSOCIATED_EVENTS_DURING_G2_M_TRANSITION,True
G2 -> M,0,"max(euclidean, cosine)",REACTOME_CELL_CYCLE_MITOTIC,True
G2 -> M,0,"max(euclidean, cosine)",REACTOME_MITOTIC_SPINDLE_CHECKPOINT,True
G2 -> M,0,"max(euclidean, cosine)",REACTOME_RESPONSE_TO_ELEVATED_PLATELET_CYTOSOLIC_CA2,False
G2 -> M,0,"max(euclidean, cosine)",REACTOME_AURKA_ACTIVATION_BY_TPX2,True
G2 -> M,0,"max(euclidean, cosine)",REACTOME_SIGNALING_BY_NOTCH3,False
G2 -> M,0,"max(euclidean, cosine)",REACTOME_HCMV_INFECTION,False
G2 -> M,0,"max(euclidean, cosine)",REACTOME_HCMV_EARLY_EVENTS,False
G2 -> M,0,"min(euclidean, cosine)",REACTOME_NEURONAL_SYSTEM,False
G2 -> M,0,"min(euclidean, cosine)",REACTOME_INHIBITION_OF_THE_PROTEOLYTIC_ACTIVITY_OF_APC_C_REQUIRED_FOR_THE_ONSET_OF_ANAPHASE_BY_MITOTIC_SPINDLE_CHECKPOINT_COMPONENTS,True
G2 -> M,0,"min(euclidean, cosine)",REACTOME_SIGNALING_BY_NOTCH,False
G2 -> M,0,"min(euclidean, cosine)",REACTOME_CELL_CYCLE,True
G2 -> M,0,"min(euclidean, cosine)",REACTOME_APC_C_CDC20_MEDIATED_DEGRADATION_OF_CYCLIN_B,True
G2 -> M,0,"min(euclidean, cosine)",REACTOME_APC_C_MEDIATED_DEGRADATION_OF_CELL_CYCLE_PROTEINS,True
G2 -> M,0,"min(euclidean, cosine)",REACTOME_APC_C_CDH1_MEDIATED_DEGRADATION_OF_CDC20_AND_OTHER_APC_C_CDH1_TARGETED_PROTEINS_IN_LATE_MITOSIS_EARLY_G1,True
G2 -> M,0,"min(euclidean, cosine)",REACTOME_PHOSPHORYLATION_OF_EMI1,False
G2 -> M,0,"min(euclidean, cosine)",REACTOME_APC_CDC20_MEDIATED_DEGRADATION_OF_NEK2A,True
G2 -> M,0,"min(euclidean, cosine)",REACTOME_FC_EPSILON_RECEPTOR_FCERI_SIGNALING,False
G2 -> M,0,"min(euclidean, cosine)",REACTOME_SEPARATION_OF_SISTER_CHROMATIDS,True
G2 -> M,0,"min(euclidean, cosine)",REACTOME_RESOLUTION_OF_SISTER_CHROMATID_COHESION,True
G2 -> M,0,"min(euclidean, cosine)",REACTOME_CONDENSATION_OF_PROMETAPHASE_CHROMOSOMES,True
G2 -> M,0,"min(euclidean, cosine)",REACTOME_MITOTIC_METAPHASE_AND_ANAPHASE,True
G2 -> M,0,"min(euclidean, cosine)",REACTOME_REGULATION_OF_PLK1_ACTIVITY_AT_G2_M_TRANSITION,True
G2 -> M,0,"min(euclidean, cosine)",REACTOME_INITIATION_OF_NUCLEAR_ENVELOPE_NE_REFORMATION,False
G2 -> M,0,"min(euclidean, cosine)",REACTOME_NUCLEAR_ENVELOPE_NE_REASSEMBLY,False
G2 -> M,0,"min(euclidean, cosine)",REACTOME_RECRUITMENT_OF_NUMA_TO_MITOTIC_CENTROSOMES,True
G2 -> M,0,"min(euclidean, cosine)",REACTOME_INTERLEUKIN_1_FAMILY_SIGNALING,False
G2 -> M,0,"min(euclidean, cosine)",REACTOME_REGULATION_OF_MRNA_STABILITY_BY_PROTEINS_THAT_BIND_AU_RICH_ELEMENTS,False
G2 -> M,0,"min(euclidean, cosine)",REACTOME_MITOTIC_G2_G2_M_PHASES,True
G2 -> M,0,"min(euclidean, cosine)",REACTOME_DEGRADATION_OF_DVL,False
G2 -> M,0,"min(euclidean, cosine)",REACTOME_MITOTIC_PROMETAPHASE,True
G2 -> M,0,"min(euclidean, cosine)",REACTOME_M_PHASE,True
G2 -> M,0,"min(euclidean, cosine)",REACTOME_CELL_CYCLE_MITOTIC,True
G2 -> M,0,"min(euclidean, cosine)",REACTOME_THE_ROLE_OF_GTSE1_IN_G2_M_PROGRESSION_AFTER_G2_CHECKPOINT,True
G2 -> M,0,"min(euclidean, cosine)",REACTOME_TRANSCRIPTIONAL_REGULATION_BY_RUNX2,False
G2 -> M,0,"min(euclidean, cosine)",REACTOME_REGULATION_OF_RUNX2_EXPRESSION_AND_ACTIVITY,False
G2 -> M,0,"min(euclidean, cosine)",REACTOME_SIGNALING_BY_NOTCH3,False
G2 -> M,0,"min(euclidean, cosine)",REACTOME_REGULATION_OF_HMOX1_EXPRESSION_AND_ACTIVITY,False
G2 -> M,0,"min(cosine, radial)",REACTOME_INHIBITION_OF_THE_PROTEOLYTIC_ACTIVITY_OF_APC_C_REQUIRED_FOR_THE_ONSET_OF_ANAPHASE_BY_MITOTIC_SPINDLE_CHECKPOINT_COMPONENTS,True
G2 -> M,0,"min(cosine, radial)",REACTOME_SIGNALING_BY_NOTCH,False
G2 -> M,0,"min(cosine, radial)",REACTOME_APC_C_CDC20_MEDIATED_DEGRADATION_OF_CYCLIN_B,True
G2 -> M,0,"min(cosine, radial)",REACTOME_APC_C_MEDIATED_DEGRADATION_OF_CELL_CYCLE_PROTEINS,True
G2 -> M,0,"min(cosine, radial)",REACTOME_APC_C_CDH1_MEDIATED_DEGRADATION_OF_CDC20_AND_OTHER_APC_C_CDH1_TARGETED_PROTEINS_IN_LATE_MITOSIS_EARLY_G1,True
G2 -> M,0,"min(cosine, radial)",REACTOME_APC_CDC20_MEDIATED_DEGRADATION_OF_NEK2A,True
G2 -> M,0,"min(cosine, radial)",REACTOME_SEPARATION_OF_SISTER_CHROMATIDS,True
G2 -> M,0,"min(cosine, radial)",REACTOME_CONDENSATION_OF_PROMETAPHASE_CHROMOSOMES,True
G2 -> M,0,"min(cosine, radial)",REACTOME_MITOTIC_METAPHASE_AND_ANAPHASE,True
G2 -> M,0,"min(cosine, radial)",REACTOME_M_PHASE,True
G2 -> M,0,"min(cosine, radial)",REACTOME_SWITCHING_OF_ORIGINS_TO_A_POST_REPLICATIVE_STATE,False
G2 -> M,0,"min(cosine, radial)",REACTOME_CELL_CYCLE_MITOTIC,True
G2 -> M,0,"min(cosine, radial)",REACTOME_THE_ROLE_OF_GTSE1_IN_G2_M_PROGRESSION_AFTER_G2_CHECKPOINT,True
G2 -> M,0,"min(cosine, radial)",REACTOME_TRANSCRIPTIONAL_REGULATION_BY_RUNX2,False
G2 -> M,1,euclidean,REACTOME_INHIBITION_OF_THE_PROTEOLYTIC_ACTIVITY_OF_APC_C_REQUIRED_FOR_THE_ONSET_OF_ANAPHASE_BY_MITOTIC_SPINDLE_CHECKPOINT_COMPONENTS,True
G2 -> M,1,euclidean,REACTOME_POLO_LIKE_KINASE_MEDIATED_EVENTS,True
G2 -> M,1,euclidean,REACTOME_CELL_CYCLE,True
G2 -> M,1,euclidean,REACTOME_APC_C_CDC20_MEDIATED_DEGRADATION_OF_CYCLIN_B,True
G2 -> M,1,euclidean,REACTOME_APC_C_MEDIATED_DEGRADATION_OF_CELL_CYCLE_PROTEINS,True
G2 -> M,1,euclidean,REACTOME_APC_C_CDH1_MEDIATED_DEGRADATION_OF_CDC20_AND_OTHER_APC_C_CDH1_TARGETED_PROTEINS_IN_LATE_MITOSIS_EARLY_G1,True
G2 -> M,1,euclidean,REACTOME_PHOSPHORYLATION_OF_EMI1,False
G2 -> M,1,euclidean,REACTOME_APC_CDC20_MEDIATED_DEGRADATION_OF_NEK2A,True
G2 -> M,1,euclidean,REACTOME_RHO_GTPASE_EFFECTORS,False
G2 -> M,1,euclidean,REACTOME_SEPARATION_OF_SISTER_CHROMATIDS,True
G2 -> M,1,euclidean,REACTOME_RESOLUTION_OF_SISTER_CHROMATID_COHESION,True
G2 -> M,1,euclidean,REACTOME_CONDENSATION_OF_PROMETAPHASE_CHROMOSOMES,True
G2 -> M,1,euclidean,REACTOME_MITOTIC_METAPHASE_AND_ANAPHASE,True
G2 -> M,1,euclidean,REACTOME_REGULATION_OF_PLK1_ACTIVITY_AT_G2_M_TRANSITION,True
G2 -> M,1,euclidean,REACTOME_ACTIVATION_OF_NIMA_KINASES_NEK9_NEK6_NEK7,False
G2 -> M,1,euclidean,REACTOME_HSP90_CHAPERONE_CYCLE_FOR_STEROID_HORMONE_RECEPTORS_SHR_IN_THE_PRESENCE_OF_LIGAND,False
G2 -> M,1,euclidean,REACTOME_AUF1_HNRNP_D0_BINDS_AND_DESTABILIZES_MRNA,False
G2 -> M,1,euclidean,REACTOME_REGULATION_OF_MRNA_STABILITY_BY_PROTEINS_THAT_BIND_AU_RICH_ELEMENTS,False
G2 -> M,1,euclidean,REACTOME_MITOTIC_G2_G2_M_PHASES,True
G2 -> M,1,euclidean,REACTOME_SIGNALING_BY_HEDGEHOG,False
G2 -> M,1,euclidean,REACTOME_HEDGEHOG_OFF_STATE,False
G2 -> M,1,euclidean,REACTOME_RHO_GTPASES_ACTIVATE_FORMINS,False
G2 -> M,1,euclidean,REACTOME_TP53_REGULATES_TRANSCRIPTION_OF_GENES_INVOLVED_IN_G2_CELL_CYCLE_ARREST,True
G2 -> M,1,euclidean,REACTOME_MITOTIC_PROMETAPHASE,True
G2 -> M,1,euclidean,REACTOME_MITOTIC_TELOPHASE_CYTOKINESIS,True
G2 -> M,1,euclidean,REACTOME_M_PHASE,True
G2 -> M,1,euclidean,REACTOME_CYCLIN_A_B1_B2_ASSOCIATED_EVENTS_DURING_G2_M_TRANSITION,True
G2 -> M,1,euclidean,REACTOME_CELL_CYCLE_MITOTIC,True
G2 -> M,1,euclidean,REACTOME_MITOTIC_SPINDLE_CHECKPOINT,True
G2 -> M,1,euclidean,REACTOME_CELL_CYCLE_CHECKPOINTS,True
G2 -> M,1,euclidean,REACTOME_THE_ROLE_OF_GTSE1_IN_G2_M_PROGRESSION_AFTER_G2_CHECKPOINT,True
G2 -> M,1,euclidean,REACTOME_AURKA_ACTIVATION_BY_TPX2,True
G2 -> M,1,cosine,REACTOME_TRANSMISSION_ACROSS_CHEMICAL_SYNAPSES,False
G2 -> M,1,cosine,REACTOME_NEURONAL_SYSTEM,False
G2 -> M,1,cosine,REACTOME_INHIBITION_OF_THE_PROTEOLYTIC_ACTIVITY_OF_APC_C_REQUIRED_FOR_THE_ONSET_OF_ANAPHASE_BY_MITOTIC_SPINDLE_CHECKPOINT_COMPONENTS,True
G2 -> M,1,cosine,REACTOME_CELL_CYCLE,True
G2 -> M,1,cosine,REACTOME_APC_C_CDC20_MEDIATED_DEGRADATION_OF_CYCLIN_B,True
G2 -> M,1,cosine,REACTOME_APC_C_MEDIATED_DEGRADATION_OF_CELL_CYCLE_PROTEINS,True
G2 -> M,1,cosine,REACTOME_APC_C_CDH1_MEDIATED_DEGRADATION_OF_CDC20_AND_OTHER_APC_C_CDH1_TARGETED_PROTEINS_IN_LATE_MITOSIS_EARLY_G1,True
G2 -> M,1,cosine,REACTOME_PHOSPHORYLATION_OF_EMI1,False
G2 -> M,1,cosine,REACTOME_APC_CDC20_MEDIATED_DEGRADATION_OF_NEK2A,True
G2 -> M,1,cosine,REACTOME_PI3K_AKT_SIGNALING_IN_CANCER,False
G2 -> M,1,cosine,REACTOME_SEPARATION_OF_SISTER_CHROMATIDS,True
G2 -> M,1,cosine,REACTOME_RESOLUTION_OF_SISTER_CHROMATID_COHESION,True
G2 -> M,1,cosine,REACTOME_CONDENSATION_OF_PROMETAPHASE_CHROMOSOMES,True
G2 -> M,1,cosine,REACTOME_MITOTIC_METAPHASE_AND_ANAPHASE,True
G2 -> M,1,cosine,REACTOME_REGULATION_OF_PLK1_ACTIVITY_AT_G2_M_TRANSITION,True
G2 -> M,1,cosine,REACTOME_INITIATION_OF_NUCLEAR_ENVELOPE_NE_REFORMATION,False
G2 -> M,1,cosine,REACTOME_NUCLEAR_ENVELOPE_NE_REASSEMBLY,False
G2 -> M,1,cosine,REACTOME_SEMAPHORIN_INTERACTIONS,False
G2 -> M,1,cosine,REACTOME_L1CAM_INTERACTIONS,False
G2 -> M,1,cosine,REACTOME_RECRUITMENT_OF_MITOTIC_CENTROSOME_PROTEINS_AND_COMPLEXES,True
G2 -> M,1,cosine,REACTOME_RECRUITMENT_OF_NUMA_TO_MITOTIC_CENTROSOMES,True
G2 -> M,1,cosine,REACTOME_ACTIVATION_OF_NMDA_RECEPTORS_AND_POSTSYNAPTIC_EVENTS,False
G2 -> M,1,cosine,REACTOME_AUF1_HNRNP_D0_BINDS_AND_DESTABILIZES_MRNA,False
G2 -> M,1,cosine,REACTOME_REGULATION_OF_MRNA_STABILITY_BY_PROTEINS_THAT_BIND_AU_RICH_ELEMENTS,False
G2 -> M,1,cosine,REACTOME_MITOTIC_G2_G2_M_PHASES,True
G2 -> M,1,cosine,REACTOME_ANCHORING_OF_THE_BASAL_BODY_TO_THE_PLASMA_MEMBRANE,False
G2 -> M,1,cosine,REACTOME_INFECTIOUS_DISEASE,False
G2 -> M,1,cosine,REACTOME_INTRA_GOLGI_AND_RETROGRADE_GOLGI_TO_ER_TRAFFIC,False
G2 -> M,1,cosine,REACTOME_MITOTIC_PROMETAPHASE,True
G2 -> M,1,cosine,REACTOME_M_PHASE,True
G2 -> M,1,cosine,REACTOME_CELL_CYCLE_MITOTIC,True
G2 -> M,1,cosine,REACTOME_PLATELET_ACTIVATION_SIGNALING_AND_AGGREGATION,False
G2 -> M,1,cosine,REACTOME_RESPONSE_TO_ELEVATED_PLATELET_CYTOSOLIC_CA2,False
G2 -> M,1,cosine,REACTOME_THE_ROLE_OF_GTSE1_IN_G2_M_PROGRESSION_AFTER_G2_CHECKPOINT,True
G2 -> M,1,cosine,REACTOME_AURKA_ACTIVATION_BY_TPX2,True
G2 -> M,1,cosine,REACTOME_TRANSCRIPTIONAL_REGULATION_BY_RUNX2,False
G2 -> M,1,cosine,REACTOME_SIGNALING_BY_NOTCH3,False
G2 -> M,1,cosine,REACTOME_NERVOUS_SYSTEM_DEVELOPMENT,False
G2 -> M,1,default,REACTOME_NEURONAL_SYSTEM,False
G2 -> M,1,default,REACTOME_INHIBITION_OF_THE_PROTEOLYTIC_ACTIVITY_OF_APC_C_REQUIRED_FOR_THE_ONSET_OF_ANAPHASE_BY_MITOTIC_SPINDLE_CHECKPOINT_COMPONENTS,True
G2 -> M,1,default,REACTOME_POLO_LIKE_KINASE_MEDIATED_EVENTS,True
G2 -> M,1,default,REACTOME_SIGNALING_BY_NOTCH,False
G2 -> M,1,default,REACTOME_CELL_CYCLE,True
G2 -> M,1,default,REACTOME_APC_C_CDC20_MEDIATED_DEGRADATION_OF_CYCLIN_B,True
G2 -> M,1,default,REACTOME_APC_C_MEDIATED_DEGRADATION_OF_CELL_CYCLE_PROTEINS,True
G2 -> M,1,default,REACTOME_APC_C_CDH1_MEDIATED_DEGRADATION_OF_CDC20_AND_OTHER_APC_C_CDH1_TARGETED_PROTEINS_IN_LATE_MITOSIS_EARLY_G1,True
G2 -> M,1,default,REACTOME_PHOSPHORYLATION_OF_EMI1,False
G2 -> M,1,default,REACTOME_APC_CDC20_MEDIATED_DEGRADATION_OF_NEK2A,True
G2 -> M,1,default,REACTOME_RHO_GTPASE_EFFECTORS,False
G2 -> M,1,default,REACTOME_TCR_SIGNALING,False
G2 -> M,1,default,REACTOME_MHC_CLASS_II_ANTIGEN_PRESENTATION,False
G2 -> M,1,default,REACTOME_FC_EPSILON_RECEPTOR_FCERI_SIGNALING,False
G2 -> M,1,default,REACTOME_SEPARATION_OF_SISTER_CHROMATIDS,True
G2 -> M,1,default,REACTOME_RESOLUTION_OF_SISTER_CHROMATID_COHESION,True
G2 -> M,1,default,REACTOME_CONDENSATION_OF_PROMETAPHASE_CHROMOSOMES,True
G2 -> M,1,default,REACTOME_MITOTIC_METAPHASE_AND_ANAPHASE,True
G2 -> M,1,default,REACTOME_REGULATION_OF_PLK1_ACTIVITY_AT_G2_M_TRANSITION,True
G2 -> M,1,default,REACTOME_ACTIVATION_OF_NIMA_KINASES_NEK9_NEK6_NEK7,False
G2 -> M,1,default,REACTOME_INITIATION_OF_NUCLEAR_ENVELOPE_NE_REFORMATION,False
G2 -> M,1,default,REACTOME_NUCLEAR_ENVELOPE_NE_REASSEMBLY,False
G2 -> M,1,default,REACTOME_HSP90_CHAPERONE_CYCLE_FOR_STEROID_HORMONE_RECEPTORS_SHR_IN_THE_PRESENCE_OF_LIGAND,False
G2 -> M,1,default,REACTOME_L1CAM_INTERACTIONS,False
G2 -> M,1,default,REACTOME_RECRUITMENT_OF_MITOTIC_CENTROSOME_PROTEINS_AND_COMPLEXES,True
G2 -> M,1,default,REACTOME_RECRUITMENT_OF_NUMA_TO_MITOTIC_CENTROSOMES,True
G2 -> M,1,default,REACTOME_ACTIVATION_OF_NMDA_RECEPTORS_AND_POSTSYNAPTIC_EVENTS,False
G2 -> M,1,default,REACTOME_AUF1_HNRNP_D0_BINDS_AND_DESTABILIZES_MRNA,False
G2 -> M,1,default,REACTOME_REGULATION_OF_MRNA_STABILITY_BY_PROTEINS_THAT_BIND_AU_RICH_ELEMENTS,False
G2 -> M,1,default,REACTOME_MITOTIC_G2_G2_M_PHASES,True
G2 -> M,1,default,REACTOME_SIGNALING_BY_HEDGEHOG,False
G2 -> M,1,default,REACTOME_HEDGEHOG_OFF_STATE,False
G2 -> M,1,default,REACTOME_CILIUM_ASSEMBLY,False
G2 -> M,1,default,REACTOME_ANCHORING_OF_THE_BASAL_BODY_TO_THE_PLASMA_MEMBRANE,False
G2 -> M,1,default,REACTOME_INFECTIOUS_DISEASE,False
G2 -> M,1,default,REACTOME_RHO_GTPASES_ACTIVATE_FORMINS,False
G2 -> M,1,default,REACTOME_TP53_REGULATES_TRANSCRIPTION_OF_CELL_CYCLE_GENES,True
G2 -> M,1,default,REACTOME_TP53_REGULATES_TRANSCRIPTION_OF_GENES_INVOLVED_IN_G2_CELL_CYCLE_ARREST,True
G2 -> M,1,default,REACTOME_COPI_DEPENDENT_GOLGI_TO_ER_RETROGRADE_TRAFFIC,False
G2 -> M,1,default,REACTOME_INTRA_GOLGI_AND_RETROGRADE_GOLGI_TO_ER_TRAFFIC,False
G2 -> M,1,default,REACTOME_MITOTIC_PROMETAPHASE,True
G2 -> M,1,default,REACTOME_M_PHASE,True
G2 -> M,1,default,REACTOME_CYCLIN_A_B1_B2_ASSOCIATED_EVENTS_DURING_G2_M_TRANSITION,True
G2 -> M,1,default,REACTOME_CELL_CYCLE_MITOTIC,True
G2 -> M,1,default,REACTOME_MITOTIC_SPINDLE_CHECKPOINT,True
G2 -> M,1,default,REACTOME_CELL_CYCLE_CHECKPOINTS,True
G2 -> M,1,default,REACTOME_RESPONSE_TO_ELEVATED_PLATELET_CYTOSOLIC_CA2,False
G2 -> M,1,default,REACTOME_THE_ROLE_OF_GTSE1_IN_G2_M_PROGRESSION_AFTER_G2_CHECKPOINT,True
G2 -> M,1,default,REACTOME_AURKA_ACTIVATION_BY_TPX2,True
G2 -> M,1,default,REACTOME_GOLGI_TO_ER_RETROGRADE_TRANSPORT,False
G2 -> M,1,default,REACTOME_TRANSCRIPTIONAL_REGULATION_BY_RUNX2,False
G2 -> M,1,default,REACTOME_SIGNALING_BY_NOTCH3,False
G2 -> M,1,default,REACTOME_NERVOUS_SYSTEM_DEVELOPMENT,False
G2 -> M,1,"mean(euclidean, cosine)",REACTOME_NEURONAL_SYSTEM,False
G2 -> M,1,"mean(euclidean, cosine)",REACTOME_INHIBITION_OF_THE_PROTEOLYTIC_ACTIVITY_OF_APC_C_REQUIRED_FOR_THE_ONSET_OF_ANAPHASE_BY_MITOTIC_SPINDLE_CHECKPOINT_COMPONENTS,True
G2 -> M,1,"mean(euclidean, cosine)",REACTOME_POLO_LIKE_KINASE_MEDIATED_EVENTS,True
G2 -> M,1,"mean(euclidean, cosine)",REACTOME_SIGNALING_BY_NOTCH,False
G2 -> M,1,"mean(euclidean, cosine)",REACTOME_CELL_CYCLE,True
G2 -> M,1,"mean(euclidean, cosine)",REACTOME_APC_C_CDC20_MEDIATED_DEGRADATION_OF_CYCLIN_B,True
G2 -> M,1,"mean(euclidean, cosine)",REACTOME_APC_C_MEDIATED_DEGRADATION_OF_CELL_CYCLE_PROTEINS,True
G2 -> M,1,"mean(euclidean, cosine)",REACTOME_APC_C_CDH1_MEDIATED_DEGRADATION_OF_CDC20_AND_OTHER_APC_C_CDH1_TARGETED_PROTEINS_IN_LATE_MITOSIS_EARLY_G1,True
G2 -> M,1,"mean(euclidean, cosine)",REACTOME_PHOSPHORYLATION_OF_EMI1,False
G2 -> M,1,"mean(euclidean, cosine)",REACTOME_APC_CDC20_MEDIATED_DEGRADATION_OF_NEK2A,True
G2 -> M,1,"mean(euclidean, cosine)",REACTOME_RHO_GTPASE_EFFECTORS,False
G2 -> M,1,"mean(euclidean, cosine)",REACTOME_TCR_SIGNALING,False
G2 -> M,1,"mean(euclidean, cosine)",REACTOME_FC_EPSILON_RECEPTOR_FCERI_SIGNALING,False
G2 -> M,1,"mean(euclidean, cosine)",REACTOME_SEPARATION_OF_SISTER_CHROMATIDS,True
G2 -> M,1,"mean(euclidean, cosine)",REACTOME_RESOLUTION_OF_SISTER_CHROMATID_COHESION,True
G2 -> M,1,"mean(euclidean, cosine)",REACTOME_CONDENSATION_OF_PROMETAPHASE_CHROMOSOMES,True
G2 -> M,1,"mean(euclidean, cosine)",REACTOME_MITOTIC_METAPHASE_AND_ANAPHASE,True
G2 -> M,1,"mean(euclidean, cosine)",REACTOME_REGULATION_OF_PLK1_ACTIVITY_AT_G2_M_TRANSITION,True
G2 -> M,1,"mean(euclidean, cosine)",REACTOME_ACTIVATION_OF_NIMA_KINASES_NEK9_NEK6_NEK7,False
G2 -> M,1,"mean(euclidean, cosine)",REACTOME_INITIATION_OF_NUCLEAR_ENVELOPE_NE_REFORMATION,False
G2 -> M,1,"mean(euclidean, cosine)",REACTOME_NUCLEAR_ENVELOPE_NE_REASSEMBLY,False
G2 -> M,1,"mean(euclidean, cosine)",REACTOME_HSP90_CHAPERONE_CYCLE_FOR_STEROID_HORMONE_RECEPTORS_SHR_IN_THE_PRESENCE_OF_LIGAND,False
G2 -> M,1,"mean(euclidean, cosine)",REACTOME_L1CAM_INTERACTIONS,False
G2 -> M,1,"mean(euclidean, cosine)",REACTOME_RECRUITMENT_OF_MITOTIC_CENTROSOME_PROTEINS_AND_COMPLEXES,True
G2 -> M,1,"mean(euclidean, cosine)",REACTOME_RECRUITMENT_OF_NUMA_TO_MITOTIC_CENTROSOMES,True
G2 -> M,1,"mean(euclidean, cosine)",REACTOME_ACTIVATION_OF_NMDA_RECEPTORS_AND_POSTSYNAPTIC_EVENTS,False
G2 -> M,1,"mean(euclidean, cosine)",REACTOME_AUF1_HNRNP_D0_BINDS_AND_DESTABILIZES_MRNA,False
G2 -> M,1,"mean(euclidean, cosine)",REACTOME_REGULATION_OF_MRNA_STABILITY_BY_PROTEINS_THAT_BIND_AU_RICH_ELEMENTS,False
G2 -> M,1,"mean(euclidean, cosine)",REACTOME_MITOTIC_G2_G2_M_PHASES,True
G2 -> M,1,"mean(euclidean, cosine)",REACTOME_SIGNALING_BY_HEDGEHOG,False
G2 -> M,1,"mean(euclidean, cosine)",REACTOME_HEDGEHOG_OFF_STATE,False
G2 -> M,1,"mean(euclidean, cosine)",REACTOME_CILIUM_ASSEMBLY,False
G2 -> M,1,"mean(euclidean, cosine)",REACTOME_ANCHORING_OF_THE_BASAL_BODY_TO_THE_PLASMA_MEMBRANE,False
G2 -> M,1,"mean(euclidean, cosine)",REACTOME_INFECTIOUS_DISEASE,False
G2 -> M,1,"mean(euclidean, cosine)",REACTOME_RHO_GTPASES_ACTIVATE_FORMINS,False
G2 -> M,1,"mean(euclidean, cosine)",REACTOME_TP53_REGULATES_TRANSCRIPTION_OF_CELL_CYCLE_GENES,True
G2 -> M,1,"mean(euclidean, cosine)",REACTOME_TP53_REGULATES_TRANSCRIPTION_OF_GENES_INVOLVED_IN_G2_CELL_CYCLE_ARREST,True
G2 -> M,1,"mean(euclidean, cosine)",REACTOME_COPI_DEPENDENT_GOLGI_TO_ER_RETROGRADE_TRAFFIC,False
G2 -> M,1,"mean(euclidean, cosine)",REACTOME_INTRA_GOLGI_AND_RETROGRADE_GOLGI_TO_ER_TRAFFIC,False
G2 -> M,1,"mean(euclidean, cosine)",REACTOME_MITOTIC_PROMETAPHASE,True
G2 -> M,1,"mean(euclidean, cosine)",REACTOME_M_PHASE,True
G2 -> M,1,"mean(euclidean, cosine)",REACTOME_CYCLIN_A_B1_B2_ASSOCIATED_EVENTS_DURING_G2_M_TRANSITION,True
G2 -> M,1,"mean(euclidean, cosine)",REACTOME_CELL_CYCLE_MITOTIC,True
G2 -> M,1,"mean(euclidean, cosine)",REACTOME_MITOTIC_SPINDLE_CHECKPOINT,True
G2 -> M,1,"mean(euclidean, cosine)",REACTOME_CELL_CYCLE_CHECKPOINTS,True
G2 -> M,1,"mean(euclidean, cosine)",REACTOME_PLATELET_ACTIVATION_SIGNALING_AND_AGGREGATION,False
G2 -> M,1,"mean(euclidean, cosine)",REACTOME_RESPONSE_TO_ELEVATED_PLATELET_CYTOSOLIC_CA2,False
G2 -> M,1,"mean(euclidean, cosine)",REACTOME_THE_ROLE_OF_GTSE1_IN_G2_M_PROGRESSION_AFTER_G2_CHECKPOINT,True
G2 -> M,1,"mean(euclidean, cosine)",REACTOME_AURKA_ACTIVATION_BY_TPX2,True
G2 -> M,1,"mean(euclidean, cosine)",REACTOME_GOLGI_TO_ER_RETROGRADE_TRANSPORT,False
G2 -> M,1,"mean(euclidean, cosine)",REACTOME_TRANSCRIPTIONAL_REGULATION_BY_RUNX2,False
G2 -> M,1,"mean(euclidean, cosine)",REACTOME_SIGNALING_BY_NOTCH3,False
G2 -> M,1,"mean(euclidean, cosine)",REACTOME_HCMV_EARLY_EVENTS,False
G2 -> M,1,"mean(euclidean, cosine)",REACTOME_NERVOUS_SYSTEM_DEVELOPMENT,False
G2 -> M,1,"max(euclidean, cosine)",REACTOME_INHIBITION_OF_THE_PROTEOLYTIC_ACTIVITY_OF_APC_C_REQUIRED_FOR_THE_ONSET_OF_ANAPHASE_BY_MITOTIC_SPINDLE_CHECKPOINT_COMPONENTS,True
G2 -> M,1,"max(euclidean, cosine)",REACTOME_POLO_LIKE_KINASE_MEDIATED_EVENTS,True
G2 -> M,1,"max(euclidean, cosine)",REACTOME_CELL_CYCLE,True
G2 -> M,1,"max(euclidean, cosine)",REACTOME_APC_C_CDC20_MEDIATED_DEGRADATION_OF_CYCLIN_B,True
G2 -> M,1,"max(euclidean, cosine)",REACTOME_APC_C_MEDIATED_DEGRADATION_OF_CELL_CYCLE_PROTEINS,True
G2 -> M,1,"max(euclidean, cosine)",REACTOME_APC_C_CDH1_MEDIATED_DEGRADATION_OF_CDC20_AND_OTHER_APC_C_CDH1_TARGETED_PROTEINS_IN_LATE_MITOSIS_EARLY_G1,True
G2 -> M,1,"max(euclidean, cosine)",REACTOME_PHOSPHORYLATION_OF_EMI1,False
G2 -> M,1,"max(euclidean, cosine)",REACTOME_APC_CDC20_MEDIATED_DEGRADATION_OF_NEK2A,True
G2 -> M,1,"max(euclidean, cosine)",REACTOME_RHO_GTPASE_EFFECTORS,False
G2 -> M,1,"max(euclidean, cosine)",REACTOME_SEPARATION_OF_SISTER_CHROMATIDS,True
G2 -> M,1,"max(euclidean, cosine)",REACTOME_RESOLUTION_OF_SISTER_CHROMATID_COHESION,True
G2 -> M,1,"max(euclidean, cosine)",REACTOME_CONDENSATION_OF_PROMETAPHASE_CHROMOSOMES,True
G2 -> M,1,"max(euclidean, cosine)",REACTOME_MITOTIC_METAPHASE_AND_ANAPHASE,True
G2 -> M,1,"max(euclidean, cosine)",REACTOME_REGULATION_OF_PLK1_ACTIVITY_AT_G2_M_TRANSITION,True
G2 -> M,1,"max(euclidean, cosine)",REACTOME_ACTIVATION_OF_NIMA_KINASES_NEK9_NEK6_NEK7,False
G2 -> M,1,"max(euclidean, cosine)",REACTOME_INITIATION_OF_NUCLEAR_ENVELOPE_NE_REFORMATION,False
G2 -> M,1,"max(euclidean, cosine)",REACTOME_HSP90_CHAPERONE_CYCLE_FOR_STEROID_HORMONE_RECEPTORS_SHR_IN_THE_PRESENCE_OF_LIGAND,False
G2 -> M,1,"max(euclidean, cosine)",REACTOME_RECRUITMENT_OF_MITOTIC_CENTROSOME_PROTEINS_AND_COMPLEXES,True
G2 -> M,1,"max(euclidean, cosine)",REACTOME_RECRUITMENT_OF_NUMA_TO_MITOTIC_CENTROSOMES,True
G2 -> M,1,"max(euclidean, cosine)",REACTOME_AUF1_HNRNP_D0_BINDS_AND_DESTABILIZES_MRNA,False
G2 -> M,1,"max(euclidean, cosine)",REACTOME_REGULATION_OF_MRNA_STABILITY_BY_PROTEINS_THAT_BIND_AU_RICH_ELEMENTS,False
G2 -> M,1,"max(euclidean, cosine)",REACTOME_MITOTIC_G2_G2_M_PHASES,True
G2 -> M,1,"max(euclidean, cosine)",REACTOME_ANCHORING_OF_THE_BASAL_BODY_TO_THE_PLASMA_MEMBRANE,False
G2 -> M,1,"max(euclidean, cosine)",REACTOME_RHO_GTPASES_ACTIVATE_FORMINS,False
G2 -> M,1,"max(euclidean, cosine)",REACTOME_TP53_REGULATES_TRANSCRIPTION_OF_GENES_INVOLVED_IN_G2_CELL_CYCLE_ARREST,True
G2 -> M,1,"max(euclidean, cosine)",REACTOME_MITOTIC_PROMETAPHASE,True
G2 -> M,1,"max(euclidean, cosine)",REACTOME_MITOTIC_TELOPHASE_CYTOKINESIS,True
G2 -> M,1,"max(euclidean, cosine)",REACTOME_M_PHASE,True
G2 -> M,1,"max(euclidean, cosine)",REACTOME_CYCLIN_A_B1_B2_ASSOCIATED_EVENTS_DURING_G2_M_TRANSITION,True
G2 -> M,1,"max(euclidean, cosine)",REACTOME_CELL_CYCLE_MITOTIC,True
G2 -> M,1,"max(euclidean, cosine)",REACTOME_MITOTIC_SPINDLE_CHECKPOINT,True
G2 -> M,1,"max(euclidean, cosine)",REACTOME_RESPONSE_TO_ELEVATED_PLATELET_CYTOSOLIC_CA2,False
G2 -> M,1,"max(euclidean, cosine)",REACTOME_THE_ROLE_OF_GTSE1_IN_G2_M_PROGRESSION_AFTER_G2_CHECKPOINT,True
G2 -> M,1,"max(euclidean, cosine)",REACTOME_AURKA_ACTIVATION_BY_TPX2,True
G2 -> M,1,"max(euclidean, cosine)",REACTOME_SIGNALING_BY_NOTCH3,False
G2 -> M,1,"max(euclidean, cosine)",REACTOME_HCMV_EARLY_EVENTS,False
G2 -> M,1,"min(euclidean, cosine)",REACTOME_TRANSMISSION_ACROSS_CHEMICAL_SYNAPSES,False
G2 -> M,1,"min(euclidean, cosine)",REACTOME_NEURONAL_SYSTEM,False
G2 -> M,1,"min(euclidean, cosine)",REACTOME_CELLULAR_RESPONSE_TO_HYPOXIA,False
G2 -> M,1,"min(euclidean, cosine)",REACTOME_ADAPTIVE_IMMUNE_SYSTEM,False
G2 -> M,1,"min(euclidean, cosine)",REACTOME_INHIBITION_OF_THE_PROTEOLYTIC_ACTIVITY_OF_APC_C_REQUIRED_FOR_THE_ONSET_OF_ANAPHASE_BY_MITOTIC_SPINDLE_CHECKPOINT_COMPONENTS,True
G2 -> M,1,"min(euclidean, cosine)",REACTOME_SIGNALING_BY_NOTCH,False
G2 -> M,1,"min(euclidean, cosine)",REACTOME_CELL_CYCLE,True
G2 -> M,1,"min(euclidean, cosine)",REACTOME_TOLL_LIKE_RECEPTOR_TLR1_TLR2_CASCADE,False
G2 -> M,1,"min(euclidean, cosine)",REACTOME_APC_C_CDC20_MEDIATED_DEGRADATION_OF_CYCLIN_B,True
G2 -> M,1,"min(euclidean, cosine)",REACTOME_APC_C_MEDIATED_DEGRADATION_OF_CELL_CYCLE_PROTEINS,True
G2 -> M,1,"min(euclidean, cosine)",REACTOME_APC_C_CDH1_MEDIATED_DEGRADATION_OF_CDC20_AND_OTHER_APC_C_CDH1_TARGETED_PROTEINS_IN_LATE_MITOSIS_EARLY_G1,True
G2 -> M,1,"min(euclidean, cosine)",REACTOME_PHOSPHORYLATION_OF_EMI1,False
G2 -> M,1,"min(euclidean, cosine)",REACTOME_APC_CDC20_MEDIATED_DEGRADATION_OF_NEK2A,True
G2 -> M,1,"min(euclidean, cosine)",REACTOME_TCR_SIGNALING,False
G2 -> M,1,"min(euclidean, cosine)",REACTOME_FC_EPSILON_RECEPTOR_FCERI_SIGNALING,False
G2 -> M,1,"min(euclidean, cosine)",REACTOME_SEPARATION_OF_SISTER_CHROMATIDS,True
G2 -> M,1,"min(euclidean, cosine)",REACTOME_RESOLUTION_OF_SISTER_CHROMATID_COHESION,True
G2 -> M,1,"min(euclidean, cosine)",REACTOME_CONDENSATION_OF_PROMETAPHASE_CHROMOSOMES,True
G2 -> M,1,"min(euclidean, cosine)",REACTOME_MITOTIC_METAPHASE_AND_ANAPHASE,True
G2 -> M,1,"min(euclidean, cosine)",REACTOME_REGULATION_OF_PLK1_ACTIVITY_AT_G2_M_TRANSITION,True
G2 -> M,1,"min(euclidean, cosine)",REACTOME_FCERI_MEDIATED_NF_KB_ACTIVATION,False
G2 -> M,1,"min(euclidean, cosine)",REACTOME_ACTIVATION_OF_NIMA_KINASES_NEK9_NEK6_NEK7,False
G2 -> M,1,"min(euclidean, cosine)",REACTOME_INITIATION_OF_NUCLEAR_ENVELOPE_NE_REFORMATION,False
G2 -> M,1,"min(euclidean, cosine)",REACTOME_NUCLEAR_ENVELOPE_NE_REASSEMBLY,False
G2 -> M,1,"min(euclidean, cosine)",REACTOME_HSP90_CHAPERONE_CYCLE_FOR_STEROID_HORMONE_RECEPTORS_SHR_IN_THE_PRESENCE_OF_LIGAND,False
G2 -> M,1,"min(euclidean, cosine)",REACTOME_L1CAM_INTERACTIONS,False
G2 -> M,1,"min(euclidean, cosine)",REACTOME_RECRUITMENT_OF_NUMA_TO_MITOTIC_CENTROSOMES,True
G2 -> M,1,"min(euclidean, cosine)",REACTOME_ACTIVATION_OF_NMDA_RECEPTORS_AND_POSTSYNAPTIC_EVENTS,False
G2 -> M,1,"min(euclidean, cosine)",REACTOME_INTERLEUKIN_1_FAMILY_SIGNALING,False
G2 -> M,1,"min(euclidean, cosine)",REACTOME_INTERLEUKIN_17_SIGNALING,False
G2 -> M,1,"min(euclidean, cosine)",REACTOME_AUF1_HNRNP_D0_BINDS_AND_DESTABILIZES_MRNA,False
G2 -> M,1,"min(euclidean, cosine)",REACTOME_REGULATION_OF_MRNA_STABILITY_BY_PROTEINS_THAT_BIND_AU_RICH_ELEMENTS,False
G2 -> M,1,"min(euclidean, cosine)",REACTOME_MITOTIC_G2_G2_M_PHASES,True
G2 -> M,1,"min(euclidean, cosine)",REACTOME_DEGRADATION_OF_DVL,False
G2 -> M,1,"min(euclidean, cosine)",REACTOME_SIGNALING_BY_HEDGEHOG,False
G2 -> M,1,"min(euclidean, cosine)",REACTOME_HEDGEHOG_OFF_STATE,False
G2 -> M,1,"min(euclidean, cosine)",REACTOME_HEDGEHOG_ON_STATE,False
G2 -> M,1,"min(euclidean, cosine)",REACTOME_REGULATION_OF_RAS_BY_GAPS,False
G2 -> M,1,"min(euclidean, cosine)",REACTOME_INFECTIOUS_DISEASE,False
G2 -> M,1,"min(euclidean, cosine)",REACTOME_TP53_REGULATES_TRANSCRIPTION_OF_GENES_INVOLVED_IN_G2_CELL_CYCLE_ARREST,True
G2 -> M,1,"min(euclidean, cosine)",REACTOME_COPI_DEPENDENT_GOLGI_TO_ER_RETROGRADE_TRAFFIC,False
G2 -> M,1,"min(euclidean, cosine)",REACTOME_RETROGRADE_TRANSPORT_AT_THE_TRANS_GOLGI_NETWORK,False
G2 -> M,1,"min(euclidean, cosine)",REACTOME_INTRA_GOLGI_AND_RETROGRADE_GOLGI_TO_ER_TRAFFIC,False
G2 -> M,1,"min(euclidean, cosine)",REACTOME_MITOTIC_PROMETAPHASE,True
G2 -> M,1,"min(euclidean, cosine)",REACTOME_M_PHASE,True
G2 -> M,1,"min(euclidean, cosine)",REACTOME_CYCLIN_A_B1_B2_ASSOCIATED_EVENTS_DURING_G2_M_TRANSITION,True
G2 -> M,1,"min(euclidean, cosine)",REACTOME_CELL_CYCLE_MITOTIC,True
G2 -> M,1,"min(euclidean, cosine)",REACTOME_CELL_CYCLE_CHECKPOINTS,True
G2 -> M,1,"min(euclidean, cosine)",REACTOME_THE_ROLE_OF_GTSE1_IN_G2_M_PROGRESSION_AFTER_G2_CHECKPOINT,True
G2 -> M,1,"min(euclidean, cosine)",REACTOME_AURKA_ACTIVATION_BY_TPX2,True
G2 -> M,1,"min(euclidean, cosine)",REACTOME_GOLGI_TO_ER_RETROGRADE_TRANSPORT,False
G2 -> M,1,"min(euclidean, cosine)",REACTOME_TRANSCRIPTIONAL_REGULATION_BY_RUNX2,False
G2 -> M,1,"min(euclidean, cosine)",REACTOME_REGULATION_OF_RUNX2_EXPRESSION_AND_ACTIVITY,False
G2 -> M,1,"min(euclidean, cosine)",REACTOME_REGULATION_OF_PTEN_STABILITY_AND_ACTIVITY,False
G2 -> M,1,"min(euclidean, cosine)",REACTOME_REGULATION_OF_EXPRESSION_OF_SLITS_AND_ROBOS,False
G2 -> M,1,"min(euclidean, cosine)",REACTOME_SIGNALING_BY_NOTCH3,False
G2 -> M,1,"min(euclidean, cosine)",REACTOME_SIGNALING_BY_NOTCH4,False
G2 -> M,1,"min(euclidean, cosine)",REACTOME_INTERLEUKIN_1_SIGNALING,False
G2 -> M,1,"min(euclidean, cosine)",REACTOME_NERVOUS_SYSTEM_DEVELOPMENT,False
G2 -> M,1,"min(euclidean, cosine)",REACTOME_REGULATION_OF_HMOX1_EXPRESSION_AND_ACTIVITY,False
G2 -> M,1,"min(cosine, radial)",REACTOME_ADAPTIVE_IMMUNE_SYSTEM,False
G2 -> M,1,"min(cosine, radial)",REACTOME_INHIBITION_OF_THE_PROTEOLYTIC_ACTIVITY_OF_APC_C_REQUIRED_FOR_THE_ONSET_OF_ANAPHASE_BY_MITOTIC_SPINDLE_CHECKPOINT_COMPONENTS,True
G2 -> M,1,"min(cosine, radial)",REACTOME_SIGNALING_BY_NOTCH,False
G2 -> M,1,"min(cosine, radial)",REACTOME_APC_C_CDC20_MEDIATED_DEGRADATION_OF_CYCLIN_B,True
G2 -> M,1,"min(cosine, radial)",REACTOME_APC_C_MEDIATED_DEGRADATION_OF_CELL_CYCLE_PROTEINS,True
G2 -> M,1,"min(cosine, radial)",REACTOME_APC_C_CDH1_MEDIATED_DEGRADATION_OF_CDC20_AND_OTHER_APC_C_CDH1_TARGETED_PROTEINS_IN_LATE_MITOSIS_EARLY_G1,True
G2 -> M,1,"min(cosine, radial)",REACTOME_PHOSPHORYLATION_OF_EMI1,False
G2 -> M,1,"min(cosine, radial)",REACTOME_APC_CDC20_MEDIATED_DEGRADATION_OF_NEK2A,True
G2 -> M,1,"min(cosine, radial)",REACTOME_P75_NTR_RECEPTOR_MEDIATED_SIGNALLING,False
G2 -> M,1,"min(cosine, radial)",REACTOME_CELL_DEATH_SIGNALLING_VIA_NRAGE_NRIF_AND_NADE,False
G2 -> M,1,"min(cosine, radial)",REACTOME_SEPARATION_OF_SISTER_CHROMATIDS,True
G2 -> M,1,"min(cosine, radial)",REACTOME_RESOLUTION_OF_SISTER_CHROMATID_COHESION,True
G2 -> M,1,"min(cosine, radial)",REACTOME_CONDENSATION_OF_PROMETAPHASE_CHROMOSOMES,True
G2 -> M,1,"min(cosine, radial)",REACTOME_MITOTIC_METAPHASE_AND_ANAPHASE,True
G2 -> M,1,"min(cosine, radial)",REACTOME_ACTIVATION_OF_NIMA_KINASES_NEK9_NEK6_NEK7,False
G2 -> M,1,"min(cosine, radial)",REACTOME_AUF1_HNRNP_D0_BINDS_AND_DESTABILIZES_MRNA,False
G2 -> M,1,"min(cosine, radial)",REACTOME_REGULATION_OF_MRNA_STABILITY_BY_PROTEINS_THAT_BIND_AU_RICH_ELEMENTS,False
G2 -> M,1,"min(cosine, radial)",REACTOME_MITOTIC_G2_G2_M_PHASES,True
G2 -> M,1,"min(cosine, radial)",REACTOME_DEGRADATION_OF_DVL,False
G2 -> M,1,"min(cosine, radial)",REACTOME_HEDGEHOG_LIGAND_BIOGENESIS,False
G2 -> M,1,"min(cosine, radial)",REACTOME_SIGNALING_BY_HEDGEHOG,False
G2 -> M,1,"min(cosine, radial)",REACTOME_HEDGEHOG_OFF_STATE,False
G2 -> M,1,"min(cosine, radial)",REACTOME_REGULATION_OF_RAS_BY_GAPS,False
G2 -> M,1,"min(cosine, radial)",REACTOME_INFECTIOUS_DISEASE,False
G2 -> M,1,"min(cosine, radial)",REACTOME_DEFECTIVE_CFTR_CAUSES_CYSTIC_FIBROSIS,False
G2 -> M,1,"min(cosine, radial)",REACTOME_MITOTIC_PROMETAPHASE,True
G2 -> M,1,"min(cosine, radial)",REACTOME_M_PHASE,True
G2 -> M,1,"min(cosine, radial)",REACTOME_SWITCHING_OF_ORIGINS_TO_A_POST_REPLICATIVE_STATE,False
G2 -> M,1,"min(cosine, radial)",REACTOME_SYNTHESIS_OF_DNA,False
G2 -> M,1,"min(cosine, radial)",REACTOME_CYCLIN_A_B1_B2_ASSOCIATED_EVENTS_DURING_G2_M_TRANSITION,True
G2 -> M,1,"min(cosine, radial)",REACTOME_CELL_CYCLE_MITOTIC,True
G2 -> M,1,"min(cosine, radial)",REACTOME_THE_ROLE_OF_GTSE1_IN_G2_M_PROGRESSION_AFTER_G2_CHECKPOINT,True
G2 -> M,1,"min(cosine, radial)",REACTOME_TRANSCRIPTIONAL_REGULATION_BY_RUNX2,False
G2 -> M,1,"min(cosine, radial)",REACTOME_REGULATION_OF_RUNX2_EXPRESSION_AND_ACTIVITY,False
G2 -> M,1,"min(cosine, radial)",REACTOME_ER_QUALITY_CONTROL_COMPARTMENT_ERQC,False
G2 -> M,1,"min(cosine, radial)",REACTOME_SIGNALING_BY_NOTCH4,False
G2 -> M,1,"min(cosine, radial)",REACTOME_REGULATION_OF_HMOX1_EXPRESSION_AND_ACTIVITY,False
G2 -> M,2,euclidean,REACTOME_INHIBITION_OF_THE_PROTEOLYTIC_ACTIVITY_OF_APC_C_REQUIRED_FOR_THE_ONSET_OF_ANAPHASE_BY_MITOTIC_SPINDLE_CHECKPOINT_COMPONENTS,True
G2 -> M,2,euclidean,REACTOME_POLO_LIKE_KINASE_MEDIATED_EVENTS,True
G2 -> M,2,euclidean,REACTOME_SIGNALING_BY_NOTCH,False
G2 -> M,2,euclidean,REACTOME_CELL_CYCLE,True
G2 -> M,2,euclidean,REACTOME_APC_C_CDC20_MEDIATED_DEGRADATION_OF_CYCLIN_B,True
G2 -> M,2,euclidean,REACTOME_APC_C_MEDIATED_DEGRADATION_OF_CELL_CYCLE_PROTEINS,True
G2 -> M,2,euclidean,REACTOME_APC_C_CDH1_MEDIATED_DEGRADATION_OF_CDC20_AND_OTHER_APC_C_CDH1_TARGETED_PROTEINS_IN_LATE_MITOSIS_EARLY_G1,True
G2 -> M,2,euclidean,REACTOME_PHOSPHORYLATION_OF_EMI1,False
G2 -> M,2,euclidean,REACTOME_APC_CDC20_MEDIATED_DEGRADATION_OF_NEK2A,True
G2 -> M,2,euclidean,REACTOME_SEPARATION_OF_SISTER_CHROMATIDS,True
G2 -> M,2,euclidean,REACTOME_RESOLUTION_OF_SISTER_CHROMATID_COHESION,True
G2 -> M,2,euclidean,REACTOME_CONDENSATION_OF_PROMETAPHASE_CHROMOSOMES,True
G2 -> M,2,euclidean,REACTOME_MITOTIC_METAPHASE_AND_ANAPHASE,True
G2 -> M,2,euclidean,REACTOME_REGULATION_OF_PLK1_ACTIVITY_AT_G2_M_TRANSITION,True
G2 -> M,2,euclidean,REACTOME_AUF1_HNRNP_D0_BINDS_AND_DESTABILIZES_MRNA,False
G2 -> M,2,euclidean,REACTOME_REGULATION_OF_MRNA_STABILITY_BY_PROTEINS_THAT_BIND_AU_RICH_ELEMENTS,False
G2 -> M,2,euclidean,REACTOME_MITOTIC_G2_G2_M_PHASES,True
G2 -> M,2,euclidean,REACTOME_TP53_REGULATES_TRANSCRIPTION_OF_GENES_INVOLVED_IN_G2_CELL_CYCLE_ARREST,True
G2 -> M,2,euclidean,REACTOME_MITOTIC_PROMETAPHASE,True
G2 -> M,2,euclidean,REACTOME_MITOTIC_TELOPHASE_CYTOKINESIS,True
G2 -> M,2,euclidean,REACTOME_M_PHASE,True
G2 -> M,2,euclidean,REACTOME_CYCLIN_A_B1_B2_ASSOCIATED_EVENTS_DURING_G2_M_TRANSITION,True
G2 -> M,2,euclidean,REACTOME_CELL_CYCLE_MITOTIC,True
G2 -> M,2,euclidean,REACTOME_MITOTIC_SPINDLE_CHECKPOINT,True
G2 -> M,2,euclidean,REACTOME_CELL_CYCLE_CHECKPOINTS,True
G2 -> M,2,euclidean,REACTOME_THE_ROLE_OF_GTSE1_IN_G2_M_PROGRESSION_AFTER_G2_CHECKPOINT,True
G2 -> M,2,euclidean,REACTOME_SIGNALING_BY_NOTCH3,False
G2 -> M,2,cosine,REACTOME_TRANSMISSION_ACROSS_CHEMICAL_SYNAPSES,False
G2 -> M,2,cosine,REACTOME_NEURONAL_SYSTEM,False
G2 -> M,2,cosine,REACTOME_SIGNALING_BY_ERBB2,False
G2 -> M,2,cosine,REACTOME_INHIBITION_OF_THE_PROTEOLYTIC_ACTIVITY_OF_APC_C_REQUIRED_FOR_THE_ONSET_OF_ANAPHASE_BY_MITOTIC_SPINDLE_CHECKPOINT_COMPONENTS,True
G2 -> M,2,cosine,REACTOME_APC_C_CDC20_MEDIATED_DEGRADATION_OF_CYCLIN_B,True
G2 -> M,2,cosine,REACTOME_APC_C_MEDIATED_DEGRADATION_OF_CELL_CYCLE_PROTEINS,True
G2 -> M,2,cosine,REACTOME_APC_C_CDH1_MEDIATED_DEGRADATION_OF_CDC20_AND_OTHER_APC_C_CDH1_TARGETED_PROTEINS_IN_LATE_MITOSIS_EARLY_G1,True
G2 -> M,2,cosine,REACTOME_PHOSPHORYLATION_OF_EMI1,False
G2 -> M,2,cosine,REACTOME_APC_CDC20_MEDIATED_DEGRADATION_OF_NEK2A,True
G2 -> M,2,cosine,REACTOME_PI3K_AKT_SIGNALING_IN_CANCER,False
G2 -> M,2,cosine,REACTOME_SEPARATION_OF_SISTER_CHROMATIDS,True
G2 -> M,2,cosine,REACTOME_CONDENSATION_OF_PROMETAPHASE_CHROMOSOMES,True
G2 -> M,2,cosine,REACTOME_MITOTIC_METAPHASE_AND_ANAPHASE,True
G2 -> M,2,cosine,REACTOME_REGULATION_OF_PLK1_ACTIVITY_AT_G2_M_TRANSITION,True
G2 -> M,2,cosine,REACTOME_SEMAPHORIN_INTERACTIONS,False
G2 -> M,2,cosine,REACTOME_L1CAM_INTERACTIONS,False
G2 -> M,2,cosine,REACTOME_RECRUITMENT_OF_NUMA_TO_MITOTIC_CENTROSOMES,True
G2 -> M,2,cosine,REACTOME_AUF1_HNRNP_D0_BINDS_AND_DESTABILIZES_MRNA,False
G2 -> M,2,cosine,REACTOME_REGULATION_OF_MRNA_STABILITY_BY_PROTEINS_THAT_BIND_AU_RICH_ELEMENTS,False
G2 -> M,2,cosine,REACTOME_MITOTIC_G2_G2_M_PHASES,True
G2 -> M,2,cosine,REACTOME_ANCHORING_OF_THE_BASAL_BODY_TO_THE_PLASMA_MEMBRANE,False
G2 -> M,2,cosine,REACTOME_RETROGRADE_TRANSPORT_AT_THE_TRANS_GOLGI_NETWORK,False
G2 -> M,2,cosine,REACTOME_INTRA_GOLGI_AND_RETROGRADE_GOLGI_TO_ER_TRAFFIC,False
G2 -> M,2,cosine,REACTOME_MITOTIC_PROMETAPHASE,True
G2 -> M,2,cosine,REACTOME_M_PHASE,True
G2 -> M,2,cosine,REACTOME_CELL_CYCLE_MITOTIC,True
G2 -> M,2,cosine,REACTOME_PLATELET_ACTIVATION_SIGNALING_AND_AGGREGATION,False
G2 -> M,2,cosine,REACTOME_RESPONSE_TO_ELEVATED_PLATELET_CYTOSOLIC_CA2,False
G2 -> M,2,cosine,REACTOME_THE_ROLE_OF_GTSE1_IN_G2_M_PROGRESSION_AFTER_G2_CHECKPOINT,True
G2 -> M,2,cosine,REACTOME_AURKA_ACTIVATION_BY_TPX2,True
G2 -> M,2,cosine,REACTOME_TRANSCRIPTIONAL_REGULATION_BY_RUNX2,False
G2 -> M,2,cosine,REACTOME_INTRACELLULAR_SIGNALING_BY_SECOND_MESSENGERS,False
G2 -> M,2,cosine,REACTOME_SIGNALING_BY_NOTCH3,False
G2 -> M,2,cosine,REACTOME_NERVOUS_SYSTEM_DEVELOPMENT,False
G2 -> M,2,default,REACTOME_HEMOSTASIS,False
G2 -> M,2,default,REACTOME_NEURONAL_SYSTEM,False
G2 -> M,2,default,REACTOME_INHIBITION_OF_THE_PROTEOLYTIC_ACTIVITY_OF_APC_C_REQUIRED_FOR_THE_ONSET_OF_ANAPHASE_BY_MITOTIC_SPINDLE_CHECKPOINT_COMPONENTS,True
G2 -> M,2,default,REACTOME_SIGNALING_BY_NOTCH,False
G2 -> M,2,default,REACTOME_CELL_CYCLE,True
G2 -> M,2,default,REACTOME_TOLL_LIKE_RECEPTOR_TLR1_TLR2_CASCADE,False
G2 -> M,2,default,REACTOME_APC_C_CDC20_MEDIATED_DEGRADATION_OF_CYCLIN_B,True
G2 -> M,2,default,REACTOME_APC_C_MEDIATED_DEGRADATION_OF_CELL_CYCLE_PROTEINS,True
G2 -> M,2,default,REACTOME_APC_C_CDH1_MEDIATED_DEGRADATION_OF_CDC20_AND_OTHER_APC_C_CDH1_TARGETED_PROTEINS_IN_LATE_MITOSIS_EARLY_G1,True
G2 -> M,2,default,REACTOME_PHOSPHORYLATION_OF_EMI1,False
G2 -> M,2,default,REACTOME_APC_CDC20_MEDIATED_DEGRADATION_OF_NEK2A,True
G2 -> M,2,default,REACTOME_P75_NTR_RECEPTOR_MEDIATED_SIGNALLING,False
G2 -> M,2,default,REACTOME_RHO_GTPASE_EFFECTORS,False
G2 -> M,2,default,REACTOME_TCR_SIGNALING,False
G2 -> M,2,default,REACTOME_FC_EPSILON_RECEPTOR_FCERI_SIGNALING,False
G2 -> M,2,default,REACTOME_SEPARATION_OF_SISTER_CHROMATIDS,True
G2 -> M,2,default,REACTOME_RESOLUTION_OF_SISTER_CHROMATID_COHESION,True
G2 -> M,2,default,REACTOME_CONDENSATION_OF_PROMETAPHASE_CHROMOSOMES,True
G2 -> M,2,default,REACTOME_MITOTIC_METAPHASE_AND_ANAPHASE,True
G2 -> M,2,default,REACTOME_REGULATION_OF_PLK1_ACTIVITY_AT_G2_M_TRANSITION,True
G2 -> M,2,default,REACTOME_ACTIVATION_OF_NIMA_KINASES_NEK9_NEK6_NEK7,False
G2 -> M,2,default,REACTOME_INITIATION_OF_NUCLEAR_ENVELOPE_NE_REFORMATION,False
G2 -> M,2,default,REACTOME_NUCLEAR_ENVELOPE_NE_REASSEMBLY,False
G2 -> M,2,default,REACTOME_HSP90_CHAPERONE_CYCLE_FOR_STEROID_HORMONE_RECEPTORS_SHR_IN_THE_PRESENCE_OF_LIGAND,False
G2 -> M,2,default,REACTOME_L1CAM_INTERACTIONS,False
G2 -> M,2,default,REACTOME_RECRUITMENT_OF_MITOTIC_CENTROSOME_PROTEINS_AND_COMPLEXES,True
G2 -> M,2,default,REACTOME_RECRUITMENT_OF_NUMA_TO_MITOTIC_CENTROSOMES,True
G2 -> M,2,default,REACTOME_ACTIVATION_OF_NMDA_RECEPTORS_AND_POSTSYNAPTIC_EVENTS,False
G2 -> M,2,default,REACTOME_INTERLEUKIN_1_FAMILY_SIGNALING,False
G2 -> M,2,default,REACTOME_AUF1_HNRNP_D0_BINDS_AND_DESTABILIZES_MRNA,False
G2 -> M,2,default,REACTOME_REGULATION_OF_MRNA_STABILITY_BY_PROTEINS_THAT_BIND_AU_RICH_ELEMENTS,False
G2 -> M,2,default,REACTOME_MITOTIC_G2_G2_M_PHASES,True
G2 -> M,2,default,REACTOME_DEGRADATION_OF_DVL,False
G2 -> M,2,default,REACTOME_HEDGEHOG_OFF_STATE,False
G2 -> M,2,default,REACTOME_CILIUM_ASSEMBLY,False
G2 -> M,2,default,REACTOME_ANCHORING_OF_THE_BASAL_BODY_TO_THE_PLASMA_MEMBRANE,False
G2 -> M,2,default,REACTOME_INTRAFLAGELLAR_TRANSPORT,False
G2 -> M,2,default,REACTOME_INFECTIOUS_DISEASE,False
G2 -> M,2,default,REACTOME_TP53_REGULATES_TRANSCRIPTION_OF_CELL_CYCLE_GENES,True
G2 -> M,2,default,REACTOME_TP53_REGULATES_TRANSCRIPTION_OF_GENES_INVOLVED_IN_G2_CELL_CYCLE_ARREST,True
G2 -> M,2,default,REACTOME_COPI_DEPENDENT_GOLGI_TO_ER_RETROGRADE_TRAFFIC,False
G2 -> M,2,default,REACTOME_INTRA_GOLGI_AND_RETROGRADE_GOLGI_TO_ER_TRAFFIC,False
G2 -> M,2,default,REACTOME_MITOTIC_PROMETAPHASE,True
G2 -> M,2,default,REACTOME_M_PHASE,True
G2 -> M,2,default,REACTOME_CYCLIN_A_B1_B2_ASSOCIATED_EVENTS_DURING_G2_M_TRANSITION,True
G2 -> M,2,default,REACTOME_CELL_CYCLE_MITOTIC,True
G2 -> M,2,default,REACTOME_MITOTIC_SPINDLE_CHECKPOINT,True
G2 -> M,2,default,REACTOME_CELL_CYCLE_CHECKPOINTS,True
G2 -> M,2,default,REACTOME_PLATELET_ACTIVATION_SIGNALING_AND_AGGREGATION,False
G2 -> M,2,default,REACTOME_RESPONSE_TO_ELEVATED_PLATELET_CYTOSOLIC_CA2,False
G2 -> M,2,default,REACTOME_THE_ROLE_OF_GTSE1_IN_G2_M_PROGRESSION_AFTER_G2_CHECKPOINT,True
G2 -> M,2,default,REACTOME_AURKA_ACTIVATION_BY_TPX2,True
G2 -> M,2,default,REACTOME_GOLGI_TO_ER_RETROGRADE_TRANSPORT,False
G2 -> M,2,default,REACTOME_TRANSCRIPTIONAL_REGULATION_BY_RUNX2,False
G2 -> M,2,default,REACTOME_REGULATION_OF_RUNX2_EXPRESSION_AND_ACTIVITY,False
G2 -> M,2,default,REACTOME_INTRACELLULAR_SIGNALING_BY_SECOND_MESSENGERS,False
G2 -> M,2,default,REACTOME_SIGNALING_BY_NOTCH3,False
G2 -> M,2,default,REACTOME_INTERLEUKIN_1_SIGNALING,False
G2 -> M,2,default,REACTOME_HCMV_EARLY_EVENTS,False
G2 -> M,2,default,REACTOME_NERVOUS_SYSTEM_DEVELOPMENT,False
G2 -> M,2,"mean(euclidean, cosine)",REACTOME_HEMOSTASIS,False
G2 -> M,2,"mean(euclidean, cosine)",REACTOME_NEURONAL_SYSTEM,False
G2 -> M,2,"mean(euclidean, cosine)",REACTOME_INHIBITION_OF_THE_PROTEOLYTIC_ACTIVITY_OF_APC_C_REQUIRED_FOR_THE_ONSET_OF_ANAPHASE_BY_MITOTIC_SPINDLE_CHECKPOINT_COMPONENTS,True
G2 -> M,2,"mean(euclidean, cosine)",REACTOME_SIGNALING_BY_NOTCH,False
G2 -> M,2,"mean(euclidean, cosine)",REACTOME_CELL_CYCLE,True
G2 -> M,2,"mean(euclidean, cosine)",REACTOME_TOLL_LIKE_RECEPTOR_TLR1_TLR2_CASCADE,False
G2 -> M,2,"mean(euclidean, cosine)",REACTOME_APC_C_CDC20_MEDIATED_DEGRADATION_OF_CYCLIN_B,True
G2 -> M,2,"mean(euclidean, cosine)",REACTOME_APC_C_MEDIATED_DEGRADATION_OF_CELL_CYCLE_PROTEINS,True
G2 -> M,2,"mean(euclidean, cosine)",REACTOME_APC_C_CDH1_MEDIATED_DEGRADATION_OF_CDC20_AND_OTHER_APC_C_CDH1_TARGETED_PROTEINS_IN_LATE_MITOSIS_EARLY_G1,True
G2 -> M,2,"mean(euclidean, cosine)",REACTOME_PHOSPHORYLATION_OF_EMI1,False
G2 -> M,2,"mean(euclidean, cosine)",REACTOME_APC_CDC20_MEDIATED_DEGRADATION_OF_NEK2A,True
G2 -> M,2,"mean(euclidean, cosine)",REACTOME_P75_NTR_RECEPTOR_MEDIATED_SIGNALLING,False
G2 -> M,2,"mean(euclidean, cosine)",REACTOME_RHO_GTPASE_EFFECTORS,False
G2 -> M,2,"mean(euclidean, cosine)",REACTOME_FC_EPSILON_RECEPTOR_FCERI_SIGNALING,False
G2 -> M,2,"mean(euclidean, cosine)",REACTOME_SEPARATION_OF_SISTER_CHROMATIDS,True
G2 -> M,2,"mean(euclidean, cosine)",REACTOME_RESOLUTION_OF_SISTER_CHROMATID_COHESION,True
G2 -> M,2,"mean(euclidean, cosine)",REACTOME_CONDENSATION_OF_PROMETAPHASE_CHROMOSOMES,True
G2 -> M,2,"mean(euclidean, cosine)",REACTOME_MITOTIC_METAPHASE_AND_ANAPHASE,True
G2 -> M,2,"mean(euclidean, cosine)",REACTOME_REGULATION_OF_PLK1_ACTIVITY_AT_G2_M_TRANSITION,True
G2 -> M,2,"mean(euclidean, cosine)",REACTOME_INITIATION_OF_NUCLEAR_ENVELOPE_NE_REFORMATION,False
G2 -> M,2,"mean(euclidean, cosine)",REACTOME_NUCLEAR_ENVELOPE_NE_REASSEMBLY,False
G2 -> M,2,"mean(euclidean, cosine)",REACTOME_HSP90_CHAPERONE_CYCLE_FOR_STEROID_HORMONE_RECEPTORS_SHR_IN_THE_PRESENCE_OF_LIGAND,False
G2 -> M,2,"mean(euclidean, cosine)",REACTOME_L1CAM_INTERACTIONS,False
G2 -> M,2,"mean(euclidean, cosine)",REACTOME_RECRUITMENT_OF_MITOTIC_CENTROSOME_PROTEINS_AND_COMPLEXES,True
G2 -> M,2,"mean(euclidean, cosine)",REACTOME_RECRUITMENT_OF_NUMA_TO_MITOTIC_CENTROSOMES,True
G2 -> M,2,"mean(euclidean, cosine)",REACTOME_ACTIVATION_OF_NMDA_RECEPTORS_AND_POSTSYNAPTIC_EVENTS,False
G2 -> M,2,"mean(euclidean, cosine)",REACTOME_INTERLEUKIN_1_FAMILY_SIGNALING,False
G2 -> M,2,"mean(euclidean, cosine)",REACTOME_AUF1_HNRNP_D0_BINDS_AND_DESTABILIZES_MRNA,False
G2 -> M,2,"mean(euclidean, cosine)",REACTOME_REGULATION_OF_MRNA_STABILITY_BY_PROTEINS_THAT_BIND_AU_RICH_ELEMENTS,False
G2 -> M,2,"mean(euclidean, cosine)",REACTOME_MITOTIC_G2_G2_M_PHASES,True
G2 -> M,2,"mean(euclidean, cosine)",REACTOME_DEGRADATION_OF_DVL,False
G2 -> M,2,"mean(euclidean, cosine)",REACTOME_CILIUM_ASSEMBLY,False
G2 -> M,2,"mean(euclidean, cosine)",REACTOME_ANCHORING_OF_THE_BASAL_BODY_TO_THE_PLASMA_MEMBRANE,False
G2 -> M,2,"mean(euclidean, cosine)",REACTOME_INFECTIOUS_DISEASE,False
G2 -> M,2,"mean(euclidean, cosine)",REACTOME_TP53_REGULATES_TRANSCRIPTION_OF_GENES_INVOLVED_IN_G2_CELL_CYCLE_ARREST,True
G2 -> M,2,"mean(euclidean, cosine)",REACTOME_COPI_DEPENDENT_GOLGI_TO_ER_RETROGRADE_TRAFFIC,False
G2 -> M,2,"mean(euclidean, cosine)",REACTOME_RETROGRADE_TRANSPORT_AT_THE_TRANS_GOLGI_NETWORK,False
G2 -> M,2,"mean(euclidean, cosine)",REACTOME_INTRA_GOLGI_AND_RETROGRADE_GOLGI_TO_ER_TRAFFIC,False
G2 -> M,2,"mean(euclidean, cosine)",REACTOME_MITOTIC_PROMETAPHASE,True
G2 -> M,2,"mean(euclidean, cosine)",REACTOME_M_PHASE,True
G2 -> M,2,"mean(euclidean, cosine)",REACTOME_CYCLIN_A_B1_B2_ASSOCIATED_EVENTS_DURING_G2_M_TRANSITION,True
G2 -> M,2,"mean(euclidean, cosine)",REACTOME_CELL_CYCLE_MITOTIC,True
G2 -> M,2,"mean(euclidean, cosine)",REACTOME_MITOTIC_SPINDLE_CHECKPOINT,True
G2 -> M,2,"mean(euclidean, cosine)",REACTOME_CELL_CYCLE_CHECKPOINTS,True
G2 -> M,2,"mean(euclidean, cosine)",REACTOME_PLATELET_ACTIVATION_SIGNALING_AND_AGGREGATION,False
G2 -> M,2,"mean(euclidean, cosine)",REACTOME_RESPONSE_TO_ELEVATED_PLATELET_CYTOSOLIC_CA2,False
G2 -> M,2,"mean(euclidean, cosine)",REACTOME_THE_ROLE_OF_GTSE1_IN_G2_M_PROGRESSION_AFTER_G2_CHECKPOINT,True
G2 -> M,2,"mean(euclidean, cosine)",REACTOME_AURKA_ACTIVATION_BY_TPX2,True
G2 -> M,2,"mean(euclidean, cosine)",REACTOME_GOLGI_TO_ER_RETROGRADE_TRANSPORT,False
G2 -> M,2,"mean(euclidean, cosine)",REACTOME_TRANSCRIPTIONAL_REGULATION_BY_RUNX2,False
G2 -> M,2,"mean(euclidean, cosine)",REACTOME_INTRACELLULAR_SIGNALING_BY_SECOND_MESSENGERS,False
G2 -> M,2,"mean(euclidean, cosine)",REACTOME_SIGNALING_BY_NOTCH3,False
G2 -> M,2,"mean(euclidean, cosine)",REACTOME_HCMV_EARLY_EVENTS,False
G2 -> M,2,"mean(euclidean, cosine)",REACTOME_NERVOUS_SYSTEM_DEVELOPMENT,False
G2 -> M,2,"max(euclidean, cosine)",REACTOME_HEMOSTASIS,False
G2 -> M,2,"max(euclidean, cosine)",REACTOME_INHIBITION_OF_THE_PROTEOLYTIC_ACTIVITY_OF_APC_C_REQUIRED_FOR_THE_ONSET_OF_ANAPHASE_BY_MITOTIC_SPINDLE_CHECKPOINT_COMPONENTS,True
G2 -> M,2,"max(euclidean, cosine)",REACTOME_POLO_LIKE_KINASE_MEDIATED_EVENTS,True
G2 -> M,2,"max(euclidean, cosine)",REACTOME_CELL_CYCLE,True
G2 -> M,2,"max(euclidean, cosine)",REACTOME_APC_C_CDC20_MEDIATED_DEGRADATION_OF_CYCLIN_B,True
G2 -> M,2,"max(euclidean, cosine)",REACTOME_APC_C_MEDIATED_DEGRADATION_OF_CELL_CYCLE_PROTEINS,True
G2 -> M,2,"max(euclidean, cosine)",REACTOME_APC_C_CDH1_MEDIATED_DEGRADATION_OF_CDC20_AND_OTHER_APC_C_CDH1_TARGETED_PROTEINS_IN_LATE_MITOSIS_EARLY_G1,True
G2 -> M,2,"max(euclidean, cosine)",REACTOME_PHOSPHORYLATION_OF_EMI1,False
G2 -> M,2,"max(euclidean, cosine)",REACTOME_APC_CDC20_MEDIATED_DEGRADATION_OF_NEK2A,True
G2 -> M,2,"max(euclidean, cosine)",REACTOME_RHO_GTPASE_EFFECTORS,False
G2 -> M,2,"max(euclidean, cosine)",REACTOME_BASIGIN_INTERACTIONS,False
G2 -> M,2,"max(euclidean, cosine)",REACTOME_SEPARATION_OF_SISTER_CHROMATIDS,True
G2 -> M,2,"max(euclidean, cosine)",REACTOME_RESOLUTION_OF_SISTER_CHROMATID_COHESION,True
G2 -> M,2,"max(euclidean, cosine)",REACTOME_CONDENSATION_OF_PROMETAPHASE_CHROMOSOMES,True
G2 -> M,2,"max(euclidean, cosine)",REACTOME_MITOTIC_METAPHASE_AND_ANAPHASE,True
G2 -> M,2,"max(euclidean, cosine)",REACTOME_REGULATION_OF_PLK1_ACTIVITY_AT_G2_M_TRANSITION,True
G2 -> M,2,"max(euclidean, cosine)",REACTOME_INITIATION_OF_NUCLEAR_ENVELOPE_NE_REFORMATION,False
G2 -> M,2,"max(euclidean, cosine)",REACTOME_NUCLEAR_ENVELOPE_NE_REASSEMBLY,False
G2 -> M,2,"max(euclidean, cosine)",REACTOME_RECRUITMENT_OF_MITOTIC_CENTROSOME_PROTEINS_AND_COMPLEXES,True
G2 -> M,2,"max(euclidean, cosine)",REACTOME_RECRUITMENT_OF_NUMA_TO_MITOTIC_CENTROSOMES,True
G2 -> M,2,"max(euclidean, cosine)",REACTOME_AUF1_HNRNP_D0_BINDS_AND_DESTABILIZES_MRNA,False
G2 -> M,2,"max(euclidean, cosine)",REACTOME_REGULATION_OF_MRNA_STABILITY_BY_PROTEINS_THAT_BIND_AU_RICH_ELEMENTS,False
G2 -> M,2,"max(euclidean, cosine)",REACTOME_MITOTIC_G2_G2_M_PHASES,True
G2 -> M,2,"max(euclidean, cosine)",REACTOME_ANCHORING_OF_THE_BASAL_BODY_TO_THE_PLASMA_MEMBRANE,False
G2 -> M,2,"max(euclidean, cosine)",REACTOME_RHO_GTPASES_ACTIVATE_FORMINS,False
G2 -> M,2,"max(euclidean, cosine)",REACTOME_TP53_REGULATES_TRANSCRIPTION_OF_GENES_INVOLVED_IN_G2_CELL_CYCLE_ARREST,True
G2 -> M,2,"max(euclidean, cosine)",REACTOME_MITOTIC_PROMETAPHASE,True
G2 -> M,2,"max(euclidean, cosine)",REACTOME_M_PHASE,True
G2 -> M,2,"max(euclidean, cosine)",REACTOME_CYCLIN_A_B1_B2_ASSOCIATED_EVENTS_DURING_G2_M_TRANSITION,True
G2 -> M,2,"max(euclidean, cosine)",REACTOME_CELL_CYCLE_MITOTIC,True
G2 -> M,2,"max(euclidean, cosine)",REACTOME_MITOTIC_SPINDLE_CHECKPOINT,True
G2 -> M,2,"max(euclidean, cosine)",REACTOME_CELL_CYCLE_CHECKPOINTS,True
G2 -> M,2,"max(euclidean, cosine)",REACTOME_RESPONSE_TO_ELEVATED_PLATELET_CYTOSOLIC_CA2,False
G2 -> M,2,"max(euclidean, cosine)",REACTOME_THE_ROLE_OF_GTSE1_IN_G2_M_PROGRESSION_AFTER_G2_CHECKPOINT,True
G2 -> M,2,"max(euclidean, cosine)",REACTOME_AURKA_ACTIVATION_BY_TPX2,True
G2 -> M,2,"max(euclidean, cosine)",REACTOME_SIGNALING_BY_NOTCH3,False
G2 -> M,2,"max(euclidean, cosine)",REACTOME_HCMV_INFECTION,False
G2 -> M,2,"max(euclidean, cosine)",REACTOME_HCMV_EARLY_EVENTS,False
G2 -> M,2,"min(euclidean, cosine)",REACTOME_TRANSMISSION_ACROSS_CHEMICAL_SYNAPSES,False
G2 -> M,2,"min(euclidean, cosine)",REACTOME_NEURONAL_SYSTEM,False
G2 -> M,2,"min(euclidean, cosine)",REACTOME_INHIBITION_OF_THE_PROTEOLYTIC_ACTIVITY_OF_APC_C_REQUIRED_FOR_THE_ONSET_OF_ANAPHASE_BY_MITOTIC_SPINDLE_CHECKPOINT_COMPONENTS,True
G2 -> M,2,"min(euclidean, cosine)",REACTOME_SIGNALING_BY_NOTCH,False
G2 -> M,2,"min(euclidean, cosine)",REACTOME_CELL_CYCLE,True
G2 -> M,2,"min(euclidean, cosine)",REACTOME_APC_C_CDC20_MEDIATED_DEGRADATION_OF_CYCLIN_B,True
G2 -> M,2,"min(euclidean, cosine)",REACTOME_APC_C_MEDIATED_DEGRADATION_OF_CELL_CYCLE_PROTEINS,True
G2 -> M,2,"min(euclidean, cosine)",REACTOME_APC_C_CDH1_MEDIATED_DEGRADATION_OF_CDC20_AND_OTHER_APC_C_CDH1_TARGETED_PROTEINS_IN_LATE_MITOSIS_EARLY_G1,True
G2 -> M,2,"min(euclidean, cosine)",REACTOME_PHOSPHORYLATION_OF_EMI1,False
G2 -> M,2,"min(euclidean, cosine)",REACTOME_APC_CDC20_MEDIATED_DEGRADATION_OF_NEK2A,True
G2 -> M,2,"min(euclidean, cosine)",REACTOME_P75_NTR_RECEPTOR_MEDIATED_SIGNALLING,False
G2 -> M,2,"min(euclidean, cosine)",REACTOME_TCR_SIGNALING,False
G2 -> M,2,"min(euclidean, cosine)",REACTOME_FC_EPSILON_RECEPTOR_FCERI_SIGNALING,False
G2 -> M,2,"min(euclidean, cosine)",REACTOME_SEPARATION_OF_SISTER_CHROMATIDS,True
G2 -> M,2,"min(euclidean, cosine)",REACTOME_RESOLUTION_OF_SISTER_CHROMATID_COHESION,True
G2 -> M,2,"min(euclidean, cosine)",REACTOME_CONDENSATION_OF_PROMETAPHASE_CHROMOSOMES,True
G2 -> M,2,"min(euclidean, cosine)",REACTOME_MITOTIC_METAPHASE_AND_ANAPHASE,True
G2 -> M,2,"min(euclidean, cosine)",REACTOME_REGULATION_OF_PLK1_ACTIVITY_AT_G2_M_TRANSITION,True
G2 -> M,2,"min(euclidean, cosine)",REACTOME_NUCLEAR_ENVELOPE_NE_REASSEMBLY,False
G2 -> M,2,"min(euclidean, cosine)",REACTOME_L1CAM_INTERACTIONS,False
G2 -> M,2,"min(euclidean, cosine)",REACTOME_RECRUITMENT_OF_NUMA_TO_MITOTIC_CENTROSOMES,True
G2 -> M,2,"min(euclidean, cosine)",REACTOME_INTERLEUKIN_1_FAMILY_SIGNALING,False
G2 -> M,2,"min(euclidean, cosine)",REACTOME_AUF1_HNRNP_D0_BINDS_AND_DESTABILIZES_MRNA,False
G2 -> M,2,"min(euclidean, cosine)",REACTOME_REGULATION_OF_MRNA_STABILITY_BY_PROTEINS_THAT_BIND_AU_RICH_ELEMENTS,False
G2 -> M,2,"min(euclidean, cosine)",REACTOME_MITOTIC_G2_G2_M_PHASES,True
G2 -> M,2,"min(euclidean, cosine)",REACTOME_DEGRADATION_OF_DVL,False
G2 -> M,2,"min(euclidean, cosine)",REACTOME_HEDGEHOG_OFF_STATE,False
G2 -> M,2,"min(euclidean, cosine)",REACTOME_INFECTIOUS_DISEASE,False
G2 -> M,2,"min(euclidean, cosine)",REACTOME_INTRA_GOLGI_AND_RETROGRADE_GOLGI_TO_ER_TRAFFIC,False
G2 -> M,2,"min(euclidean, cosine)",REACTOME_MITOTIC_PROMETAPHASE,True
G2 -> M,2,"min(euclidean, cosine)",REACTOME_M_PHASE,True
G2 -> M,2,"min(euclidean, cosine)",REACTOME_CELL_CYCLE_MITOTIC,True
G2 -> M,2,"min(euclidean, cosine)",REACTOME_PLATELET_ACTIVATION_SIGNALING_AND_AGGREGATION,False
G2 -> M,2,"min(euclidean, cosine)",REACTOME_RESPONSE_TO_ELEVATED_PLATELET_CYTOSOLIC_CA2,False
G2 -> M,2,"min(euclidean, cosine)",REACTOME_THE_ROLE_OF_GTSE1_IN_G2_M_PROGRESSION_AFTER_G2_CHECKPOINT,True
G2 -> M,2,"min(euclidean, cosine)",REACTOME_TRANSCRIPTIONAL_REGULATION_BY_RUNX2,False
G2 -> M,2,"min(euclidean, cosine)",REACTOME_REGULATION_OF_RUNX2_EXPRESSION_AND_ACTIVITY,False
G2 -> M,2,"min(euclidean, cosine)",REACTOME_SIGNALING_BY_NOTCH4,False
G2 -> M,2,"min(euclidean, cosine)",REACTOME_INTERLEUKIN_1_SIGNALING,False
G2 -> M,2,"min(euclidean, cosine)",REACTOME_NERVOUS_SYSTEM_DEVELOPMENT,False
G2 -> M,2,"min(euclidean, cosine)",REACTOME_REGULATION_OF_HMOX1_EXPRESSION_AND_ACTIVITY,False
G2 -> M,2,"min(cosine, radial)",REACTOME_INHIBITION_OF_THE_PROTEOLYTIC_ACTIVITY_OF_APC_C_REQUIRED_FOR_THE_ONSET_OF_ANAPHASE_BY_MITOTIC_SPINDLE_CHECKPOINT_COMPONENTS,True
G2 -> M,2,"min(cosine, radial)",REACTOME_SIGNALING_BY_NOTCH,False
G2 -> M,2,"min(cosine, radial)",REACTOME_APC_C_CDC20_MEDIATED_DEGRADATION_OF_CYCLIN_B,True
G2 -> M,2,"min(cosine, radial)",REACTOME_APC_C_MEDIATED_DEGRADATION_OF_CELL_CYCLE_PROTEINS,True
G2 -> M,2,"min(cosine, radial)",REACTOME_APC_C_CDH1_MEDIATED_DEGRADATION_OF_CDC20_AND_OTHER_APC_C_CDH1_TARGETED_PROTEINS_IN_LATE_MITOSIS_EARLY_G1,True
G2 -> M,2,"min(cosine, radial)",REACTOME_APC_CDC20_MEDIATED_DEGRADATION_OF_NEK2A,True
G2 -> M,2,"min(cosine, radial)",REACTOME_P75_NTR_RECEPTOR_MEDIATED_SIGNALLING,False
G2 -> M,2,"min(cosine, radial)",REACTOME_CELL_DEATH_SIGNALLING_VIA_NRAGE_NRIF_AND_NADE,False
G2 -> M,2,"min(cosine, radial)",REACTOME_SEPARATION_OF_SISTER_CHROMATIDS,True
G2 -> M,2,"min(cosine, radial)",REACTOME_CONDENSATION_OF_PROMETAPHASE_CHROMOSOMES,True
G2 -> M,2,"min(cosine, radial)",REACTOME_MITOTIC_METAPHASE_AND_ANAPHASE,True
G2 -> M,2,"min(cosine, radial)",REACTOME_SENESCENCE_ASSOCIATED_SECRETORY_PHENOTYPE_SASP,False
G2 -> M,2,"min(cosine, radial)",REACTOME_AUF1_HNRNP_D0_BINDS_AND_DESTABILIZES_MRNA,False
G2 -> M,2,"min(cosine, radial)",REACTOME_REGULATION_OF_MRNA_STABILITY_BY_PROTEINS_THAT_BIND_AU_RICH_ELEMENTS,False
G2 -> M,2,"min(cosine, radial)",REACTOME_INFECTIOUS_DISEASE,False
G2 -> M,2,"min(cosine, radial)",REACTOME_M_PHASE,True
G2 -> M,2,"min(cosine, radial)",REACTOME_SWITCHING_OF_ORIGINS_TO_A_POST_REPLICATIVE_STATE,False
G2 -> M,2,"min(cosine, radial)",REACTOME_CELL_CYCLE_MITOTIC,True
G2 -> M,2,"min(cosine, radial)",REACTOME_THE_ROLE_OF_GTSE1_IN_G2_M_PROGRESSION_AFTER_G2_CHECKPOINT,True
G2 -> M,2,"min(cosine, radial)",REACTOME_TRANSCRIPTIONAL_REGULATION_BY_RUNX2,False
G2 -> M,2,"min(cosine, radial)",REACTOME_REGULATION_OF_RUNX2_EXPRESSION_AND_ACTIVITY,False
G2 -> M,2,"min(cosine, radial)",REACTOME_REGULATION_OF_HMOX1_EXPRESSION_AND_ACTIVITY,False
