scenario,samples,rep,ranking,truth,auroc,called,total
"mixed (5% switch, 5% hub, 5% both)",150,0,"default (euclidean + cosine, 4-24)",switch,0.9822588235294117,29.0,50
"mixed (5% switch, 5% hub, 5% both)",150,0,"default (euclidean + cosine, 4-24)",hub,0.9507294117647059,0.0,50
"mixed (5% switch, 5% hub, 5% both)",150,0,"default (euclidean + cosine, 4-24)",both,0.9985411764705883,50.0,50
"mixed (5% switch, 5% hub, 5% both)",150,0,"default (euclidean + cosine, 4-24)",both vs all others,0.9752,,50
"mixed (5% switch, 5% hub, 5% both)",150,0,"default (euclidean + cosine, 4-24)",none (false calls),,3.0,850
"mixed (5% switch, 5% hub, 5% both)",150,0,"cosine, 4-24",switch,0.9984941176470589,50.0,50
"mixed (5% switch, 5% hub, 5% both)",150,0,"cosine, 4-24",hub,0.7522117647058824,0.0,50
"mixed (5% switch, 5% hub, 5% both)",150,0,"cosine, 4-24",both,0.9999294117647058,50.0,50
"mixed (5% switch, 5% hub, 5% both)",150,0,"cosine, 4-24",both vs all others,0.9732421052631579,,50
"mixed (5% switch, 5% hub, 5% both)",150,0,"cosine, 4-24",none (false calls),,12.0,850
"mixed (5% switch, 5% hub, 5% both)",150,0,"radial, 4-24",switch,0.5311294117647058,0.0,50
"mixed (5% switch, 5% hub, 5% both)",150,0,"radial, 4-24",hub,0.9973882352941177,0.0,50
"mixed (5% switch, 5% hub, 5% both)",150,0,"radial, 4-24",both,0.9956,0.0,50
"mixed (5% switch, 5% hub, 5% both)",150,0,"radial, 4-24",both vs all others,0.9662105263157895,,50
"mixed (5% switch, 5% hub, 5% both)",150,0,"radial, 4-24",none (false calls),,0.0,850
"mixed (5% switch, 5% hub, 5% both)",150,0,"euclidean, 4-24",switch,0.8512470588235294,0.0,50
"mixed (5% switch, 5% hub, 5% both)",150,0,"euclidean, 4-24",hub,0.983035294117647,0.0,50
"mixed (5% switch, 5% hub, 5% both)",150,0,"euclidean, 4-24",both,0.9871294117647059,0.0,50
"mixed (5% switch, 5% hub, 5% both)",150,0,"euclidean, 4-24",both vs all others,0.9625684210526316,,50
"mixed (5% switch, 5% hub, 5% both)",150,0,"euclidean, 4-24",none (false calls),,0.0,850
"mixed (5% switch, 5% hub, 5% both)",150,0,"radial + cosine, 4-24",switch,0.9667058823529412,8.0,50
"mixed (5% switch, 5% hub, 5% both)",150,0,"radial + cosine, 4-24",hub,0.9726117647058824,0.0,50
"mixed (5% switch, 5% hub, 5% both)",150,0,"radial + cosine, 4-24",both,0.9998588235294118,50.0,50
"mixed (5% switch, 5% hub, 5% both)",150,0,"radial + cosine, 4-24",both vs all others,0.9978526315789473,,50
"mixed (5% switch, 5% hub, 5% both)",150,0,"radial + cosine, 4-24",none (false calls),,2.0,850
"mixed (5% switch, 5% hub, 5% both)",150,0,"cosine, d=8 (true rank)",switch,0.999835294117647,28.0,50
"mixed (5% switch, 5% hub, 5% both)",150,0,"cosine, d=8 (true rank)",hub,0.9187529411764706,1.0,50
"mixed (5% switch, 5% hub, 5% both)",150,0,"cosine, d=8 (true rank)",both,1.0,50.0,50
"mixed (5% switch, 5% hub, 5% both)",150,0,"cosine, d=8 (true rank)",both vs all others,0.9830315789473684,,50
"mixed (5% switch, 5% hub, 5% both)",150,0,"cosine, d=8 (true rank)",none (false calls),,0.0,850
"mixed (5% switch, 5% hub, 5% both)",150,0,"radial, d=8 (true rank)",switch,0.47538823529411767,0.0,50
"mixed (5% switch, 5% hub, 5% both)",150,0,"radial, d=8 (true rank)",hub,0.99,0.0,50
"mixed (5% switch, 5% hub, 5% both)",150,0,"radial, d=8 (true rank)",both,0.9901411764705882,0.0,50
"mixed (5% switch, 5% hub, 5% both)",150,0,"radial, d=8 (true rank)",both vs all others,0.9626526315789473,,50
"mixed (5% switch, 5% hub, 5% both)",150,0,"radial, d=8 (true rank)",none (false calls),,0.0,850
"mixed (5% switch, 5% hub, 5% both)",150,0,degree difference,switch,0.6140941176470588,0.0,50
"mixed (5% switch, 5% hub, 5% both)",150,0,degree difference,hub,0.9999764705882352,0.0,50
"mixed (5% switch, 5% hub, 5% both)",150,0,degree difference,both,0.9984705882352941,0.0,50
"mixed (5% switch, 5% hub, 5% both)",150,0,degree difference,both vs all others,0.9661684210526316,,50
"mixed (5% switch, 5% hub, 5% both)",150,0,degree difference,none (false calls),,0.0,850
"mixed (5% switch, 5% hub, 5% both)",150,0,"overlap: min(cosine, radial)",switch,0.6638352941176471,0.0,50
"mixed (5% switch, 5% hub, 5% both)",150,0,"overlap: min(cosine, radial)",hub,0.8696,0.0,50
"mixed (5% switch, 5% hub, 5% both)",150,0,"overlap: min(cosine, radial)",both,0.9972705882352941,0.0,50
"mixed (5% switch, 5% hub, 5% both)",150,0,"overlap: min(cosine, radial)",both vs all others,0.9963368421052632,,50
"mixed (5% switch, 5% hub, 5% both)",150,0,"overlap: min(cosine, radial)",none (false calls),,0.0,850
"mixed (5% switch, 5% hub, 5% both)",150,0,"max(euclidean, cosine)",switch,0.9983058823529412,50.0,50
"mixed (5% switch, 5% hub, 5% both)",150,0,"max(euclidean, cosine)",hub,0.963835294117647,0.0,50
"mixed (5% switch, 5% hub, 5% both)",150,0,"max(euclidean, cosine)",both,0.9999058823529412,50.0,50
"mixed (5% switch, 5% hub, 5% both)",150,0,"max(euclidean, cosine)",both vs all others,0.973221052631579,,50
"mixed (5% switch, 5% hub, 5% both)",150,0,"max(euclidean, cosine)",none (false calls),,15.0,850
"mixed (5% switch, 5% hub, 5% both)",150,0,"min(euclidean, cosine)",switch,0.8984,0.0,50
"mixed (5% switch, 5% hub, 5% both)",150,0,"min(euclidean, cosine)",hub,0.8384470588235294,0.0,50
"mixed (5% switch, 5% hub, 5% both)",150,0,"min(euclidean, cosine)",both,0.9955764705882353,0.0,50
"mixed (5% switch, 5% hub, 5% both)",150,0,"min(euclidean, cosine)",both vs all others,0.9861263157894737,,50
"mixed (5% switch, 5% hub, 5% both)",150,0,"min(euclidean, cosine)",none (false calls),,0.0,850
"mixed (5% switch, 5% hub, 5% both)",150,1,"default (euclidean + cosine, 4-24)",switch,0.9615529411764706,0.0,50
"mixed (5% switch, 5% hub, 5% both)",150,1,"default (euclidean + cosine, 4-24)",hub,0.9206823529411765,0.0,50
"mixed (5% switch, 5% hub, 5% both)",150,1,"default (euclidean + cosine, 4-24)",both,0.9963058823529412,0.0,50
"mixed (5% switch, 5% hub, 5% both)",150,1,"default (euclidean + cosine, 4-24)",both vs all others,0.9779368421052631,,50
"mixed (5% switch, 5% hub, 5% both)",150,1,"default (euclidean + cosine, 4-24)",none (false calls),,0.0,850
"mixed (5% switch, 5% hub, 5% both)",150,1,"cosine, 4-24",switch,0.9952470588235294,19.0,50
"mixed (5% switch, 5% hub, 5% both)",150,1,"cosine, 4-24",hub,0.7283058823529411,0.0,50
"mixed (5% switch, 5% hub, 5% both)",150,1,"cosine, 4-24",both,0.999035294117647,8.0,50
"mixed (5% switch, 5% hub, 5% both)",150,1,"cosine, 4-24",both vs all others,0.9779368421052631,,50
"mixed (5% switch, 5% hub, 5% both)",150,1,"cosine, 4-24",none (false calls),,0.0,850
"mixed (5% switch, 5% hub, 5% both)",150,1,"radial, 4-24",switch,0.5286352941176471,0.0,50
"mixed (5% switch, 5% hub, 5% both)",150,1,"radial, 4-24",hub,0.9982117647058824,0.0,50
"mixed (5% switch, 5% hub, 5% both)",150,1,"radial, 4-24",both,0.9966352941176471,0.0,50
"mixed (5% switch, 5% hub, 5% both)",150,1,"radial, 4-24",both vs all others,0.9663157894736842,,50
"mixed (5% switch, 5% hub, 5% both)",150,1,"radial, 4-24",none (false calls),,0.0,850
"mixed (5% switch, 5% hub, 5% both)",150,1,"euclidean, 4-24",switch,0.8035058823529412,0.0,50
"mixed (5% switch, 5% hub, 5% both)",150,1,"euclidean, 4-24",hub,0.9767294117647058,0.0,50
"mixed (5% switch, 5% hub, 5% both)",150,1,"euclidean, 4-24",both,0.9827529411764706,0.0,50
"mixed (5% switch, 5% hub, 5% both)",150,1,"euclidean, 4-24",both vs all others,0.9663157894736842,,50
"mixed (5% switch, 5% hub, 5% both)",150,1,"euclidean, 4-24",none (false calls),,0.0,850
"mixed (5% switch, 5% hub, 5% both)",150,1,"radial + cosine, 4-24",switch,0.9331294117647059,0.0,50
"mixed (5% switch, 5% hub, 5% both)",150,1,"radial + cosine, 4-24",hub,0.9642117647058823,0.0,50
"mixed (5% switch, 5% hub, 5% both)",150,1,"radial + cosine, 4-24",both,0.9993411764705883,0.0,50
"mixed (5% switch, 5% hub, 5% both)",150,1,"radial + cosine, 4-24",both vs all others,0.9979789473684211,,50
"mixed (5% switch, 5% hub, 5% both)",150,1,"radial + cosine, 4-24",none (false calls),,0.0,850
"mixed (5% switch, 5% hub, 5% both)",150,1,"cosine, d=8 (true rank)",switch,0.9996705882352941,41.0,50
"mixed (5% switch, 5% hub, 5% both)",150,1,"cosine, d=8 (true rank)",hub,0.9077647058823529,9.0,50
"mixed (5% switch, 5% hub, 5% both)",150,1,"cosine, d=8 (true rank)",both,1.0,50.0,50
"mixed (5% switch, 5% hub, 5% both)",150,1,"cosine, d=8 (true rank)",both vs all others,0.9810526315789474,,50
"mixed (5% switch, 5% hub, 5% both)",150,1,"cosine, d=8 (true rank)",none (false calls),,1.0,850
"mixed (5% switch, 5% hub, 5% both)",150,1,"radial, d=8 (true rank)",switch,0.4852705882352941,0.0,50
"mixed (5% switch, 5% hub, 5% both)",150,1,"radial, d=8 (true rank)",hub,0.9848941176470588,0.0,50
"mixed (5% switch, 5% hub, 5% both)",150,1,"radial, d=8 (true rank)",both,0.9829176470588236,0.0,50
"mixed (5% switch, 5% hub, 5% both)",150,1,"radial, d=8 (true rank)",both vs all others,0.9555368421052631,,50
"mixed (5% switch, 5% hub, 5% both)",150,1,"radial, d=8 (true rank)",none (false calls),,0.0,850
"mixed (5% switch, 5% hub, 5% both)",150,1,degree difference,switch,0.6742823529411764,0.0,50
"mixed (5% switch, 5% hub, 5% both)",150,1,degree difference,hub,0.9995529411764705,0.0,50
"mixed (5% switch, 5% hub, 5% both)",150,1,degree difference,both,0.9995294117647059,0.0,50
"mixed (5% switch, 5% hub, 5% both)",150,1,degree difference,both vs all others,0.9710105263157894,,50
"mixed (5% switch, 5% hub, 5% both)",150,1,degree difference,none (false calls),,0.0,850
"mixed (5% switch, 5% hub, 5% both)",150,1,"overlap: min(cosine, radial)",switch,0.700635294117647,0.0,50
"mixed (5% switch, 5% hub, 5% both)",150,1,"overlap: min(cosine, radial)",hub,0.8359529411764706,0.0,50
"mixed (5% switch, 5% hub, 5% both)",150,1,"overlap: min(cosine, radial)",both,0.9984705882352941,0.0,50
"mixed (5% switch, 5% hub, 5% both)",150,1,"overlap: min(cosine, radial)",both vs all others,0.9985894736842105,,50
"mixed (5% switch, 5% hub, 5% both)",150,1,"overlap: min(cosine, radial)",none (false calls),,0.0,850
"mixed (5% switch, 5% hub, 5% both)",150,1,"max(euclidean, cosine)",switch,0.9887529411764706,19.0,50
"mixed (5% switch, 5% hub, 5% both)",150,1,"max(euclidean, cosine)",hub,0.9694117647058823,0.0,50
"mixed (5% switch, 5% hub, 5% both)",150,1,"max(euclidean, cosine)",both,0.9968235294117647,11.0,50
"mixed (5% switch, 5% hub, 5% both)",150,1,"max(euclidean, cosine)",both vs all others,0.9759157894736842,,50
"mixed (5% switch, 5% hub, 5% both)",150,1,"max(euclidean, cosine)",none (false calls),,2.0,850
"mixed (5% switch, 5% hub, 5% both)",150,1,"min(euclidean, cosine)",switch,0.8732470588235294,0.0,50
"mixed (5% switch, 5% hub, 5% both)",150,1,"min(euclidean, cosine)",hub,0.7905411764705882,0.0,50
"mixed (5% switch, 5% hub, 5% both)",150,1,"min(euclidean, cosine)",both,0.9964235294117647,0.0,50
"mixed (5% switch, 5% hub, 5% both)",150,1,"min(euclidean, cosine)",both vs all others,0.9945473684210526,,50
"mixed (5% switch, 5% hub, 5% both)",150,1,"min(euclidean, cosine)",none (false calls),,0.0,850
"mixed (5% switch, 5% hub, 5% both)",150,2,"default (euclidean + cosine, 4-24)",switch,0.9852705882352941,28.0,50
"mixed (5% switch, 5% hub, 5% both)",150,2,"default (euclidean + cosine, 4-24)",hub,0.9452,0.0,50
"mixed (5% switch, 5% hub, 5% both)",150,2,"default (euclidean + cosine, 4-24)",both,0.9972941176470588,49.0,50
"mixed (5% switch, 5% hub, 5% both)",150,2,"default (euclidean + cosine, 4-24)",both vs all others,0.9782526315789474,,50
"mixed (5% switch, 5% hub, 5% both)",150,2,"default (euclidean + cosine, 4-24)",none (false calls),,6.0,850
"mixed (5% switch, 5% hub, 5% both)",150,2,"cosine, 4-24",switch,0.9965647058823529,49.0,50
"mixed (5% switch, 5% hub, 5% both)",150,2,"cosine, 4-24",hub,0.7627529411764706,1.0,50
"mixed (5% switch, 5% hub, 5% both)",150,2,"cosine, 4-24",both,0.9988470588235294,50.0,50
"mixed (5% switch, 5% hub, 5% both)",150,2,"cosine, 4-24",both vs all others,0.9788842105263158,,50
"mixed (5% switch, 5% hub, 5% both)",150,2,"cosine, 4-24",none (false calls),,13.0,850
"mixed (5% switch, 5% hub, 5% both)",150,2,"radial, 4-24",switch,0.5427294117647059,0.0,50
"mixed (5% switch, 5% hub, 5% both)",150,2,"radial, 4-24",hub,0.9983529411764706,0.0,50
"mixed (5% switch, 5% hub, 5% both)",150,2,"radial, 4-24",both,0.9948470588235294,0.0,50
"mixed (5% switch, 5% hub, 5% both)",150,2,"radial, 4-24",both vs all others,0.9661263157894737,,50
"mixed (5% switch, 5% hub, 5% both)",150,2,"radial, 4-24",none (false calls),,0.0,850
"mixed (5% switch, 5% hub, 5% both)",150,2,"euclidean, 4-24",switch,0.895364705882353,0.0,50
"mixed (5% switch, 5% hub, 5% both)",150,2,"euclidean, 4-24",hub,0.9834117647058823,0.0,50
"mixed (5% switch, 5% hub, 5% both)",150,2,"euclidean, 4-24",both,0.9849882352941176,0.0,50
"mixed (5% switch, 5% hub, 5% both)",150,2,"euclidean, 4-24",both vs all others,0.9544,,50
"mixed (5% switch, 5% hub, 5% both)",150,2,"euclidean, 4-24",none (false calls),,1.0,850
"mixed (5% switch, 5% hub, 5% both)",150,2,"radial + cosine, 4-24",switch,0.9413176470588235,4.0,50
"mixed (5% switch, 5% hub, 5% both)",150,2,"radial + cosine, 4-24",hub,0.9670823529411765,0.0,50
"mixed (5% switch, 5% hub, 5% both)",150,2,"radial + cosine, 4-24",both,0.9998117647058824,45.0,50
"mixed (5% switch, 5% hub, 5% both)",150,2,"radial + cosine, 4-24",both vs all others,0.9970947368421053,,50
"mixed (5% switch, 5% hub, 5% both)",150,2,"radial + cosine, 4-24",none (false calls),,1.0,850
"mixed (5% switch, 5% hub, 5% both)",150,2,"cosine, d=8 (true rank)",switch,0.9994352941176471,16.0,50
"mixed (5% switch, 5% hub, 5% both)",150,2,"cosine, d=8 (true rank)",hub,0.8957176470588235,3.0,50
"mixed (5% switch, 5% hub, 5% both)",150,2,"cosine, d=8 (true rank)",both,1.0,50.0,50
"mixed (5% switch, 5% hub, 5% both)",150,2,"cosine, d=8 (true rank)",both vs all others,0.9873473684210526,,50
"mixed (5% switch, 5% hub, 5% both)",150,2,"cosine, d=8 (true rank)",none (false calls),,0.0,850
"mixed (5% switch, 5% hub, 5% both)",150,2,"radial, d=8 (true rank)",switch,0.5266117647058823,0.0,50
"mixed (5% switch, 5% hub, 5% both)",150,2,"radial, d=8 (true rank)",hub,0.9786588235294118,0.0,50
"mixed (5% switch, 5% hub, 5% both)",150,2,"radial, d=8 (true rank)",both,0.9727529411764706,0.0,50
"mixed (5% switch, 5% hub, 5% both)",150,2,"radial, d=8 (true rank)",both vs all others,0.9412,,50
"mixed (5% switch, 5% hub, 5% both)",150,2,"radial, d=8 (true rank)",none (false calls),,0.0,850
"mixed (5% switch, 5% hub, 5% both)",150,2,degree difference,switch,0.5390117647058823,0.0,50
"mixed (5% switch, 5% hub, 5% both)",150,2,degree difference,hub,0.9999764705882352,0.0,50
"mixed (5% switch, 5% hub, 5% both)",150,2,degree difference,both,0.9968235294117647,0.0,50
"mixed (5% switch, 5% hub, 5% both)",150,2,degree difference,both vs all others,0.9688631578947369,,50
"mixed (5% switch, 5% hub, 5% both)",150,2,degree difference,none (false calls),,0.0,850
"mixed (5% switch, 5% hub, 5% both)",150,2,"overlap: min(cosine, radial)",switch,0.664564705882353,0.0,50
"mixed (5% switch, 5% hub, 5% both)",150,2,"overlap: min(cosine, radial)",hub,0.8654352941176471,0.0,50
"mixed (5% switch, 5% hub, 5% both)",150,2,"overlap: min(cosine, radial)",both,0.9976941176470588,0.0,50
"mixed (5% switch, 5% hub, 5% both)",150,2,"overlap: min(cosine, radial)",both vs all others,0.9926736842105263,,50
"mixed (5% switch, 5% hub, 5% both)",150,2,"overlap: min(cosine, radial)",none (false calls),,0.0,850
"mixed (5% switch, 5% hub, 5% both)",150,2,"max(euclidean, cosine)",switch,0.9959529411764706,49.0,50
"mixed (5% switch, 5% hub, 5% both)",150,2,"max(euclidean, cosine)",hub,0.9638117647058824,2.0,50
"mixed (5% switch, 5% hub, 5% both)",150,2,"max(euclidean, cosine)",both,0.9988,50.0,50
"mixed (5% switch, 5% hub, 5% both)",150,2,"max(euclidean, cosine)",both vs all others,0.9788421052631578,,50
"mixed (5% switch, 5% hub, 5% both)",150,2,"max(euclidean, cosine)",none (false calls),,16.0,850
"mixed (5% switch, 5% hub, 5% both)",150,2,"min(euclidean, cosine)",switch,0.9399294117647059,0.0,50
"mixed (5% switch, 5% hub, 5% both)",150,2,"min(euclidean, cosine)",hub,0.842635294117647,0.0,50
"mixed (5% switch, 5% hub, 5% both)",150,2,"min(euclidean, cosine)",both,0.9909882352941176,0.0,50
"mixed (5% switch, 5% hub, 5% both)",150,2,"min(euclidean, cosine)",both vs all others,0.9798947368421053,,50
"mixed (5% switch, 5% hub, 5% both)",150,2,"min(euclidean, cosine)",none (false calls),,1.0,850
"mixed (5% switch, 5% hub, 5% both)",150,3,"default (euclidean + cosine, 4-24)",switch,0.9770588235294118,24.0,50
"mixed (5% switch, 5% hub, 5% both)",150,3,"default (euclidean + cosine, 4-24)",hub,0.9363529411764706,0.0,50
"mixed (5% switch, 5% hub, 5% both)",150,3,"default (euclidean + cosine, 4-24)",both,0.9974352941176471,47.0,50
"mixed (5% switch, 5% hub, 5% both)",150,3,"default (euclidean + cosine, 4-24)",both vs all others,0.9828842105263158,,50
"mixed (5% switch, 5% hub, 5% both)",150,3,"default (euclidean + cosine, 4-24)",none (false calls),,2.0,850
"mixed (5% switch, 5% hub, 5% both)",150,3,"cosine, 4-24",switch,0.9961882352941176,44.0,50
"mixed (5% switch, 5% hub, 5% both)",150,3,"cosine, 4-24",hub,0.7524,0.0,50
"mixed (5% switch, 5% hub, 5% both)",150,3,"cosine, 4-24",both,0.9983058823529412,50.0,50
"mixed (5% switch, 5% hub, 5% both)",150,3,"cosine, 4-24",both vs all others,0.9757052631578947,,50
"mixed (5% switch, 5% hub, 5% both)",150,3,"cosine, 4-24",none (false calls),,5.0,850
"mixed (5% switch, 5% hub, 5% both)",150,3,"radial, 4-24",switch,0.5899764705882353,0.0,50
"mixed (5% switch, 5% hub, 5% both)",150,3,"radial, 4-24",hub,0.9906352941176471,0.0,50
"mixed (5% switch, 5% hub, 5% both)",150,3,"radial, 4-24",both,0.9873882352941177,0.0,50
"mixed (5% switch, 5% hub, 5% both)",150,3,"radial, 4-24",both vs all others,0.9607368421052631,,50
"mixed (5% switch, 5% hub, 5% both)",150,3,"radial, 4-24",none (false calls),,0.0,850
"mixed (5% switch, 5% hub, 5% both)",150,3,"euclidean, 4-24",switch,0.8748,0.0,50
"mixed (5% switch, 5% hub, 5% both)",150,3,"euclidean, 4-24",hub,0.9783294117647059,0.0,50
"mixed (5% switch, 5% hub, 5% both)",150,3,"euclidean, 4-24",both,0.9824470588235295,0.0,50
"mixed (5% switch, 5% hub, 5% both)",150,3,"euclidean, 4-24",both vs all others,0.9510947368421052,,50
"mixed (5% switch, 5% hub, 5% both)",150,3,"euclidean, 4-24",none (false calls),,0.0,850
"mixed (5% switch, 5% hub, 5% both)",150,3,"radial + cosine, 4-24",switch,0.9505882352941176,0.0,50
"mixed (5% switch, 5% hub, 5% both)",150,3,"radial + cosine, 4-24",hub,0.9525176470588236,0.0,50
"mixed (5% switch, 5% hub, 5% both)",150,3,"radial + cosine, 4-24",both,0.9995764705882353,0.0,50
"mixed (5% switch, 5% hub, 5% both)",150,3,"radial + cosine, 4-24",both vs all others,0.9976,,50
"mixed (5% switch, 5% hub, 5% both)",150,3,"radial + cosine, 4-24",none (false calls),,0.0,850
"mixed (5% switch, 5% hub, 5% both)",150,3,"cosine, d=8 (true rank)",switch,0.9997176470588235,16.0,50
"mixed (5% switch, 5% hub, 5% both)",150,3,"cosine, d=8 (true rank)",hub,0.8953882352941176,0.0,50
"mixed (5% switch, 5% hub, 5% both)",150,3,"cosine, d=8 (true rank)",both,1.0,50.0,50
"mixed (5% switch, 5% hub, 5% both)",150,3,"cosine, d=8 (true rank)",both vs all others,0.9877684210526316,,50
"mixed (5% switch, 5% hub, 5% both)",150,3,"cosine, d=8 (true rank)",none (false calls),,0.0,850
"mixed (5% switch, 5% hub, 5% both)",150,3,"radial, d=8 (true rank)",switch,0.5288470588235294,0.0,50
"mixed (5% switch, 5% hub, 5% both)",150,3,"radial, d=8 (true rank)",hub,0.9680705882352941,0.0,50
"mixed (5% switch, 5% hub, 5% both)",150,3,"radial, d=8 (true rank)",both,0.9698823529411764,0.0,50
"mixed (5% switch, 5% hub, 5% both)",150,3,"radial, d=8 (true rank)",both vs all others,0.9454526315789473,,50
"mixed (5% switch, 5% hub, 5% both)",150,3,"radial, d=8 (true rank)",none (false calls),,0.0,850
"mixed (5% switch, 5% hub, 5% both)",150,3,degree difference,switch,0.5460941176470588,0.0,50
"mixed (5% switch, 5% hub, 5% both)",150,3,degree difference,hub,0.9974823529411765,0.0,50
"mixed (5% switch, 5% hub, 5% both)",150,3,degree difference,both,0.9983529411764706,0.0,50
"mixed (5% switch, 5% hub, 5% both)",150,3,degree difference,both vs all others,0.9756631578947368,,50
"mixed (5% switch, 5% hub, 5% both)",150,3,degree difference,none (false calls),,0.0,850
"mixed (5% switch, 5% hub, 5% both)",150,3,"overlap: min(cosine, radial)",switch,0.7314588235294117,0.0,50
"mixed (5% switch, 5% hub, 5% both)",150,3,"overlap: min(cosine, radial)",hub,0.867764705882353,0.0,50
"mixed (5% switch, 5% hub, 5% both)",150,3,"overlap: min(cosine, radial)",both,0.9950823529411764,0.0,50
"mixed (5% switch, 5% hub, 5% both)",150,3,"overlap: min(cosine, radial)",both vs all others,0.9946315789473684,,50
"mixed (5% switch, 5% hub, 5% both)",150,3,"overlap: min(cosine, radial)",none (false calls),,0.0,850
"mixed (5% switch, 5% hub, 5% both)",150,3,"max(euclidean, cosine)",switch,0.9945411764705883,46.0,50
"mixed (5% switch, 5% hub, 5% both)",150,3,"max(euclidean, cosine)",hub,0.9675529411764706,0.0,50
"mixed (5% switch, 5% hub, 5% both)",150,3,"max(euclidean, cosine)",both,0.9983058823529412,50.0,50
"mixed (5% switch, 5% hub, 5% both)",150,3,"max(euclidean, cosine)",both vs all others,0.9757052631578947,,50
"mixed (5% switch, 5% hub, 5% both)",150,3,"max(euclidean, cosine)",none (false calls),,8.0,850
"mixed (5% switch, 5% hub, 5% both)",150,3,"min(euclidean, cosine)",switch,0.9199294117647059,0.0,50
"mixed (5% switch, 5% hub, 5% both)",150,3,"min(euclidean, cosine)",hub,0.8269882352941177,0.0,50
"mixed (5% switch, 5% hub, 5% both)",150,3,"min(euclidean, cosine)",both,0.993835294117647,0.0,50
"mixed (5% switch, 5% hub, 5% both)",150,3,"min(euclidean, cosine)",both vs all others,0.9823157894736843,,50
"mixed (5% switch, 5% hub, 5% both)",150,3,"min(euclidean, cosine)",none (false calls),,0.0,850
"mixed (5% switch, 5% hub, 5% both)",150,4,"default (euclidean + cosine, 4-24)",switch,0.9787294117647058,0.0,50
"mixed (5% switch, 5% hub, 5% both)",150,4,"default (euclidean + cosine, 4-24)",hub,0.9275764705882353,0.0,50
"mixed (5% switch, 5% hub, 5% both)",150,4,"default (euclidean + cosine, 4-24)",both,0.9992470588235294,0.0,50
"mixed (5% switch, 5% hub, 5% both)",150,4,"default (euclidean + cosine, 4-24)",both vs all others,0.9886105263157895,,50
"mixed (5% switch, 5% hub, 5% both)",150,4,"default (euclidean + cosine, 4-24)",none (false calls),,0.0,850
"mixed (5% switch, 5% hub, 5% both)",150,4,"cosine, 4-24",switch,0.9991294117647059,47.0,50
"mixed (5% switch, 5% hub, 5% both)",150,4,"cosine, 4-24",hub,0.6928235294117647,0.0,50
"mixed (5% switch, 5% hub, 5% both)",150,4,"cosine, 4-24",both,0.9997647058823529,50.0,50
"mixed (5% switch, 5% hub, 5% both)",150,4,"cosine, 4-24",both vs all others,0.9745473684210526,,50
"mixed (5% switch, 5% hub, 5% both)",150,4,"cosine, 4-24",none (false calls),,1.0,850
"mixed (5% switch, 5% hub, 5% both)",150,4,"radial, 4-24",switch,0.4980705882352941,0.0,50
"mixed (5% switch, 5% hub, 5% both)",150,4,"radial, 4-24",hub,0.9933176470588235,0.0,50
"mixed (5% switch, 5% hub, 5% both)",150,4,"radial, 4-24",both,0.9902352941176471,0.0,50
"mixed (5% switch, 5% hub, 5% both)",150,4,"radial, 4-24",both vs all others,0.9622105263157895,,50
"mixed (5% switch, 5% hub, 5% both)",150,4,"radial, 4-24",none (false calls),,0.0,850
"mixed (5% switch, 5% hub, 5% both)",150,4,"euclidean, 4-24",switch,0.8310352941176471,0.0,50
"mixed (5% switch, 5% hub, 5% both)",150,4,"euclidean, 4-24",hub,0.9778117647058824,0.0,50
"mixed (5% switch, 5% hub, 5% both)",150,4,"euclidean, 4-24",both,0.9823294117647059,0.0,50
"mixed (5% switch, 5% hub, 5% both)",150,4,"euclidean, 4-24",both vs all others,0.9529052631578947,,50
"mixed (5% switch, 5% hub, 5% both)",150,4,"euclidean, 4-24",none (false calls),,0.0,850
"mixed (5% switch, 5% hub, 5% both)",150,4,"radial + cosine, 4-24",switch,0.9344470588235294,0.0,50
"mixed (5% switch, 5% hub, 5% both)",150,4,"radial + cosine, 4-24",hub,0.9546117647058824,0.0,50
"mixed (5% switch, 5% hub, 5% both)",150,4,"radial + cosine, 4-24",both,0.9999764705882352,35.0,50
"mixed (5% switch, 5% hub, 5% both)",150,4,"radial + cosine, 4-24",both vs all others,0.9997052631578948,,50
"mixed (5% switch, 5% hub, 5% both)",150,4,"radial + cosine, 4-24",none (false calls),,0.0,850
"mixed (5% switch, 5% hub, 5% both)",150,4,"cosine, d=8 (true rank)",switch,0.9999764705882352,47.0,50
"mixed (5% switch, 5% hub, 5% both)",150,4,"cosine, d=8 (true rank)",hub,0.8495058823529412,2.0,50
"mixed (5% switch, 5% hub, 5% both)",150,4,"cosine, d=8 (true rank)",both,1.0,50.0,50
"mixed (5% switch, 5% hub, 5% both)",150,4,"cosine, d=8 (true rank)",both vs all others,0.98,,50
"mixed (5% switch, 5% hub, 5% both)",150,4,"cosine, d=8 (true rank)",none (false calls),,0.0,850
"mixed (5% switch, 5% hub, 5% both)",150,4,"radial, d=8 (true rank)",switch,0.4077647058823529,0.0,50
"mixed (5% switch, 5% hub, 5% both)",150,4,"radial, d=8 (true rank)",hub,0.9691529411764706,0.0,50
"mixed (5% switch, 5% hub, 5% both)",150,4,"radial, d=8 (true rank)",both,0.9710823529411765,0.0,50
"mixed (5% switch, 5% hub, 5% both)",150,4,"radial, d=8 (true rank)",both vs all others,0.9477894736842105,,50
"mixed (5% switch, 5% hub, 5% both)",150,4,"radial, d=8 (true rank)",none (false calls),,0.0,850
"mixed (5% switch, 5% hub, 5% both)",150,4,degree difference,switch,0.5675294117647058,0.0,50
"mixed (5% switch, 5% hub, 5% both)",150,4,degree difference,hub,0.9987294117647059,0.0,50
"mixed (5% switch, 5% hub, 5% both)",150,4,degree difference,both,1.0,0.0,50
"mixed (5% switch, 5% hub, 5% both)",150,4,degree difference,both vs all others,0.9746526315789473,,50
"mixed (5% switch, 5% hub, 5% both)",150,4,degree difference,none (false calls),,0.0,850
"mixed (5% switch, 5% hub, 5% both)",150,4,"overlap: min(cosine, radial)",switch,0.6534117647058824,0.0,50
"mixed (5% switch, 5% hub, 5% both)",150,4,"overlap: min(cosine, radial)",hub,0.8261882352941177,0.0,50
"mixed (5% switch, 5% hub, 5% both)",150,4,"overlap: min(cosine, radial)",both,0.996164705882353,0.0,50
"mixed (5% switch, 5% hub, 5% both)",150,4,"overlap: min(cosine, radial)",both vs all others,0.9940210526315789,,50
"mixed (5% switch, 5% hub, 5% both)",150,4,"overlap: min(cosine, radial)",none (false calls),,0.0,850
"mixed (5% switch, 5% hub, 5% both)",150,4,"max(euclidean, cosine)",switch,0.9984,47.0,50
"mixed (5% switch, 5% hub, 5% both)",150,4,"max(euclidean, cosine)",hub,0.9622352941176471,0.0,50
"mixed (5% switch, 5% hub, 5% both)",150,4,"max(euclidean, cosine)",both,0.9995764705882353,50.0,50
"mixed (5% switch, 5% hub, 5% both)",150,4,"max(euclidean, cosine)",both vs all others,0.974378947368421,,50
"mixed (5% switch, 5% hub, 5% both)",150,4,"max(euclidean, cosine)",none (false calls),,4.0,850
"mixed (5% switch, 5% hub, 5% both)",150,4,"min(euclidean, cosine)",switch,0.8883529411764706,0.0,50
"mixed (5% switch, 5% hub, 5% both)",150,4,"min(euclidean, cosine)",hub,0.7834588235294118,0.0,50
"mixed (5% switch, 5% hub, 5% both)",150,4,"min(euclidean, cosine)",both,0.9958117647058824,0.0,50
"mixed (5% switch, 5% hub, 5% both)",150,4,"min(euclidean, cosine)",both vs all others,0.9866947368421053,,50
"mixed (5% switch, 5% hub, 5% both)",150,4,"min(euclidean, cosine)",none (false calls),,0.0,850
"mixed (5% switch, 5% hub, 5% both)",150,5,"default (euclidean + cosine, 4-24)",switch,0.977835294117647,0.0,50
"mixed (5% switch, 5% hub, 5% both)",150,5,"default (euclidean + cosine, 4-24)",hub,0.9205176470588236,0.0,50
"mixed (5% switch, 5% hub, 5% both)",150,5,"default (euclidean + cosine, 4-24)",both,0.9989176470588236,0.0,50
"mixed (5% switch, 5% hub, 5% both)",150,5,"default (euclidean + cosine, 4-24)",both vs all others,0.9880421052631579,,50
"mixed (5% switch, 5% hub, 5% both)",150,5,"default (euclidean + cosine, 4-24)",none (false calls),,0.0,850
"mixed (5% switch, 5% hub, 5% both)",150,5,"cosine, 4-24",switch,0.9972941176470588,45.0,50
"mixed (5% switch, 5% hub, 5% both)",150,5,"cosine, 4-24",hub,0.6945176470588236,0.0,50
"mixed (5% switch, 5% hub, 5% both)",150,5,"cosine, 4-24",both,0.9998823529411764,50.0,50
"mixed (5% switch, 5% hub, 5% both)",150,5,"cosine, 4-24",both vs all others,0.9790526315789474,,50
"mixed (5% switch, 5% hub, 5% both)",150,5,"cosine, 4-24",none (false calls),,4.0,850
"mixed (5% switch, 5% hub, 5% both)",150,5,"radial, 4-24",switch,0.5530352941176471,0.0,50
"mixed (5% switch, 5% hub, 5% both)",150,5,"radial, 4-24",hub,0.9968941176470588,0.0,50
"mixed (5% switch, 5% hub, 5% both)",150,5,"radial, 4-24",both,0.9979529411764706,0.0,50
"mixed (5% switch, 5% hub, 5% both)",150,5,"radial, 4-24",both vs all others,0.9714526315789473,,50
"mixed (5% switch, 5% hub, 5% both)",150,5,"radial, 4-24",none (false calls),,0.0,850
"mixed (5% switch, 5% hub, 5% both)",150,5,"euclidean, 4-24",switch,0.8611529411764706,0.0,50
"mixed (5% switch, 5% hub, 5% both)",150,5,"euclidean, 4-24",hub,0.9831294117647059,0.0,50
"mixed (5% switch, 5% hub, 5% both)",150,5,"euclidean, 4-24",both,0.9891294117647059,0.0,50
"mixed (5% switch, 5% hub, 5% both)",150,5,"euclidean, 4-24",both vs all others,0.966421052631579,,50
"mixed (5% switch, 5% hub, 5% both)",150,5,"euclidean, 4-24",none (false calls),,0.0,850
"mixed (5% switch, 5% hub, 5% both)",150,5,"radial + cosine, 4-24",switch,0.9134588235294118,0.0,50
"mixed (5% switch, 5% hub, 5% both)",150,5,"radial + cosine, 4-24",hub,0.9585882352941176,0.0,50
"mixed (5% switch, 5% hub, 5% both)",150,5,"radial + cosine, 4-24",both,1.0,35.0,50
"mixed (5% switch, 5% hub, 5% both)",150,5,"radial + cosine, 4-24",both vs all others,0.9997473684210526,,50
"mixed (5% switch, 5% hub, 5% both)",150,5,"radial + cosine, 4-24",none (false calls),,0.0,850
"mixed (5% switch, 5% hub, 5% both)",150,5,"cosine, d=8 (true rank)",switch,0.9999764705882352,17.0,50
"mixed (5% switch, 5% hub, 5% both)",150,5,"cosine, d=8 (true rank)",hub,0.863835294117647,0.0,50
"mixed (5% switch, 5% hub, 5% both)",150,5,"cosine, d=8 (true rank)",both,1.0,50.0,50
"mixed (5% switch, 5% hub, 5% both)",150,5,"cosine, d=8 (true rank)",both vs all others,0.9852842105263158,,50
"mixed (5% switch, 5% hub, 5% both)",150,5,"cosine, d=8 (true rank)",none (false calls),,0.0,850
"mixed (5% switch, 5% hub, 5% both)",150,5,"radial, d=8 (true rank)",switch,0.5124470588235294,0.0,50
"mixed (5% switch, 5% hub, 5% both)",150,5,"radial, d=8 (true rank)",hub,0.9902352941176471,0.0,50
"mixed (5% switch, 5% hub, 5% both)",150,5,"radial, d=8 (true rank)",both,0.9915529411764706,0.0,50
"mixed (5% switch, 5% hub, 5% both)",150,5,"radial, d=8 (true rank)",both vs all others,0.9647157894736842,,50
"mixed (5% switch, 5% hub, 5% both)",150,5,"radial, d=8 (true rank)",none (false calls),,0.0,850
"mixed (5% switch, 5% hub, 5% both)",150,5,degree difference,switch,0.5782823529411765,0.0,50
"mixed (5% switch, 5% hub, 5% both)",150,5,degree difference,hub,0.9981176470588236,0.0,50
"mixed (5% switch, 5% hub, 5% both)",150,5,degree difference,both,0.9995529411764705,0.0,50
"mixed (5% switch, 5% hub, 5% both)",150,5,degree difference,both vs all others,0.9725052631578948,,50
"mixed (5% switch, 5% hub, 5% both)",150,5,degree difference,none (false calls),,0.0,850
"mixed (5% switch, 5% hub, 5% both)",150,5,"overlap: min(cosine, radial)",switch,0.669435294117647,0.0,50
"mixed (5% switch, 5% hub, 5% both)",150,5,"overlap: min(cosine, radial)",hub,0.8004,0.0,50
"mixed (5% switch, 5% hub, 5% both)",150,5,"overlap: min(cosine, radial)",both,0.999035294117647,0.0,50
"mixed (5% switch, 5% hub, 5% both)",150,5,"overlap: min(cosine, radial)",both vs all others,0.9990315789473684,,50
"mixed (5% switch, 5% hub, 5% both)",150,5,"overlap: min(cosine, radial)",none (false calls),,0.0,850
"mixed (5% switch, 5% hub, 5% both)",150,5,"max(euclidean, cosine)",switch,0.9957411764705882,45.0,50
"mixed (5% switch, 5% hub, 5% both)",150,5,"max(euclidean, cosine)",hub,0.9684705882352941,0.0,50
"mixed (5% switch, 5% hub, 5% both)",150,5,"max(euclidean, cosine)",both,0.9997882352941176,50.0,50
"mixed (5% switch, 5% hub, 5% both)",150,5,"max(euclidean, cosine)",both vs all others,0.9789684210526316,,50
"mixed (5% switch, 5% hub, 5% both)",150,5,"max(euclidean, cosine)",none (false calls),,7.0,850
"mixed (5% switch, 5% hub, 5% both)",150,5,"min(euclidean, cosine)",switch,0.9096,0.0,50
"mixed (5% switch, 5% hub, 5% both)",150,5,"min(euclidean, cosine)",hub,0.7685882352941177,0.0,50
"mixed (5% switch, 5% hub, 5% both)",150,5,"min(euclidean, cosine)",both,0.9964941176470589,0.0,50
"mixed (5% switch, 5% hub, 5% both)",150,5,"min(euclidean, cosine)",both vs all others,0.9901263157894736,,50
"mixed (5% switch, 5% hub, 5% both)",150,5,"min(euclidean, cosine)",none (false calls),,0.0,850
"mixed (5% switch, 5% hub, 5% both)",150,6,"default (euclidean + cosine, 4-24)",switch,0.9792235294117647,31.0,50
"mixed (5% switch, 5% hub, 5% both)",150,6,"default (euclidean + cosine, 4-24)",hub,0.9152235294117647,0.0,50
"mixed (5% switch, 5% hub, 5% both)",150,6,"default (euclidean + cosine, 4-24)",both,0.9995058823529411,49.0,50
"mixed (5% switch, 5% hub, 5% both)",150,6,"default (euclidean + cosine, 4-24)",both vs all others,0.9817473684210526,,50
"mixed (5% switch, 5% hub, 5% both)",150,6,"default (euclidean + cosine, 4-24)",none (false calls),,1.0,850
"mixed (5% switch, 5% hub, 5% both)",150,6,"cosine, 4-24",switch,0.9972470588235294,43.0,50
"mixed (5% switch, 5% hub, 5% both)",150,6,"cosine, 4-24",hub,0.6110588235294118,0.0,50
"mixed (5% switch, 5% hub, 5% both)",150,6,"cosine, 4-24",both,0.9998823529411764,50.0,50
"mixed (5% switch, 5% hub, 5% both)",150,6,"cosine, 4-24",both vs all others,0.9723368421052632,,50
"mixed (5% switch, 5% hub, 5% both)",150,6,"cosine, 4-24",none (false calls),,4.0,850
"mixed (5% switch, 5% hub, 5% both)",150,6,"radial, 4-24",switch,0.524235294117647,0.0,50
"mixed (5% switch, 5% hub, 5% both)",150,6,"radial, 4-24",hub,0.9981176470588236,0.0,50
"mixed (5% switch, 5% hub, 5% both)",150,6,"radial, 4-24",both,0.9972705882352941,0.0,50
"mixed (5% switch, 5% hub, 5% both)",150,6,"radial, 4-24",both vs all others,0.9707157894736842,,50
"mixed (5% switch, 5% hub, 5% both)",150,6,"radial, 4-24",none (false calls),,0.0,850
"mixed (5% switch, 5% hub, 5% both)",150,6,"euclidean, 4-24",switch,0.8499529411764706,0.0,50
"mixed (5% switch, 5% hub, 5% both)",150,6,"euclidean, 4-24",hub,0.9810588235294118,0.0,50
"mixed (5% switch, 5% hub, 5% both)",150,6,"euclidean, 4-24",both,0.9843058823529411,0.0,50
"mixed (5% switch, 5% hub, 5% both)",150,6,"euclidean, 4-24",both vs all others,0.9565263157894737,,50
"mixed (5% switch, 5% hub, 5% both)",150,6,"euclidean, 4-24",none (false calls),,0.0,850
"mixed (5% switch, 5% hub, 5% both)",150,6,"radial + cosine, 4-24",switch,0.9411058823529411,4.0,50
"mixed (5% switch, 5% hub, 5% both)",150,6,"radial + cosine, 4-24",hub,0.952564705882353,0.0,50
"mixed (5% switch, 5% hub, 5% both)",150,6,"radial + cosine, 4-24",both,1.0,50.0,50
"mixed (5% switch, 5% hub, 5% both)",150,6,"radial + cosine, 4-24",both vs all others,0.999621052631579,,50
"mixed (5% switch, 5% hub, 5% both)",150,6,"radial + cosine, 4-24",none (false calls),,0.0,850
"mixed (5% switch, 5% hub, 5% both)",150,6,"cosine, d=8 (true rank)",switch,0.9998117647058824,44.0,50
"mixed (5% switch, 5% hub, 5% both)",150,6,"cosine, d=8 (true rank)",hub,0.8936470588235295,3.0,50
"mixed (5% switch, 5% hub, 5% both)",150,6,"cosine, d=8 (true rank)",both,1.0,50.0,50
"mixed (5% switch, 5% hub, 5% both)",150,6,"cosine, d=8 (true rank)",both vs all others,0.9808421052631578,,50
"mixed (5% switch, 5% hub, 5% both)",150,6,"cosine, d=8 (true rank)",none (false calls),,0.0,850
"mixed (5% switch, 5% hub, 5% both)",150,6,"radial, d=8 (true rank)",switch,0.48583529411764703,0.0,50
"mixed (5% switch, 5% hub, 5% both)",150,6,"radial, d=8 (true rank)",hub,0.9902352941176471,0.0,50
"mixed (5% switch, 5% hub, 5% both)",150,6,"radial, d=8 (true rank)",both,0.9902823529411765,0.0,50
"mixed (5% switch, 5% hub, 5% both)",150,6,"radial, d=8 (true rank)",both vs all others,0.9668210526315789,,50
"mixed (5% switch, 5% hub, 5% both)",150,6,"radial, d=8 (true rank)",none (false calls),,0.0,850
"mixed (5% switch, 5% hub, 5% both)",150,6,degree difference,switch,0.5661882352941177,0.0,50
"mixed (5% switch, 5% hub, 5% both)",150,6,degree difference,hub,0.9990823529411764,0.0,50
"mixed (5% switch, 5% hub, 5% both)",150,6,degree difference,both,0.9993176470588235,0.0,50
"mixed (5% switch, 5% hub, 5% both)",150,6,degree difference,both vs all others,0.9773894736842105,,50
"mixed (5% switch, 5% hub, 5% both)",150,6,degree difference,none (false calls),,0.0,850
"mixed (5% switch, 5% hub, 5% both)",150,6,"overlap: min(cosine, radial)",switch,0.6594117647058824,0.0,50
"mixed (5% switch, 5% hub, 5% both)",150,6,"overlap: min(cosine, radial)",hub,0.7556941176470588,0.0,50
"mixed (5% switch, 5% hub, 5% both)",150,6,"overlap: min(cosine, radial)",both,0.9993176470588235,0.0,50
"mixed (5% switch, 5% hub, 5% both)",150,6,"overlap: min(cosine, radial)",both vs all others,0.9991368421052632,,50
"mixed (5% switch, 5% hub, 5% both)",150,6,"overlap: min(cosine, radial)",none (false calls),,0.0,850
"mixed (5% switch, 5% hub, 5% both)",150,6,"max(euclidean, cosine)",switch,0.9952941176470588,43.0,50
"mixed (5% switch, 5% hub, 5% both)",150,6,"max(euclidean, cosine)",hub,0.9715764705882353,0.0,50
"mixed (5% switch, 5% hub, 5% both)",150,6,"max(euclidean, cosine)",both,0.9998117647058824,50.0,50
"mixed (5% switch, 5% hub, 5% both)",150,6,"max(euclidean, cosine)",both vs all others,0.9722736842105263,,50
"mixed (5% switch, 5% hub, 5% both)",150,6,"max(euclidean, cosine)",none (false calls),,7.0,850
"mixed (5% switch, 5% hub, 5% both)",150,6,"min(euclidean, cosine)",switch,0.9059294117647059,0.0,50
"mixed (5% switch, 5% hub, 5% both)",150,6,"min(euclidean, cosine)",hub,0.7097176470588236,0.0,50
"mixed (5% switch, 5% hub, 5% both)",150,6,"min(euclidean, cosine)",both,0.9980235294117648,0.0,50
"mixed (5% switch, 5% hub, 5% both)",150,6,"min(euclidean, cosine)",both vs all others,0.9897052631578948,,50
"mixed (5% switch, 5% hub, 5% both)",150,6,"min(euclidean, cosine)",none (false calls),,0.0,850
"mixed (5% switch, 5% hub, 5% both)",150,7,"default (euclidean + cosine, 4-24)",switch,0.9777411764705882,21.0,50
"mixed (5% switch, 5% hub, 5% both)",150,7,"default (euclidean + cosine, 4-24)",hub,0.9268,0.0,50
"mixed (5% switch, 5% hub, 5% both)",150,7,"default (euclidean + cosine, 4-24)",both,0.9987529411764706,41.0,50
"mixed (5% switch, 5% hub, 5% both)",150,7,"default (euclidean + cosine, 4-24)",both vs all others,0.9813052631578948,,50
"mixed (5% switch, 5% hub, 5% both)",150,7,"default (euclidean + cosine, 4-24)",none (false calls),,1.0,850
"mixed (5% switch, 5% hub, 5% both)",150,7,"cosine, 4-24",switch,0.9971294117647059,42.0,50
"mixed (5% switch, 5% hub, 5% both)",150,7,"cosine, 4-24",hub,0.6717647058823529,0.0,50
"mixed (5% switch, 5% hub, 5% both)",150,7,"cosine, 4-24",both,0.9998823529411764,50.0,50
"mixed (5% switch, 5% hub, 5% both)",150,7,"cosine, 4-24",both vs all others,0.9818736842105263,,50
"mixed (5% switch, 5% hub, 5% both)",150,7,"cosine, 4-24",none (false calls),,8.0,850
"mixed (5% switch, 5% hub, 5% both)",150,7,"radial, 4-24",switch,0.6237882352941176,0.0,50
"mixed (5% switch, 5% hub, 5% both)",150,7,"radial, 4-24",hub,0.9971529411764706,0.0,50
"mixed (5% switch, 5% hub, 5% both)",150,7,"radial, 4-24",both,0.9956235294117647,0.0,50
"mixed (5% switch, 5% hub, 5% both)",150,7,"radial, 4-24",both vs all others,0.9667789473684211,,50
"mixed (5% switch, 5% hub, 5% both)",150,7,"radial, 4-24",none (false calls),,0.0,850
"mixed (5% switch, 5% hub, 5% both)",150,7,"euclidean, 4-24",switch,0.8712941176470588,0.0,50
"mixed (5% switch, 5% hub, 5% both)",150,7,"euclidean, 4-24",hub,0.980964705882353,0.0,50
"mixed (5% switch, 5% hub, 5% both)",150,7,"euclidean, 4-24",both,0.9854117647058823,0.0,50
"mixed (5% switch, 5% hub, 5% both)",150,7,"euclidean, 4-24",both vs all others,0.9574315789473684,,50
"mixed (5% switch, 5% hub, 5% both)",150,7,"euclidean, 4-24",none (false calls),,0.0,850
"mixed (5% switch, 5% hub, 5% both)",150,7,"radial + cosine, 4-24",switch,0.9548705882352941,4.0,50
"mixed (5% switch, 5% hub, 5% both)",150,7,"radial + cosine, 4-24",hub,0.9640470588235294,0.0,50
"mixed (5% switch, 5% hub, 5% both)",150,7,"radial + cosine, 4-24",both,0.9999764705882352,42.0,50
"mixed (5% switch, 5% hub, 5% both)",150,7,"radial + cosine, 4-24",both vs all others,0.9985052631578948,,50
"mixed (5% switch, 5% hub, 5% both)",150,7,"radial + cosine, 4-24",none (false calls),,0.0,850
"mixed (5% switch, 5% hub, 5% both)",150,7,"cosine, d=8 (true rank)",switch,1.0,19.0,50
"mixed (5% switch, 5% hub, 5% both)",150,7,"cosine, d=8 (true rank)",hub,0.8866117647058823,1.0,50
"mixed (5% switch, 5% hub, 5% both)",150,7,"cosine, d=8 (true rank)",both,1.0,50.0,50
"mixed (5% switch, 5% hub, 5% both)",150,7,"cosine, d=8 (true rank)",both vs all others,0.988421052631579,,50
"mixed (5% switch, 5% hub, 5% both)",150,7,"cosine, d=8 (true rank)",none (false calls),,0.0,850
"mixed (5% switch, 5% hub, 5% both)",150,7,"radial, d=8 (true rank)",switch,0.5558588235294117,0.0,50
"mixed (5% switch, 5% hub, 5% both)",150,7,"radial, d=8 (true rank)",hub,0.9952235294117647,0.0,50
"mixed (5% switch, 5% hub, 5% both)",150,7,"radial, d=8 (true rank)",both,0.9953411764705883,0.0,50
"mixed (5% switch, 5% hub, 5% both)",150,7,"radial, d=8 (true rank)",both vs all others,0.9689894736842105,,50
"mixed (5% switch, 5% hub, 5% both)",150,7,"radial, d=8 (true rank)",none (false calls),,0.0,850
"mixed (5% switch, 5% hub, 5% both)",150,7,degree difference,switch,0.6168235294117647,0.0,50
"mixed (5% switch, 5% hub, 5% both)",150,7,degree difference,hub,0.999835294117647,0.0,50
"mixed (5% switch, 5% hub, 5% both)",150,7,degree difference,both,0.9996941176470588,0.0,50
"mixed (5% switch, 5% hub, 5% both)",150,7,degree difference,both vs all others,0.9730315789473685,,50
"mixed (5% switch, 5% hub, 5% both)",150,7,degree difference,none (false calls),,0.0,850
"mixed (5% switch, 5% hub, 5% both)",150,7,"overlap: min(cosine, radial)",switch,0.7600705882352942,0.0,50
"mixed (5% switch, 5% hub, 5% both)",150,7,"overlap: min(cosine, radial)",hub,0.8007058823529412,0.0,50
"mixed (5% switch, 5% hub, 5% both)",150,7,"overlap: min(cosine, radial)",both,0.9977411764705882,0.0,50
"mixed (5% switch, 5% hub, 5% both)",150,7,"overlap: min(cosine, radial)",both vs all others,0.9966315789473684,,50
"mixed (5% switch, 5% hub, 5% both)",150,7,"overlap: min(cosine, radial)",none (false calls),,0.0,850
"mixed (5% switch, 5% hub, 5% both)",150,7,"max(euclidean, cosine)",switch,0.9941882352941176,48.0,50
"mixed (5% switch, 5% hub, 5% both)",150,7,"max(euclidean, cosine)",hub,0.9688235294117648,20.0,50
"mixed (5% switch, 5% hub, 5% both)",150,7,"max(euclidean, cosine)",both,0.9996,50.0,50
"mixed (5% switch, 5% hub, 5% both)",150,7,"max(euclidean, cosine)",both vs all others,0.981621052631579,,50
"mixed (5% switch, 5% hub, 5% both)",150,7,"max(euclidean, cosine)",none (false calls),,19.0,850
"mixed (5% switch, 5% hub, 5% both)",150,7,"min(euclidean, cosine)",switch,0.9206823529411765,0.0,50
"mixed (5% switch, 5% hub, 5% both)",150,7,"min(euclidean, cosine)",hub,0.7442117647058824,0.0,50
"mixed (5% switch, 5% hub, 5% both)",150,7,"min(euclidean, cosine)",both,0.9958117647058824,0.0,50
"mixed (5% switch, 5% hub, 5% both)",150,7,"min(euclidean, cosine)",both vs all others,0.9873052631578947,,50
"mixed (5% switch, 5% hub, 5% both)",150,7,"min(euclidean, cosine)",none (false calls),,0.0,850
"mixed (5% switch, 5% hub, 5% both)",400,0,"default (euclidean + cosine, 4-24)",switch,0.9875058823529411,15.0,50
"mixed (5% switch, 5% hub, 5% both)",400,0,"default (euclidean + cosine, 4-24)",hub,0.9210117647058823,0.0,50
"mixed (5% switch, 5% hub, 5% both)",400,0,"default (euclidean + cosine, 4-24)",both,0.9988705882352941,0.0,50
"mixed (5% switch, 5% hub, 5% both)",400,0,"default (euclidean + cosine, 4-24)",both vs all others,0.9617473684210527,,50
"mixed (5% switch, 5% hub, 5% both)",400,0,"default (euclidean + cosine, 4-24)",none (false calls),,0.0,850
"mixed (5% switch, 5% hub, 5% both)",400,0,"cosine, 4-24",switch,0.9997882352941176,49.0,50
"mixed (5% switch, 5% hub, 5% both)",400,0,"cosine, 4-24",hub,0.6325411764705883,0.0,50
"mixed (5% switch, 5% hub, 5% both)",400,0,"cosine, 4-24",both,0.9999764705882352,50.0,50
"mixed (5% switch, 5% hub, 5% both)",400,0,"cosine, 4-24",both vs all others,0.9617473684210527,,50
"mixed (5% switch, 5% hub, 5% both)",400,0,"cosine, 4-24",none (false calls),,1.0,850
"mixed (5% switch, 5% hub, 5% both)",400,0,"radial, 4-24",switch,0.5682823529411765,0.0,50
"mixed (5% switch, 5% hub, 5% both)",400,0,"radial, 4-24",hub,0.999835294117647,0.0,50
"mixed (5% switch, 5% hub, 5% both)",400,0,"radial, 4-24",both,0.9988235294117647,0.0,50
"mixed (5% switch, 5% hub, 5% both)",400,0,"radial, 4-24",both vs all others,0.9664631578947368,,50
"mixed (5% switch, 5% hub, 5% both)",400,0,"radial, 4-24",none (false calls),,0.0,850
"mixed (5% switch, 5% hub, 5% both)",400,0,"euclidean, 4-24",switch,0.8773411764705882,0.0,50
"mixed (5% switch, 5% hub, 5% both)",400,0,"euclidean, 4-24",hub,0.9885411764705883,0.0,50
"mixed (5% switch, 5% hub, 5% both)",400,0,"euclidean, 4-24",both,0.9906823529411765,0.0,50
"mixed (5% switch, 5% hub, 5% both)",400,0,"euclidean, 4-24",both vs all others,0.9556631578947369,,50
"mixed (5% switch, 5% hub, 5% both)",400,0,"euclidean, 4-24",none (false calls),,0.0,850
"mixed (5% switch, 5% hub, 5% both)",400,0,"radial + cosine, 4-24",switch,0.9758117647058824,9.0,50
"mixed (5% switch, 5% hub, 5% both)",400,0,"radial + cosine, 4-24",hub,0.9784705882352941,0.0,50
"mixed (5% switch, 5% hub, 5% both)",400,0,"radial + cosine, 4-24",both,1.0,47.0,50
"mixed (5% switch, 5% hub, 5% both)",400,0,"radial + cosine, 4-24",both vs all others,0.9960842105263158,,50
"mixed (5% switch, 5% hub, 5% both)",400,0,"radial + cosine, 4-24",none (false calls),,0.0,850
"mixed (5% switch, 5% hub, 5% both)",400,0,"cosine, d=8 (true rank)",switch,1.0,50.0,50
"mixed (5% switch, 5% hub, 5% both)",400,0,"cosine, d=8 (true rank)",hub,0.9107058823529411,3.0,50
"mixed (5% switch, 5% hub, 5% both)",400,0,"cosine, d=8 (true rank)",both,1.0,50.0,50
"mixed (5% switch, 5% hub, 5% both)",400,0,"cosine, d=8 (true rank)",both vs all others,0.9747368421052631,,50
"mixed (5% switch, 5% hub, 5% both)",400,0,"cosine, d=8 (true rank)",none (false calls),,1.0,850
"mixed (5% switch, 5% hub, 5% both)",400,0,"radial, d=8 (true rank)",switch,0.4989176470588235,0.0,50
"mixed (5% switch, 5% hub, 5% both)",400,0,"radial, d=8 (true rank)",hub,0.9925176470588235,0.0,50
"mixed (5% switch, 5% hub, 5% both)",400,0,"radial, d=8 (true rank)",both,0.9938588235294118,0.0,50
"mixed (5% switch, 5% hub, 5% both)",400,0,"radial, d=8 (true rank)",both vs all others,0.9711368421052632,,50
"mixed (5% switch, 5% hub, 5% both)",400,0,"radial, d=8 (true rank)",none (false calls),,0.0,850
"mixed (5% switch, 5% hub, 5% both)",400,0,degree difference,switch,0.6470588235294118,0.0,50
"mixed (5% switch, 5% hub, 5% both)",400,0,degree difference,hub,0.9999764705882352,0.0,50
"mixed (5% switch, 5% hub, 5% both)",400,0,degree difference,both,0.9997882352941176,0.0,50
"mixed (5% switch, 5% hub, 5% both)",400,0,degree difference,both vs all others,0.9695578947368421,,50
"mixed (5% switch, 5% hub, 5% both)",400,0,degree difference,none (false calls),,0.0,850
"mixed (5% switch, 5% hub, 5% both)",400,0,"overlap: min(cosine, radial)",switch,0.7035058823529412,0.0,50
"mixed (5% switch, 5% hub, 5% both)",400,0,"overlap: min(cosine, radial)",hub,0.7807529411764705,0.0,50
"mixed (5% switch, 5% hub, 5% both)",400,0,"overlap: min(cosine, radial)",both,0.9999529411764706,0.0,50
"mixed (5% switch, 5% hub, 5% both)",400,0,"overlap: min(cosine, radial)",both vs all others,0.9999578947368422,,50
"mixed (5% switch, 5% hub, 5% both)",400,0,"overlap: min(cosine, radial)",none (false calls),,0.0,850
"mixed (5% switch, 5% hub, 5% both)",400,0,"max(euclidean, cosine)",switch,0.9997882352941176,49.0,50
"mixed (5% switch, 5% hub, 5% both)",400,0,"max(euclidean, cosine)",hub,0.9682823529411765,0.0,50
"mixed (5% switch, 5% hub, 5% both)",400,0,"max(euclidean, cosine)",both,0.9999764705882352,50.0,50
"mixed (5% switch, 5% hub, 5% both)",400,0,"max(euclidean, cosine)",both vs all others,0.9617473684210527,,50
"mixed (5% switch, 5% hub, 5% both)",400,0,"max(euclidean, cosine)",none (false calls),,1.0,850
"mixed (5% switch, 5% hub, 5% both)",400,0,"min(euclidean, cosine)",switch,0.910164705882353,0.0,50
"mixed (5% switch, 5% hub, 5% both)",400,0,"min(euclidean, cosine)",hub,0.7295058823529412,0.0,50
"mixed (5% switch, 5% hub, 5% both)",400,0,"min(euclidean, cosine)",both,0.9967529411764706,0.0,50
"mixed (5% switch, 5% hub, 5% both)",400,0,"min(euclidean, cosine)",both vs all others,0.9830736842105263,,50
"mixed (5% switch, 5% hub, 5% both)",400,0,"min(euclidean, cosine)",none (false calls),,0.0,850
"mixed (5% switch, 5% hub, 5% both)",400,1,"default (euclidean + cosine, 4-24)",switch,0.9670823529411765,0.0,50
"mixed (5% switch, 5% hub, 5% both)",400,1,"default (euclidean + cosine, 4-24)",hub,0.9091058823529412,0.0,50
"mixed (5% switch, 5% hub, 5% both)",400,1,"default (euclidean + cosine, 4-24)",both,0.9999058823529412,0.0,50
"mixed (5% switch, 5% hub, 5% both)",400,1,"default (euclidean + cosine, 4-24)",both vs all others,0.9733894736842105,,50
"mixed (5% switch, 5% hub, 5% both)",400,1,"default (euclidean + cosine, 4-24)",none (false calls),,0.0,850
"mixed (5% switch, 5% hub, 5% both)",400,1,"cosine, 4-24",switch,0.9976470588235294,31.0,50
"mixed (5% switch, 5% hub, 5% both)",400,1,"cosine, 4-24",hub,0.6748,0.0,50
"mixed (5% switch, 5% hub, 5% both)",400,1,"cosine, 4-24",both,0.9999529411764706,46.0,50
"mixed (5% switch, 5% hub, 5% both)",400,1,"cosine, 4-24",both vs all others,0.9725263157894737,,50
"mixed (5% switch, 5% hub, 5% both)",400,1,"cosine, 4-24",none (false calls),,0.0,850
"mixed (5% switch, 5% hub, 5% both)",400,1,"radial, 4-24",switch,0.5768470588235294,0.0,50
"mixed (5% switch, 5% hub, 5% both)",400,1,"radial, 4-24",hub,1.0,0.0,50
"mixed (5% switch, 5% hub, 5% both)",400,1,"radial, 4-24",both,0.9994588235294117,0.0,50
"mixed (5% switch, 5% hub, 5% both)",400,1,"radial, 4-24",both vs all others,0.9716842105263158,,50
"mixed (5% switch, 5% hub, 5% both)",400,1,"radial, 4-24",none (false calls),,0.0,850
"mixed (5% switch, 5% hub, 5% both)",400,1,"euclidean, 4-24",switch,0.8607058823529412,0.0,50
"mixed (5% switch, 5% hub, 5% both)",400,1,"euclidean, 4-24",hub,0.9749882352941176,0.0,50
"mixed (5% switch, 5% hub, 5% both)",400,1,"euclidean, 4-24",both,0.9821647058823529,0.0,50
"mixed (5% switch, 5% hub, 5% both)",400,1,"euclidean, 4-24",both vs all others,0.9551157894736843,,50
"mixed (5% switch, 5% hub, 5% both)",400,1,"euclidean, 4-24",none (false calls),,0.0,850
"mixed (5% switch, 5% hub, 5% both)",400,1,"radial + cosine, 4-24",switch,0.9223529411764706,0.0,50
"mixed (5% switch, 5% hub, 5% both)",400,1,"radial + cosine, 4-24",hub,0.9755529411764706,0.0,50
"mixed (5% switch, 5% hub, 5% both)",400,1,"radial + cosine, 4-24",both,1.0,0.0,50
"mixed (5% switch, 5% hub, 5% both)",400,1,"radial + cosine, 4-24",both vs all others,0.9954947368421052,,50
"mixed (5% switch, 5% hub, 5% both)",400,1,"radial + cosine, 4-24",none (false calls),,0.0,850
"mixed (5% switch, 5% hub, 5% both)",400,1,"cosine, d=8 (true rank)",switch,1.0,50.0,50
"mixed (5% switch, 5% hub, 5% both)",400,1,"cosine, d=8 (true rank)",hub,0.9475294117647058,0.0,50
"mixed (5% switch, 5% hub, 5% both)",400,1,"cosine, d=8 (true rank)",both,1.0,50.0,50
"mixed (5% switch, 5% hub, 5% both)",400,1,"cosine, d=8 (true rank)",both vs all others,0.9873684210526316,,50
"mixed (5% switch, 5% hub, 5% both)",400,1,"cosine, d=8 (true rank)",none (false calls),,0.0,850
"mixed (5% switch, 5% hub, 5% both)",400,1,"radial, d=8 (true rank)",switch,0.5032,0.0,50
"mixed (5% switch, 5% hub, 5% both)",400,1,"radial, d=8 (true rank)",hub,0.9947294117647059,0.0,50
"mixed (5% switch, 5% hub, 5% both)",400,1,"radial, d=8 (true rank)",both,0.9947058823529412,0.0,50
"mixed (5% switch, 5% hub, 5% both)",400,1,"radial, d=8 (true rank)",both vs all others,0.9684,,50
"mixed (5% switch, 5% hub, 5% both)",400,1,"radial, d=8 (true rank)",none (false calls),,0.0,850
"mixed (5% switch, 5% hub, 5% both)",400,1,degree difference,switch,0.5209176470588235,0.0,50
"mixed (5% switch, 5% hub, 5% both)",400,1,degree difference,hub,0.9991058823529412,0.0,50
"mixed (5% switch, 5% hub, 5% both)",400,1,degree difference,both,0.9989176470588236,0.0,50
"mixed (5% switch, 5% hub, 5% both)",400,1,degree difference,both vs all others,0.9719578947368421,,50
"mixed (5% switch, 5% hub, 5% both)",400,1,degree difference,none (false calls),,0.0,850
"mixed (5% switch, 5% hub, 5% both)",400,1,"overlap: min(cosine, radial)",switch,0.7096,0.0,50
"mixed (5% switch, 5% hub, 5% both)",400,1,"overlap: min(cosine, radial)",hub,0.8105882352941176,0.0,50
"mixed (5% switch, 5% hub, 5% both)",400,1,"overlap: min(cosine, radial)",both,1.0,0.0,50
"mixed (5% switch, 5% hub, 5% both)",400,1,"overlap: min(cosine, radial)",both vs all others,1.0,,50
"mixed (5% switch, 5% hub, 5% both)",400,1,"overlap: min(cosine, radial)",none (false calls),,0.0,850
"mixed (5% switch, 5% hub, 5% both)",400,1,"max(euclidean, cosine)",switch,0.9958588235294118,31.0,50
"mixed (5% switch, 5% hub, 5% both)",400,1,"max(euclidean, cosine)",hub,0.9617411764705882,0.0,50
"mixed (5% switch, 5% hub, 5% both)",400,1,"max(euclidean, cosine)",both,0.9999529411764706,46.0,50
"mixed (5% switch, 5% hub, 5% both)",400,1,"max(euclidean, cosine)",both vs all others,0.9725263157894737,,50
"mixed (5% switch, 5% hub, 5% both)",400,1,"max(euclidean, cosine)",none (false calls),,0.0,850
"mixed (5% switch, 5% hub, 5% both)",400,1,"min(euclidean, cosine)",switch,0.896235294117647,0.0,50
"mixed (5% switch, 5% hub, 5% both)",400,1,"min(euclidean, cosine)",hub,0.7577882352941177,0.0,50
"mixed (5% switch, 5% hub, 5% both)",400,1,"min(euclidean, cosine)",both,0.996,0.0,50
"mixed (5% switch, 5% hub, 5% both)",400,1,"min(euclidean, cosine)",both vs all others,0.9812421052631579,,50
"mixed (5% switch, 5% hub, 5% both)",400,1,"min(euclidean, cosine)",none (false calls),,0.0,850
"mixed (5% switch, 5% hub, 5% both)",400,2,"default (euclidean + cosine, 4-24)",switch,0.9694588235294118,8.0,50
"mixed (5% switch, 5% hub, 5% both)",400,2,"default (euclidean + cosine, 4-24)",hub,0.9359764705882353,0.0,50
"mixed (5% switch, 5% hub, 5% both)",400,2,"default (euclidean + cosine, 4-24)",both,0.9996,0.0,50
"mixed (5% switch, 5% hub, 5% both)",400,2,"default (euclidean + cosine, 4-24)",both vs all others,0.9778315789473684,,50
"mixed (5% switch, 5% hub, 5% both)",400,2,"default (euclidean + cosine, 4-24)",none (false calls),,0.0,850
"mixed (5% switch, 5% hub, 5% both)",400,2,"cosine, 4-24",switch,0.9988941176470588,40.0,50
"mixed (5% switch, 5% hub, 5% both)",400,2,"cosine, 4-24",hub,0.698635294117647,0.0,50
"mixed (5% switch, 5% hub, 5% both)",400,2,"cosine, 4-24",both,1.0,50.0,50
"mixed (5% switch, 5% hub, 5% both)",400,2,"cosine, 4-24",both vs all others,0.9782105263157894,,50
"mixed (5% switch, 5% hub, 5% both)",400,2,"cosine, 4-24",none (false calls),,2.0,850
"mixed (5% switch, 5% hub, 5% both)",400,2,"radial, 4-24",switch,0.6088705882352942,0.0,50
"mixed (5% switch, 5% hub, 5% both)",400,2,"radial, 4-24",hub,1.0,0.0,50
"mixed (5% switch, 5% hub, 5% both)",400,2,"radial, 4-24",both,0.9999529411764706,0.0,50
"mixed (5% switch, 5% hub, 5% both)",400,2,"radial, 4-24",both vs all others,0.9769473684210527,,50
"mixed (5% switch, 5% hub, 5% both)",400,2,"radial, 4-24",none (false calls),,0.0,850
"mixed (5% switch, 5% hub, 5% both)",400,2,"euclidean, 4-24",switch,0.8242117647058823,0.0,50
"mixed (5% switch, 5% hub, 5% both)",400,2,"euclidean, 4-24",hub,0.9841647058823529,0.0,50
"mixed (5% switch, 5% hub, 5% both)",400,2,"euclidean, 4-24",both,0.9883764705882353,0.0,50
"mixed (5% switch, 5% hub, 5% both)",400,2,"euclidean, 4-24",both vs all others,0.9607368421052631,,50
"mixed (5% switch, 5% hub, 5% both)",400,2,"euclidean, 4-24",none (false calls),,0.0,850
"mixed (5% switch, 5% hub, 5% both)",400,2,"radial + cosine, 4-24",switch,0.926564705882353,12.0,50
"mixed (5% switch, 5% hub, 5% both)",400,2,"radial + cosine, 4-24",hub,0.9762117647058823,0.0,50
"mixed (5% switch, 5% hub, 5% both)",400,2,"radial + cosine, 4-24",both,1.0,50.0,50
"mixed (5% switch, 5% hub, 5% both)",400,2,"radial + cosine, 4-24",both vs all others,0.9933894736842105,,50
"mixed (5% switch, 5% hub, 5% both)",400,2,"radial + cosine, 4-24",none (false calls),,0.0,850
"mixed (5% switch, 5% hub, 5% both)",400,2,"cosine, d=8 (true rank)",switch,1.0,50.0,50
"mixed (5% switch, 5% hub, 5% both)",400,2,"cosine, d=8 (true rank)",hub,0.9737411764705882,18.0,50
"mixed (5% switch, 5% hub, 5% both)",400,2,"cosine, d=8 (true rank)",both,1.0,50.0,50
"mixed (5% switch, 5% hub, 5% both)",400,2,"cosine, d=8 (true rank)",both vs all others,0.9894736842105263,,50
"mixed (5% switch, 5% hub, 5% both)",400,2,"cosine, d=8 (true rank)",none (false calls),,0.0,850
"mixed (5% switch, 5% hub, 5% both)",400,2,"radial, d=8 (true rank)",switch,0.5466588235294118,0.0,50
"mixed (5% switch, 5% hub, 5% both)",400,2,"radial, d=8 (true rank)",hub,0.9889882352941176,0.0,50
"mixed (5% switch, 5% hub, 5% both)",400,2,"radial, d=8 (true rank)",both,0.9888,0.0,50
"mixed (5% switch, 5% hub, 5% both)",400,2,"radial, d=8 (true rank)",both vs all others,0.9597052631578947,,50
"mixed (5% switch, 5% hub, 5% both)",400,2,"radial, d=8 (true rank)",none (false calls),,0.0,850
"mixed (5% switch, 5% hub, 5% both)",400,2,degree difference,switch,0.5571294117647059,0.0,50
"mixed (5% switch, 5% hub, 5% both)",400,2,degree difference,hub,0.9999294117647058,0.0,50
"mixed (5% switch, 5% hub, 5% both)",400,2,degree difference,both,0.9999764705882352,0.0,50
"mixed (5% switch, 5% hub, 5% both)",400,2,degree difference,both vs all others,0.9771578947368421,,50
"mixed (5% switch, 5% hub, 5% both)",400,2,degree difference,none (false calls),,0.0,850
"mixed (5% switch, 5% hub, 5% both)",400,2,"overlap: min(cosine, radial)",switch,0.7280235294117647,0.0,50
"mixed (5% switch, 5% hub, 5% both)",400,2,"overlap: min(cosine, radial)",hub,0.8068941176470589,0.0,50
"mixed (5% switch, 5% hub, 5% both)",400,2,"overlap: min(cosine, radial)",both,0.9999529411764706,0.0,50
"mixed (5% switch, 5% hub, 5% both)",400,2,"overlap: min(cosine, radial)",both vs all others,0.9999368421052631,,50
"mixed (5% switch, 5% hub, 5% both)",400,2,"overlap: min(cosine, radial)",none (false calls),,0.0,850
"mixed (5% switch, 5% hub, 5% both)",400,2,"max(euclidean, cosine)",switch,0.9984235294117647,40.0,50
"mixed (5% switch, 5% hub, 5% both)",400,2,"max(euclidean, cosine)",hub,0.9823529411764705,0.0,50
"mixed (5% switch, 5% hub, 5% both)",400,2,"max(euclidean, cosine)",both,1.0,50.0,50
"mixed (5% switch, 5% hub, 5% both)",400,2,"max(euclidean, cosine)",both vs all others,0.9782105263157894,,50
"mixed (5% switch, 5% hub, 5% both)",400,2,"max(euclidean, cosine)",none (false calls),,3.0,850
"mixed (5% switch, 5% hub, 5% both)",400,2,"min(euclidean, cosine)",switch,0.8737647058823529,0.0,50
"mixed (5% switch, 5% hub, 5% both)",400,2,"min(euclidean, cosine)",hub,0.7628705882352941,0.0,50
"mixed (5% switch, 5% hub, 5% both)",400,2,"min(euclidean, cosine)",both,0.9952,0.0,50
"mixed (5% switch, 5% hub, 5% both)",400,2,"min(euclidean, cosine)",both vs all others,0.9843368421052632,,50
"mixed (5% switch, 5% hub, 5% both)",400,2,"min(euclidean, cosine)",none (false calls),,0.0,850
"mixed (5% switch, 5% hub, 5% both)",400,3,"default (euclidean + cosine, 4-24)",switch,0.9866588235294118,26.0,50
"mixed (5% switch, 5% hub, 5% both)",400,3,"default (euclidean + cosine, 4-24)",hub,0.9309647058823529,0.0,50
"mixed (5% switch, 5% hub, 5% both)",400,3,"default (euclidean + cosine, 4-24)",both,0.9997882352941176,49.0,50
"mixed (5% switch, 5% hub, 5% both)",400,3,"default (euclidean + cosine, 4-24)",both vs all others,0.9752421052631579,,50
"mixed (5% switch, 5% hub, 5% both)",400,3,"default (euclidean + cosine, 4-24)",none (false calls),,1.0,850
"mixed (5% switch, 5% hub, 5% both)",400,3,"cosine, 4-24",switch,0.999835294117647,50.0,50
"mixed (5% switch, 5% hub, 5% both)",400,3,"cosine, 4-24",hub,0.7162117647058823,0.0,50
"mixed (5% switch, 5% hub, 5% both)",400,3,"cosine, 4-24",both,1.0,50.0,50
"mixed (5% switch, 5% hub, 5% both)",400,3,"cosine, 4-24",both vs all others,0.9763157894736842,,50
"mixed (5% switch, 5% hub, 5% both)",400,3,"cosine, 4-24",none (false calls),,4.0,850
"mixed (5% switch, 5% hub, 5% both)",400,3,"radial, 4-24",switch,0.558635294117647,0.0,50
"mixed (5% switch, 5% hub, 5% both)",400,3,"radial, 4-24",hub,0.9988470588235294,0.0,50
"mixed (5% switch, 5% hub, 5% both)",400,3,"radial, 4-24",both,0.997835294117647,0.0,50
"mixed (5% switch, 5% hub, 5% both)",400,3,"radial, 4-24",both vs all others,0.9701473684210526,,50
"mixed (5% switch, 5% hub, 5% both)",400,3,"radial, 4-24",none (false calls),,0.0,850
"mixed (5% switch, 5% hub, 5% both)",400,3,"euclidean, 4-24",switch,0.8724470588235295,0.0,50
"mixed (5% switch, 5% hub, 5% both)",400,3,"euclidean, 4-24",hub,0.9825647058823529,0.0,50
"mixed (5% switch, 5% hub, 5% both)",400,3,"euclidean, 4-24",both,0.9866588235294118,0.0,50
"mixed (5% switch, 5% hub, 5% both)",400,3,"euclidean, 4-24",both vs all others,0.9602105263157895,,50
"mixed (5% switch, 5% hub, 5% both)",400,3,"euclidean, 4-24",none (false calls),,0.0,850
"mixed (5% switch, 5% hub, 5% both)",400,3,"radial + cosine, 4-24",switch,0.9463294117647059,13.0,50
"mixed (5% switch, 5% hub, 5% both)",400,3,"radial + cosine, 4-24",hub,0.9683058823529411,0.0,50
"mixed (5% switch, 5% hub, 5% both)",400,3,"radial + cosine, 4-24",both,1.0,50.0,50
"mixed (5% switch, 5% hub, 5% both)",400,3,"radial + cosine, 4-24",both vs all others,0.9930736842105263,,50
"mixed (5% switch, 5% hub, 5% both)",400,3,"radial + cosine, 4-24",none (false calls),,0.0,850
"mixed (5% switch, 5% hub, 5% both)",400,3,"cosine, d=8 (true rank)",switch,1.0,50.0,50
"mixed (5% switch, 5% hub, 5% both)",400,3,"cosine, d=8 (true rank)",hub,0.9388705882352941,0.0,50
"mixed (5% switch, 5% hub, 5% both)",400,3,"cosine, d=8 (true rank)",both,1.0,50.0,50
"mixed (5% switch, 5% hub, 5% both)",400,3,"cosine, d=8 (true rank)",both vs all others,0.9820421052631579,,50
"mixed (5% switch, 5% hub, 5% both)",400,3,"cosine, d=8 (true rank)",none (false calls),,0.0,850
"mixed (5% switch, 5% hub, 5% both)",400,3,"radial, d=8 (true rank)",switch,0.5076705882352941,0.0,50
"mixed (5% switch, 5% hub, 5% both)",400,3,"radial, d=8 (true rank)",hub,0.9906117647058823,0.0,50
"mixed (5% switch, 5% hub, 5% both)",400,3,"radial, d=8 (true rank)",both,0.9909882352941176,0.0,50
"mixed (5% switch, 5% hub, 5% both)",400,3,"radial, d=8 (true rank)",both vs all others,0.9649894736842105,,50
"mixed (5% switch, 5% hub, 5% both)",400,3,"radial, d=8 (true rank)",none (false calls),,0.0,850
"mixed (5% switch, 5% hub, 5% both)",400,3,degree difference,switch,0.6229176470588236,0.0,50
"mixed (5% switch, 5% hub, 5% both)",400,3,degree difference,hub,0.9999764705882352,0.0,50
"mixed (5% switch, 5% hub, 5% both)",400,3,degree difference,both,0.9998117647058824,0.0,50
"mixed (5% switch, 5% hub, 5% both)",400,3,degree difference,both vs all others,0.9744,,50
"mixed (5% switch, 5% hub, 5% both)",400,3,degree difference,none (false calls),,0.0,850
"mixed (5% switch, 5% hub, 5% both)",400,3,"overlap: min(cosine, radial)",switch,0.7111764705882353,0.0,50
"mixed (5% switch, 5% hub, 5% both)",400,3,"overlap: min(cosine, radial)",hub,0.8354117647058823,0.0,50
"mixed (5% switch, 5% hub, 5% both)",400,3,"overlap: min(cosine, radial)",both,0.9997647058823529,0.0,50
"mixed (5% switch, 5% hub, 5% both)",400,3,"overlap: min(cosine, radial)",both vs all others,0.9997894736842106,,50
"mixed (5% switch, 5% hub, 5% both)",400,3,"overlap: min(cosine, radial)",none (false calls),,0.0,850
"mixed (5% switch, 5% hub, 5% both)",400,3,"max(euclidean, cosine)",switch,0.9997647058823529,50.0,50
"mixed (5% switch, 5% hub, 5% both)",400,3,"max(euclidean, cosine)",hub,0.9754588235294117,0.0,50
"mixed (5% switch, 5% hub, 5% both)",400,3,"max(euclidean, cosine)",both,1.0,50.0,50
"mixed (5% switch, 5% hub, 5% both)",400,3,"max(euclidean, cosine)",both vs all others,0.9763157894736842,,50
"mixed (5% switch, 5% hub, 5% both)",400,3,"max(euclidean, cosine)",none (false calls),,8.0,850
"mixed (5% switch, 5% hub, 5% both)",400,3,"min(euclidean, cosine)",switch,0.9203058823529412,0.0,50
"mixed (5% switch, 5% hub, 5% both)",400,3,"min(euclidean, cosine)",hub,0.7906823529411765,0.0,50
"mixed (5% switch, 5% hub, 5% both)",400,3,"min(euclidean, cosine)",both,0.9961882352941176,0.0,50
"mixed (5% switch, 5% hub, 5% both)",400,3,"min(euclidean, cosine)",both vs all others,0.9888842105263158,,50
"mixed (5% switch, 5% hub, 5% both)",400,3,"min(euclidean, cosine)",none (false calls),,0.0,850
"mixed (5% switch, 5% hub, 5% both)",400,4,"default (euclidean + cosine, 4-24)",switch,0.9679764705882353,6.0,50
"mixed (5% switch, 5% hub, 5% both)",400,4,"default (euclidean + cosine, 4-24)",hub,0.9274588235294118,0.0,50
"mixed (5% switch, 5% hub, 5% both)",400,4,"default (euclidean + cosine, 4-24)",both,0.9995058823529411,0.0,50
"mixed (5% switch, 5% hub, 5% both)",400,4,"default (euclidean + cosine, 4-24)",both vs all others,0.9756631578947368,,50
"mixed (5% switch, 5% hub, 5% both)",400,4,"default (euclidean + cosine, 4-24)",none (false calls),,0.0,850
"mixed (5% switch, 5% hub, 5% both)",400,4,"cosine, 4-24",switch,0.9986352941176471,36.0,50
"mixed (5% switch, 5% hub, 5% both)",400,4,"cosine, 4-24",hub,0.6947058823529412,0.0,50
"mixed (5% switch, 5% hub, 5% both)",400,4,"cosine, 4-24",both,1.0,50.0,50
"mixed (5% switch, 5% hub, 5% both)",400,4,"cosine, 4-24",both vs all others,0.9732842105263158,,50
"mixed (5% switch, 5% hub, 5% both)",400,4,"cosine, 4-24",none (false calls),,0.0,850
"mixed (5% switch, 5% hub, 5% both)",400,4,"radial, 4-24",switch,0.5150823529411764,0.0,50
"mixed (5% switch, 5% hub, 5% both)",400,4,"radial, 4-24",hub,0.9948470588235294,0.0,50
"mixed (5% switch, 5% hub, 5% both)",400,4,"radial, 4-24",both,0.9946117647058823,0.0,50
"mixed (5% switch, 5% hub, 5% both)",400,4,"radial, 4-24",both vs all others,0.9743578947368421,,50
"mixed (5% switch, 5% hub, 5% both)",400,4,"radial, 4-24",none (false calls),,0.0,850
"mixed (5% switch, 5% hub, 5% both)",400,4,"euclidean, 4-24",switch,0.8000941176470588,0.0,50
"mixed (5% switch, 5% hub, 5% both)",400,4,"euclidean, 4-24",hub,0.9767529411764706,0.0,50
"mixed (5% switch, 5% hub, 5% both)",400,4,"euclidean, 4-24",both,0.9829176470588236,0.0,50
"mixed (5% switch, 5% hub, 5% both)",400,4,"euclidean, 4-24",both vs all others,0.9622947368421053,,50
"mixed (5% switch, 5% hub, 5% both)",400,4,"euclidean, 4-24",none (false calls),,0.0,850
"mixed (5% switch, 5% hub, 5% both)",400,4,"radial + cosine, 4-24",switch,0.9157411764705883,6.0,50
"mixed (5% switch, 5% hub, 5% both)",400,4,"radial + cosine, 4-24",hub,0.9664470588235294,0.0,50
"mixed (5% switch, 5% hub, 5% both)",400,4,"radial + cosine, 4-24",both,1.0,43.0,50
"mixed (5% switch, 5% hub, 5% both)",400,4,"radial + cosine, 4-24",both vs all others,0.9939368421052631,,50
"mixed (5% switch, 5% hub, 5% both)",400,4,"radial + cosine, 4-24",none (false calls),,0.0,850
"mixed (5% switch, 5% hub, 5% both)",400,4,"cosine, d=8 (true rank)",switch,1.0,50.0,50
"mixed (5% switch, 5% hub, 5% both)",400,4,"cosine, d=8 (true rank)",hub,0.9632705882352941,1.0,50
"mixed (5% switch, 5% hub, 5% both)",400,4,"cosine, d=8 (true rank)",both,1.0,50.0,50
"mixed (5% switch, 5% hub, 5% both)",400,4,"cosine, d=8 (true rank)",both vs all others,0.9862526315789474,,50
"mixed (5% switch, 5% hub, 5% both)",400,4,"cosine, d=8 (true rank)",none (false calls),,0.0,850
"mixed (5% switch, 5% hub, 5% both)",400,4,"radial, d=8 (true rank)",switch,0.4662352941176471,0.0,50
"mixed (5% switch, 5% hub, 5% both)",400,4,"radial, d=8 (true rank)",hub,0.9813647058823529,0.0,50
"mixed (5% switch, 5% hub, 5% both)",400,4,"radial, d=8 (true rank)",both,0.9821882352941177,0.0,50
"mixed (5% switch, 5% hub, 5% both)",400,4,"radial, d=8 (true rank)",both vs all others,0.964421052631579,,50
"mixed (5% switch, 5% hub, 5% both)",400,4,"radial, d=8 (true rank)",none (false calls),,0.0,850
"mixed (5% switch, 5% hub, 5% both)",400,4,degree difference,switch,0.5868,0.0,50
"mixed (5% switch, 5% hub, 5% both)",400,4,degree difference,hub,0.9999764705882352,0.0,50
"mixed (5% switch, 5% hub, 5% both)",400,4,degree difference,both,1.0,0.0,50
"mixed (5% switch, 5% hub, 5% both)",400,4,degree difference,both vs all others,0.9749684210526316,,50
"mixed (5% switch, 5% hub, 5% both)",400,4,degree difference,none (false calls),,0.0,850
"mixed (5% switch, 5% hub, 5% both)",400,4,"overlap: min(cosine, radial)",switch,0.6693882352941176,0.0,50
"mixed (5% switch, 5% hub, 5% both)",400,4,"overlap: min(cosine, radial)",hub,0.8421411764705883,0.0,50
"mixed (5% switch, 5% hub, 5% both)",400,4,"overlap: min(cosine, radial)",both,0.9993647058823529,0.0,50
"mixed (5% switch, 5% hub, 5% both)",400,4,"overlap: min(cosine, radial)",both vs all others,0.9994105263157895,,50
"mixed (5% switch, 5% hub, 5% both)",400,4,"overlap: min(cosine, radial)",none (false calls),,0.0,850
"mixed (5% switch, 5% hub, 5% both)",400,4,"max(euclidean, cosine)",switch,0.9958823529411764,36.0,50
"mixed (5% switch, 5% hub, 5% both)",400,4,"max(euclidean, cosine)",hub,0.9641176470588235,0.0,50
"mixed (5% switch, 5% hub, 5% both)",400,4,"max(euclidean, cosine)",both,0.9997647058823529,50.0,50
"mixed (5% switch, 5% hub, 5% both)",400,4,"max(euclidean, cosine)",both vs all others,0.9730736842105263,,50
"mixed (5% switch, 5% hub, 5% both)",400,4,"max(euclidean, cosine)",none (false calls),,3.0,850
"mixed (5% switch, 5% hub, 5% both)",400,4,"min(euclidean, cosine)",switch,0.8707529411764706,0.0,50
"mixed (5% switch, 5% hub, 5% both)",400,4,"min(euclidean, cosine)",hub,0.8005176470588236,0.0,50
"mixed (5% switch, 5% hub, 5% both)",400,4,"min(euclidean, cosine)",both,0.9972235294117647,0.0,50
"mixed (5% switch, 5% hub, 5% both)",400,4,"min(euclidean, cosine)",both vs all others,0.989621052631579,,50
"mixed (5% switch, 5% hub, 5% both)",400,4,"min(euclidean, cosine)",none (false calls),,0.0,850
"mixed (5% switch, 5% hub, 5% both)",400,5,"default (euclidean + cosine, 4-24)",switch,0.9668,0.0,50
"mixed (5% switch, 5% hub, 5% both)",400,5,"default (euclidean + cosine, 4-24)",hub,0.9404235294117647,0.0,50
"mixed (5% switch, 5% hub, 5% both)",400,5,"default (euclidean + cosine, 4-24)",both,0.9997411764705882,0.0,50
"mixed (5% switch, 5% hub, 5% both)",400,5,"default (euclidean + cosine, 4-24)",both vs all others,0.9826526315789473,,50
"mixed (5% switch, 5% hub, 5% both)",400,5,"default (euclidean + cosine, 4-24)",none (false calls),,0.0,850
"mixed (5% switch, 5% hub, 5% both)",400,5,"cosine, 4-24",switch,0.9988941176470588,18.0,50
"mixed (5% switch, 5% hub, 5% both)",400,5,"cosine, 4-24",hub,0.7256470588235294,0.0,50
"mixed (5% switch, 5% hub, 5% both)",400,5,"cosine, 4-24",both,1.0,33.0,50
"mixed (5% switch, 5% hub, 5% both)",400,5,"cosine, 4-24",both vs all others,0.9818947368421053,,50
"mixed (5% switch, 5% hub, 5% both)",400,5,"cosine, 4-24",none (false calls),,0.0,850
"mixed (5% switch, 5% hub, 5% both)",400,5,"radial, 4-24",switch,0.4853411764705882,0.0,50
"mixed (5% switch, 5% hub, 5% both)",400,5,"radial, 4-24",hub,0.9997176470588235,0.0,50
"mixed (5% switch, 5% hub, 5% both)",400,5,"radial, 4-24",both,0.9985411764705883,0.0,50
"mixed (5% switch, 5% hub, 5% both)",400,5,"radial, 4-24",both vs all others,0.9637263157894737,,50
"mixed (5% switch, 5% hub, 5% both)",400,5,"radial, 4-24",none (false calls),,0.0,850
"mixed (5% switch, 5% hub, 5% both)",400,5,"euclidean, 4-24",switch,0.8448235294117648,0.0,50
"mixed (5% switch, 5% hub, 5% both)",400,5,"euclidean, 4-24",hub,0.9908235294117647,0.0,50
"mixed (5% switch, 5% hub, 5% both)",400,5,"euclidean, 4-24",both,0.9931764705882353,0.0,50
"mixed (5% switch, 5% hub, 5% both)",400,5,"euclidean, 4-24",both vs all others,0.9690105263157894,,50
"mixed (5% switch, 5% hub, 5% both)",400,5,"euclidean, 4-24",none (false calls),,0.0,850
"mixed (5% switch, 5% hub, 5% both)",400,5,"radial + cosine, 4-24",switch,0.8858823529411765,0.0,50
"mixed (5% switch, 5% hub, 5% both)",400,5,"radial + cosine, 4-24",hub,0.984964705882353,0.0,50
"mixed (5% switch, 5% hub, 5% both)",400,5,"radial + cosine, 4-24",both,0.9999764705882352,0.0,50
"mixed (5% switch, 5% hub, 5% both)",400,5,"radial + cosine, 4-24",both vs all others,0.9991368421052632,,50
"mixed (5% switch, 5% hub, 5% both)",400,5,"radial + cosine, 4-24",none (false calls),,0.0,850
"mixed (5% switch, 5% hub, 5% both)",400,5,"cosine, d=8 (true rank)",switch,1.0,50.0,50
"mixed (5% switch, 5% hub, 5% both)",400,5,"cosine, d=8 (true rank)",hub,0.986964705882353,2.0,50
"mixed (5% switch, 5% hub, 5% both)",400,5,"cosine, d=8 (true rank)",both,1.0,50.0,50
"mixed (5% switch, 5% hub, 5% both)",400,5,"cosine, d=8 (true rank)",both vs all others,0.9926315789473684,,50
"mixed (5% switch, 5% hub, 5% both)",400,5,"cosine, d=8 (true rank)",none (false calls),,0.0,850
"mixed (5% switch, 5% hub, 5% both)",400,5,"radial, d=8 (true rank)",switch,0.45134117647058825,0.0,50
"mixed (5% switch, 5% hub, 5% both)",400,5,"radial, d=8 (true rank)",hub,0.9928235294117647,0.0,50
"mixed (5% switch, 5% hub, 5% both)",400,5,"radial, d=8 (true rank)",both,0.9936,0.0,50
"mixed (5% switch, 5% hub, 5% both)",400,5,"radial, d=8 (true rank)",both vs all others,0.9696842105263158,,50
"mixed (5% switch, 5% hub, 5% both)",400,5,"radial, d=8 (true rank)",none (false calls),,0.0,850
"mixed (5% switch, 5% hub, 5% both)",400,5,degree difference,switch,0.48870588235294116,0.0,50
"mixed (5% switch, 5% hub, 5% both)",400,5,degree difference,hub,1.0,0.0,50
"mixed (5% switch, 5% hub, 5% both)",400,5,degree difference,both,1.0,0.0,50
"mixed (5% switch, 5% hub, 5% both)",400,5,degree difference,both vs all others,0.9694526315789473,,50
"mixed (5% switch, 5% hub, 5% both)",400,5,degree difference,none (false calls),,0.0,850
"mixed (5% switch, 5% hub, 5% both)",400,5,"overlap: min(cosine, radial)",switch,0.6332235294117647,0.0,50
"mixed (5% switch, 5% hub, 5% both)",400,5,"overlap: min(cosine, radial)",hub,0.8499058823529412,0.0,50
"mixed (5% switch, 5% hub, 5% both)",400,5,"overlap: min(cosine, radial)",both,0.9998117647058824,0.0,50
"mixed (5% switch, 5% hub, 5% both)",400,5,"overlap: min(cosine, radial)",both vs all others,0.9998105263157895,,50
"mixed (5% switch, 5% hub, 5% both)",400,5,"overlap: min(cosine, radial)",none (false calls),,0.0,850
"mixed (5% switch, 5% hub, 5% both)",400,5,"max(euclidean, cosine)",switch,0.9968941176470588,18.0,50
"mixed (5% switch, 5% hub, 5% both)",400,5,"max(euclidean, cosine)",hub,0.9890823529411765,0.0,50
"mixed (5% switch, 5% hub, 5% both)",400,5,"max(euclidean, cosine)",both,0.9998823529411764,33.0,50
"mixed (5% switch, 5% hub, 5% both)",400,5,"max(euclidean, cosine)",both vs all others,0.9817894736842105,,50
"mixed (5% switch, 5% hub, 5% both)",400,5,"max(euclidean, cosine)",none (false calls),,0.0,850
"mixed (5% switch, 5% hub, 5% both)",400,5,"min(euclidean, cosine)",switch,0.8934117647058823,0.0,50
"mixed (5% switch, 5% hub, 5% both)",400,5,"min(euclidean, cosine)",hub,0.7868705882352941,0.0,50
"mixed (5% switch, 5% hub, 5% both)",400,5,"min(euclidean, cosine)",both,0.9979294117647058,0.0,50
"mixed (5% switch, 5% hub, 5% both)",400,5,"min(euclidean, cosine)",both vs all others,0.9882947368421052,,50
"mixed (5% switch, 5% hub, 5% both)",400,5,"min(euclidean, cosine)",none (false calls),,0.0,850
"mixed (5% switch, 5% hub, 5% both)",400,6,"default (euclidean + cosine, 4-24)",switch,0.9828470588235294,2.0,50
"mixed (5% switch, 5% hub, 5% both)",400,6,"default (euclidean + cosine, 4-24)",hub,0.9150823529411765,0.0,50
"mixed (5% switch, 5% hub, 5% both)",400,6,"default (euclidean + cosine, 4-24)",both,0.9988235294117647,0.0,50
"mixed (5% switch, 5% hub, 5% both)",400,6,"default (euclidean + cosine, 4-24)",both vs all others,0.9705684210526315,,50
"mixed (5% switch, 5% hub, 5% both)",400,6,"default (euclidean + cosine, 4-24)",none (false calls),,0.0,850
"mixed (5% switch, 5% hub, 5% both)",400,6,"cosine, 4-24",switch,0.9993882352941177,33.0,50
"mixed (5% switch, 5% hub, 5% both)",400,6,"cosine, 4-24",hub,0.5986823529411764,0.0,50
"mixed (5% switch, 5% hub, 5% both)",400,6,"cosine, 4-24",both,0.9999764705882352,49.0,50
"mixed (5% switch, 5% hub, 5% both)",400,6,"cosine, 4-24",both vs all others,0.9697684210526316,,50
"mixed (5% switch, 5% hub, 5% both)",400,6,"cosine, 4-24",none (false calls),,1.0,850
"mixed (5% switch, 5% hub, 5% both)",400,6,"radial, 4-24",switch,0.5178352941176471,0.0,50
"mixed (5% switch, 5% hub, 5% both)",400,6,"radial, 4-24",hub,0.9996705882352941,0.0,50
"mixed (5% switch, 5% hub, 5% both)",400,6,"radial, 4-24",both,0.9991058823529412,0.0,50
"mixed (5% switch, 5% hub, 5% both)",400,6,"radial, 4-24",both vs all others,0.9793473684210526,,50
"mixed (5% switch, 5% hub, 5% both)",400,6,"radial, 4-24",none (false calls),,0.0,850
"mixed (5% switch, 5% hub, 5% both)",400,6,"euclidean, 4-24",switch,0.8691058823529412,0.0,50
"mixed (5% switch, 5% hub, 5% both)",400,6,"euclidean, 4-24",hub,0.9888235294117647,0.0,50
"mixed (5% switch, 5% hub, 5% both)",400,6,"euclidean, 4-24",both,0.9939294117647058,0.0,50
"mixed (5% switch, 5% hub, 5% both)",400,6,"euclidean, 4-24",both vs all others,0.9726947368421053,,50
"mixed (5% switch, 5% hub, 5% both)",400,6,"euclidean, 4-24",none (false calls),,0.0,850
"mixed (5% switch, 5% hub, 5% both)",400,6,"radial + cosine, 4-24",switch,0.9496235294117648,4.0,50
"mixed (5% switch, 5% hub, 5% both)",400,6,"radial + cosine, 4-24",hub,0.9720941176470588,0.0,50
"mixed (5% switch, 5% hub, 5% both)",400,6,"radial + cosine, 4-24",both,0.9999294117647058,42.0,50
"mixed (5% switch, 5% hub, 5% both)",400,6,"radial + cosine, 4-24",both vs all others,0.9978736842105264,,50
"mixed (5% switch, 5% hub, 5% both)",400,6,"radial + cosine, 4-24",none (false calls),,0.0,850
"mixed (5% switch, 5% hub, 5% both)",400,6,"cosine, d=8 (true rank)",switch,1.0,50.0,50
"mixed (5% switch, 5% hub, 5% both)",400,6,"cosine, d=8 (true rank)",hub,0.9479294117647059,1.0,50
"mixed (5% switch, 5% hub, 5% both)",400,6,"cosine, d=8 (true rank)",both,1.0,50.0,50
"mixed (5% switch, 5% hub, 5% both)",400,6,"cosine, d=8 (true rank)",both vs all others,0.9810526315789474,,50
"mixed (5% switch, 5% hub, 5% both)",400,6,"cosine, d=8 (true rank)",none (false calls),,0.0,850
"mixed (5% switch, 5% hub, 5% both)",400,6,"radial, d=8 (true rank)",switch,0.4385176470588235,0.0,50
"mixed (5% switch, 5% hub, 5% both)",400,6,"radial, d=8 (true rank)",hub,0.9916235294117647,0.0,50
"mixed (5% switch, 5% hub, 5% both)",400,6,"radial, d=8 (true rank)",both,0.9909882352941176,0.0,50
"mixed (5% switch, 5% hub, 5% both)",400,6,"radial, d=8 (true rank)",both vs all others,0.9608842105263158,,50
"mixed (5% switch, 5% hub, 5% both)",400,6,"radial, d=8 (true rank)",none (false calls),,0.0,850
"mixed (5% switch, 5% hub, 5% both)",400,6,degree difference,switch,0.6607529411764705,0.0,50
"mixed (5% switch, 5% hub, 5% both)",400,6,degree difference,hub,1.0,0.0,50
"mixed (5% switch, 5% hub, 5% both)",400,6,degree difference,both,1.0,0.0,50
"mixed (5% switch, 5% hub, 5% both)",400,6,degree difference,both vs all others,0.9823368421052632,,50
"mixed (5% switch, 5% hub, 5% both)",400,6,degree difference,none (false calls),,0.0,850
"mixed (5% switch, 5% hub, 5% both)",400,6,"overlap: min(cosine, radial)",switch,0.6525647058823529,0.0,50
"mixed (5% switch, 5% hub, 5% both)",400,6,"overlap: min(cosine, radial)",hub,0.7632470588235294,0.0,50
"mixed (5% switch, 5% hub, 5% both)",400,6,"overlap: min(cosine, radial)",both,0.9998117647058824,0.0,50
"mixed (5% switch, 5% hub, 5% both)",400,6,"overlap: min(cosine, radial)",both vs all others,0.9998315789473684,,50
"mixed (5% switch, 5% hub, 5% both)",400,6,"overlap: min(cosine, radial)",none (false calls),,0.0,850
"mixed (5% switch, 5% hub, 5% both)",400,6,"max(euclidean, cosine)",switch,0.999035294117647,33.0,50
"mixed (5% switch, 5% hub, 5% both)",400,6,"max(euclidean, cosine)",hub,0.9844235294117647,0.0,50
"mixed (5% switch, 5% hub, 5% both)",400,6,"max(euclidean, cosine)",both,0.9999058823529412,49.0,50
"mixed (5% switch, 5% hub, 5% both)",400,6,"max(euclidean, cosine)",both vs all others,0.9697052631578947,,50
"mixed (5% switch, 5% hub, 5% both)",400,6,"max(euclidean, cosine)",none (false calls),,1.0,850
"mixed (5% switch, 5% hub, 5% both)",400,6,"min(euclidean, cosine)",switch,0.9104470588235294,0.0,50
"mixed (5% switch, 5% hub, 5% both)",400,6,"min(euclidean, cosine)",hub,0.7019764705882353,0.0,50
"mixed (5% switch, 5% hub, 5% both)",400,6,"min(euclidean, cosine)",both,0.9975294117647059,0.0,50
"mixed (5% switch, 5% hub, 5% both)",400,6,"min(euclidean, cosine)",both vs all others,0.9901263157894736,,50
"mixed (5% switch, 5% hub, 5% both)",400,6,"min(euclidean, cosine)",none (false calls),,0.0,850
"mixed (5% switch, 5% hub, 5% both)",400,7,"default (euclidean + cosine, 4-24)",switch,0.9630588235294117,0.0,50
"mixed (5% switch, 5% hub, 5% both)",400,7,"default (euclidean + cosine, 4-24)",hub,0.9059764705882353,0.0,50
"mixed (5% switch, 5% hub, 5% both)",400,7,"default (euclidean + cosine, 4-24)",both,0.9984,0.0,50
"mixed (5% switch, 5% hub, 5% both)",400,7,"default (euclidean + cosine, 4-24)",both vs all others,0.9706105263157895,,50
"mixed (5% switch, 5% hub, 5% both)",400,7,"default (euclidean + cosine, 4-24)",none (false calls),,0.0,850
"mixed (5% switch, 5% hub, 5% both)",400,7,"cosine, 4-24",switch,0.9981411764705882,34.0,50
"mixed (5% switch, 5% hub, 5% both)",400,7,"cosine, 4-24",hub,0.6562117647058824,0.0,50
"mixed (5% switch, 5% hub, 5% both)",400,7,"cosine, 4-24",both,0.9990117647058824,47.0,50
"mixed (5% switch, 5% hub, 5% both)",400,7,"cosine, 4-24",both vs all others,0.9677263157894737,,50
"mixed (5% switch, 5% hub, 5% both)",400,7,"cosine, 4-24",none (false calls),,1.0,850
"mixed (5% switch, 5% hub, 5% both)",400,7,"radial, 4-24",switch,0.5681647058823529,0.0,50
"mixed (5% switch, 5% hub, 5% both)",400,7,"radial, 4-24",hub,0.9997882352941176,0.0,50
"mixed (5% switch, 5% hub, 5% both)",400,7,"radial, 4-24",both,0.9993882352941177,0.0,50
"mixed (5% switch, 5% hub, 5% both)",400,7,"radial, 4-24",both vs all others,0.9764842105263158,,50
"mixed (5% switch, 5% hub, 5% both)",400,7,"radial, 4-24",none (false calls),,0.0,850
"mixed (5% switch, 5% hub, 5% both)",400,7,"euclidean, 4-24",switch,0.8333411764705883,0.0,50
"mixed (5% switch, 5% hub, 5% both)",400,7,"euclidean, 4-24",hub,0.9808235294117648,0.0,50
"mixed (5% switch, 5% hub, 5% both)",400,7,"euclidean, 4-24",both,0.9852,0.0,50
"mixed (5% switch, 5% hub, 5% both)",400,7,"euclidean, 4-24",both vs all others,0.9577894736842105,,50
"mixed (5% switch, 5% hub, 5% both)",400,7,"euclidean, 4-24",none (false calls),,0.0,850
"mixed (5% switch, 5% hub, 5% both)",400,7,"radial + cosine, 4-24",switch,0.9252470588235294,1.0,50
"mixed (5% switch, 5% hub, 5% both)",400,7,"radial + cosine, 4-24",hub,0.9745647058823529,0.0,50
"mixed (5% switch, 5% hub, 5% both)",400,7,"radial + cosine, 4-24",both,1.0,40.0,50
"mixed (5% switch, 5% hub, 5% both)",400,7,"radial + cosine, 4-24",both vs all others,0.9992842105263158,,50
"mixed (5% switch, 5% hub, 5% both)",400,7,"radial + cosine, 4-24",none (false calls),,0.0,850
"mixed (5% switch, 5% hub, 5% both)",400,7,"cosine, d=8 (true rank)",switch,1.0,50.0,50
"mixed (5% switch, 5% hub, 5% both)",400,7,"cosine, d=8 (true rank)",hub,0.9336705882352941,0.0,50
"mixed (5% switch, 5% hub, 5% both)",400,7,"cosine, d=8 (true rank)",both,1.0,50.0,50
"mixed (5% switch, 5% hub, 5% both)",400,7,"cosine, d=8 (true rank)",both vs all others,0.9824421052631579,,50
"mixed (5% switch, 5% hub, 5% both)",400,7,"cosine, d=8 (true rank)",none (false calls),,0.0,850
"mixed (5% switch, 5% hub, 5% both)",400,7,"radial, d=8 (true rank)",switch,0.4907764705882353,0.0,50
"mixed (5% switch, 5% hub, 5% both)",400,7,"radial, d=8 (true rank)",hub,0.9973176470588235,0.0,50
"mixed (5% switch, 5% hub, 5% both)",400,7,"radial, d=8 (true rank)",both,0.9966352941176471,0.0,50
"mixed (5% switch, 5% hub, 5% both)",400,7,"radial, d=8 (true rank)",both vs all others,0.9626736842105263,,50
"mixed (5% switch, 5% hub, 5% both)",400,7,"radial, d=8 (true rank)",none (false calls),,0.0,850
"mixed (5% switch, 5% hub, 5% both)",400,7,degree difference,switch,0.6173882352941177,0.0,50
"mixed (5% switch, 5% hub, 5% both)",400,7,degree difference,hub,1.0,0.0,50
"mixed (5% switch, 5% hub, 5% both)",400,7,degree difference,both,1.0,0.0,50
"mixed (5% switch, 5% hub, 5% both)",400,7,degree difference,both vs all others,0.9739368421052632,,50
"mixed (5% switch, 5% hub, 5% both)",400,7,degree difference,none (false calls),,0.0,850
"mixed (5% switch, 5% hub, 5% both)",400,7,"overlap: min(cosine, radial)",switch,0.7024235294117647,0.0,50
"mixed (5% switch, 5% hub, 5% both)",400,7,"overlap: min(cosine, radial)",hub,0.7951764705882353,0.0,50
"mixed (5% switch, 5% hub, 5% both)",400,7,"overlap: min(cosine, radial)",both,0.9999529411764706,0.0,50
"mixed (5% switch, 5% hub, 5% both)",400,7,"overlap: min(cosine, radial)",both vs all others,0.9999578947368422,,50
"mixed (5% switch, 5% hub, 5% both)",400,7,"overlap: min(cosine, radial)",none (false calls),,0.0,850
"mixed (5% switch, 5% hub, 5% both)",400,7,"max(euclidean, cosine)",switch,0.9962823529411765,34.0,50
"mixed (5% switch, 5% hub, 5% both)",400,7,"max(euclidean, cosine)",hub,0.9745647058823529,0.0,50
"mixed (5% switch, 5% hub, 5% both)",400,7,"max(euclidean, cosine)",both,0.9989882352941176,47.0,50
"mixed (5% switch, 5% hub, 5% both)",400,7,"max(euclidean, cosine)",both vs all others,0.9677052631578947,,50
"mixed (5% switch, 5% hub, 5% both)",400,7,"max(euclidean, cosine)",none (false calls),,1.0,850
"mixed (5% switch, 5% hub, 5% both)",400,7,"min(euclidean, cosine)",switch,0.8752705882352941,0.0,50
"mixed (5% switch, 5% hub, 5% both)",400,7,"min(euclidean, cosine)",hub,0.7324,0.0,50
"mixed (5% switch, 5% hub, 5% both)",400,7,"min(euclidean, cosine)",both,0.9949411764705882,0.0,50
"mixed (5% switch, 5% hub, 5% both)",400,7,"min(euclidean, cosine)",both vs all others,0.9816421052631579,,50
"mixed (5% switch, 5% hub, 5% both)",400,7,"min(euclidean, cosine)",none (false calls),,0.0,850
module switches only (10%),150,0,"default (euclidean + cosine, 4-24)",switch,0.9914888888888889,56.0,100
module switches only (10%),150,0,"default (euclidean + cosine, 4-24)",none (false calls),,2.0,900
module switches only (10%),150,0,"cosine, 4-24",switch,0.9991555555555556,96.0,100
module switches only (10%),150,0,"cosine, 4-24",none (false calls),,3.0,900
module switches only (10%),150,0,"radial, 4-24",switch,0.5462888888888889,0.0,100
module switches only (10%),150,0,"radial, 4-24",none (false calls),,0.0,900
module switches only (10%),150,0,"euclidean, 4-24",switch,0.8848222222222222,0.0,100
module switches only (10%),150,0,"euclidean, 4-24",none (false calls),,0.0,900
module switches only (10%),150,0,"radial + cosine, 4-24",switch,0.9290888888888889,23.0,100
module switches only (10%),150,0,"radial + cosine, 4-24",none (false calls),,0.0,900
module switches only (10%),150,0,"cosine, d=8 (true rank)",switch,0.9990777777777777,54.0,100
module switches only (10%),150,0,"cosine, d=8 (true rank)",none (false calls),,0.0,900
module switches only (10%),150,0,"radial, d=8 (true rank)",switch,0.5001111111111111,0.0,100
module switches only (10%),150,0,"radial, d=8 (true rank)",none (false calls),,0.0,900
module switches only (10%),150,0,degree difference,switch,0.5895555555555556,0.0,100
module switches only (10%),150,0,degree difference,none (false calls),,0.0,900
module switches only (10%),150,0,"overlap: min(cosine, radial)",switch,0.6797222222222222,0.0,100
module switches only (10%),150,0,"overlap: min(cosine, radial)",none (false calls),,0.0,900
module switches only (10%),150,0,"max(euclidean, cosine)",switch,0.9987777777777778,96.0,100
module switches only (10%),150,0,"max(euclidean, cosine)",none (false calls),,4.0,900
module switches only (10%),150,0,"min(euclidean, cosine)",switch,0.9263111111111111,0.0,100
module switches only (10%),150,0,"min(euclidean, cosine)",none (false calls),,0.0,900
module switches only (10%),150,1,"default (euclidean + cosine, 4-24)",switch,0.9818111111111111,54.0,100
module switches only (10%),150,1,"default (euclidean + cosine, 4-24)",none (false calls),,6.0,900
module switches only (10%),150,1,"cosine, 4-24",switch,0.9983222222222222,91.0,100
module switches only (10%),150,1,"cosine, 4-24",none (false calls),,6.0,900
module switches only (10%),150,1,"radial, 4-24",switch,0.5791666666666667,0.0,100
module switches only (10%),150,1,"radial, 4-24",none (false calls),,0.0,900
module switches only (10%),150,1,"euclidean, 4-24",switch,0.8743,0.0,100
module switches only (10%),150,1,"euclidean, 4-24",none (false calls),,0.0,900
module switches only (10%),150,1,"radial + cosine, 4-24",switch,0.9465222222222223,21.0,100
module switches only (10%),150,1,"radial + cosine, 4-24",none (false calls),,0.0,900
module switches only (10%),150,1,"cosine, d=8 (true rank)",switch,0.9979777777777777,64.0,100
module switches only (10%),150,1,"cosine, d=8 (true rank)",none (false calls),,0.0,900
module switches only (10%),150,1,"radial, d=8 (true rank)",switch,0.5502666666666667,0.0,100
module switches only (10%),150,1,"radial, d=8 (true rank)",none (false calls),,0.0,900
module switches only (10%),150,1,degree difference,switch,0.6208,0.0,100
module switches only (10%),150,1,degree difference,none (false calls),,0.0,900
module switches only (10%),150,1,"overlap: min(cosine, radial)",switch,0.7219333333333333,0.0,100
module switches only (10%),150,1,"overlap: min(cosine, radial)",none (false calls),,0.0,900
module switches only (10%),150,1,"max(euclidean, cosine)",switch,0.9964111111111111,91.0,100
module switches only (10%),150,1,"max(euclidean, cosine)",none (false calls),,10.0,900
module switches only (10%),150,1,"min(euclidean, cosine)",switch,0.9228555555555555,0.0,100
module switches only (10%),150,1,"min(euclidean, cosine)",none (false calls),,0.0,900
module switches only (10%),150,2,"default (euclidean + cosine, 4-24)",switch,0.9846333333333334,38.0,100
module switches only (10%),150,2,"default (euclidean + cosine, 4-24)",none (false calls),,0.0,900
module switches only (10%),150,2,"cosine, 4-24",switch,0.9988888888888889,68.0,100
module switches only (10%),150,2,"cosine, 4-24",none (false calls),,0.0,900
module switches only (10%),150,2,"radial, 4-24",switch,0.5492444444444444,0.0,100
module switches only (10%),150,2,"radial, 4-24",none (false calls),,0.0,900
module switches only (10%),150,2,"euclidean, 4-24",switch,0.8457555555555556,0.0,100
module switches only (10%),150,2,"euclidean, 4-24",none (false calls),,0.0,900
module switches only (10%),150,2,"radial + cosine, 4-24",switch,0.9329666666666667,16.0,100
module switches only (10%),150,2,"radial + cosine, 4-24",none (false calls),,0.0,900
module switches only (10%),150,2,"cosine, d=8 (true rank)",switch,0.9995555555555555,67.0,100
module switches only (10%),150,2,"cosine, d=8 (true rank)",none (false calls),,0.0,900
module switches only (10%),150,2,"radial, d=8 (true rank)",switch,0.4838,0.0,100
module switches only (10%),150,2,"radial, d=8 (true rank)",none (false calls),,0.0,900
module switches only (10%),150,2,degree difference,switch,0.5987222222222223,0.0,100
module switches only (10%),150,2,degree difference,none (false calls),,0.0,900
module switches only (10%),150,2,"overlap: min(cosine, radial)",switch,0.7165333333333334,0.0,100
module switches only (10%),150,2,"overlap: min(cosine, radial)",none (false calls),,0.0,900
module switches only (10%),150,2,"max(euclidean, cosine)",switch,0.9979111111111111,68.0,100
module switches only (10%),150,2,"max(euclidean, cosine)",none (false calls),,0.0,900
module switches only (10%),150,2,"min(euclidean, cosine)",switch,0.9124111111111111,0.0,100
module switches only (10%),150,2,"min(euclidean, cosine)",none (false calls),,0.0,900
module switches only (10%),150,3,"default (euclidean + cosine, 4-24)",switch,0.9861,45.0,100
module switches only (10%),150,3,"default (euclidean + cosine, 4-24)",none (false calls),,1.0,900
module switches only (10%),150,3,"cosine, 4-24",switch,0.9987555555555555,58.0,100
module switches only (10%),150,3,"cosine, 4-24",none (false calls),,0.0,900
module switches only (10%),150,3,"radial, 4-24",switch,0.555,0.0,100
module switches only (10%),150,3,"radial, 4-24",none (false calls),,0.0,900
module switches only (10%),150,3,"euclidean, 4-24",switch,0.8808,0.0,100
module switches only (10%),150,3,"euclidean, 4-24",none (false calls),,0.0,900
module switches only (10%),150,3,"radial + cosine, 4-24",switch,0.9309111111111111,10.0,100
module switches only (10%),150,3,"radial + cosine, 4-24",none (false calls),,0.0,900
module switches only (10%),150,3,"cosine, d=8 (true rank)",switch,0.9989222222222223,60.0,100
module switches only (10%),150,3,"cosine, d=8 (true rank)",none (false calls),,0.0,900
module switches only (10%),150,3,"radial, d=8 (true rank)",switch,0.5015666666666667,0.0,100
module switches only (10%),150,3,"radial, d=8 (true rank)",none (false calls),,0.0,900
module switches only (10%),150,3,degree difference,switch,0.5601777777777778,0.0,100
module switches only (10%),150,3,degree difference,none (false calls),,0.0,900
module switches only (10%),150,3,"overlap: min(cosine, radial)",switch,0.6748,0.0,100
module switches only (10%),150,3,"overlap: min(cosine, radial)",none (false calls),,0.0,900
module switches only (10%),150,3,"max(euclidean, cosine)",switch,0.9967222222222222,58.0,100
module switches only (10%),150,3,"max(euclidean, cosine)",none (false calls),,1.0,900
module switches only (10%),150,3,"min(euclidean, cosine)",switch,0.9321888888888888,0.0,100
module switches only (10%),150,3,"min(euclidean, cosine)",none (false calls),,0.0,900
module switches only (10%),150,4,"default (euclidean + cosine, 4-24)",switch,0.9854666666666667,49.0,100
module switches only (10%),150,4,"default (euclidean + cosine, 4-24)",none (false calls),,2.0,900
module switches only (10%),150,4,"cosine, 4-24",switch,0.9996222222222222,96.0,100
module switches only (10%),150,4,"cosine, 4-24",none (false calls),,5.0,900
module switches only (10%),150,4,"radial, 4-24",switch,0.5401,0.0,100
module switches only (10%),150,4,"radial, 4-24",none (false calls),,0.0,900
module switches only (10%),150,4,"euclidean, 4-24",switch,0.8424666666666667,0.0,100
module switches only (10%),150,4,"euclidean, 4-24",none (false calls),,0.0,900
module switches only (10%),150,4,"radial + cosine, 4-24",switch,0.9250888888888888,10.0,100
module switches only (10%),150,4,"radial + cosine, 4-24",none (false calls),,0.0,900
module switches only (10%),150,4,"cosine, d=8 (true rank)",switch,0.9994444444444445,61.0,100
module switches only (10%),150,4,"cosine, d=8 (true rank)",none (false calls),,0.0,900
module switches only (10%),150,4,"radial, d=8 (true rank)",switch,0.4891111111111111,0.0,100
module switches only (10%),150,4,"radial, d=8 (true rank)",none (false calls),,0.0,900
module switches only (10%),150,4,degree difference,switch,0.5753888888888888,0.0,100
module switches only (10%),150,4,degree difference,none (false calls),,0.0,900
module switches only (10%),150,4,"overlap: min(cosine, radial)",switch,0.6813777777777777,0.0,100
module switches only (10%),150,4,"overlap: min(cosine, radial)",none (false calls),,0.0,900
module switches only (10%),150,4,"max(euclidean, cosine)",switch,0.9992777777777778,96.0,100
module switches only (10%),150,4,"max(euclidean, cosine)",none (false calls),,8.0,900
module switches only (10%),150,4,"min(euclidean, cosine)",switch,0.9007333333333334,0.0,100
module switches only (10%),150,4,"min(euclidean, cosine)",none (false calls),,0.0,900
module switches only (10%),150,5,"default (euclidean + cosine, 4-24)",switch,0.9736111111111111,33.0,100
module switches only (10%),150,5,"default (euclidean + cosine, 4-24)",none (false calls),,0.0,900
module switches only (10%),150,5,"cosine, 4-24",switch,0.9983,44.0,100
module switches only (10%),150,5,"cosine, 4-24",none (false calls),,0.0,900
module switches only (10%),150,5,"radial, 4-24",switch,0.5670444444444445,0.0,100
module switches only (10%),150,5,"radial, 4-24",none (false calls),,0.0,900
module switches only (10%),150,5,"euclidean, 4-24",switch,0.8401222222222222,0.0,100
module switches only (10%),150,5,"euclidean, 4-24",none (false calls),,0.0,900
module switches only (10%),150,5,"radial + cosine, 4-24",switch,0.9225,5.0,100
module switches only (10%),150,5,"radial + cosine, 4-24",none (false calls),,0.0,900
module switches only (10%),150,5,"cosine, d=8 (true rank)",switch,0.9994111111111111,56.0,100
module switches only (10%),150,5,"cosine, d=8 (true rank)",none (false calls),,0.0,900
module switches only (10%),150,5,"radial, d=8 (true rank)",switch,0.5041111111111111,0.0,100
module switches only (10%),150,5,"radial, d=8 (true rank)",none (false calls),,0.0,900
module switches only (10%),150,5,degree difference,switch,0.6374444444444445,0.0,100
module switches only (10%),150,5,degree difference,none (false calls),,0.0,900
module switches only (10%),150,5,"overlap: min(cosine, radial)",switch,0.7116666666666667,0.0,100
module switches only (10%),150,5,"overlap: min(cosine, radial)",none (false calls),,0.0,900
module switches only (10%),150,5,"max(euclidean, cosine)",switch,0.9945555555555555,44.0,100
module switches only (10%),150,5,"max(euclidean, cosine)",none (false calls),,0.0,900
module switches only (10%),150,5,"min(euclidean, cosine)",switch,0.9027444444444445,0.0,100
module switches only (10%),150,5,"min(euclidean, cosine)",none (false calls),,0.0,900
module switches only (10%),150,6,"default (euclidean + cosine, 4-24)",switch,0.9888555555555556,47.0,100
module switches only (10%),150,6,"default (euclidean + cosine, 4-24)",none (false calls),,0.0,900
module switches only (10%),150,6,"cosine, 4-24",switch,0.9995777777777778,98.0,100
module switches only (10%),150,6,"cosine, 4-24",none (false calls),,3.0,900
module switches only (10%),150,6,"radial, 4-24",switch,0.5664777777777777,0.0,100
module switches only (10%),150,6,"radial, 4-24",none (false calls),,0.0,900
module switches only (10%),150,6,"euclidean, 4-24",switch,0.8824555555555555,0.0,100
module switches only (10%),150,6,"euclidean, 4-24",none (false calls),,0.0,900
module switches only (10%),150,6,"radial + cosine, 4-24",switch,0.9307333333333333,19.0,100
module switches only (10%),150,6,"radial + cosine, 4-24",none (false calls),,0.0,900
module switches only (10%),150,6,"cosine, d=8 (true rank)",switch,0.9985666666666667,62.0,100
module switches only (10%),150,6,"cosine, d=8 (true rank)",none (false calls),,2.0,900
module switches only (10%),150,6,"radial, d=8 (true rank)",switch,0.5263666666666666,0.0,100
module switches only (10%),150,6,"radial, d=8 (true rank)",none (false calls),,0.0,900
module switches only (10%),150,6,degree difference,switch,0.5364222222222222,0.0,100
module switches only (10%),150,6,degree difference,none (false calls),,0.0,900
module switches only (10%),150,6,"overlap: min(cosine, radial)",switch,0.6909666666666666,0.0,100
module switches only (10%),150,6,"overlap: min(cosine, radial)",none (false calls),,0.0,900
module switches only (10%),150,6,"max(euclidean, cosine)",switch,0.9993222222222222,98.0,100
module switches only (10%),150,6,"max(euclidean, cosine)",none (false calls),,8.0,900
module switches only (10%),150,6,"min(euclidean, cosine)",switch,0.9203222222222223,0.0,100
module switches only (10%),150,6,"min(euclidean, cosine)",none (false calls),,0.0,900
module switches only (10%),150,7,"default (euclidean + cosine, 4-24)",switch,0.9740555555555556,42.0,100
module switches only (10%),150,7,"default (euclidean + cosine, 4-24)",none (false calls),,0.0,900
module switches only (10%),150,7,"cosine, 4-24",switch,0.9957777777777778,66.0,100
module switches only (10%),150,7,"cosine, 4-24",none (false calls),,2.0,900
module switches only (10%),150,7,"radial, 4-24",switch,0.5131666666666667,0.0,100
module switches only (10%),150,7,"radial, 4-24",none (false calls),,0.0,900
module switches only (10%),150,7,"euclidean, 4-24",switch,0.8627555555555556,0.0,100
module switches only (10%),150,7,"euclidean, 4-24",none (false calls),,0.0,900
module switches only (10%),150,7,"radial + cosine, 4-24",switch,0.8890222222222223,8.0,100
module switches only (10%),150,7,"radial + cosine, 4-24",none (false calls),,0.0,900
module switches only (10%),150,7,"cosine, d=8 (true rank)",switch,0.9993444444444445,51.0,100
module switches only (10%),150,7,"cosine, d=8 (true rank)",none (false calls),,0.0,900
module switches only (10%),150,7,"radial, d=8 (true rank)",switch,0.4643111111111111,0.0,100
module switches only (10%),150,7,"radial, d=8 (true rank)",none (false calls),,0.0,900
module switches only (10%),150,7,degree difference,switch,0.5975555555555555,0.0,100
module switches only (10%),150,7,degree difference,none (false calls),,0.0,900
module switches only (10%),150,7,"overlap: min(cosine, radial)",switch,0.6551777777777777,0.0,100
module switches only (10%),150,7,"overlap: min(cosine, radial)",none (false calls),,0.0,900
module switches only (10%),150,7,"max(euclidean, cosine)",switch,0.9932666666666666,66.0,100
module switches only (10%),150,7,"max(euclidean, cosine)",none (false calls),,2.0,900
module switches only (10%),150,7,"min(euclidean, cosine)",switch,0.9171,0.0,100
module switches only (10%),150,7,"min(euclidean, cosine)",none (false calls),,0.0,900
module switches only (10%),400,0,"default (euclidean + cosine, 4-24)",switch,0.9937555555555555,32.0,100
module switches only (10%),400,0,"default (euclidean + cosine, 4-24)",none (false calls),,0.0,900
module switches only (10%),400,0,"cosine, 4-24",switch,0.9999222222222223,94.0,100
module switches only (10%),400,0,"cosine, 4-24",none (false calls),,0.0,900
module switches only (10%),400,0,"radial, 4-24",switch,0.5304555555555556,0.0,100
module switches only (10%),400,0,"radial, 4-24",none (false calls),,0.0,900
module switches only (10%),400,0,"euclidean, 4-24",switch,0.8356222222222223,0.0,100
module switches only (10%),400,0,"euclidean, 4-24",none (false calls),,0.0,900
module switches only (10%),400,0,"radial + cosine, 4-24",switch,0.9266333333333333,6.0,100
module switches only (10%),400,0,"radial + cosine, 4-24",none (false calls),,0.0,900
module switches only (10%),400,0,"cosine, d=8 (true rank)",switch,1.0,100.0,100
module switches only (10%),400,0,"cosine, d=8 (true rank)",none (false calls),,0.0,900
module switches only (10%),400,0,"radial, d=8 (true rank)",switch,0.4812444444444444,0.0,100
module switches only (10%),400,0,"radial, d=8 (true rank)",none (false calls),,0.0,900
module switches only (10%),400,0,degree difference,switch,0.6068777777777777,0.0,100
module switches only (10%),400,0,degree difference,none (false calls),,0.0,900
module switches only (10%),400,0,"overlap: min(cosine, radial)",switch,0.6709666666666667,0.0,100
module switches only (10%),400,0,"overlap: min(cosine, radial)",none (false calls),,0.0,900
module switches only (10%),400,0,"max(euclidean, cosine)",switch,0.9999222222222223,94.0,100
module switches only (10%),400,0,"max(euclidean, cosine)",none (false calls),,0.0,900
module switches only (10%),400,0,"min(euclidean, cosine)",switch,0.8936222222222222,0.0,100
module switches only (10%),400,0,"min(euclidean, cosine)",none (false calls),,0.0,900
module switches only (10%),400,1,"default (euclidean + cosine, 4-24)",switch,0.9813222222222222,42.0,100
module switches only (10%),400,1,"default (euclidean + cosine, 4-24)",none (false calls),,0.0,900
module switches only (10%),400,1,"cosine, 4-24",switch,0.9997444444444444,87.0,100
module switches only (10%),400,1,"cosine, 4-24",none (false calls),,1.0,900
module switches only (10%),400,1,"radial, 4-24",switch,0.5125333333333333,0.0,100
module switches only (10%),400,1,"radial, 4-24",none (false calls),,0.0,900
module switches only (10%),400,1,"euclidean, 4-24",switch,0.8557222222222223,0.0,100
module switches only (10%),400,1,"euclidean, 4-24",none (false calls),,0.0,900
module switches only (10%),400,1,"radial + cosine, 4-24",switch,0.9241333333333334,5.0,100
module switches only (10%),400,1,"radial + cosine, 4-24",none (false calls),,0.0,900
module switches only (10%),400,1,"cosine, d=8 (true rank)",switch,1.0,100.0,100
module switches only (10%),400,1,"cosine, d=8 (true rank)",none (false calls),,0.0,900
module switches only (10%),400,1,"radial, d=8 (true rank)",switch,0.47725555555555554,0.0,100
module switches only (10%),400,1,"radial, d=8 (true rank)",none (false calls),,0.0,900
module switches only (10%),400,1,degree difference,switch,0.5086444444444445,0.0,100
module switches only (10%),400,1,degree difference,none (false calls),,0.0,900
module switches only (10%),400,1,"overlap: min(cosine, radial)",switch,0.6649,0.0,100
module switches only (10%),400,1,"overlap: min(cosine, radial)",none (false calls),,0.0,900
module switches only (10%),400,1,"max(euclidean, cosine)",switch,0.9992,87.0,100
module switches only (10%),400,1,"max(euclidean, cosine)",none (false calls),,3.0,900
module switches only (10%),400,1,"min(euclidean, cosine)",switch,0.9056222222222222,0.0,100
module switches only (10%),400,1,"min(euclidean, cosine)",none (false calls),,0.0,900
module switches only (10%),400,2,"default (euclidean + cosine, 4-24)",switch,0.9916333333333334,40.0,100
module switches only (10%),400,2,"default (euclidean + cosine, 4-24)",none (false calls),,0.0,900
module switches only (10%),400,2,"cosine, 4-24",switch,1.0,98.0,100
module switches only (10%),400,2,"cosine, 4-24",none (false calls),,0.0,900
module switches only (10%),400,2,"radial, 4-24",switch,0.5584888888888889,0.0,100
module switches only (10%),400,2,"radial, 4-24",none (false calls),,0.0,900
module switches only (10%),400,2,"euclidean, 4-24",switch,0.8656777777777778,0.0,100
module switches only (10%),400,2,"euclidean, 4-24",none (false calls),,0.0,900
module switches only (10%),400,2,"radial + cosine, 4-24",switch,0.9210444444444444,0.0,100
module switches only (10%),400,2,"radial + cosine, 4-24",none (false calls),,0.0,900
module switches only (10%),400,2,"cosine, d=8 (true rank)",switch,1.0,100.0,100
module switches only (10%),400,2,"cosine, d=8 (true rank)",none (false calls),,0.0,900
module switches only (10%),400,2,"radial, d=8 (true rank)",switch,0.48884444444444447,0.0,100
module switches only (10%),400,2,"radial, d=8 (true rank)",none (false calls),,0.0,900
module switches only (10%),400,2,degree difference,switch,0.6003666666666667,0.0,100
module switches only (10%),400,2,degree difference,none (false calls),,0.0,900
module switches only (10%),400,2,"overlap: min(cosine, radial)",switch,0.6912555555555555,0.0,100
module switches only (10%),400,2,"overlap: min(cosine, radial)",none (false calls),,0.0,900
module switches only (10%),400,2,"max(euclidean, cosine)",switch,1.0,98.0,100
module switches only (10%),400,2,"max(euclidean, cosine)",none (false calls),,0.0,900
module switches only (10%),400,2,"min(euclidean, cosine)",switch,0.9040111111111111,0.0,100
module switches only (10%),400,2,"min(euclidean, cosine)",none (false calls),,0.0,900
module switches only (10%),400,3,"default (euclidean + cosine, 4-24)",switch,0.9892333333333333,54.0,100
module switches only (10%),400,3,"default (euclidean + cosine, 4-24)",none (false calls),,0.0,900
module switches only (10%),400,3,"cosine, 4-24",switch,1.0,100.0,100
module switches only (10%),400,3,"cosine, 4-24",none (false calls),,0.0,900
module switches only (10%),400,3,"radial, 4-24",switch,0.5707333333333333,0.0,100
module switches only (10%),400,3,"radial, 4-24",none (false calls),,0.0,900
module switches only (10%),400,3,"euclidean, 4-24",switch,0.8854777777777778,0.0,100
module switches only (10%),400,3,"euclidean, 4-24",none (false calls),,0.0,900
module switches only (10%),400,3,"radial + cosine, 4-24",switch,0.9462111111111111,0.0,100
module switches only (10%),400,3,"radial + cosine, 4-24",none (false calls),,0.0,900
module switches only (10%),400,3,"cosine, d=8 (true rank)",switch,1.0,100.0,100
module switches only (10%),400,3,"cosine, d=8 (true rank)",none (false calls),,0.0,900
module switches only (10%),400,3,"radial, d=8 (true rank)",switch,0.4918,0.0,100
module switches only (10%),400,3,"radial, d=8 (true rank)",none (false calls),,0.0,900
module switches only (10%),400,3,degree difference,switch,0.5970444444444445,0.0,100
module switches only (10%),400,3,degree difference,none (false calls),,0.0,900
module switches only (10%),400,3,"overlap: min(cosine, radial)",switch,0.7135777777777778,0.0,100
module switches only (10%),400,3,"overlap: min(cosine, radial)",none (false calls),,0.0,900
module switches only (10%),400,3,"max(euclidean, cosine)",switch,1.0,100.0,100
module switches only (10%),400,3,"max(euclidean, cosine)",none (false calls),,0.0,900
module switches only (10%),400,3,"min(euclidean, cosine)",switch,0.9271,0.0,100
module switches only (10%),400,3,"min(euclidean, cosine)",none (false calls),,0.0,900
module switches only (10%),400,4,"default (euclidean + cosine, 4-24)",switch,0.9798111111111111,54.0,100
module switches only (10%),400,4,"default (euclidean + cosine, 4-24)",none (false calls),,0.0,900
module switches only (10%),400,4,"cosine, 4-24",switch,0.9998777777777778,85.0,100
module switches only (10%),400,4,"cosine, 4-24",none (false calls),,0.0,900
module switches only (10%),400,4,"radial, 4-24",switch,0.5586888888888889,0.0,100
module switches only (10%),400,4,"radial, 4-24",none (false calls),,0.0,900
module switches only (10%),400,4,"euclidean, 4-24",switch,0.8684777777777778,0.0,100
module switches only (10%),400,4,"euclidean, 4-24",none (false calls),,0.0,900
module switches only (10%),400,4,"radial + cosine, 4-24",switch,0.9058777777777778,5.0,100
module switches only (10%),400,4,"radial + cosine, 4-24",none (false calls),,0.0,900
module switches only (10%),400,4,"cosine, d=8 (true rank)",switch,1.0,100.0,100
module switches only (10%),400,4,"cosine, d=8 (true rank)",none (false calls),,1.0,900
module switches only (10%),400,4,"radial, d=8 (true rank)",switch,0.5158222222222222,0.0,100
module switches only (10%),400,4,"radial, d=8 (true rank)",none (false calls),,0.0,900
module switches only (10%),400,4,degree difference,switch,0.5760888888888889,0.0,100
module switches only (10%),400,4,degree difference,none (false calls),,0.0,900
module switches only (10%),400,4,"overlap: min(cosine, radial)",switch,0.6822555555555555,0.0,100
module switches only (10%),400,4,"overlap: min(cosine, radial)",none (false calls),,0.0,900
module switches only (10%),400,4,"max(euclidean, cosine)",switch,0.9993777777777778,85.0,100
module switches only (10%),400,4,"max(euclidean, cosine)",none (false calls),,1.0,900
module switches only (10%),400,4,"min(euclidean, cosine)",switch,0.9179777777777778,0.0,100
module switches only (10%),400,4,"min(euclidean, cosine)",none (false calls),,0.0,900
module switches only (10%),400,5,"default (euclidean + cosine, 4-24)",switch,0.9937555555555555,46.0,100
module switches only (10%),400,5,"default (euclidean + cosine, 4-24)",none (false calls),,0.0,900
module switches only (10%),400,5,"cosine, 4-24",switch,1.0,99.0,100
module switches only (10%),400,5,"cosine, 4-24",none (false calls),,0.0,900
module switches only (10%),400,5,"radial, 4-24",switch,0.6141,0.0,100
module switches only (10%),400,5,"radial, 4-24",none (false calls),,0.0,900
module switches only (10%),400,5,"euclidean, 4-24",switch,0.8816,0.0,100
module switches only (10%),400,5,"euclidean, 4-24",none (false calls),,0.0,900
module switches only (10%),400,5,"radial + cosine, 4-24",switch,0.9450111111111111,30.0,100
module switches only (10%),400,5,"radial + cosine, 4-24",none (false calls),,0.0,900
module switches only (10%),400,5,"cosine, d=8 (true rank)",switch,1.0,100.0,100
module switches only (10%),400,5,"cosine, d=8 (true rank)",none (false calls),,0.0,900
module switches only (10%),400,5,"radial, d=8 (true rank)",switch,0.5265777777777778,0.0,100
module switches only (10%),400,5,"radial, d=8 (true rank)",none (false calls),,0.0,900
module switches only (10%),400,5,degree difference,switch,0.6313222222222222,0.0,100
module switches only (10%),400,5,degree difference,none (false calls),,0.0,900
module switches only (10%),400,5,"overlap: min(cosine, radial)",switch,0.7239222222222222,0.0,100
module switches only (10%),400,5,"overlap: min(cosine, radial)",none (false calls),,0.0,900
module switches only (10%),400,5,"max(euclidean, cosine)",switch,1.0,99.0,100
module switches only (10%),400,5,"max(euclidean, cosine)",none (false calls),,0.0,900
module switches only (10%),400,5,"min(euclidean, cosine)",switch,0.92,0.0,100
module switches only (10%),400,5,"min(euclidean, cosine)",none (false calls),,0.0,900
module switches only (10%),400,6,"default (euclidean + cosine, 4-24)",switch,0.9961333333333333,47.0,100
module switches only (10%),400,6,"default (euclidean + cosine, 4-24)",none (false calls),,0.0,900
module switches only (10%),400,6,"cosine, 4-24",switch,1.0,100.0,100
module switches only (10%),400,6,"cosine, 4-24",none (false calls),,0.0,900
module switches only (10%),400,6,"radial, 4-24",switch,0.5847333333333333,0.0,100
module switches only (10%),400,6,"radial, 4-24",none (false calls),,0.0,900
module switches only (10%),400,6,"euclidean, 4-24",switch,0.8752777777777778,0.0,100
module switches only (10%),400,6,"euclidean, 4-24",none (false calls),,0.0,900
module switches only (10%),400,6,"radial + cosine, 4-24",switch,0.9512111111111111,33.0,100
module switches only (10%),400,6,"radial + cosine, 4-24",none (false calls),,0.0,900
module switches only (10%),400,6,"cosine, d=8 (true rank)",switch,1.0,100.0,100
module switches only (10%),400,6,"cosine, d=8 (true rank)",none (false calls),,0.0,900
module switches only (10%),400,6,"radial, d=8 (true rank)",switch,0.5146555555555555,0.0,100
module switches only (10%),400,6,"radial, d=8 (true rank)",none (false calls),,0.0,900
module switches only (10%),400,6,degree difference,switch,0.5915777777777778,0.0,100
module switches only (10%),400,6,degree difference,none (false calls),,0.0,900
module switches only (10%),400,6,"overlap: min(cosine, radial)",switch,0.7034666666666667,0.0,100
module switches only (10%),400,6,"overlap: min(cosine, radial)",none (false calls),,0.0,900
module switches only (10%),400,6,"max(euclidean, cosine)",switch,1.0,100.0,100
module switches only (10%),400,6,"max(euclidean, cosine)",none (false calls),,1.0,900
module switches only (10%),400,6,"min(euclidean, cosine)",switch,0.9163888888888889,0.0,100
module switches only (10%),400,6,"min(euclidean, cosine)",none (false calls),,0.0,900
module switches only (10%),400,7,"default (euclidean + cosine, 4-24)",switch,0.9935666666666667,47.0,100
module switches only (10%),400,7,"default (euclidean + cosine, 4-24)",none (false calls),,0.0,900
module switches only (10%),400,7,"cosine, 4-24",switch,0.9999888888888889,100.0,100
module switches only (10%),400,7,"cosine, 4-24",none (false calls),,1.0,900
module switches only (10%),400,7,"radial, 4-24",switch,0.5846555555555556,0.0,100
module switches only (10%),400,7,"radial, 4-24",none (false calls),,0.0,900
module switches only (10%),400,7,"euclidean, 4-24",switch,0.8471666666666666,0.0,100
module switches only (10%),400,7,"euclidean, 4-24",none (false calls),,0.0,900
module switches only (10%),400,7,"radial + cosine, 4-24",switch,0.9537777777777777,20.0,100
module switches only (10%),400,7,"radial + cosine, 4-24",none (false calls),,0.0,900
module switches only (10%),400,7,"cosine, d=8 (true rank)",switch,1.0,100.0,100
module switches only (10%),400,7,"cosine, d=8 (true rank)",none (false calls),,0.0,900
module switches only (10%),400,7,"radial, d=8 (true rank)",switch,0.47835555555555553,0.0,100
module switches only (10%),400,7,"radial, d=8 (true rank)",none (false calls),,0.0,900
module switches only (10%),400,7,degree difference,switch,0.6039888888888889,0.0,100
module switches only (10%),400,7,degree difference,none (false calls),,0.0,900
module switches only (10%),400,7,"overlap: min(cosine, radial)",switch,0.7402333333333333,0.0,100
module switches only (10%),400,7,"overlap: min(cosine, radial)",none (false calls),,0.0,900
module switches only (10%),400,7,"max(euclidean, cosine)",switch,0.9999888888888889,100.0,100
module switches only (10%),400,7,"max(euclidean, cosine)",none (false calls),,1.0,900
module switches only (10%),400,7,"min(euclidean, cosine)",switch,0.8975,0.0,100
module switches only (10%),400,7,"min(euclidean, cosine)",none (false calls),,0.0,900
hub changes only (10%),150,0,"default (euclidean + cosine, 4-24)",hub,0.9623666666666667,0.0,100
hub changes only (10%),150,0,"default (euclidean + cosine, 4-24)",none (false calls),,0.0,900
hub changes only (10%),150,0,"cosine, 4-24",hub,0.8286111111111111,0.0,100
hub changes only (10%),150,0,"cosine, 4-24",none (false calls),,0.0,900
hub changes only (10%),150,0,"radial, 4-24",hub,0.9968444444444444,0.0,100
hub changes only (10%),150,0,"radial, 4-24",none (false calls),,0.0,900
hub changes only (10%),150,0,"euclidean, 4-24",hub,0.9837111111111111,0.0,100
hub changes only (10%),150,0,"euclidean, 4-24",none (false calls),,0.0,900
hub changes only (10%),150,0,"radial + cosine, 4-24",hub,0.9804333333333334,0.0,100
hub changes only (10%),150,0,"radial + cosine, 4-24",none (false calls),,0.0,900
hub changes only (10%),150,0,"cosine, d=8 (true rank)",hub,0.9557444444444444,0.0,100
hub changes only (10%),150,0,"cosine, d=8 (true rank)",none (false calls),,0.0,900
hub changes only (10%),150,0,"radial, d=8 (true rank)",hub,0.9937555555555555,0.0,100
hub changes only (10%),150,0,"radial, d=8 (true rank)",none (false calls),,0.0,900
hub changes only (10%),150,0,degree difference,hub,0.9995888888888889,0.0,100
hub changes only (10%),150,0,degree difference,none (false calls),,0.0,900
hub changes only (10%),150,0,"overlap: min(cosine, radial)",hub,0.9184777777777777,0.0,100
hub changes only (10%),150,0,"overlap: min(cosine, radial)",none (false calls),,0.0,900
hub changes only (10%),150,0,"max(euclidean, cosine)",hub,0.9755333333333334,0.0,100
hub changes only (10%),150,0,"max(euclidean, cosine)",none (false calls),,0.0,900
hub changes only (10%),150,0,"min(euclidean, cosine)",hub,0.8908,0.0,100
hub changes only (10%),150,0,"min(euclidean, cosine)",none (false calls),,0.0,900
hub changes only (10%),150,1,"default (euclidean + cosine, 4-24)",hub,0.9419222222222222,0.0,100
hub changes only (10%),150,1,"default (euclidean + cosine, 4-24)",none (false calls),,0.0,900
hub changes only (10%),150,1,"cosine, 4-24",hub,0.7982333333333334,0.0,100
hub changes only (10%),150,1,"cosine, 4-24",none (false calls),,0.0,900
hub changes only (10%),150,1,"radial, 4-24",hub,0.9968222222222223,0.0,100
hub changes only (10%),150,1,"radial, 4-24",none (false calls),,0.0,900
hub changes only (10%),150,1,"euclidean, 4-24",hub,0.9811333333333333,0.0,100
hub changes only (10%),150,1,"euclidean, 4-24",none (false calls),,0.0,900
hub changes only (10%),150,1,"radial + cosine, 4-24",hub,0.9618555555555556,0.0,100
hub changes only (10%),150,1,"radial + cosine, 4-24",none (false calls),,0.0,900
hub changes only (10%),150,1,"cosine, d=8 (true rank)",hub,0.9362666666666667,0.0,100
hub changes only (10%),150,1,"cosine, d=8 (true rank)",none (false calls),,0.0,900
hub changes only (10%),150,1,"radial, d=8 (true rank)",hub,0.9878333333333333,0.0,100
hub changes only (10%),150,1,"radial, d=8 (true rank)",none (false calls),,0.0,900
hub changes only (10%),150,1,degree difference,hub,0.9971888888888889,0.0,100
hub changes only (10%),150,1,degree difference,none (false calls),,0.0,900
hub changes only (10%),150,1,"overlap: min(cosine, radial)",hub,0.8766,0.0,100
hub changes only (10%),150,1,"overlap: min(cosine, radial)",none (false calls),,0.0,900
hub changes only (10%),150,1,"max(euclidean, cosine)",hub,0.9800666666666666,0.0,100
hub changes only (10%),150,1,"max(euclidean, cosine)",none (false calls),,0.0,900
hub changes only (10%),150,1,"min(euclidean, cosine)",hub,0.8453555555555555,0.0,100
hub changes only (10%),150,1,"min(euclidean, cosine)",none (false calls),,0.0,900
hub changes only (10%),150,2,"default (euclidean + cosine, 4-24)",hub,0.9661111111111111,0.0,100
hub changes only (10%),150,2,"default (euclidean + cosine, 4-24)",none (false calls),,0.0,900
hub changes only (10%),150,2,"cosine, 4-24",hub,0.8405222222222222,0.0,100
hub changes only (10%),150,2,"cosine, 4-24",none (false calls),,0.0,900
hub changes only (10%),150,2,"radial, 4-24",hub,0.9993111111111111,0.0,100
hub changes only (10%),150,2,"radial, 4-24",none (false calls),,0.0,900
hub changes only (10%),150,2,"euclidean, 4-24",hub,0.9874111111111111,0.0,100
hub changes only (10%),150,2,"euclidean, 4-24",none (false calls),,0.0,900
hub changes only (10%),150,2,"radial + cosine, 4-24",hub,0.9865555555555555,0.0,100
hub changes only (10%),150,2,"radial + cosine, 4-24",none (false calls),,0.0,900
hub changes only (10%),150,2,"cosine, d=8 (true rank)",hub,0.9498222222222222,0.0,100
hub changes only (10%),150,2,"cosine, d=8 (true rank)",none (false calls),,0.0,900
hub changes only (10%),150,2,"radial, d=8 (true rank)",hub,0.9971666666666666,0.0,100
hub changes only (10%),150,2,"radial, d=8 (true rank)",none (false calls),,0.0,900
hub changes only (10%),150,2,degree difference,hub,0.9992333333333333,0.0,100
hub changes only (10%),150,2,degree difference,none (false calls),,0.0,900
hub changes only (10%),150,2,"overlap: min(cosine, radial)",hub,0.9226444444444445,0.0,100
hub changes only (10%),150,2,"overlap: min(cosine, radial)",none (false calls),,0.0,900
hub changes only (10%),150,2,"max(euclidean, cosine)",hub,0.9866555555555555,0.0,100
hub changes only (10%),150,2,"max(euclidean, cosine)",none (false calls),,0.0,900
hub changes only (10%),150,2,"min(euclidean, cosine)",hub,0.8869555555555556,0.0,100
hub changes only (10%),150,2,"min(euclidean, cosine)",none (false calls),,0.0,900
hub changes only (10%),150,3,"default (euclidean + cosine, 4-24)",hub,0.9434888888888889,0.0,100
hub changes only (10%),150,3,"default (euclidean + cosine, 4-24)",none (false calls),,0.0,900
hub changes only (10%),150,3,"cosine, 4-24",hub,0.7746555555555555,0.0,100
hub changes only (10%),150,3,"cosine, 4-24",none (false calls),,0.0,900
hub changes only (10%),150,3,"radial, 4-24",hub,0.9946,0.0,100
hub changes only (10%),150,3,"radial, 4-24",none (false calls),,0.0,900
hub changes only (10%),150,3,"euclidean, 4-24",hub,0.9789222222222222,0.0,100
hub changes only (10%),150,3,"euclidean, 4-24",none (false calls),,0.0,900
hub changes only (10%),150,3,"radial + cosine, 4-24",hub,0.9571444444444445,0.0,100
hub changes only (10%),150,3,"radial + cosine, 4-24",none (false calls),,0.0,900
hub changes only (10%),150,3,"cosine, d=8 (true rank)",hub,0.9118222222222222,0.0,100
hub changes only (10%),150,3,"cosine, d=8 (true rank)",none (false calls),,0.0,900
hub changes only (10%),150,3,"radial, d=8 (true rank)",hub,0.9853888888888889,0.0,100
hub changes only (10%),150,3,"radial, d=8 (true rank)",none (false calls),,0.0,900
hub changes only (10%),150,3,degree difference,hub,0.9954333333333333,0.0,100
hub changes only (10%),150,3,degree difference,none (false calls),,0.0,900
hub changes only (10%),150,3,"overlap: min(cosine, radial)",hub,0.8730111111111111,0.0,100
hub changes only (10%),150,3,"overlap: min(cosine, radial)",none (false calls),,0.0,900
hub changes only (10%),150,3,"max(euclidean, cosine)",hub,0.9665666666666667,0.0,100
hub changes only (10%),150,3,"max(euclidean, cosine)",none (false calls),,0.0,900
hub changes only (10%),150,3,"min(euclidean, cosine)",hub,0.8406777777777777,0.0,100
hub changes only (10%),150,3,"min(euclidean, cosine)",none (false calls),,0.0,900
hub changes only (10%),150,4,"default (euclidean + cosine, 4-24)",hub,0.9569111111111112,0.0,100
hub changes only (10%),150,4,"default (euclidean + cosine, 4-24)",none (false calls),,0.0,900
hub changes only (10%),150,4,"cosine, 4-24",hub,0.8276555555555556,0.0,100
hub changes only (10%),150,4,"cosine, 4-24",none (false calls),,0.0,900
hub changes only (10%),150,4,"radial, 4-24",hub,0.9959,0.0,100
hub changes only (10%),150,4,"radial, 4-24",none (false calls),,0.0,900
hub changes only (10%),150,4,"euclidean, 4-24",hub,0.9847666666666667,0.0,100
hub changes only (10%),150,4,"euclidean, 4-24",none (false calls),,0.0,900
hub changes only (10%),150,4,"radial + cosine, 4-24",hub,0.9733555555555555,0.0,100
hub changes only (10%),150,4,"radial + cosine, 4-24",none (false calls),,0.0,900
hub changes only (10%),150,4,"cosine, d=8 (true rank)",hub,0.9729222222222222,8.0,100
hub changes only (10%),150,4,"cosine, d=8 (true rank)",none (false calls),,0.0,900
hub changes only (10%),150,4,"radial, d=8 (true rank)",hub,0.9877,0.0,100
hub changes only (10%),150,4,"radial, d=8 (true rank)",none (false calls),,0.0,900
hub changes only (10%),150,4,degree difference,hub,0.9993111111111111,0.0,100
hub changes only (10%),150,4,degree difference,none (false calls),,0.0,900
hub changes only (10%),150,4,"overlap: min(cosine, radial)",hub,0.9135444444444445,0.0,100
hub changes only (10%),150,4,"overlap: min(cosine, radial)",none (false calls),,0.0,900
hub changes only (10%),150,4,"max(euclidean, cosine)",hub,0.9835,0.0,100
hub changes only (10%),150,4,"max(euclidean, cosine)",none (false calls),,0.0,900
hub changes only (10%),150,4,"min(euclidean, cosine)",hub,0.8825333333333333,0.0,100
hub changes only (10%),150,4,"min(euclidean, cosine)",none (false calls),,0.0,900
hub changes only (10%),150,5,"default (euclidean + cosine, 4-24)",hub,0.9251444444444444,0.0,100
hub changes only (10%),150,5,"default (euclidean + cosine, 4-24)",none (false calls),,0.0,900
hub changes only (10%),150,5,"cosine, 4-24",hub,0.8004111111111111,0.0,100
hub changes only (10%),150,5,"cosine, 4-24",none (false calls),,0.0,900
hub changes only (10%),150,5,"radial, 4-24",hub,0.9994666666666666,0.0,100
hub changes only (10%),150,5,"radial, 4-24",none (false calls),,0.0,900
hub changes only (10%),150,5,"euclidean, 4-24",hub,0.9750888888888889,0.0,100
hub changes only (10%),150,5,"euclidean, 4-24",none (false calls),,0.0,900
hub changes only (10%),150,5,"radial + cosine, 4-24",hub,0.9663888888888889,0.0,100
hub changes only (10%),150,5,"radial + cosine, 4-24",none (false calls),,0.0,900
hub changes only (10%),150,5,"cosine, d=8 (true rank)",hub,0.9363777777777778,0.0,100
hub changes only (10%),150,5,"cosine, d=8 (true rank)",none (false calls),,0.0,900
hub changes only (10%),150,5,"radial, d=8 (true rank)",hub,0.9865444444444444,0.0,100
hub changes only (10%),150,5,"radial, d=8 (true rank)",none (false calls),,0.0,900
hub changes only (10%),150,5,degree difference,hub,0.9994555555555555,0.0,100
hub changes only (10%),150,5,degree difference,none (false calls),,0.0,900
hub changes only (10%),150,5,"overlap: min(cosine, radial)",hub,0.8902333333333333,0.0,100
hub changes only (10%),150,5,"overlap: min(cosine, radial)",none (false calls),,0.0,900
hub changes only (10%),150,5,"max(euclidean, cosine)",hub,0.9570777777777778,0.0,100
hub changes only (10%),150,5,"max(euclidean, cosine)",none (false calls),,0.0,900
hub changes only (10%),150,5,"min(euclidean, cosine)",hub,0.8574333333333334,0.0,100
hub changes only (10%),150,5,"min(euclidean, cosine)",none (false calls),,0.0,900
hub changes only (10%),150,6,"default (euclidean + cosine, 4-24)",hub,0.9510333333333333,0.0,100
hub changes only (10%),150,6,"default (euclidean + cosine, 4-24)",none (false calls),,0.0,900
hub changes only (10%),150,6,"cosine, 4-24",hub,0.8175666666666667,0.0,100
hub changes only (10%),150,6,"cosine, 4-24",none (false calls),,0.0,900
hub changes only (10%),150,6,"radial, 4-24",hub,0.9942777777777778,0.0,100
hub changes only (10%),150,6,"radial, 4-24",none (false calls),,0.0,900
hub changes only (10%),150,6,"euclidean, 4-24",hub,0.9799111111111111,0.0,100
hub changes only (10%),150,6,"euclidean, 4-24",none (false calls),,0.0,900
hub changes only (10%),150,6,"radial + cosine, 4-24",hub,0.9686222222222223,0.0,100
hub changes only (10%),150,6,"radial + cosine, 4-24",none (false calls),,0.0,900
hub changes only (10%),150,6,"cosine, d=8 (true rank)",hub,0.9339333333333333,0.0,100
hub changes only (10%),150,6,"cosine, d=8 (true rank)",none (false calls),,0.0,900
hub changes only (10%),150,6,"radial, d=8 (true rank)",hub,0.9873111111111111,0.0,100
hub changes only (10%),150,6,"radial, d=8 (true rank)",none (false calls),,0.0,900
hub changes only (10%),150,6,degree difference,hub,0.9988444444444444,0.0,100
hub changes only (10%),150,6,degree difference,none (false calls),,0.0,900
hub changes only (10%),150,6,"overlap: min(cosine, radial)",hub,0.9019111111111111,0.0,100
hub changes only (10%),150,6,"overlap: min(cosine, radial)",none (false calls),,0.0,900
hub changes only (10%),150,6,"max(euclidean, cosine)",hub,0.9767666666666667,0.0,100
hub changes only (10%),150,6,"max(euclidean, cosine)",none (false calls),,0.0,900
hub changes only (10%),150,6,"min(euclidean, cosine)",hub,0.8747555555555555,0.0,100
hub changes only (10%),150,6,"min(euclidean, cosine)",none (false calls),,0.0,900
hub changes only (10%),150,7,"default (euclidean + cosine, 4-24)",hub,0.9662777777777778,0.0,100
hub changes only (10%),150,7,"default (euclidean + cosine, 4-24)",none (false calls),,0.0,900
hub changes only (10%),150,7,"cosine, 4-24",hub,0.8004,0.0,100
hub changes only (10%),150,7,"cosine, 4-24",none (false calls),,0.0,900
hub changes only (10%),150,7,"radial, 4-24",hub,0.9991333333333333,0.0,100
hub changes only (10%),150,7,"radial, 4-24",none (false calls),,0.0,900
hub changes only (10%),150,7,"euclidean, 4-24",hub,0.9909777777777777,0.0,100
hub changes only (10%),150,7,"euclidean, 4-24",none (false calls),,1.0,900
hub changes only (10%),150,7,"radial + cosine, 4-24",hub,0.9829333333333333,0.0,100
hub changes only (10%),150,7,"radial + cosine, 4-24",none (false calls),,0.0,900
hub changes only (10%),150,7,"cosine, d=8 (true rank)",hub,0.9533333333333334,0.0,100
hub changes only (10%),150,7,"cosine, d=8 (true rank)",none (false calls),,0.0,900
hub changes only (10%),150,7,"radial, d=8 (true rank)",hub,0.9907111111111111,0.0,100
hub changes only (10%),150,7,"radial, d=8 (true rank)",none (false calls),,0.0,900
hub changes only (10%),150,7,degree difference,hub,0.9998,0.0,100
hub changes only (10%),150,7,degree difference,none (false calls),,0.0,900
hub changes only (10%),150,7,"overlap: min(cosine, radial)",hub,0.9200888888888888,0.0,100
hub changes only (10%),150,7,"overlap: min(cosine, radial)",none (false calls),,0.0,900
hub changes only (10%),150,7,"max(euclidean, cosine)",hub,0.9856333333333334,0.0,100
hub changes only (10%),150,7,"max(euclidean, cosine)",none (false calls),,1.0,900
hub changes only (10%),150,7,"min(euclidean, cosine)",hub,0.8842777777777778,0.0,100
hub changes only (10%),150,7,"min(euclidean, cosine)",none (false calls),,0.0,900
hub changes only (10%),400,0,"default (euclidean + cosine, 4-24)",hub,0.9621333333333333,0.0,100
hub changes only (10%),400,0,"default (euclidean + cosine, 4-24)",none (false calls),,0.0,900
hub changes only (10%),400,0,"cosine, 4-24",hub,0.8273,0.0,100
hub changes only (10%),400,0,"cosine, 4-24",none (false calls),,0.0,900
hub changes only (10%),400,0,"radial, 4-24",hub,0.9997777777777778,0.0,100
hub changes only (10%),400,0,"radial, 4-24",none (false calls),,0.0,900
hub changes only (10%),400,0,"euclidean, 4-24",hub,0.9862666666666666,0.0,100
hub changes only (10%),400,0,"euclidean, 4-24",none (false calls),,0.0,900
hub changes only (10%),400,0,"radial + cosine, 4-24",hub,0.9888,0.0,100
hub changes only (10%),400,0,"radial + cosine, 4-24",none (false calls),,0.0,900
hub changes only (10%),400,0,"cosine, d=8 (true rank)",hub,0.9969444444444444,0.0,100
hub changes only (10%),400,0,"cosine, d=8 (true rank)",none (false calls),,0.0,900
hub changes only (10%),400,0,"radial, d=8 (true rank)",hub,0.9986444444444444,0.0,100
hub changes only (10%),400,0,"radial, d=8 (true rank)",none (false calls),,0.0,900
hub changes only (10%),400,0,degree difference,hub,1.0,0.0,100
hub changes only (10%),400,0,degree difference,none (false calls),,0.0,900
hub changes only (10%),400,0,"overlap: min(cosine, radial)",hub,0.9176777777777778,0.0,100
hub changes only (10%),400,0,"overlap: min(cosine, radial)",none (false calls),,0.0,900
hub changes only (10%),400,0,"max(euclidean, cosine)",hub,0.9781777777777778,0.0,100
hub changes only (10%),400,0,"max(euclidean, cosine)",none (false calls),,0.0,900
hub changes only (10%),400,0,"min(euclidean, cosine)",hub,0.8893222222222222,0.0,100
hub changes only (10%),400,0,"min(euclidean, cosine)",none (false calls),,0.0,900
hub changes only (10%),400,1,"default (euclidean + cosine, 4-24)",hub,0.9791,0.0,100
hub changes only (10%),400,1,"default (euclidean + cosine, 4-24)",none (false calls),,0.0,900
hub changes only (10%),400,1,"cosine, 4-24",hub,0.8277333333333333,0.0,100
hub changes only (10%),400,1,"cosine, 4-24",none (false calls),,0.0,900
hub changes only (10%),400,1,"radial, 4-24",hub,1.0,0.0,100
hub changes only (10%),400,1,"radial, 4-24",none (false calls),,0.0,900
hub changes only (10%),400,1,"euclidean, 4-24",hub,0.9902888888888889,0.0,100
hub changes only (10%),400,1,"euclidean, 4-24",none (false calls),,0.0,900
hub changes only (10%),400,1,"radial + cosine, 4-24",hub,0.9963888888888889,0.0,100
hub changes only (10%),400,1,"radial + cosine, 4-24",none (false calls),,0.0,900
hub changes only (10%),400,1,"cosine, d=8 (true rank)",hub,0.9949777777777777,0.0,100
hub changes only (10%),400,1,"cosine, d=8 (true rank)",none (false calls),,0.0,900
hub changes only (10%),400,1,"radial, d=8 (true rank)",hub,0.9980666666666667,0.0,100
hub changes only (10%),400,1,"radial, d=8 (true rank)",none (false calls),,0.0,900
hub changes only (10%),400,1,degree difference,hub,0.9998666666666667,0.0,100
hub changes only (10%),400,1,degree difference,none (false calls),,0.0,900
hub changes only (10%),400,1,"overlap: min(cosine, radial)",hub,0.9057111111111111,0.0,100
hub changes only (10%),400,1,"overlap: min(cosine, radial)",none (false calls),,0.0,900
hub changes only (10%),400,1,"max(euclidean, cosine)",hub,0.9891444444444445,0.0,100
hub changes only (10%),400,1,"max(euclidean, cosine)",none (false calls),,0.0,900
hub changes only (10%),400,1,"min(euclidean, cosine)",hub,0.8856111111111111,0.0,100
hub changes only (10%),400,1,"min(euclidean, cosine)",none (false calls),,0.0,900
hub changes only (10%),400,2,"default (euclidean + cosine, 4-24)",hub,0.9719666666666666,0.0,100
hub changes only (10%),400,2,"default (euclidean + cosine, 4-24)",none (false calls),,0.0,900
hub changes only (10%),400,2,"cosine, 4-24",hub,0.8460666666666666,0.0,100
hub changes only (10%),400,2,"cosine, 4-24",none (false calls),,0.0,900
hub changes only (10%),400,2,"radial, 4-24",hub,0.9996,0.0,100
hub changes only (10%),400,2,"radial, 4-24",none (false calls),,0.0,900
hub changes only (10%),400,2,"euclidean, 4-24",hub,0.9891333333333333,0.0,100
hub changes only (10%),400,2,"euclidean, 4-24",none (false calls),,0.0,900
hub changes only (10%),400,2,"radial + cosine, 4-24",hub,0.9880111111111111,0.0,100
hub changes only (10%),400,2,"radial + cosine, 4-24",none (false calls),,0.0,900
hub changes only (10%),400,2,"cosine, d=8 (true rank)",hub,0.9973444444444445,0.0,100
hub changes only (10%),400,2,"cosine, d=8 (true rank)",none (false calls),,0.0,900
hub changes only (10%),400,2,"radial, d=8 (true rank)",hub,0.9951777777777778,0.0,100
hub changes only (10%),400,2,"radial, d=8 (true rank)",none (false calls),,0.0,900
hub changes only (10%),400,2,degree difference,hub,1.0,0.0,100
hub changes only (10%),400,2,degree difference,none (false calls),,0.0,900
hub changes only (10%),400,2,"overlap: min(cosine, radial)",hub,0.9153444444444444,0.0,100
hub changes only (10%),400,2,"overlap: min(cosine, radial)",none (false calls),,0.0,900
hub changes only (10%),400,2,"max(euclidean, cosine)",hub,0.9860333333333333,0.0,100
hub changes only (10%),400,2,"max(euclidean, cosine)",none (false calls),,0.0,900
hub changes only (10%),400,2,"min(euclidean, cosine)",hub,0.8970333333333333,0.0,100
hub changes only (10%),400,2,"min(euclidean, cosine)",none (false calls),,0.0,900
hub changes only (10%),400,3,"default (euclidean + cosine, 4-24)",hub,0.9572777777777778,0.0,100
hub changes only (10%),400,3,"default (euclidean + cosine, 4-24)",none (false calls),,0.0,900
hub changes only (10%),400,3,"cosine, 4-24",hub,0.8092111111111111,0.0,100
hub changes only (10%),400,3,"cosine, 4-24",none (false calls),,0.0,900
hub changes only (10%),400,3,"radial, 4-24",hub,0.9995222222222222,0.0,100
hub changes only (10%),400,3,"radial, 4-24",none (false calls),,0.0,900
hub changes only (10%),400,3,"euclidean, 4-24",hub,0.9839444444444444,0.0,100
hub changes only (10%),400,3,"euclidean, 4-24",none (false calls),,0.0,900
hub changes only (10%),400,3,"radial + cosine, 4-24",hub,0.9878111111111111,0.0,100
hub changes only (10%),400,3,"radial + cosine, 4-24",none (false calls),,0.0,900
hub changes only (10%),400,3,"cosine, d=8 (true rank)",hub,0.9967444444444444,0.0,100
hub changes only (10%),400,3,"cosine, d=8 (true rank)",none (false calls),,0.0,900
hub changes only (10%),400,3,"radial, d=8 (true rank)",hub,0.9929444444444444,0.0,100
hub changes only (10%),400,3,"radial, d=8 (true rank)",none (false calls),,0.0,900
hub changes only (10%),400,3,degree difference,hub,1.0,0.0,100
hub changes only (10%),400,3,degree difference,none (false calls),,0.0,900
hub changes only (10%),400,3,"overlap: min(cosine, radial)",hub,0.8992,0.0,100
hub changes only (10%),400,3,"overlap: min(cosine, radial)",none (false calls),,0.0,900
hub changes only (10%),400,3,"max(euclidean, cosine)",hub,0.9820111111111111,0.0,100
hub changes only (10%),400,3,"max(euclidean, cosine)",none (false calls),,0.0,900
hub changes only (10%),400,3,"min(euclidean, cosine)",hub,0.8668888888888889,0.0,100
hub changes only (10%),400,3,"min(euclidean, cosine)",none (false calls),,0.0,900
hub changes only (10%),400,4,"default (euclidean + cosine, 4-24)",hub,0.9696,0.0,100
hub changes only (10%),400,4,"default (euclidean + cosine, 4-24)",none (false calls),,0.0,900
hub changes only (10%),400,4,"cosine, 4-24",hub,0.8101444444444444,0.0,100
hub changes only (10%),400,4,"cosine, 4-24",none (false calls),,0.0,900
hub changes only (10%),400,4,"radial, 4-24",hub,0.9995,0.0,100
hub changes only (10%),400,4,"radial, 4-24",none (false calls),,0.0,900
hub changes only (10%),400,4,"euclidean, 4-24",hub,0.985,76.0,100
hub changes only (10%),400,4,"euclidean, 4-24",none (false calls),,18.0,900
hub changes only (10%),400,4,"radial + cosine, 4-24",hub,0.9871,0.0,100
hub changes only (10%),400,4,"radial + cosine, 4-24",none (false calls),,0.0,900
hub changes only (10%),400,4,"cosine, d=8 (true rank)",hub,0.9974444444444445,0.0,100
hub changes only (10%),400,4,"cosine, d=8 (true rank)",none (false calls),,0.0,900
hub changes only (10%),400,4,"radial, d=8 (true rank)",hub,0.9897555555555556,0.0,100
hub changes only (10%),400,4,"radial, d=8 (true rank)",none (false calls),,0.0,900
hub changes only (10%),400,4,degree difference,hub,1.0,0.0,100
hub changes only (10%),400,4,degree difference,none (false calls),,0.0,900
hub changes only (10%),400,4,"overlap: min(cosine, radial)",hub,0.8779555555555556,0.0,100
hub changes only (10%),400,4,"overlap: min(cosine, radial)",none (false calls),,0.0,900
hub changes only (10%),400,4,"max(euclidean, cosine)",hub,0.9844555555555555,79.0,100
hub changes only (10%),400,4,"max(euclidean, cosine)",none (false calls),,19.0,900
hub changes only (10%),400,4,"min(euclidean, cosine)",hub,0.8495666666666667,0.0,100
hub changes only (10%),400,4,"min(euclidean, cosine)",none (false calls),,0.0,900
hub changes only (10%),400,5,"default (euclidean + cosine, 4-24)",hub,0.9554333333333334,0.0,100
hub changes only (10%),400,5,"default (euclidean + cosine, 4-24)",none (false calls),,0.0,900
hub changes only (10%),400,5,"cosine, 4-24",hub,0.7722444444444444,0.0,100
hub changes only (10%),400,5,"cosine, 4-24",none (false calls),,0.0,900
hub changes only (10%),400,5,"radial, 4-24",hub,0.9998,77.0,100
hub changes only (10%),400,5,"radial, 4-24",none (false calls),,0.0,900
hub changes only (10%),400,5,"euclidean, 4-24",hub,0.9891111111111112,0.0,100
hub changes only (10%),400,5,"euclidean, 4-24",none (false calls),,0.0,900
hub changes only (10%),400,5,"radial + cosine, 4-24",hub,0.9874555555555555,0.0,100
hub changes only (10%),400,5,"radial + cosine, 4-24",none (false calls),,0.0,900
hub changes only (10%),400,5,"cosine, d=8 (true rank)",hub,0.9953222222222222,0.0,100
hub changes only (10%),400,5,"cosine, d=8 (true rank)",none (false calls),,0.0,900
hub changes only (10%),400,5,"radial, d=8 (true rank)",hub,0.9967777777777778,0.0,100
hub changes only (10%),400,5,"radial, d=8 (true rank)",none (false calls),,0.0,900
hub changes only (10%),400,5,degree difference,hub,1.0,0.0,100
hub changes only (10%),400,5,degree difference,none (false calls),,0.0,900
hub changes only (10%),400,5,"overlap: min(cosine, radial)",hub,0.8687111111111111,0.0,100
hub changes only (10%),400,5,"overlap: min(cosine, radial)",none (false calls),,0.0,900
hub changes only (10%),400,5,"max(euclidean, cosine)",hub,0.9869,0.0,100
hub changes only (10%),400,5,"max(euclidean, cosine)",none (false calls),,0.0,900
hub changes only (10%),400,5,"min(euclidean, cosine)",hub,0.8338222222222222,0.0,100
hub changes only (10%),400,5,"min(euclidean, cosine)",none (false calls),,0.0,900
hub changes only (10%),400,6,"default (euclidean + cosine, 4-24)",hub,0.9757222222222223,0.0,100
hub changes only (10%),400,6,"default (euclidean + cosine, 4-24)",none (false calls),,0.0,900
hub changes only (10%),400,6,"cosine, 4-24",hub,0.8270333333333333,0.0,100
hub changes only (10%),400,6,"cosine, 4-24",none (false calls),,0.0,900
hub changes only (10%),400,6,"radial, 4-24",hub,0.9998555555555556,0.0,100
hub changes only (10%),400,6,"radial, 4-24",none (false calls),,0.0,900
hub changes only (10%),400,6,"euclidean, 4-24",hub,0.9913444444444445,0.0,100
hub changes only (10%),400,6,"euclidean, 4-24",none (false calls),,0.0,900
hub changes only (10%),400,6,"radial + cosine, 4-24",hub,0.9928444444444444,0.0,100
hub changes only (10%),400,6,"radial + cosine, 4-24",none (false calls),,0.0,900
hub changes only (10%),400,6,"cosine, d=8 (true rank)",hub,0.9983333333333333,42.0,100
hub changes only (10%),400,6,"cosine, d=8 (true rank)",none (false calls),,0.0,900
hub changes only (10%),400,6,"radial, d=8 (true rank)",hub,0.9979333333333333,0.0,100
hub changes only (10%),400,6,"radial, d=8 (true rank)",none (false calls),,0.0,900
hub changes only (10%),400,6,degree difference,hub,1.0,0.0,100
hub changes only (10%),400,6,degree difference,none (false calls),,0.0,900
hub changes only (10%),400,6,"overlap: min(cosine, radial)",hub,0.9168777777777778,0.0,100
hub changes only (10%),400,6,"overlap: min(cosine, radial)",none (false calls),,0.0,900
hub changes only (10%),400,6,"max(euclidean, cosine)",hub,0.9905777777777778,0.0,100
hub changes only (10%),400,6,"max(euclidean, cosine)",none (false calls),,0.0,900
hub changes only (10%),400,6,"min(euclidean, cosine)",hub,0.8887555555555555,0.0,100
hub changes only (10%),400,6,"min(euclidean, cosine)",none (false calls),,0.0,900
hub changes only (10%),400,7,"default (euclidean + cosine, 4-24)",hub,0.9767777777777777,0.0,100
hub changes only (10%),400,7,"default (euclidean + cosine, 4-24)",none (false calls),,0.0,900
hub changes only (10%),400,7,"cosine, 4-24",hub,0.8956666666666667,0.0,100
hub changes only (10%),400,7,"cosine, 4-24",none (false calls),,0.0,900
hub changes only (10%),400,7,"radial, 4-24",hub,0.9987666666666667,0.0,100
hub changes only (10%),400,7,"radial, 4-24",none (false calls),,0.0,900
hub changes only (10%),400,7,"euclidean, 4-24",hub,0.9903777777777778,0.0,100
hub changes only (10%),400,7,"euclidean, 4-24",none (false calls),,0.0,900
hub changes only (10%),400,7,"radial + cosine, 4-24",hub,0.9940777777777777,0.0,100
hub changes only (10%),400,7,"radial + cosine, 4-24",none (false calls),,0.0,900
hub changes only (10%),400,7,"cosine, d=8 (true rank)",hub,0.9979111111111111,67.0,100
hub changes only (10%),400,7,"cosine, d=8 (true rank)",none (false calls),,0.0,900
hub changes only (10%),400,7,"radial, d=8 (true rank)",hub,0.9805666666666667,0.0,100
hub changes only (10%),400,7,"radial, d=8 (true rank)",none (false calls),,0.0,900
hub changes only (10%),400,7,degree difference,hub,1.0,0.0,100
hub changes only (10%),400,7,degree difference,none (false calls),,0.0,900
hub changes only (10%),400,7,"overlap: min(cosine, radial)",hub,0.9421111111111111,0.0,100
hub changes only (10%),400,7,"overlap: min(cosine, radial)",none (false calls),,0.0,900
hub changes only (10%),400,7,"max(euclidean, cosine)",hub,0.9844111111111111,0.0,100
hub changes only (10%),400,7,"max(euclidean, cosine)",none (false calls),,0.0,900
hub changes only (10%),400,7,"min(euclidean, cosine)",hub,0.9262555555555556,0.0,100
hub changes only (10%),400,7,"min(euclidean, cosine)",none (false calls),,0.0,900
one module strengthens,150,0,"default (euclidean + cosine, 4-24)",strengthen,0.9811520737327188,0.0,70
one module strengthens,150,0,"default (euclidean + cosine, 4-24)",none (false calls),,0.0,930
one module strengthens,150,0,"cosine, 4-24",strengthen,0.9658678955453149,0.0,70
one module strengthens,150,0,"cosine, 4-24",none (false calls),,0.0,930
one module strengthens,150,0,"radial, 4-24",strengthen,0.994147465437788,0.0,70
one module strengthens,150,0,"radial, 4-24",none (false calls),,0.0,930
one module strengthens,150,0,"euclidean, 4-24",strengthen,0.9825499231950845,0.0,70
one module strengthens,150,0,"euclidean, 4-24",none (false calls),,0.0,930
one module strengthens,150,0,"radial + cosine, 4-24",strengthen,0.9921351766513057,0.0,70
one module strengthens,150,0,"radial + cosine, 4-24",none (false calls),,0.0,930
one module strengthens,150,0,"cosine, d=8 (true rank)",strengthen,0.9612749615975422,0.0,70
one module strengthens,150,0,"cosine, d=8 (true rank)",none (false calls),,0.0,930
one module strengthens,150,0,"radial, d=8 (true rank)",strengthen,0.9819354838709677,0.0,70
one module strengthens,150,0,"radial, d=8 (true rank)",none (false calls),,0.0,930
one module strengthens,150,0,degree difference,strengthen,0.9769431643625192,0.0,70
one module strengthens,150,0,degree difference,none (false calls),,0.0,930
one module strengthens,150,0,"overlap: min(cosine, radial)",strengthen,0.9945468509984638,0.0,70
one module strengthens,150,0,"overlap: min(cosine, radial)",none (false calls),,0.0,930
one module strengthens,150,0,"max(euclidean, cosine)",strengthen,0.979247311827957,0.0,70
one module strengthens,150,0,"max(euclidean, cosine)",none (false calls),,0.0,930
one module strengthens,150,0,"min(euclidean, cosine)",strengthen,0.9801536098310292,0.0,70
one module strengthens,150,0,"min(euclidean, cosine)",none (false calls),,0.0,930
one module strengthens,150,1,"default (euclidean + cosine, 4-24)",strengthen,0.9827885536398467,0.0,72
one module strengthens,150,1,"default (euclidean + cosine, 4-24)",none (false calls),,0.0,928
one module strengthens,150,1,"cosine, 4-24",strengthen,0.9837763409961686,0.0,72
one module strengthens,150,1,"cosine, 4-24",none (false calls),,0.0,928
one module strengthens,150,1,"radial, 4-24",strengthen,0.9944324712643678,0.0,72
one module strengthens,150,1,"radial, 4-24",none (false calls),,0.0,928
one module strengthens,150,1,"euclidean, 4-24",strengthen,0.972027658045977,0.0,72
one module strengthens,150,1,"euclidean, 4-24",none (false calls),,0.0,928
one module strengthens,150,1,"radial + cosine, 4-24",strengthen,0.9958243534482759,0.0,72
one module strengthens,150,1,"radial + cosine, 4-24",none (false calls),,0.0,928
one module strengthens,150,1,"cosine, d=8 (true rank)",strengthen,0.9936841475095786,0.0,72
one module strengthens,150,1,"cosine, d=8 (true rank)",none (false calls),,0.0,928
one module strengthens,150,1,"radial, d=8 (true rank)",strengthen,0.9689445641762452,0.0,72
one module strengthens,150,1,"radial, d=8 (true rank)",none (false calls),,0.0,928
one module strengthens,150,1,degree difference,strengthen,0.9689894636015326,0.0,72
one module strengthens,150,1,degree difference,none (false calls),,0.0,928
one module strengthens,150,1,"overlap: min(cosine, radial)",strengthen,0.9959740181992337,0.0,72
one module strengthens,150,1,"overlap: min(cosine, radial)",none (false calls),,0.0,928
one module strengthens,150,1,"max(euclidean, cosine)",strengthen,0.9762033045977011,0.0,72
one module strengthens,150,1,"max(euclidean, cosine)",none (false calls),,0.0,928
one module strengthens,150,1,"min(euclidean, cosine)",strengthen,0.984584530651341,0.0,72
one module strengthens,150,1,"min(euclidean, cosine)",none (false calls),,0.0,928
one module strengthens,150,2,"default (euclidean + cosine, 4-24)",strengthen,0.9933373807188779,0.0,69
one module strengthens,150,2,"default (euclidean + cosine, 4-24)",none (false calls),,0.0,931
one module strengthens,150,2,"cosine, 4-24",strengthen,0.9803079126387397,0.0,69
one module strengthens,150,2,"cosine, 4-24",none (false calls),,0.0,931
one module strengthens,150,2,"radial, 4-24",strengthen,0.9998443313252074,0.0,69
one module strengthens,150,2,"radial, 4-24",none (false calls),,0.0,931
one module strengthens,150,2,"euclidean, 4-24",strengthen,0.9943336602375504,0.0,69
one module strengthens,150,2,"euclidean, 4-24",none (false calls),,0.0,931
one module strengthens,150,2,"radial + cosine, 4-24",strengthen,0.9987079499992216,0.0,69
one module strengthens,150,2,"radial + cosine, 4-24",none (false calls),,0.0,931
one module strengthens,150,2,"cosine, d=8 (true rank)",strengthen,0.9748128084185619,0.0,69
one module strengthens,150,2,"cosine, d=8 (true rank)",none (false calls),,0.0,931
one module strengthens,150,2,"radial, d=8 (true rank)",strengthen,0.9959993150578309,0.0,69
one module strengthens,150,2,"radial, d=8 (true rank)",none (false calls),,0.0,931
one module strengthens,150,2,degree difference,strengthen,0.9926680054172698,0.0,69
one module strengthens,150,2,degree difference,none (false calls),,0.0,931
one module strengthens,150,2,"overlap: min(cosine, radial)",strengthen,0.9982876445772817,0.0,69
one module strengthens,150,2,"overlap: min(cosine, radial)",none (false calls),,0.0,931
one module strengthens,150,2,"max(euclidean, cosine)",strengthen,0.9917495602359937,0.0,69
one module strengthens,150,2,"max(euclidean, cosine)",none (false calls),,0.0,931
one module strengthens,150,2,"min(euclidean, cosine)",strengthen,0.9924033686701225,0.0,69
one module strengthens,150,2,"min(euclidean, cosine)",none (false calls),,0.0,931
one module strengthens,150,3,"default (euclidean + cosine, 4-24)",strengthen,0.9844953999906598,0.0,69
one module strengthens,150,3,"default (euclidean + cosine, 4-24)",none (false calls),,0.0,931
one module strengthens,150,3,"cosine, 4-24",strengthen,0.9623593144351562,0.0,69
one module strengthens,150,3,"cosine, 4-24",none (false calls),,0.0,931
one module strengthens,150,3,"radial, 4-24",strengthen,0.9952832391537851,0.0,69
one module strengthens,150,3,"radial, 4-24",none (false calls),,0.0,931
one module strengthens,150,3,"euclidean, 4-24",strengthen,0.9829542801102135,0.0,69
one module strengthens,150,3,"euclidean, 4-24",none (false calls),,0.0,931
one module strengthens,150,3,"radial + cosine, 4-24",strengthen,0.9941157240928408,0.0,69
one module strengthens,150,3,"radial + cosine, 4-24",none (false calls),,0.0,931
one module strengthens,150,3,"cosine, d=8 (true rank)",strengthen,0.9556966951540341,0.0,69
one module strengthens,150,3,"cosine, d=8 (true rank)",none (false calls),,0.0,931
one module strengthens,150,3,"radial, d=8 (true rank)",strengthen,0.9834212861345911,0.0,69
one module strengthens,150,3,"radial, d=8 (true rank)",none (false calls),,0.0,931
one module strengthens,150,3,degree difference,strengthen,0.985227042762185,0.0,69
one module strengthens,150,3,degree difference,none (false calls),,0.0,931
one module strengthens,150,3,"overlap: min(cosine, radial)",strengthen,0.9959993150578309,0.0,69
one module strengthens,150,3,"overlap: min(cosine, radial)",none (false calls),,0.0,931
one module strengthens,150,3,"max(euclidean, cosine)",strengthen,0.9736452933576176,0.0,69
one module strengthens,150,3,"max(euclidean, cosine)",none (false calls),,0.0,931
one module strengthens,150,3,"min(euclidean, cosine)",strengthen,0.9864412584255671,0.0,69
one module strengthens,150,3,"min(euclidean, cosine)",none (false calls),,0.0,931
one module strengthens,150,4,"default (euclidean + cosine, 4-24)",strengthen,0.9918422318422319,0.0,55
one module strengthens,150,4,"default (euclidean + cosine, 4-24)",none (false calls),,0.0,945
one module strengthens,150,4,"cosine, 4-24",strengthen,0.9838383838383838,0.0,55
one module strengthens,150,4,"cosine, 4-24",none (false calls),,0.0,945
one module strengthens,150,4,"radial, 4-24",strengthen,0.99998075998076,0.0,55
one module strengthens,150,4,"radial, 4-24",none (false calls),,0.0,945
one module strengthens,150,4,"euclidean, 4-24",strengthen,0.9922270322270322,0.0,55
one module strengthens,150,4,"euclidean, 4-24",none (false calls),,0.0,945
one module strengthens,150,4,"radial + cosine, 4-24",strengthen,0.9971717171717172,0.0,55
one module strengthens,150,4,"radial + cosine, 4-24",none (false calls),,0.0,945
one module strengthens,150,4,"cosine, d=8 (true rank)",strengthen,0.9933814333814334,0.0,55
one module strengthens,150,4,"cosine, d=8 (true rank)",none (false calls),,0.0,945
one module strengthens,150,4,"radial, d=8 (true rank)",strengthen,0.9920538720538721,0.0,55
one module strengthens,150,4,"radial, d=8 (true rank)",none (false calls),,0.0,945
one module strengthens,150,4,degree difference,strengthen,0.9904761904761905,0.0,55
one module strengthens,150,4,degree difference,none (false calls),,0.0,945
one module strengthens,150,4,"overlap: min(cosine, radial)",strengthen,0.9995382395382395,0.0,55
one module strengthens,150,4,"overlap: min(cosine, radial)",none (false calls),,0.0,945
one module strengthens,150,4,"max(euclidean, cosine)",strengthen,0.9915536315536315,0.0,55
one module strengthens,150,4,"max(euclidean, cosine)",none (false calls),,0.0,945
one module strengthens,150,4,"min(euclidean, cosine)",strengthen,0.9905339105339105,0.0,55
one module strengthens,150,4,"min(euclidean, cosine)",none (false calls),,0.0,945
one module strengthens,150,5,"default (euclidean + cosine, 4-24)",strengthen,0.9926395740349229,0.0,54
one module strengthens,150,5,"default (euclidean + cosine, 4-24)",none (false calls),,0.0,946
one module strengthens,150,5,"cosine, 4-24",strengthen,0.9732401534727116,0.0,54
one module strengthens,150,5,"cosine, 4-24",none (false calls),,0.0,946
one module strengthens,150,5,"radial, 4-24",strengthen,1.0,0.0,54
one module strengthens,150,5,"radial, 4-24",none (false calls),,0.0,946
one module strengthens,150,5,"euclidean, 4-24",strengthen,0.9975334742776604,0.0,54
one module strengthens,150,5,"euclidean, 4-24",none (false calls),,0.0,946
one module strengthens,150,5,"radial + cosine, 4-24",strengthen,0.9985514055281497,0.0,54
one module strengthens,150,5,"radial + cosine, 4-24",none (false calls),,0.0,946
one module strengthens,150,5,"cosine, d=8 (true rank)",strengthen,0.9405097486492835,0.0,54
one module strengthens,150,5,"cosine, d=8 (true rank)",none (false calls),,0.0,946
one module strengthens,150,5,"radial, d=8 (true rank)",strengthen,0.9981990447106727,0.0,54
one module strengthens,150,5,"radial, d=8 (true rank)",none (false calls),,0.0,946
one module strengthens,150,5,degree difference,strengthen,0.9935009004776446,0.0,54
one module strengthens,150,5,degree difference,none (false calls),,0.0,946
one module strengthens,150,5,"overlap: min(cosine, radial)",strengthen,0.9982773471145564,0.0,54
one module strengthens,150,5,"overlap: min(cosine, radial)",none (false calls),,0.0,946
one module strengthens,150,5,"max(euclidean, cosine)",strengthen,0.996887479445619,0.0,54
one module strengthens,150,5,"max(euclidean, cosine)",none (false calls),,0.0,946
one module strengthens,150,5,"min(euclidean, cosine)",strengthen,0.9858664160989742,0.0,54
one module strengthens,150,5,"min(euclidean, cosine)",none (false calls),,0.0,946
one module strengthens,150,6,"default (euclidean + cosine, 4-24)",strengthen,0.9834635952283011,0.0,65
one module strengthens,150,6,"default (euclidean + cosine, 4-24)",none (false calls),,0.0,935
one module strengthens,150,6,"cosine, 4-24",strengthen,0.9548004936240231,0.0,65
one module strengthens,150,6,"cosine, 4-24",none (false calls),,0.0,935
one module strengthens,150,6,"radial, 4-24",strengthen,0.9986013986013986,0.0,65
one module strengthens,150,6,"radial, 4-24",none (false calls),,0.0,935
one module strengthens,150,6,"euclidean, 4-24",strengthen,0.9854051830522419,0.0,65
one module strengthens,150,6,"euclidean, 4-24",none (false calls),,0.0,935
one module strengthens,150,6,"radial + cosine, 4-24",strengthen,0.9958864664747018,0.0,65
one module strengthens,150,6,"radial + cosine, 4-24",none (false calls),,0.0,935
one module strengthens,150,6,"cosine, d=8 (true rank)",strengthen,0.9102591526120938,0.0,65
one module strengthens,150,6,"cosine, d=8 (true rank)",none (false calls),,0.0,935
one module strengthens,150,6,"radial, d=8 (true rank)",strengthen,0.9849609214315097,0.0,65
one module strengthens,150,6,"radial, d=8 (true rank)",none (false calls),,0.0,935
one module strengthens,150,6,degree difference,strengthen,0.9924475524475525,0.0,65
one module strengthens,150,6,degree difference,none (false calls),,0.0,935
one module strengthens,150,6,"overlap: min(cosine, radial)",strengthen,0.9977622377622377,0.0,65
one module strengthens,150,6,"overlap: min(cosine, radial)",none (false calls),,0.0,935
one module strengthens,150,6,"max(euclidean, cosine)",strengthen,0.9815878239407652,0.0,65
one module strengthens,150,6,"max(euclidean, cosine)",none (false calls),,0.0,935
one module strengthens,150,6,"min(euclidean, cosine)",strengthen,0.9806663924310983,0.0,65
one module strengthens,150,6,"min(euclidean, cosine)",none (false calls),,0.0,935
one module strengthens,150,7,"default (euclidean + cosine, 4-24)",strengthen,0.9942691672099334,67.0,71
one module strengthens,150,7,"default (euclidean + cosine, 4-24)",none (false calls),,9.0,929
one module strengthens,150,7,"cosine, 4-24",strengthen,0.9733774011128125,0.0,71
one module strengthens,150,7,"cosine, 4-24",none (false calls),,0.0,929
one module strengthens,150,7,"radial, 4-24",strengthen,0.9998787125335435,0.0,71
one module strengthens,150,7,"radial, 4-24",none (false calls),,0.0,929
one module strengthens,150,7,"euclidean, 4-24",strengthen,0.9950120529419791,69.0,71
one module strengthens,150,7,"euclidean, 4-24",none (false calls),,9.0,929
one module strengthens,150,7,"radial + cosine, 4-24",strengthen,0.9989235737351991,0.0,71
one module strengthens,150,7,"radial + cosine, 4-24",none (false calls),,0.0,929
one module strengthens,150,7,"cosine, d=8 (true rank)",strengthen,0.9797753149683894,0.0,71
one module strengthens,150,7,"cosine, d=8 (true rank)",none (false calls),,0.0,929
one module strengthens,150,7,"radial, d=8 (true rank)",strengthen,0.9960581573401659,0.0,71
one module strengthens,150,7,"radial, d=8 (true rank)",none (false calls),,0.0,929
one module strengthens,150,7,degree difference,strengthen,0.9848390666929456,0.0,71
one module strengthens,150,7,degree difference,none (false calls),,0.0,929
one module strengthens,150,7,"overlap: min(cosine, radial)",strengthen,0.999423884534332,0.0,71
one module strengthens,150,7,"overlap: min(cosine, radial)",none (false calls),,0.0,929
one module strengthens,150,7,"max(euclidean, cosine)",strengthen,0.994693673342531,69.0,71
one module strengthens,150,7,"max(euclidean, cosine)",none (false calls),,14.0,929
one module strengthens,150,7,"min(euclidean, cosine)",strengthen,0.9913127852150578,0.0,71
one module strengthens,150,7,"min(euclidean, cosine)",none (false calls),,0.0,929
one module strengthens,400,0,"default (euclidean + cosine, 4-24)",strengthen,0.9957141163117684,63.0,63
one module strengthens,400,0,"default (euclidean + cosine, 4-24)",none (false calls),,9.0,937
one module strengthens,400,0,"cosine, 4-24",strengthen,0.991936440175501,0.0,63
one module strengthens,400,0,"cosine, 4-24",none (false calls),,0.0,937
one module strengthens,400,0,"radial, 4-24",strengthen,1.0,0.0,63
one module strengthens,400,0,"radial, 4-24",none (false calls),,0.0,937
one module strengthens,400,0,"euclidean, 4-24",strengthen,0.9959004590808219,63.0,63
one module strengthens,400,0,"euclidean, 4-24",none (false calls),,13.0,937
one module strengthens,400,0,"radial + cosine, 4-24",strengthen,0.9996611949653572,62.0,63
one module strengthens,400,0,"radial + cosine, 4-24",none (false calls),,1.0,937
one module strengthens,400,0,"cosine, d=8 (true rank)",strengthen,0.9994748521963036,0.0,63
one module strengthens,400,0,"cosine, d=8 (true rank)",none (false calls),,0.0,937
one module strengthens,400,0,"radial, d=8 (true rank)",strengthen,0.995426132032322,0.0,63
one module strengthens,400,0,"radial, d=8 (true rank)",none (false calls),,0.0,937
one module strengthens,400,0,degree difference,strengthen,0.9987633616235537,0.0,63
one module strengthens,400,0,degree difference,none (false calls),,0.0,937
one module strengthens,400,0,"overlap: min(cosine, radial)",strengthen,0.9991021666581965,0.0,63
one module strengthens,400,0,"overlap: min(cosine, radial)",none (false calls),,0.0,937
one module strengthens,400,0,"max(euclidean, cosine)",strengthen,0.9959004590808219,63.0,63
one module strengthens,400,0,"max(euclidean, cosine)",none (false calls),,14.0,937
one module strengthens,400,0,"min(euclidean, cosine)",strengthen,0.9944435974318578,0.0,63
one module strengthens,400,0,"min(euclidean, cosine)",none (false calls),,0.0,937
one module strengthens,400,1,"default (euclidean + cosine, 4-24)",strengthen,0.9938976621448893,0.0,79
one module strengthens,400,1,"default (euclidean + cosine, 4-24)",none (false calls),,0.0,921
one module strengthens,400,1,"cosine, 4-24",strengthen,0.9879327643315604,0.0,79
one module strengthens,400,1,"cosine, 4-24",none (false calls),,0.0,921
one module strengthens,400,1,"radial, 4-24",strengthen,0.999381519811982,0.0,79
one module strengthens,400,1,"radial, 4-24",none (false calls),,0.0,921
one module strengthens,400,1,"euclidean, 4-24",strengthen,0.9922621256476862,0.0,79
one module strengthens,400,1,"euclidean, 4-24",none (false calls),,0.0,921
one module strengthens,400,1,"radial + cosine, 4-24",strengthen,0.9977734713231353,0.0,79
one module strengthens,400,1,"radial + cosine, 4-24",none (false calls),,0.0,921
one module strengthens,400,1,"cosine, d=8 (true rank)",strengthen,0.9982132794568369,0.0,79
one module strengthens,400,1,"cosine, d=8 (true rank)",none (false calls),,0.0,921
one module strengthens,400,1,"radial, d=8 (true rank)",strengthen,0.9969488310724447,0.0,79
one module strengthens,400,1,"radial, d=8 (true rank)",none (false calls),,0.0,921
one module strengthens,400,1,degree difference,strengthen,0.9899256449373961,0.0,79
one module strengthens,400,1,degree difference,none (false calls),,0.0,921
one module strengthens,400,1,"overlap: min(cosine, radial)",strengthen,0.998295743481906,0.0,79
one module strengthens,400,1,"overlap: min(cosine, radial)",none (false calls),,0.0,921
one module strengthens,400,1,"max(euclidean, cosine)",strengthen,0.9922621256476862,0.0,79
one module strengthens,400,1,"max(euclidean, cosine)",none (false calls),,0.0,921
one module strengthens,400,1,"min(euclidean, cosine)",strengthen,0.9941175662117401,0.0,79
one module strengthens,400,1,"min(euclidean, cosine)",none (false calls),,0.0,921
one module strengthens,400,2,"default (euclidean + cosine, 4-24)",strengthen,0.9982868145363029,71.0,71
one module strengthens,400,2,"default (euclidean + cosine, 4-24)",none (false calls),,6.0,929
one module strengthens,400,2,"cosine, 4-24",strengthen,0.9926014645461575,0.0,71
one module strengthens,400,2,"cosine, 4-24",none (false calls),,0.0,929
one module strengthens,400,2,"radial, 4-24",strengthen,1.0,0.0,71
one module strengthens,400,2,"radial, 4-24",none (false calls),,0.0,929
one module strengthens,400,2,"euclidean, 4-24",strengthen,0.9985445504025228,71.0,71
one module strengthens,400,2,"euclidean, 4-24",none (false calls),,11.0,929
one module strengthens,400,2,"radial + cosine, 4-24",strengthen,1.0,71.0,71
one module strengthens,400,2,"radial + cosine, 4-24",none (false calls),,1.0,929
one module strengthens,400,2,"cosine, d=8 (true rank)",strengthen,0.9964523416061493,0.0,71
one module strengthens,400,2,"cosine, d=8 (true rank)",none (false calls),,0.0,929
one module strengthens,400,2,"radial, d=8 (true rank)",strengthen,0.9993329189344896,0.0,71
one module strengthens,400,2,"radial, d=8 (true rank)",none (false calls),,0.0,929
one module strengthens,400,2,degree difference,strengthen,0.9983474582695311,0.0,71
one module strengthens,400,2,degree difference,none (false calls),,0.0,929
one module strengthens,400,2,"overlap: min(cosine, radial)",strengthen,0.9994845282675602,0.0,71
one module strengthens,400,2,"overlap: min(cosine, radial)",none (false calls),,0.0,929
one module strengthens,400,2,"max(euclidean, cosine)",strengthen,0.9985445504025228,71.0,71
one module strengthens,400,2,"max(euclidean, cosine)",none (false calls),,12.0,929
one module strengthens,400,2,"min(euclidean, cosine)",strengthen,0.9967858821389045,0.0,71
one module strengthens,400,2,"min(euclidean, cosine)",none (false calls),,0.0,929
one module strengthens,400,3,"default (euclidean + cosine, 4-24)",strengthen,1.0,58.0,58
one module strengthens,400,3,"default (euclidean + cosine, 4-24)",none (false calls),,7.0,942
one module strengthens,400,3,"cosine, 4-24",strengthen,0.9999267881982575,0.0,58
one module strengthens,400,3,"cosine, 4-24",none (false calls),,0.0,942
one module strengthens,400,3,"radial, 4-24",strengthen,1.0,54.0,58
one module strengthens,400,3,"radial, 4-24",none (false calls),,0.0,942
one module strengthens,400,3,"euclidean, 4-24",strengthen,0.9997620616443371,58.0,58
one module strengthens,400,3,"euclidean, 4-24",none (false calls),,10.0,942
one module strengthens,400,3,"radial + cosine, 4-24",strengthen,1.0,58.0,58
one module strengthens,400,3,"radial + cosine, 4-24",none (false calls),,0.0,942
one module strengthens,400,3,"cosine, d=8 (true rank)",strengthen,0.9984808551138443,0.0,58
one module strengthens,400,3,"cosine, d=8 (true rank)",none (false calls),,0.0,942
one module strengthens,400,3,"radial, d=8 (true rank)",strengthen,1.0,0.0,58
one module strengthens,400,3,"radial, d=8 (true rank)",none (false calls),,0.0,942
one module strengthens,400,3,degree difference,strengthen,0.9987187934695073,0.0,58
one module strengthens,400,3,degree difference,none (false calls),,0.0,942
one module strengthens,400,3,"overlap: min(cosine, radial)",strengthen,1.0,0.0,58
one module strengthens,400,3,"overlap: min(cosine, radial)",none (false calls),,0.0,942
one module strengthens,400,3,"max(euclidean, cosine)",strengthen,0.9997620616443371,58.0,58
one module strengthens,400,3,"max(euclidean, cosine)",none (false calls),,10.0,942
one module strengthens,400,3,"min(euclidean, cosine)",strengthen,1.0,0.0,58
one module strengthens,400,3,"min(euclidean, cosine)",none (false calls),,0.0,942
one module strengthens,400,4,"default (euclidean + cosine, 4-24)",strengthen,0.9922982458800164,0.0,71
one module strengthens,400,4,"default (euclidean + cosine, 4-24)",none (false calls),,0.0,929
one module strengthens,400,4,"cosine, 4-24",strengthen,0.98970572628451,0.0,71
one module strengthens,400,4,"cosine, 4-24",none (false calls),,0.0,929
one module strengthens,400,4,"radial, 4-24",strengthen,0.998332297336224,0.0,71
one module strengthens,400,4,"radial, 4-24",none (false calls),,0.0,929
one module strengthens,400,4,"euclidean, 4-24",strengthen,0.9904637729498628,0.0,71
one module strengthens,400,4,"euclidean, 4-24",none (false calls),,1.0,929
one module strengthens,400,4,"radial + cosine, 4-24",strengthen,0.9959520308070164,0.0,71
one module strengthens,400,4,"radial + cosine, 4-24",none (false calls),,0.0,929
one module strengthens,400,4,"cosine, d=8 (true rank)",strengthen,0.9985293894692158,0.0,71
one module strengthens,400,4,"cosine, d=8 (true rank)",none (false calls),,0.0,929
one module strengthens,400,4,"radial, d=8 (true rank)",strengthen,0.9853242165587713,0.0,71
one module strengthens,400,4,"radial, d=8 (true rank)",none (false calls),,0.0,929
one module strengthens,400,4,degree difference,strengthen,0.9991358268014979,0.0,71
one module strengthens,400,4,degree difference,none (false calls),,0.0,929
one module strengthens,400,4,"overlap: min(cosine, radial)",strengthen,0.9988477690686639,0.0,71
one module strengthens,400,4,"overlap: min(cosine, radial)",none (false calls),,0.0,929
one module strengthens,400,4,"max(euclidean, cosine)",strengthen,0.989129610818842,0.0,71
one module strengthens,400,4,"max(euclidean, cosine)",none (false calls),,1.0,929
one module strengthens,400,4,"min(euclidean, cosine)",strengthen,0.9927682348125351,0.0,71
one module strengthens,400,4,"min(euclidean, cosine)",none (false calls),,0.0,929
one module strengthens,400,5,"default (euclidean + cosine, 4-24)",strengthen,0.9967968947235547,68.0,68
one module strengthens,400,5,"default (euclidean + cosine, 4-24)",none (false calls),,10.0,932
one module strengthens,400,5,"cosine, 4-24",strengthen,0.9932150971976773,68.0,68
one module strengthens,400,5,"cosine, 4-24",none (false calls),,35.0,932
one module strengthens,400,5,"radial, 4-24",strengthen,1.0,68.0,68
one module strengthens,400,5,"radial, 4-24",none (false calls),,0.0,932
one module strengthens,400,5,"euclidean, 4-24",strengthen,0.9978540772532188,68.0,68
one module strengthens,400,5,"euclidean, 4-24",none (false calls),,13.0,932
one module strengthens,400,5,"radial + cosine, 4-24",strengthen,0.9996528654380207,68.0,68
one module strengthens,400,5,"radial + cosine, 4-24",none (false calls),,4.0,932
one module strengthens,400,5,"cosine, d=8 (true rank)",strengthen,0.9988797020954304,0.0,68
one module strengthens,400,5,"cosine, d=8 (true rank)",none (false calls),,0.0,932
one module strengthens,400,5,"radial, d=8 (true rank)",strengthen,0.9989112597828831,0.0,68
one module strengthens,400,5,"radial, d=8 (true rank)",none (false calls),,0.0,932
one module strengthens,400,5,degree difference,strengthen,0.9878976268619035,0.0,68
one module strengthens,400,5,degree difference,none (false calls),,0.0,932
one module strengthens,400,5,"overlap: min(cosine, radial)",strengthen,1.0,66.0,68
one module strengthens,400,5,"overlap: min(cosine, radial)",none (false calls),,0.0,932
one module strengthens,400,5,"max(euclidean, cosine)",strengthen,0.9967811158798283,68.0,68
one module strengthens,400,5,"max(euclidean, cosine)",none (false calls),,46.0,932
one module strengthens,400,5,"min(euclidean, cosine)",strengthen,0.9968284524110074,67.0,68
one module strengthens,400,5,"min(euclidean, cosine)",none (false calls),,3.0,932
one module strengthens,400,6,"default (euclidean + cosine, 4-24)",strengthen,0.9957871930669234,0.0,62
one module strengthens,400,6,"default (euclidean + cosine, 4-24)",none (false calls),,0.0,938
one module strengthens,400,6,"cosine, 4-24",strengthen,0.9912992640484215,0.0,62
one module strengthens,400,6,"cosine, 4-24",none (false calls),,0.0,938
one module strengthens,400,6,"radial, 4-24",strengthen,1.0,0.0,62
one module strengthens,400,6,"radial, 4-24",none (false calls),,0.0,938
one module strengthens,400,6,"euclidean, 4-24",strengthen,0.9944287777701355,0.0,62
one module strengthens,400,6,"euclidean, 4-24",none (false calls),,0.0,938
one module strengthens,400,6,"radial + cosine, 4-24",strengthen,0.9992434142650801,62.0,62
one module strengthens,400,6,"radial + cosine, 4-24",none (false calls),,2.0,938
one module strengthens,400,6,"cosine, d=8 (true rank)",strengthen,0.9953745099387853,0.0,62
one module strengthens,400,6,"cosine, d=8 (true rank)",none (false calls),,0.0,938
one module strengthens,400,6,"radial, d=8 (true rank)",strengthen,0.9950821927230208,0.0,62
one module strengthens,400,6,"radial, d=8 (true rank)",none (false calls),,0.0,938
one module strengthens,400,6,degree difference,strengthen,0.999982804869661,0.0,62
one module strengthens,400,6,degree difference,none (false calls),,0.0,938
one module strengthens,400,6,"overlap: min(cosine, radial)",strengthen,0.9998108535662701,0.0,62
one module strengthens,400,6,"overlap: min(cosine, radial)",none (false calls),,0.0,938
one module strengthens,400,6,"max(euclidean, cosine)",strengthen,0.994136460554371,0.0,62
one module strengthens,400,6,"max(euclidean, cosine)",none (false calls),,0.0,938
one module strengthens,400,6,"min(euclidean, cosine)",strengthen,0.9956496320242108,0.0,62
one module strengthens,400,6,"min(euclidean, cosine)",none (false calls),,0.0,938
one module strengthens,400,7,"default (euclidean + cosine, 4-24)",strengthen,0.9990116406764771,58.0,58
one module strengthens,400,7,"default (euclidean + cosine, 4-24)",none (false calls),,16.0,942
one module strengthens,400,7,"cosine, 4-24",strengthen,0.9984442492129731,57.0,58
one module strengthens,400,7,"cosine, 4-24",none (false calls),,3.0,942
one module strengthens,400,7,"radial, 4-24",strengthen,1.0,0.0,58
one module strengthens,400,7,"radial, 4-24",none (false calls),,0.0,942
one module strengthens,400,7,"euclidean, 4-24",strengthen,0.9974558898894502,58.0,58
one module strengthens,400,7,"euclidean, 4-24",none (false calls),,10.0,942
one module strengthens,400,7,"radial + cosine, 4-24",strengthen,1.0,58.0,58
one module strengthens,400,7,"radial + cosine, 4-24",none (false calls),,2.0,942
one module strengthens,400,7,"cosine, d=8 (true rank)",strengthen,0.9998169704956439,0.0,58
one module strengthens,400,7,"cosine, d=8 (true rank)",none (false calls),,0.0,942
one module strengthens,400,7,"radial, d=8 (true rank)",strengthen,0.9938136027527638,0.0,58
one module strengthens,400,7,"radial, d=8 (true rank)",none (false calls),,0.0,942
one module strengthens,400,7,degree difference,strengthen,0.9948934768284647,0.0,58
one module strengthens,400,7,degree difference,none (false calls),,0.0,942
one module strengthens,400,7,"overlap: min(cosine, radial)",strengthen,1.0,0.0,58
one module strengthens,400,7,"overlap: min(cosine, radial)",none (false calls),,0.0,942
one module strengthens,400,7,"max(euclidean, cosine)",strengthen,0.997510798740757,58.0,58
one module strengthens,400,7,"max(euclidean, cosine)",none (false calls),,11.0,942
one module strengthens,400,7,"min(euclidean, cosine)",strengthen,0.9997803645947727,57.0,58
one module strengthens,400,7,"min(euclidean, cosine)",none (false calls),,2.0,942
mixed + one module strengthens,150,0,"default (euclidean + cosine, 4-24)",switch,0.9653742331288343,9.0,50
mixed + one module strengthens,150,0,"default (euclidean + cosine, 4-24)",hub,0.943239263803681,0.0,50
mixed + one module strengthens,150,0,"default (euclidean + cosine, 4-24)",strengthen,0.8280909418982317,0.0,85
mixed + one module strengthens,150,0,"default (euclidean + cosine, 4-24)",none (false calls),,1.0,815
mixed + one module strengthens,150,0,"cosine, 4-24",switch,0.995239263803681,29.0,50
mixed + one module strengthens,150,0,"cosine, 4-24",hub,0.6927607361963191,0.0,50
mixed + one module strengthens,150,0,"cosine, 4-24",strengthen,0.6088487910501624,0.0,85
mixed + one module strengthens,150,0,"cosine, 4-24",none (false calls),,1.0,815
mixed + one module strengthens,150,0,"radial, 4-24",switch,0.46483435582822086,0.0,50
mixed + one module strengthens,150,0,"radial, 4-24",hub,0.9970061349693251,0.0,50
mixed + one module strengthens,150,0,"radial, 4-24",strengthen,0.9652255503428365,0.0,85
mixed + one module strengthens,150,0,"radial, 4-24",none (false calls),,0.0,815
mixed + one module strengthens,150,0,"euclidean, 4-24",switch,0.8122208588957055,0.0,50
mixed + one module strengthens,150,0,"euclidean, 4-24",hub,0.9928834355828221,0.0,50
mixed + one module strengthens,150,0,"euclidean, 4-24",strengthen,0.9076723204619271,0.0,85
mixed + one module strengthens,150,0,"euclidean, 4-24",none (false calls),,0.0,815
mixed + one module strengthens,150,0,"radial + cosine, 4-24",switch,0.9225276073619632,0.0,50
mixed + one module strengthens,150,0,"radial + cosine, 4-24",hub,0.9571042944785276,0.0,50
mixed + one module strengthens,150,0,"radial + cosine, 4-24",strengthen,0.9185997834716709,0.0,85
mixed + one module strengthens,150,0,"radial + cosine, 4-24",none (false calls),,0.0,815
mixed + one module strengthens,150,0,"cosine, d=8 (true rank)",switch,0.9986748466257669,10.0,50
mixed + one module strengthens,150,0,"cosine, d=8 (true rank)",hub,0.8998527607361964,0.0,50
mixed + one module strengthens,150,0,"cosine, d=8 (true rank)",strengthen,0.8706459761818838,0.0,85
mixed + one module strengthens,150,0,"cosine, d=8 (true rank)",none (false calls),,0.0,815
mixed + one module strengthens,150,0,"radial, d=8 (true rank)",switch,0.42480981595092027,0.0,50
mixed + one module strengthens,150,0,"radial, d=8 (true rank)",hub,0.9908220858895705,0.0,50
mixed + one module strengthens,150,0,"radial, d=8 (true rank)",strengthen,0.936845904005774,0.0,85
mixed + one module strengthens,150,0,"radial, d=8 (true rank)",none (false calls),,0.0,815
mixed + one module strengthens,150,0,degree difference,switch,0.48787730061349693,0.0,50
mixed + one module strengthens,150,0,degree difference,hub,0.9853742331288343,0.0,50
mixed + one module strengthens,150,0,degree difference,strengthen,0.9893468062071454,0.0,85
mixed + one module strengthens,150,0,degree difference,none (false calls),,0.0,815
mixed + one module strengthens,150,0,"overlap: min(cosine, radial)",switch,0.6385766871165645,0.0,50
mixed + one module strengthens,150,0,"overlap: min(cosine, radial)",hub,0.8307484662576687,0.0,50
mixed + one module strengthens,150,0,"overlap: min(cosine, radial)",strengthen,0.8139011187297005,0.0,85
mixed + one module strengthens,150,0,"overlap: min(cosine, radial)",none (false calls),,0.0,815
mixed + one module strengthens,150,0,"max(euclidean, cosine)",switch,0.9934233128834355,29.0,50
mixed + one module strengthens,150,0,"max(euclidean, cosine)",hub,0.9842699386503068,0.0,50
mixed + one module strengthens,150,0,"max(euclidean, cosine)",strengthen,0.828581739444244,0.0,85
mixed + one module strengthens,150,0,"max(euclidean, cosine)",none (false calls),,1.0,815
mixed + one module strengthens,150,0,"min(euclidean, cosine)",switch,0.8694478527607362,0.0,50
mixed + one module strengthens,150,0,"min(euclidean, cosine)",hub,0.7832638036809816,0.0,50
mixed + one module strengthens,150,0,"min(euclidean, cosine)",strengthen,0.7421580656802599,0.0,85
mixed + one module strengthens,150,0,"min(euclidean, cosine)",none (false calls),,0.0,815
mixed + one module strengthens,150,1,"default (euclidean + cosine, 4-24)",switch,0.9869064748201439,0.0,50
mixed + one module strengthens,150,1,"default (euclidean + cosine, 4-24)",hub,0.9242685851318945,0.0,50
mixed + one module strengthens,150,1,"default (euclidean + cosine, 4-24)",strengthen,0.868541530412034,0.0,66
mixed + one module strengthens,150,1,"default (euclidean + cosine, 4-24)",none (false calls),,0.0,834
mixed + one module strengthens,150,1,"cosine, 4-24",switch,0.9998081534772182,50.0,50
mixed + one module strengthens,150,1,"cosine, 4-24",hub,0.7298800959232614,0.0,50
mixed + one module strengthens,150,1,"cosine, 4-24",strengthen,0.5989935324467699,0.0,66
mixed + one module strengthens,150,1,"cosine, 4-24",none (false calls),,3.0,834
mixed + one module strengthens,150,1,"radial, 4-24",switch,0.4851798561151079,0.0,50
mixed + one module strengthens,150,1,"radial, 4-24",hub,0.9925419664268585,0.0,50
mixed + one module strengthens,150,1,"radial, 4-24",strengthen,0.9805246711721531,0.0,66
mixed + one module strengthens,150,1,"radial, 4-24",none (false calls),,0.0,834
mixed + one module strengthens,150,1,"euclidean, 4-24",switch,0.8115347721822542,0.0,50
mixed + one module strengthens,150,1,"euclidean, 4-24",hub,0.9745083932853718,0.0,50
mixed + one module strengthens,150,1,"euclidean, 4-24",strengthen,0.9419736937722549,0.0,66
mixed + one module strengthens,150,1,"euclidean, 4-24",none (false calls),,0.0,834
mixed + one module strengthens,150,1,"radial + cosine, 4-24",switch,0.9556354916067147,0.0,50
mixed + one module strengthens,150,1,"radial + cosine, 4-24",hub,0.9422541966426858,0.0,50
mixed + one module strengthens,150,1,"radial + cosine, 4-24",strengthen,0.9252961267349756,0.0,66
mixed + one module strengthens,150,1,"radial + cosine, 4-24",none (false calls),,0.0,834
mixed + one module strengthens,150,1,"cosine, d=8 (true rank)",switch,0.9999520383693046,23.0,50
mixed + one module strengthens,150,1,"cosine, d=8 (true rank)",hub,0.8413908872901679,0.0,50
mixed + one module strengthens,150,1,"cosine, d=8 (true rank)",strengthen,0.8487573577501635,0.0,66
mixed + one module strengthens,150,1,"cosine, d=8 (true rank)",none (false calls),,0.0,834
mixed + one module strengthens,150,1,"radial, d=8 (true rank)",switch,0.4105275779376499,0.0,50
mixed + one module strengthens,150,1,"radial, d=8 (true rank)",hub,0.9758273381294964,0.0,50
mixed + one module strengthens,150,1,"radial, d=8 (true rank)",strengthen,0.94702419882276,0.0,66
mixed + one module strengthens,150,1,"radial, d=8 (true rank)",none (false calls),,0.0,834
mixed + one module strengthens,150,1,degree difference,switch,0.5795923261390887,0.0,50
mixed + one module strengthens,150,1,degree difference,hub,0.9833812949640288,0.0,50
mixed + one module strengthens,150,1,degree difference,strengthen,0.9860111910471623,0.0,66
mixed + one module strengthens,150,1,degree difference,none (false calls),,0.0,834
mixed + one module strengthens,150,1,"overlap: min(cosine, radial)",switch,0.6217985611510791,0.0,50
mixed + one module strengthens,150,1,"overlap: min(cosine, radial)",hub,0.8325659472422062,0.0,50
mixed + one module strengthens,150,1,"overlap: min(cosine, radial)",strengthen,0.7629532737446406,0.0,66
mixed + one module strengthens,150,1,"overlap: min(cosine, radial)",none (false calls),,0.0,834
mixed + one module strengthens,150,1,"max(euclidean, cosine)",switch,0.9998081534772182,50.0,50
mixed + one module strengthens,150,1,"max(euclidean, cosine)",hub,0.9463069544364509,0.0,50
mixed + one module strengthens,150,1,"max(euclidean, cosine)",strengthen,0.8828028486301868,0.0,66
mixed + one module strengthens,150,1,"max(euclidean, cosine)",none (false calls),,4.0,834
mixed + one module strengthens,150,1,"min(euclidean, cosine)",switch,0.8654676258992806,0.0,50
mixed + one module strengthens,150,1,"min(euclidean, cosine)",hub,0.8045083932853717,0.0,50
mixed + one module strengthens,150,1,"min(euclidean, cosine)",strengthen,0.7171353826030085,0.0,66
mixed + one module strengthens,150,1,"min(euclidean, cosine)",none (false calls),,0.0,834
mixed + one module strengthens,150,2,"default (euclidean + cosine, 4-24)",switch,0.9773476702508961,0.0,50
mixed + one module strengthens,150,2,"default (euclidean + cosine, 4-24)",hub,0.951063321385902,0.0,50
mixed + one module strengthens,150,2,"default (euclidean + cosine, 4-24)",strengthen,0.9233657620754395,0.0,63
mixed + one module strengthens,150,2,"default (euclidean + cosine, 4-24)",none (false calls),,0.0,837
mixed + one module strengthens,150,2,"cosine, 4-24",switch,0.9979689366786141,18.0,50
mixed + one module strengthens,150,2,"cosine, 4-24",hub,0.7281959378733572,0.0,50
mixed + one module strengthens,150,2,"cosine, 4-24",strengthen,0.8527621323320248,0.0,63
mixed + one module strengthens,150,2,"cosine, 4-24",none (false calls),,0.0,837
mixed + one module strengthens,150,2,"radial, 4-24",switch,0.4654958183990442,0.0,50
mixed + one module strengthens,150,2,"radial, 4-24",hub,0.9930465949820788,0.0,50
mixed + one module strengthens,150,2,"radial, 4-24",strengthen,0.980391041322941,0.0,63
mixed + one module strengthens,150,2,"radial, 4-24",none (false calls),,0.0,837
mixed + one module strengthens,150,2,"euclidean, 4-24",switch,0.8248028673835125,0.0,50
mixed + one module strengthens,150,2,"euclidean, 4-24",hub,0.9858303464755077,0.0,50
mixed + one module strengthens,150,2,"euclidean, 4-24",strengthen,0.9285619464830934,0.0,63
mixed + one module strengthens,150,2,"euclidean, 4-24",none (false calls),,0.0,837
mixed + one module strengthens,150,2,"radial + cosine, 4-24",switch,0.9329271206690561,0.0,50
mixed + one module strengthens,150,2,"radial + cosine, 4-24",hub,0.9553166069295101,0.0,50
mixed + one module strengthens,150,2,"radial + cosine, 4-24",strengthen,0.9647835239233089,0.0,63
mixed + one module strengthens,150,2,"radial + cosine, 4-24",none (false calls),,0.0,837
mixed + one module strengthens,150,2,"cosine, d=8 (true rank)",switch,0.9983034647550777,14.0,50
mixed + one module strengthens,150,2,"cosine, d=8 (true rank)",hub,0.880047789725209,0.0,50
mixed + one module strengthens,150,2,"cosine, d=8 (true rank)",strengthen,0.9646128463332765,1.0,63
mixed + one module strengthens,150,2,"cosine, d=8 (true rank)",none (false calls),,0.0,837
mixed + one module strengthens,150,2,"radial, d=8 (true rank)",switch,0.42970131421744323,0.0,50
mixed + one module strengthens,150,2,"radial, d=8 (true rank)",hub,0.9823178016726404,0.0,50
mixed + one module strengthens,150,2,"radial, d=8 (true rank)",strengthen,0.947924370863439,0.0,63
mixed + one module strengthens,150,2,"radial, d=8 (true rank)",none (false calls),,0.0,837
mixed + one module strengthens,150,2,degree difference,switch,0.6008363201911588,0.0,50
mixed + one module strengthens,150,2,degree difference,hub,0.9592114695340502,0.0,50
mixed + one module strengthens,150,2,degree difference,strengthen,0.9785135878325842,0.0,63
mixed + one module strengthens,150,2,degree difference,none (false calls),,0.0,837
mixed + one module strengthens,150,2,"overlap: min(cosine, radial)",switch,0.5998566308243728,0.0,50
mixed + one module strengthens,150,2,"overlap: min(cosine, radial)",hub,0.8473357228195938,0.0,50
mixed + one module strengthens,150,2,"overlap: min(cosine, radial)",strengthen,0.94589520395972,0.0,63
mixed + one module strengthens,150,2,"overlap: min(cosine, radial)",none (false calls),,0.0,837
mixed + one module strengthens,150,2,"max(euclidean, cosine)",switch,0.9914934289127838,23.0,50
mixed + one module strengthens,150,2,"max(euclidean, cosine)",hub,0.98415770609319,1.0,50
mixed + one module strengthens,150,2,"max(euclidean, cosine)",strengthen,0.9159507689973639,0.0,63
mixed + one module strengthens,150,2,"max(euclidean, cosine)",none (false calls),,5.0,837
mixed + one module strengthens,150,2,"min(euclidean, cosine)",switch,0.8931660692951016,0.0,50
mixed + one module strengthens,150,2,"min(euclidean, cosine)",hub,0.8033691756272402,0.0,50
mixed + one module strengthens,150,2,"min(euclidean, cosine)",strengthen,0.9132009633801749,0.0,63
mixed + one module strengthens,150,2,"min(euclidean, cosine)",none (false calls),,0.0,837
mixed + one module strengthens,150,3,"default (euclidean + cosine, 4-24)",switch,0.9824940617577197,14.0,50
mixed + one module strengthens,150,3,"default (euclidean + cosine, 4-24)",hub,0.9551543942992874,0.0,50
mixed + one module strengthens,150,3,"default (euclidean + cosine, 4-24)",strengthen,0.8481038578098125,0.0,58
mixed + one module strengthens,150,3,"default (euclidean + cosine, 4-24)",none (false calls),,0.0,842
mixed + one module strengthens,150,3,"cosine, 4-24",switch,0.9995486935866983,49.0,50
mixed + one module strengthens,150,3,"cosine, 4-24",hub,0.7092636579572447,0.0,50
mixed + one module strengthens,150,3,"cosine, 4-24",strengthen,0.6597591940371856,0.0,58
mixed + one module strengthens,150,3,"cosine, 4-24",none (false calls),,3.0,842
mixed + one module strengthens,150,3,"radial, 4-24",switch,0.5380760095011876,0.0,50
mixed + one module strengthens,150,3,"radial, 4-24",hub,0.9963657957244656,0.0,50
mixed + one module strengthens,150,3,"radial, 4-24",strengthen,0.9881439921369481,0.0,58
mixed + one module strengthens,150,3,"radial, 4-24",none (false calls),,0.0,842
mixed + one module strengthens,150,3,"euclidean, 4-24",switch,0.8393824228028504,0.0,50
mixed + one module strengthens,150,3,"euclidean, 4-24",hub,0.9908788598574821,0.0,50
mixed + one module strengthens,150,3,"euclidean, 4-24",strengthen,0.9051928904906217,0.0,58
mixed + one module strengthens,150,3,"euclidean, 4-24",none (false calls),,0.0,842
mixed + one module strengthens,150,3,"radial + cosine, 4-24",switch,0.959667458432304,8.0,50
mixed + one module strengthens,150,3,"radial + cosine, 4-24",hub,0.9642280285035629,0.0,50
mixed + one module strengthens,150,3,"radial + cosine, 4-24",strengthen,0.9361536571381768,0.0,58
mixed + one module strengthens,150,3,"radial + cosine, 4-24",none (false calls),,0.0,842
mixed + one module strengthens,150,3,"cosine, d=8 (true rank)",switch,1.0,11.0,50
mixed + one module strengthens,150,3,"cosine, d=8 (true rank)",hub,0.8507363420427554,0.0,50
mixed + one module strengthens,150,3,"cosine, d=8 (true rank)",strengthen,0.8243099352936358,0.0,58
mixed + one module strengthens,150,3,"cosine, d=8 (true rank)",none (false calls),,0.0,842
mixed + one module strengthens,150,3,"radial, d=8 (true rank)",switch,0.4909976247030879,0.0,50
mixed + one module strengthens,150,3,"radial, d=8 (true rank)",hub,0.9904988123515439,0.0,50
mixed + one module strengthens,150,3,"radial, d=8 (true rank)",strengthen,0.9603571136047179,0.0,58
mixed + one module strengthens,150,3,"radial, d=8 (true rank)",none (false calls),,0.0,842
mixed + one module strengthens,150,3,degree difference,switch,0.6055581947743468,0.0,50
mixed + one module strengthens,150,3,degree difference,hub,0.9831828978622328,0.0,50
mixed + one module strengthens,150,3,degree difference,strengthen,0.9975427962978131,0.0,58
mixed + one module strengthens,150,3,degree difference,none (false calls),,0.0,842
mixed + one module strengthens,150,3,"overlap: min(cosine, radial)",switch,0.6766270783847981,0.0,50
mixed + one module strengthens,150,3,"overlap: min(cosine, radial)",hub,0.8496912114014252,0.0,50
mixed + one module strengthens,150,3,"overlap: min(cosine, radial)",strengthen,0.8278319272667705,0.0,58
mixed + one module strengthens,150,3,"overlap: min(cosine, radial)",none (false calls),,0.0,842
mixed + one module strengthens,150,3,"max(euclidean, cosine)",switch,0.9994536817102138,49.0,50
mixed + one module strengthens,150,3,"max(euclidean, cosine)",hub,0.9814964370546319,19.0,50
mixed + one module strengthens,150,3,"max(euclidean, cosine)",strengthen,0.84824719469244,0.0,58
mixed + one module strengthens,150,3,"max(euclidean, cosine)",none (false calls),,11.0,842
mixed + one module strengthens,150,3,"min(euclidean, cosine)",switch,0.8940380047505938,0.0,50
mixed + one module strengthens,150,3,"min(euclidean, cosine)",hub,0.8052969121140142,0.0,50
mixed + one module strengthens,150,3,"min(euclidean, cosine)",strengthen,0.7799574084691621,0.0,58
mixed + one module strengthens,150,3,"min(euclidean, cosine)",none (false calls),,0.0,842
mixed + one module strengthens,150,4,"default (euclidean + cosine, 4-24)",switch,0.9818682634730539,0.0,50
mixed + one module strengthens,150,4,"default (euclidean + cosine, 4-24)",hub,0.9500119760479042,0.0,50
mixed + one module strengthens,150,4,"default (euclidean + cosine, 4-24)",strengthen,0.8571165361584523,0.0,65
mixed + one module strengthens,150,4,"default (euclidean + cosine, 4-24)",none (false calls),,0.0,835
mixed + one module strengthens,150,4,"cosine, 4-24",switch,0.9990898203592814,35.0,50
mixed + one module strengthens,150,4,"cosine, 4-24",hub,0.6805508982035928,0.0,50
mixed + one module strengthens,150,4,"cosine, 4-24",strengthen,0.8556794104099493,0.0,65
mixed + one module strengthens,150,4,"cosine, 4-24",none (false calls),,0.0,835
mixed + one module strengthens,150,4,"radial, 4-24",switch,0.5591616766467066,0.0,50
mixed + one module strengthens,150,4,"radial, 4-24",hub,0.9961916167664671,0.0,50
mixed + one module strengthens,150,4,"radial, 4-24",strengthen,0.9717549516351912,0.0,65
mixed + one module strengthens,150,4,"radial, 4-24",none (false calls),,0.0,835
mixed + one module strengthens,150,4,"euclidean, 4-24",switch,0.8166467065868264,0.0,50
mixed + one module strengthens,150,4,"euclidean, 4-24",hub,0.991688622754491,0.0,50
mixed + one module strengthens,150,4,"euclidean, 4-24",strengthen,0.7931460156609857,0.0,65
mixed + one module strengthens,150,4,"euclidean, 4-24",none (false calls),,0.0,835
mixed + one module strengthens,150,4,"radial + cosine, 4-24",switch,0.940934131736527,0.0,50
mixed + one module strengthens,150,4,"radial + cosine, 4-24",hub,0.964502994011976,0.0,50
mixed + one module strengthens,150,4,"radial + cosine, 4-24",strengthen,0.9684016582220175,0.0,65
mixed + one module strengthens,150,4,"radial + cosine, 4-24",none (false calls),,0.0,835
mixed + one module strengthens,150,4,"cosine, d=8 (true rank)",switch,1.0,0.0,50
mixed + one module strengthens,150,4,"cosine, d=8 (true rank)",hub,0.8316646706586827,0.0,50
mixed + one module strengthens,150,4,"cosine, d=8 (true rank)",strengthen,0.9431045601105481,0.0,65
mixed + one module strengthens,150,4,"cosine, d=8 (true rank)",none (false calls),,0.0,835
mixed + one module strengthens,150,4,"radial, d=8 (true rank)",switch,0.4904431137724551,0.0,50
mixed + one module strengthens,150,4,"radial, d=8 (true rank)",hub,0.9922874251497006,0.0,50
mixed + one module strengthens,150,4,"radial, d=8 (true rank)",strengthen,0.9345923537540304,0.0,65
mixed + one module strengthens,150,4,"radial, d=8 (true rank)",none (false calls),,0.0,835
mixed + one module strengthens,150,4,degree difference,switch,0.5645508982035928,0.0,50
mixed + one module strengthens,150,4,degree difference,hub,0.9581796407185629,0.0,50
mixed + one module strengthens,150,4,degree difference,strengthen,0.9780193459235376,0.0,65
mixed + one module strengthens,150,4,degree difference,none (false calls),,0.0,835
mixed + one module strengthens,150,4,"overlap: min(cosine, radial)",switch,0.6875688622754491,0.0,50
mixed + one module strengthens,150,4,"overlap: min(cosine, radial)",hub,0.8278562874251497,0.0,50
mixed + one module strengthens,150,4,"overlap: min(cosine, radial)",strengthen,0.9624689083371718,0.0,65
mixed + one module strengthens,150,4,"overlap: min(cosine, radial)",none (false calls),,0.0,835
mixed + one module strengthens,150,4,"max(euclidean, cosine)",switch,0.9963353293413174,36.0,50
mixed + one module strengthens,150,4,"max(euclidean, cosine)",hub,0.9896526946107784,0.0,50
mixed + one module strengthens,150,4,"max(euclidean, cosine)",strengthen,0.828945186549977,0.0,65
mixed + one module strengthens,150,4,"max(euclidean, cosine)",none (false calls),,4.0,835
mixed + one module strengthens,150,4,"min(euclidean, cosine)",switch,0.8846467065868263,0.0,50
mixed + one module strengthens,150,4,"min(euclidean, cosine)",hub,0.7766706586826347,0.0,50
mixed + one module strengthens,150,4,"min(euclidean, cosine)",strengthen,0.858737908797789,0.0,65
mixed + one module strengthens,150,4,"min(euclidean, cosine)",none (false calls),,0.0,835
mixed + one module strengthens,150,5,"default (euclidean + cosine, 4-24)",switch,0.9771046228710463,19.0,50
mixed + one module strengthens,150,5,"default (euclidean + cosine, 4-24)",hub,0.9600486618004866,0.0,50
mixed + one module strengthens,150,5,"default (euclidean + cosine, 4-24)",strengthen,0.7350115415808847,0.0,78
mixed + one module strengthens,150,5,"default (euclidean + cosine, 4-24)",none (false calls),,0.0,822
mixed + one module strengthens,150,5,"cosine, 4-24",switch,0.9996593673965937,46.0,50
mixed + one module strengthens,150,5,"cosine, 4-24",hub,0.6939659367396593,0.0,50
mixed + one module strengthens,150,5,"cosine, 4-24",strengthen,0.7511853515503151,0.0,78
mixed + one module strengthens,150,5,"cosine, 4-24",none (false calls),,0.0,822
mixed + one module strengthens,150,5,"radial, 4-24",switch,0.48116788321167886,0.0,50
mixed + one module strengthens,150,5,"radial, 4-24",hub,0.9975669099756691,0.0,50
mixed + one module strengthens,150,5,"radial, 4-24",strengthen,0.9261494790691871,0.0,78
mixed + one module strengthens,150,5,"radial, 4-24",none (false calls),,0.0,822
mixed + one module strengthens,150,5,"euclidean, 4-24",switch,0.7750608272506083,0.0,50
mixed + one module strengthens,150,5,"euclidean, 4-24",hub,0.995742092457421,0.0,50
mixed + one module strengthens,150,5,"euclidean, 4-24",strengthen,0.6647326720319421,0.0,78
mixed + one module strengthens,150,5,"euclidean, 4-24",none (false calls),,0.0,822
mixed + one module strengthens,150,5,"radial + cosine, 4-24",switch,0.9288077858880779,4.0,50
mixed + one module strengthens,150,5,"radial + cosine, 4-24",hub,0.9655717761557178,0.0,50
mixed + one module strengthens,150,5,"radial + cosine, 4-24",strengthen,0.9176648574458793,0.0,78
mixed + one module strengthens,150,5,"radial + cosine, 4-24",none (false calls),,0.0,822
mixed + one module strengthens,150,5,"cosine, d=8 (true rank)",switch,1.0,22.0,50
mixed + one module strengthens,150,5,"cosine, d=8 (true rank)",hub,0.8713868613138687,0.0,50
mixed + one module strengthens,150,5,"cosine, d=8 (true rank)",strengthen,0.9397498284359598,1.0,78
mixed + one module strengthens,150,5,"cosine, d=8 (true rank)",none (false calls),,0.0,822
mixed + one module strengthens,150,5,"radial, d=8 (true rank)",switch,0.41793187347931876,0.0,50
mixed + one module strengthens,150,5,"radial, d=8 (true rank)",hub,0.9970316301703163,0.0,50
mixed + one module strengthens,150,5,"radial, d=8 (true rank)",strengthen,0.9022396905608584,0.0,78
mixed + one module strengthens,150,5,"radial, d=8 (true rank)",none (false calls),,0.0,822
mixed + one module strengthens,150,5,degree difference,switch,0.6365693430656935,0.0,50
mixed + one module strengthens,150,5,degree difference,hub,0.9589294403892944,0.0,50
mixed + one module strengthens,150,5,degree difference,strengthen,0.9817830182793686,0.0,78
mixed + one module strengthens,150,5,degree difference,none (false calls),,0.0,822
mixed + one module strengthens,150,5,"overlap: min(cosine, radial)",switch,0.6468856447688565,0.0,50
mixed + one module strengthens,150,5,"overlap: min(cosine, radial)",hub,0.819610705596107,0.0,50
mixed + one module strengthens,150,5,"overlap: min(cosine, radial)",strengthen,0.8927880716201884,0.0,78
mixed + one module strengthens,150,5,"overlap: min(cosine, radial)",none (false calls),,0.0,822
mixed + one module strengthens,150,5,"max(euclidean, cosine)",switch,0.9987347931873479,46.0,50
mixed + one module strengthens,150,5,"max(euclidean, cosine)",hub,0.9922141119221412,14.0,50
mixed + one module strengthens,150,5,"max(euclidean, cosine)",strengthen,0.7030850333770042,0.0,78
mixed + one module strengthens,150,5,"max(euclidean, cosine)",none (false calls),,1.0,822
mixed + one module strengthens,150,5,"min(euclidean, cosine)",switch,0.8448905109489051,0.0,50
mixed + one module strengthens,150,5,"min(euclidean, cosine)",hub,0.7852798053527981,0.0,50
mixed + one module strengthens,150,5,"min(euclidean, cosine)",strengthen,0.7417493293405703,0.0,78
mixed + one module strengthens,150,5,"min(euclidean, cosine)",none (false calls),,0.0,822
mixed + one module strengthens,150,6,"default (euclidean + cosine, 4-24)",switch,0.9685401459854015,16.0,50
mixed + one module strengthens,150,6,"default (euclidean + cosine, 4-24)",hub,0.9650851581508516,0.0,50
mixed + one module strengthens,150,6,"default (euclidean + cosine, 4-24)",strengthen,0.7379749204566722,0.0,78
mixed + one module strengthens,150,6,"default (euclidean + cosine, 4-24)",none (false calls),,2.0,822
mixed + one module strengthens,150,6,"cosine, 4-24",switch,0.9998540145985402,37.0,50
mixed + one module strengthens,150,6,"cosine, 4-24",hub,0.698345498783455,0.0,50
mixed + one module strengthens,150,6,"cosine, 4-24",strengthen,0.5797616819514629,0.0,78
mixed + one module strengthens,150,6,"cosine, 4-24",none (false calls),,0.0,822
mixed + one module strengthens,150,6,"radial, 4-24",switch,0.4935279805352798,0.0,50
mixed + one module strengthens,150,6,"radial, 4-24",hub,0.9975425790754258,0.0,50
mixed + one module strengthens,150,6,"radial, 4-24",strengthen,0.9760746147607462,0.0,78
mixed + one module strengthens,150,6,"radial, 4-24",none (false calls),,0.0,822
mixed + one module strengthens,150,6,"euclidean, 4-24",switch,0.7739416058394161,0.0,50
mixed + one module strengthens,150,6,"euclidean, 4-24",hub,0.9949391727493917,0.0,50
mixed + one module strengthens,150,6,"euclidean, 4-24",strengthen,0.8084565475076424,0.0,78
mixed + one module strengthens,150,6,"euclidean, 4-24",none (false calls),,1.0,822
mixed + one module strengthens,150,6,"radial + cosine, 4-24",switch,0.9309732360097324,0.0,50
mixed + one module strengthens,150,6,"radial + cosine, 4-24",hub,0.9747688564476885,0.0,50
mixed + one module strengthens,150,6,"radial + cosine, 4-24",strengthen,0.916463909164639,0.0,78
mixed + one module strengthens,150,6,"radial + cosine, 4-24",none (false calls),,0.0,822
mixed + one module strengthens,150,6,"cosine, d=8 (true rank)",switch,1.0,16.0,50
mixed + one module strengthens,150,6,"cosine, d=8 (true rank)",hub,0.8360583941605839,0.0,50
mixed + one module strengthens,150,6,"cosine, d=8 (true rank)",strengthen,0.9482500467901928,2.0,78
mixed + one module strengthens,150,6,"cosine, d=8 (true rank)",none (false calls),,0.0,822
mixed + one module strengthens,150,6,"radial, d=8 (true rank)",switch,0.45785888077858883,0.0,50
mixed + one module strengthens,150,6,"radial, d=8 (true rank)",hub,0.9919951338199513,0.0,50
mixed + one module strengthens,150,6,"radial, d=8 (true rank)",strengthen,0.9390947657371015,0.0,78
mixed + one module strengthens,150,6,"radial, d=8 (true rank)",none (false calls),,0.0,822
mixed + one module strengthens,150,6,degree difference,switch,0.5795377128953771,0.0,50
mixed + one module strengthens,150,6,degree difference,hub,0.9525790754257908,0.0,50
mixed + one module strengthens,150,6,degree difference,strengthen,0.987085906793936,0.0,78
mixed + one module strengthens,150,6,degree difference,none (false calls),,0.0,822
mixed + one module strengthens,150,6,"overlap: min(cosine, radial)",switch,0.6510462287104622,0.0,50
mixed + one module strengthens,150,6,"overlap: min(cosine, radial)",hub,0.8521897810218978,0.0,50
mixed + one module strengthens,150,6,"overlap: min(cosine, radial)",strengthen,0.7692619626926196,0.0,78
mixed + one module strengthens,150,6,"overlap: min(cosine, radial)",none (false calls),,0.0,822
mixed + one module strengthens,150,6,"max(euclidean, cosine)",switch,0.9982968369829683,38.0,50
mixed + one module strengthens,150,6,"max(euclidean, cosine)",hub,0.9925060827250608,0.0,50
mixed + one module strengthens,150,6,"max(euclidean, cosine)",strengthen,0.7308784078857071,0.0,78
mixed + one module strengthens,150,6,"max(euclidean, cosine)",none (false calls),,2.0,822
mixed + one module strengthens,150,6,"min(euclidean, cosine)",switch,0.8357177615571776,0.0,50
mixed + one module strengthens,150,6,"min(euclidean, cosine)",hub,0.797712895377129,0.0,50
mixed + one module strengthens,150,6,"min(euclidean, cosine)",strengthen,0.6894846840102314,0.0,78
mixed + one module strengthens,150,6,"min(euclidean, cosine)",none (false calls),,0.0,822
mixed + one module strengthens,150,7,"default (euclidean + cosine, 4-24)",switch,0.9924047619047619,18.0,50
mixed + one module strengthens,150,7,"default (euclidean + cosine, 4-24)",hub,0.9428571428571428,0.0,50
mixed + one module strengthens,150,7,"default (euclidean + cosine, 4-24)",strengthen,0.7721031746031746,0.0,60
mixed + one module strengthens,150,7,"default (euclidean + cosine, 4-24)",none (false calls),,0.0,840
mixed + one module strengthens,150,7,"cosine, 4-24",switch,0.9999761904761905,48.0,50
mixed + one module strengthens,150,7,"cosine, 4-24",hub,0.7066428571428571,0.0,50
mixed + one module strengthens,150,7,"cosine, 4-24",strengthen,0.5871626984126984,0.0,60
mixed + one module strengthens,150,7,"cosine, 4-24",none (false calls),,0.0,840
mixed + one module strengthens,150,7,"radial, 4-24",switch,0.5032380952380953,0.0,50
mixed + one module strengthens,150,7,"radial, 4-24",hub,0.9993095238095238,0.0,50
mixed + one module strengthens,150,7,"radial, 4-24",strengthen,0.9632936507936508,0.0,60
mixed + one module strengthens,150,7,"radial, 4-24",none (false calls),,0.0,840
mixed + one module strengthens,150,7,"euclidean, 4-24",switch,0.8676428571428572,0.0,50
mixed + one module strengthens,150,7,"euclidean, 4-24",hub,0.9880238095238095,0.0,50
mixed + one module strengthens,150,7,"euclidean, 4-24",strengthen,0.8693849206349207,0.0,60
mixed + one module strengthens,150,7,"euclidean, 4-24",none (false calls),,0.0,840
mixed + one module strengthens,150,7,"radial + cosine, 4-24",switch,0.9473571428571429,2.0,50
mixed + one module strengthens,150,7,"radial + cosine, 4-24",hub,0.9713095238095238,0.0,50
mixed + one module strengthens,150,7,"radial + cosine, 4-24",strengthen,0.8976587301587302,0.0,60
mixed + one module strengthens,150,7,"radial + cosine, 4-24",none (false calls),,0.0,840
mixed + one module strengthens,150,7,"cosine, d=8 (true rank)",switch,0.9995,19.0,50
mixed + one module strengthens,150,7,"cosine, d=8 (true rank)",hub,0.9387142857142857,0.0,50
mixed + one module strengthens,150,7,"cosine, d=8 (true rank)",strengthen,0.817797619047619,0.0,60
mixed + one module strengthens,150,7,"cosine, d=8 (true rank)",none (false calls),,0.0,840
mixed + one module strengthens,150,7,"radial, d=8 (true rank)",switch,0.4467857142857143,0.0,50
mixed + one module strengthens,150,7,"radial, d=8 (true rank)",hub,0.9964047619047619,0.0,50
mixed + one module strengthens,150,7,"radial, d=8 (true rank)",strengthen,0.9193253968253968,0.0,60
mixed + one module strengthens,150,7,"radial, d=8 (true rank)",none (false calls),,0.0,840
mixed + one module strengthens,150,7,degree difference,switch,0.5998809523809524,0.0,50
mixed + one module strengthens,150,7,degree difference,hub,1.0,0.0,50
mixed + one module strengthens,150,7,degree difference,strengthen,0.9935912698412699,0.0,60
mixed + one module strengthens,150,7,degree difference,none (false calls),,0.0,840
mixed + one module strengthens,150,7,"overlap: min(cosine, radial)",switch,0.6433571428571428,0.0,50
mixed + one module strengthens,150,7,"overlap: min(cosine, radial)",hub,0.8381904761904762,0.0,50
mixed + one module strengthens,150,7,"overlap: min(cosine, radial)",strengthen,0.7641269841269841,0.0,60
mixed + one module strengthens,150,7,"overlap: min(cosine, radial)",none (false calls),,0.0,840
mixed + one module strengthens,150,7,"max(euclidean, cosine)",switch,0.9999523809523809,48.0,50
mixed + one module strengthens,150,7,"max(euclidean, cosine)",hub,0.9794285714285714,0.0,50
mixed + one module strengthens,150,7,"max(euclidean, cosine)",strengthen,0.7884523809523809,0.0,60
mixed + one module strengthens,150,7,"max(euclidean, cosine)",none (false calls),,0.0,840
mixed + one module strengthens,150,7,"min(euclidean, cosine)",switch,0.9085952380952381,0.0,50
mixed + one module strengthens,150,7,"min(euclidean, cosine)",hub,0.797952380952381,0.0,50
mixed + one module strengthens,150,7,"min(euclidean, cosine)",strengthen,0.7048015873015873,0.0,60
mixed + one module strengthens,150,7,"min(euclidean, cosine)",none (false calls),,0.0,840
mixed + one module strengthens,400,0,"default (euclidean + cosine, 4-24)",switch,0.9924179829890644,27.0,50
mixed + one module strengthens,400,0,"default (euclidean + cosine, 4-24)",hub,0.9560631834750911,0.0,50
mixed + one module strengthens,400,0,"default (euclidean + cosine, 4-24)",strengthen,0.8570008363447003,0.0,77
mixed + one module strengthens,400,0,"default (euclidean + cosine, 4-24)",none (false calls),,0.0,823
mixed + one module strengthens,400,0,"cosine, 4-24",switch,0.9977399756986635,50.0,50
mixed + one module strengthens,400,0,"cosine, 4-24",hub,0.6767436208991494,1.0,50
mixed + one module strengthens,400,0,"cosine, 4-24",strengthen,0.6630951065944991,0.0,77
mixed + one module strengthens,400,0,"cosine, 4-24",none (false calls),,25.0,823
mixed + one module strengthens,400,0,"radial, 4-24",switch,0.5530255164034021,0.0,50
mixed + one module strengthens,400,0,"radial, 4-24",hub,0.9978371810449574,0.0,50
mixed + one module strengthens,400,0,"radial, 4-24",strengthen,0.9876126303829827,0.0,77
mixed + one module strengthens,400,0,"radial, 4-24",none (false calls),,0.0,823
mixed + one module strengthens,400,0,"euclidean, 4-24",switch,0.8660267314702309,0.0,50
mixed + one module strengthens,400,0,"euclidean, 4-24",hub,0.9847873633049817,0.0,50
mixed + one module strengthens,400,0,"euclidean, 4-24",strengthen,0.9199318300168847,0.0,77
mixed + one module strengthens,400,0,"euclidean, 4-24",none (false calls),,0.0,823
mixed + one module strengthens,400,0,"radial + cosine, 4-24",switch,0.9778128797083839,8.0,50
mixed + one module strengthens,400,0,"radial + cosine, 4-24",hub,0.9686026731470231,0.0,50
mixed + one module strengthens,400,0,"radial + cosine, 4-24",strengthen,0.9540799419292736,0.0,77
mixed + one module strengthens,400,0,"radial + cosine, 4-24",none (false calls),,0.0,823
mixed + one module strengthens,400,0,"cosine, d=8 (true rank)",switch,1.0,50.0,50
mixed + one module strengthens,400,0,"cosine, d=8 (true rank)",hub,0.934678007290401,0.0,50
mixed + one module strengthens,400,0,"cosine, d=8 (true rank)",strengthen,0.9401619037098988,0.0,77
mixed + one module strengthens,400,0,"cosine, d=8 (true rank)",none (false calls),,0.0,823
mixed + one module strengthens,400,0,"radial, d=8 (true rank)",switch,0.46668286755771565,0.0,50
mixed + one module strengthens,400,0,"radial, d=8 (true rank)",hub,0.9879708383961118,0.0,50
mixed + one module strengthens,400,0,"radial, d=8 (true rank)",strengthen,0.9625222893752663,0.0,77
mixed + one module strengthens,400,0,"radial, d=8 (true rank)",none (false calls),,0.0,823
mixed + one module strengthens,400,0,degree difference,switch,0.6626002430133657,0.0,50
mixed + one module strengthens,400,0,degree difference,hub,0.9732199270959903,0.0,50
mixed + one module strengthens,400,0,degree difference,strengthen,0.985403417967209,0.0,77
mixed + one module strengthens,400,0,degree difference,none (false calls),,0.0,823
mixed + one module strengthens,400,0,"overlap: min(cosine, radial)",switch,0.6922235722964764,0.0,50
mixed + one module strengthens,400,0,"overlap: min(cosine, radial)",hub,0.8139975698663426,0.0,50
mixed + one module strengthens,400,0,"overlap: min(cosine, radial)",strengthen,0.834829811743542,0.0,77
mixed + one module strengthens,400,0,"overlap: min(cosine, radial)",none (false calls),,0.0,823
mixed + one module strengthens,400,0,"max(euclidean, cosine)",switch,0.9977399756986635,50.0,50
mixed + one module strengthens,400,0,"max(euclidean, cosine)",hub,0.9508140947752126,11.0,50
mixed + one module strengthens,400,0,"max(euclidean, cosine)",strengthen,0.8504520995407994,0.0,77
mixed + one module strengthens,400,0,"max(euclidean, cosine)",none (false calls),,25.0,823
mixed + one module strengthens,400,0,"min(euclidean, cosine)",switch,0.9089428918590522,0.0,50
mixed + one module strengthens,400,0,"min(euclidean, cosine)",hub,0.7794167679222357,0.0,50
mixed + one module strengthens,400,0,"min(euclidean, cosine)",strengthen,0.7944012245348819,0.0,77
mixed + one module strengthens,400,0,"min(euclidean, cosine)",none (false calls),,0.0,823
mixed + one module strengthens,400,1,"default (euclidean + cosine, 4-24)",switch,0.9839663461538461,25.0,50
mixed + one module strengthens,400,1,"default (euclidean + cosine, 4-24)",hub,0.9484615384615385,0.0,50
mixed + one module strengthens,400,1,"default (euclidean + cosine, 4-24)",strengthen,0.8642533936651584,0.0,68
mixed + one module strengthens,400,1,"default (euclidean + cosine, 4-24)",none (false calls),,0.0,832
mixed + one module strengthens,400,1,"cosine, 4-24",switch,0.9997836538461539,50.0,50
mixed + one module strengthens,400,1,"cosine, 4-24",hub,0.7191826923076923,0.0,50
mixed + one module strengthens,400,1,"cosine, 4-24",strengthen,0.6264670531674208,0.0,68
mixed + one module strengthens,400,1,"cosine, 4-24",none (false calls),,4.0,832
mixed + one module strengthens,400,1,"radial, 4-24",switch,0.5506009615384615,0.0,50
mixed + one module strengthens,400,1,"radial, 4-24",hub,0.9990625,0.0,50
mixed + one module strengthens,400,1,"radial, 4-24",strengthen,0.986637443438914,0.0,68
mixed + one module strengthens,400,1,"radial, 4-24",none (false calls),,0.0,832
mixed + one module strengthens,400,1,"euclidean, 4-24",switch,0.8438461538461538,0.0,50
mixed + one module strengthens,400,1,"euclidean, 4-24",hub,0.9902644230769231,0.0,50
mixed + one module strengthens,400,1,"euclidean, 4-24",strengthen,0.9258873020361991,0.0,68
mixed + one module strengthens,400,1,"euclidean, 4-24",none (false calls),,0.0,832
mixed + one module strengthens,400,1,"radial + cosine, 4-24",switch,0.955985576923077,5.0,50
mixed + one module strengthens,400,1,"radial + cosine, 4-24",hub,0.9684615384615385,0.0,50
mixed + one module strengthens,400,1,"radial + cosine, 4-24",strengthen,0.9485117364253394,0.0,68
mixed + one module strengthens,400,1,"radial + cosine, 4-24",none (false calls),,0.0,832
mixed + one module strengthens,400,1,"cosine, d=8 (true rank)",switch,1.0,50.0,50
mixed + one module strengthens,400,1,"cosine, d=8 (true rank)",hub,0.9617067307692307,0.0,50
mixed + one module strengthens,400,1,"cosine, d=8 (true rank)",strengthen,0.9727623020361991,1.0,68
mixed + one module strengthens,400,1,"cosine, d=8 (true rank)",none (false calls),,0.0,832
mixed + one module strengthens,400,1,"radial, d=8 (true rank)",switch,0.43826923076923074,0.0,50
mixed + one module strengthens,400,1,"radial, d=8 (true rank)",hub,0.9979086538461538,0.0,50
mixed + one module strengthens,400,1,"radial, d=8 (true rank)",strengthen,0.9799915158371041,0.0,68
mixed + one module strengthens,400,1,"radial, d=8 (true rank)",none (false calls),,0.0,832
mixed + one module strengthens,400,1,degree difference,switch,0.5861298076923077,0.0,50
mixed + one module strengthens,400,1,degree difference,hub,0.9690384615384615,0.0,50
mixed + one module strengthens,400,1,degree difference,strengthen,0.9831907522624435,0.0,68
mixed + one module strengthens,400,1,degree difference,none (false calls),,0.0,832
mixed + one module strengthens,400,1,"overlap: min(cosine, radial)",switch,0.6846153846153846,0.0,50
mixed + one module strengthens,400,1,"overlap: min(cosine, radial)",hub,0.8455048076923077,0.0,50
mixed + one module strengthens,400,1,"overlap: min(cosine, radial)",strengthen,0.8028669400452488,0.0,68
mixed + one module strengthens,400,1,"overlap: min(cosine, radial)",none (false calls),,0.0,832
mixed + one module strengthens,400,1,"max(euclidean, cosine)",switch,0.9995913461538461,50.0,50
mixed + one module strengthens,400,1,"max(euclidean, cosine)",hub,0.9847355769230769,20.0,50
mixed + one module strengthens,400,1,"max(euclidean, cosine)",strengthen,0.882299915158371,0.0,68
mixed + one module strengthens,400,1,"max(euclidean, cosine)",none (false calls),,10.0,832
mixed + one module strengthens,400,1,"min(euclidean, cosine)",switch,0.8921875,0.0,50
mixed + one module strengthens,400,1,"min(euclidean, cosine)",hub,0.8050721153846154,0.0,50
mixed + one module strengthens,400,1,"min(euclidean, cosine)",strengthen,0.7422405260180995,0.0,68
mixed + one module strengthens,400,1,"min(euclidean, cosine)",none (false calls),,0.0,832
mixed + one module strengthens,400,2,"default (euclidean + cosine, 4-24)",switch,0.9863056558363418,22.0,50
mixed + one module strengthens,400,2,"default (euclidean + cosine, 4-24)",hub,0.9609145607701565,0.0,50
mixed + one module strengthens,400,2,"default (euclidean + cosine, 4-24)",strengthen,0.7600585988594151,0.0,69
mixed + one module strengthens,400,2,"default (euclidean + cosine, 4-24)",none (false calls),,0.0,831
mixed + one module strengthens,400,2,"cosine, 4-24",switch,1.0,50.0,50
mixed + one module strengthens,400,2,"cosine, 4-24",hub,0.7509506618531889,0.0,50
mixed + one module strengthens,400,2,"cosine, 4-24",strengthen,0.5193323915659499,0.0,69
mixed + one module strengthens,400,2,"cosine, 4-24",none (false calls),,0.0,831
mixed + one module strengthens,400,2,"radial, 4-24",switch,0.533309265944645,0.0,50
mixed + one module strengthens,400,2,"radial, 4-24",hub,0.9948495788206979,0.0,50
mixed + one module strengthens,400,2,"radial, 4-24",strengthen,0.9790718359231937,0.0,69
mixed + one module strengthens,400,2,"radial, 4-24",none (false calls),,0.0,831
mixed + one module strengthens,400,2,"euclidean, 4-24",switch,0.8256317689530686,0.0,50
mixed + one module strengthens,400,2,"euclidean, 4-24",hub,0.9943922984356197,0.0,50
mixed + one module strengthens,400,2,"euclidean, 4-24",strengthen,0.8878773609585099,0.0,69
mixed + one module strengthens,400,2,"euclidean, 4-24",none (false calls),,0.0,831
mixed + one module strengthens,400,2,"radial + cosine, 4-24",switch,0.9567027677496992,7.0,50
mixed + one module strengthens,400,2,"radial + cosine, 4-24",hub,0.9698916967509025,0.0,50
mixed + one module strengthens,400,2,"radial + cosine, 4-24",strengthen,0.9134620415424057,0.0,69
mixed + one module strengthens,400,2,"radial + cosine, 4-24",none (false calls),,0.0,831
mixed + one module strengthens,400,2,"cosine, d=8 (true rank)",switch,1.0,50.0,50
mixed + one module strengthens,400,2,"cosine, d=8 (true rank)",hub,0.9632972322503008,1.0,50
mixed + one module strengthens,400,2,"cosine, d=8 (true rank)",strengthen,0.9503828110012382,0.0,69
mixed + one module strengthens,400,2,"cosine, d=8 (true rank)",none (false calls),,0.0,831
mixed + one module strengthens,400,2,"radial, d=8 (true rank)",switch,0.5048616125150421,0.0,50
mixed + one module strengthens,400,2,"radial, d=8 (true rank)",hub,0.9916486161251504,0.0,50
mixed + one module strengthens,400,2,"radial, d=8 (true rank)",strengthen,0.9501909694972008,0.0,69
mixed + one module strengthens,400,2,"radial, d=8 (true rank)",none (false calls),,0.0,831
mixed + one module strengthens,400,2,degree difference,switch,0.5646209386281589,0.0,50
mixed + one module strengthens,400,2,degree difference,hub,0.99352587244284,0.0,50
mixed + one module strengthens,400,2,degree difference,strengthen,0.9991977537103891,0.0,69
mixed + one module strengthens,400,2,degree difference,none (false calls),,0.0,831
mixed + one module strengthens,400,2,"overlap: min(cosine, radial)",switch,0.677424789410349,0.0,50
mixed + one module strengthens,400,2,"overlap: min(cosine, radial)",hub,0.8647653429602888,0.0,50
mixed + one module strengthens,400,2,"overlap: min(cosine, radial)",strengthen,0.7137375957027503,0.0,69
mixed + one module strengthens,400,2,"overlap: min(cosine, radial)",none (false calls),,0.0,831
mixed + one module strengthens,400,2,"max(euclidean, cosine)",switch,1.0,50.0,50
mixed + one module strengthens,400,2,"max(euclidean, cosine)",hub,0.9861612515042117,0.0,50
mixed + one module strengthens,400,2,"max(euclidean, cosine)",strengthen,0.7920786898969288,0.0,69
mixed + one module strengthens,400,2,"max(euclidean, cosine)",none (false calls),,0.0,831
mixed + one module strengthens,400,2,"min(euclidean, cosine)",switch,0.8646931407942239,0.0,50
mixed + one module strengthens,400,2,"min(euclidean, cosine)",hub,0.8364380264741276,0.0,50
mixed + one module strengthens,400,2,"min(euclidean, cosine)",strengthen,0.6467325903835086,0.0,69
mixed + one module strengthens,400,2,"min(euclidean, cosine)",none (false calls),,0.0,831
mixed + one module strengthens,400,3,"default (euclidean + cosine, 4-24)",switch,0.9854278728606357,23.0,50
mixed + one module strengthens,400,3,"default (euclidean + cosine, 4-24)",hub,0.9604645476772616,0.0,50
mixed + one module strengthens,400,3,"default (euclidean + cosine, 4-24)",strengthen,0.8237968871131254,0.0,82
mixed + one module strengthens,400,3,"default (euclidean + cosine, 4-24)",none (false calls),,0.0,818
mixed + one module strengthens,400,3,"cosine, 4-24",switch,0.9999755501222494,50.0,50
mixed + one module strengthens,400,3,"cosine, 4-24",hub,0.669119804400978,0.0,50
mixed + one module strengthens,400,3,"cosine, 4-24",strengthen,0.5803566104120699,0.0,82
mixed + one module strengthens,400,3,"cosine, 4-24",none (false calls),,1.0,818
mixed + one module strengthens,400,3,"radial, 4-24",switch,0.4667237163814181,0.0,50
mixed + one module strengthens,400,3,"radial, 4-24",hub,0.992200488997555,0.0,50
mixed + one module strengthens,400,3,"radial, 4-24",strengthen,0.9844057487029638,0.0,82
mixed + one module strengthens,400,3,"radial, 4-24",none (false calls),,0.0,818
mixed + one module strengthens,400,3,"euclidean, 4-24",switch,0.8289731051344743,0.0,50
mixed + one module strengthens,400,3,"euclidean, 4-24",hub,0.9899511002444987,0.0,50
mixed + one module strengthens,400,3,"euclidean, 4-24",strengthen,0.9163635279384579,0.0,82
mixed + one module strengthens,400,3,"euclidean, 4-24",none (false calls),,0.0,818
mixed + one module strengthens,400,3,"radial + cosine, 4-24",switch,0.9513691931540342,4.0,50
mixed + one module strengthens,400,3,"radial + cosine, 4-24",hub,0.9753056234718827,0.0,50
mixed + one module strengthens,400,3,"radial + cosine, 4-24",strengthen,0.9486105313375872,0.0,82
mixed + one module strengthens,400,3,"radial + cosine, 4-24",none (false calls),,0.0,818
mixed + one module strengthens,400,3,"cosine, d=8 (true rank)",switch,1.0,50.0,50
mixed + one module strengthens,400,3,"cosine, d=8 (true rank)",hub,0.9252322738386308,0.0,50
mixed + one module strengthens,400,3,"cosine, d=8 (true rank)",strengthen,0.9618790625559067,0.0,82
mixed + one module strengthens,400,3,"cosine, d=8 (true rank)",none (false calls),,0.0,818
mixed + one module strengthens,400,3,"radial, d=8 (true rank)",switch,0.3884596577017115,0.0,50
mixed + one module strengthens,400,3,"radial, d=8 (true rank)",hub,0.986039119804401,0.0,50
mixed + one module strengthens,400,3,"radial, d=8 (true rank)",strengthen,0.9636978949251596,0.0,82
mixed + one module strengthens,400,3,"radial, d=8 (true rank)",none (false calls),,0.0,818
mixed + one module strengthens,400,3,degree difference,switch,0.5756723716381418,0.0,50
mixed + one module strengthens,400,3,degree difference,hub,0.964278728606357,0.0,50
mixed + one module strengthens,400,3,degree difference,strengthen,0.9823931063271513,0.0,82
mixed + one module strengthens,400,3,degree difference,none (false calls),,0.0,818
mixed + one module strengthens,400,3,"overlap: min(cosine, radial)",switch,0.6144743276283618,0.0,50
mixed + one module strengthens,400,3,"overlap: min(cosine, radial)",hub,0.8335696821515892,0.0,50
mixed + one module strengthens,400,3,"overlap: min(cosine, radial)",strengthen,0.7713489176456557,0.0,82
mixed + one module strengthens,400,3,"overlap: min(cosine, radial)",none (false calls),,0.0,818
mixed + one module strengthens,400,3,"max(euclidean, cosine)",switch,0.9999266503667482,50.0,50
mixed + one module strengthens,400,3,"max(euclidean, cosine)",hub,0.9835941320293399,0.0,50
mixed + one module strengthens,400,3,"max(euclidean, cosine)",strengthen,0.853718170433538,0.0,82
mixed + one module strengthens,400,3,"max(euclidean, cosine)",none (false calls),,5.0,818
mixed + one module strengthens,400,3,"min(euclidean, cosine)",switch,0.8778973105134474,0.0,50
mixed + one module strengthens,400,3,"min(euclidean, cosine)",hub,0.7708068459657702,0.0,50
mixed + one module strengthens,400,3,"min(euclidean, cosine)",strengthen,0.7036197745840539,0.0,82
mixed + one module strengthens,400,3,"min(euclidean, cosine)",none (false calls),,0.0,818
mixed + one module strengthens,400,4,"default (euclidean + cosine, 4-24)",switch,0.9761313868613138,20.0,50
mixed + one module strengthens,400,4,"default (euclidean + cosine, 4-24)",hub,0.915352798053528,0.0,50
mixed + one module strengthens,400,4,"default (euclidean + cosine, 4-24)",strengthen,0.810156591178489,0.0,78
mixed + one module strengthens,400,4,"default (euclidean + cosine, 4-24)",none (false calls),,1.0,822
mixed + one module strengthens,400,4,"cosine, 4-24",switch,0.992360097323601,49.0,50
mixed + one module strengthens,400,4,"cosine, 4-24",hub,0.632043795620438,0.0,50
mixed + one module strengthens,400,4,"cosine, 4-24",strengthen,0.6530195271071183,0.0,78
mixed + one module strengthens,400,4,"cosine, 4-24",none (false calls),,20.0,822
mixed + one module strengthens,400,4,"radial, 4-24",switch,0.5058880778588808,0.0,50
mixed + one module strengthens,400,4,"radial, 4-24",hub,0.9945012165450121,0.0,50
mixed + one module strengthens,400,4,"radial, 4-24",strengthen,0.9812215359660615,0.0,78
mixed + one module strengthens,400,4,"radial, 4-24",none (false calls),,0.0,822
mixed + one module strengthens,400,4,"euclidean, 4-24",switch,0.7936009732360098,0.0,50
mixed + one module strengthens,400,4,"euclidean, 4-24",hub,0.9846715328467154,0.0,50
mixed + one module strengthens,400,4,"euclidean, 4-24",strengthen,0.9151381870359973,0.0,78
mixed + one module strengthens,400,4,"euclidean, 4-24",none (false calls),,0.0,822
mixed + one module strengthens,400,4,"radial + cosine, 4-24",switch,0.9423114355231144,4.0,50
mixed + one module strengthens,400,4,"radial + cosine, 4-24",hub,0.9484671532846716,0.0,50
mixed + one module strengthens,400,4,"radial + cosine, 4-24",strengthen,0.9339010543390105,0.0,78
mixed + one module strengthens,400,4,"radial + cosine, 4-24",none (false calls),,0.0,822
mixed + one module strengthens,400,4,"cosine, d=8 (true rank)",switch,1.0,50.0,50
mixed + one module strengthens,400,4,"cosine, d=8 (true rank)",hub,0.904014598540146,0.0,50
mixed + one module strengthens,400,4,"cosine, d=8 (true rank)",strengthen,0.8825410194023333,0.0,78
mixed + one module strengthens,400,4,"cosine, d=8 (true rank)",none (false calls),,0.0,822
mixed + one module strengthens,400,4,"radial, d=8 (true rank)",switch,0.39201946472019467,0.0,50
mixed + one module strengthens,400,4,"radial, d=8 (true rank)",hub,0.9825304136253041,0.0,50
mixed + one module strengthens,400,4,"radial, d=8 (true rank)",strengthen,0.9537868862686381,0.0,78
mixed + one module strengthens,400,4,"radial, d=8 (true rank)",none (false calls),,0.0,822
mixed + one module strengthens,400,4,degree difference,switch,0.7104622871046229,0.0,50
mixed + one module strengthens,400,4,degree difference,hub,0.9775182481751825,0.0,50
mixed + one module strengthens,400,4,degree difference,strengthen,0.9845904298459043,0.0,78
mixed + one module strengthens,400,4,degree difference,none (false calls),,0.0,822
mixed + one module strengthens,400,4,"overlap: min(cosine, radial)",switch,0.6704136253041363,0.0,50
mixed + one module strengthens,400,4,"overlap: min(cosine, radial)",hub,0.8045255474452555,0.0,50
mixed + one module strengthens,400,4,"overlap: min(cosine, radial)",strengthen,0.8618285607336702,0.0,78
mixed + one module strengthens,400,4,"overlap: min(cosine, radial)",none (false calls),,0.0,822
mixed + one module strengthens,400,4,"max(euclidean, cosine)",switch,0.9918734793187348,49.0,50
mixed + one module strengthens,400,4,"max(euclidean, cosine)",hub,0.93330900243309,0.0,50
mixed + one module strengthens,400,4,"max(euclidean, cosine)",strengthen,0.8055399588246304,0.0,78
mixed + one module strengthens,400,4,"max(euclidean, cosine)",none (false calls),,21.0,822
mixed + one module strengthens,400,4,"min(euclidean, cosine)",switch,0.8601946472019465,0.0,50
mixed + one module strengthens,400,4,"min(euclidean, cosine)",hub,0.7353284671532847,0.0,50
mixed + one module strengthens,400,4,"min(euclidean, cosine)",strengthen,0.7778245679705533,0.0,78
mixed + one module strengthens,400,4,"min(euclidean, cosine)",none (false calls),,0.0,822
mixed + one module strengthens,400,5,"default (euclidean + cosine, 4-24)",switch,0.9852415458937198,26.0,50
mixed + one module strengthens,400,5,"default (euclidean + cosine, 4-24)",hub,0.9465700483091788,0.0,50
mixed + one module strengthens,400,5,"default (euclidean + cosine, 4-24)",strengthen,0.8153851315083199,0.0,72
mixed + one module strengthens,400,5,"default (euclidean + cosine, 4-24)",none (false calls),,0.0,828
mixed + one module strengthens,400,5,"cosine, 4-24",switch,1.0,50.0,50
mixed + one module strengthens,400,5,"cosine, 4-24",hub,0.6509178743961352,0.0,50
mixed + one module strengthens,400,5,"cosine, 4-24",strengthen,0.4874530327428878,0.0,72
mixed + one module strengthens,400,5,"cosine, 4-24",none (false calls),,0.0,828
mixed + one module strengthens,400,5,"radial, 4-24",switch,0.4897342995169082,0.0,50
mixed + one module strengthens,400,5,"radial, 4-24",hub,0.9936956521739131,0.0,50
mixed + one module strengthens,400,5,"radial, 4-24",strengthen,0.9835614600107354,0.0,72
mixed + one module strengthens,400,5,"radial, 4-24",none (false calls),,0.0,828
mixed + one module strengthens,400,5,"euclidean, 4-24",switch,0.80743961352657,0.0,50
mixed + one module strengthens,400,5,"euclidean, 4-24",hub,0.9902898550724638,0.0,50
mixed + one module strengthens,400,5,"euclidean, 4-24",strengthen,0.9251207729468599,0.0,72
mixed + one module strengthens,400,5,"euclidean, 4-24",none (false calls),,0.0,828
mixed + one module strengthens,400,5,"radial + cosine, 4-24",switch,0.9418357487922705,12.0,50
mixed + one module strengthens,400,5,"radial + cosine, 4-24",hub,0.9579951690821256,0.0,50
mixed + one module strengthens,400,5,"radial + cosine, 4-24",strengthen,0.9424986580783682,0.0,72
mixed + one module strengthens,400,5,"radial + cosine, 4-24",none (false calls),,0.0,828
mixed + one module strengthens,400,5,"cosine, d=8 (true rank)",switch,1.0,50.0,50
mixed + one module strengthens,400,5,"cosine, d=8 (true rank)",hub,0.9264009661835749,0.0,50
mixed + one module strengthens,400,5,"cosine, d=8 (true rank)",strengthen,0.9483695652173914,0.0,72
mixed + one module strengthens,400,5,"cosine, d=8 (true rank)",none (false calls),,0.0,828
mixed + one module strengthens,400,5,"radial, d=8 (true rank)",switch,0.39521739130434785,0.0,50
mixed + one module strengthens,400,5,"radial, d=8 (true rank)",hub,0.9788164251207729,0.0,50
mixed + one module strengthens,400,5,"radial, d=8 (true rank)",strengthen,0.9530159688674181,0.0,72
mixed + one module strengthens,400,5,"radial, d=8 (true rank)",none (false calls),,0.0,828
mixed + one module strengthens,400,5,degree difference,switch,0.6521980676328503,0.0,50
mixed + one module strengthens,400,5,degree difference,hub,0.9698309178743961,0.0,50
mixed + one module strengthens,400,5,degree difference,strengthen,0.9882581857219538,0.0,72
mixed + one module strengthens,400,5,degree difference,none (false calls),,0.0,828
mixed + one module strengthens,400,5,"overlap: min(cosine, radial)",switch,0.6122222222222222,0.0,50
mixed + one module strengthens,400,5,"overlap: min(cosine, radial)",hub,0.787536231884058,0.0,50
mixed + one module strengthens,400,5,"overlap: min(cosine, radial)",strengthen,0.6759594739667203,0.0,72
mixed + one module strengthens,400,5,"overlap: min(cosine, radial)",none (false calls),,0.0,828
mixed + one module strengthens,400,5,"max(euclidean, cosine)",switch,1.0,50.0,50
mixed + one module strengthens,400,5,"max(euclidean, cosine)",hub,0.9801449275362318,0.0,50
mixed + one module strengthens,400,5,"max(euclidean, cosine)",strengthen,0.8440687063875469,0.0,72
mixed + one module strengthens,400,5,"max(euclidean, cosine)",none (false calls),,0.0,828
mixed + one module strengthens,400,5,"min(euclidean, cosine)",switch,0.855,0.0,50
mixed + one module strengthens,400,5,"min(euclidean, cosine)",hub,0.7563043478260869,0.0,50
mixed + one module strengthens,400,5,"min(euclidean, cosine)",strengthen,0.6332695920558239,0.0,72
mixed + one module strengthens,400,5,"min(euclidean, cosine)",none (false calls),,0.0,828
mixed + one module strengthens,400,6,"default (euclidean + cosine, 4-24)",switch,0.99141162514828,19.0,50
mixed + one module strengthens,400,6,"default (euclidean + cosine, 4-24)",hub,0.9595492289442468,0.0,50
mixed + one module strengthens,400,6,"default (euclidean + cosine, 4-24)",strengthen,0.8516784250067636,0.0,57
mixed + one module strengthens,400,6,"default (euclidean + cosine, 4-24)",none (false calls),,0.0,843
mixed + one module strengthens,400,6,"cosine, 4-24",switch,1.0,50.0,50
mixed + one module strengthens,400,6,"cosine, 4-24",hub,0.7182918149466192,0.0,50
mixed + one module strengthens,400,6,"cosine, 4-24",strengthen,0.5749308026888098,0.0,57
mixed + one module strengthens,400,6,"cosine, 4-24",none (false calls),,0.0,843
mixed + one module strengthens,400,6,"radial, 4-24",switch,0.5537603795966786,0.0,50
mixed + one module strengthens,400,6,"radial, 4-24",hub,0.9948991696322658,0.0,50
mixed + one module strengthens,400,6,"radial, 4-24",strengthen,0.99038521570831,0.0,57
mixed + one module strengthens,400,6,"radial, 4-24",none (false calls),,0.0,843
mixed + one module strengthens,400,6,"euclidean, 4-24",switch,0.8862396204033215,0.0,50
mixed + one module strengthens,400,6,"euclidean, 4-24",hub,0.9906761565836298,0.0,50
mixed + one module strengthens,400,6,"euclidean, 4-24",strengthen,0.9407920750868869,0.0,57
mixed + one module strengthens,400,6,"euclidean, 4-24",none (false calls),,0.0,843
mixed + one module strengthens,400,6,"radial + cosine, 4-24",switch,0.9591933570581257,6.0,50
mixed + one module strengthens,400,6,"radial + cosine, 4-24",hub,0.9812099644128114,0.0,50
mixed + one module strengthens,400,6,"radial + cosine, 4-24",strengthen,0.9620611433685043,0.0,57
mixed + one module strengthens,400,6,"radial + cosine, 4-24",none (false calls),,0.0,843
mixed + one module strengthens,400,6,"cosine, d=8 (true rank)",switch,1.0,46.0,50
mixed + one module strengthens,400,6,"cosine, d=8 (true rank)",hub,0.9655516014234875,0.0,50
mixed + one module strengthens,400,6,"cosine, d=8 (true rank)",strengthen,0.9743813864435704,0.0,57
mixed + one module strengthens,400,6,"cosine, d=8 (true rank)",none (false calls),,0.0,843
mixed + one module strengthens,400,6,"radial, d=8 (true rank)",switch,0.48073546856465005,0.0,50
mixed + one module strengthens,400,6,"radial, d=8 (true rank)",hub,0.9938315539739028,0.0,50
mixed + one module strengthens,400,6,"radial, d=8 (true rank)",strengthen,0.9808952987450833,0.0,57
mixed + one module strengthens,400,6,"radial, d=8 (true rank)",none (false calls),,0.0,843
mixed + one module strengthens,400,6,degree difference,switch,0.5829181494661921,0.0,50
mixed + one module strengthens,400,6,degree difference,hub,0.973570581257414,0.0,50
mixed + one module strengthens,400,6,degree difference,strengthen,0.99714886266675,0.0,57
mixed + one module strengthens,400,6,degree difference,none (false calls),,0.0,843
mixed + one module strengthens,400,6,"overlap: min(cosine, radial)",switch,0.6744009489916963,0.0,50
mixed + one module strengthens,400,6,"overlap: min(cosine, radial)",hub,0.845005931198102,0.0,50
mixed + one module strengthens,400,6,"overlap: min(cosine, radial)",strengthen,0.7650413102745001,0.0,57
mixed + one module strengthens,400,6,"overlap: min(cosine, radial)",none (false calls),,0.0,843
mixed + one module strengthens,400,6,"max(euclidean, cosine)",switch,0.9999762752075919,50.0,50
mixed + one module strengthens,400,6,"max(euclidean, cosine)",hub,0.9885646500593119,0.0,50
mixed + one module strengthens,400,6,"max(euclidean, cosine)",strengthen,0.9050383967035025,0.0,57
mixed + one module strengthens,400,6,"max(euclidean, cosine)",none (false calls),,3.0,843
mixed + one module strengthens,400,6,"min(euclidean, cosine)",switch,0.9174614472123369,0.0,50
mixed + one module strengthens,400,6,"min(euclidean, cosine)",hub,0.7904863582443654,0.0,50
mixed + one module strengthens,400,6,"min(euclidean, cosine)",strengthen,0.6809639757757383,0.0,57
mixed + one module strengthens,400,6,"min(euclidean, cosine)",none (false calls),,0.0,843
mixed + one module strengthens,400,7,"default (euclidean + cosine, 4-24)",switch,0.9864251207729469,18.0,50
mixed + one module strengthens,400,7,"default (euclidean + cosine, 4-24)",hub,0.9558454106280193,0.0,50
mixed + one module strengthens,400,7,"default (euclidean + cosine, 4-24)",strengthen,0.814261272141707,0.0,72
mixed + one module strengthens,400,7,"default (euclidean + cosine, 4-24)",none (false calls),,0.0,828
mixed + one module strengthens,400,7,"cosine, 4-24",switch,0.9981159420289855,50.0,50
mixed + one module strengthens,400,7,"cosine, 4-24",hub,0.673647342995169,0.0,50
mixed + one module strengthens,400,7,"cosine, 4-24",strengthen,0.5557568438003221,0.0,72
mixed + one module strengthens,400,7,"cosine, 4-24",none (false calls),,20.0,828
mixed + one module strengthens,400,7,"radial, 4-24",switch,0.5923429951690822,0.0,50
mixed + one module strengthens,400,7,"radial, 4-24",hub,0.9974637681159421,0.0,50
mixed + one module strengthens,400,7,"radial, 4-24",strengthen,0.9858259527643586,0.0,72
mixed + one module strengthens,400,7,"radial, 4-24",none (false calls),,0.0,828
mixed + one module strengthens,400,7,"euclidean, 4-24",switch,0.8497584541062801,0.0,50
mixed + one module strengthens,400,7,"euclidean, 4-24",hub,0.9922222222222222,0.0,50
mixed + one module strengthens,400,7,"euclidean, 4-24",strengthen,0.9326355340848095,0.0,72
mixed + one module strengthens,400,7,"euclidean, 4-24",none (false calls),,0.0,828
mixed + one module strengthens,400,7,"radial + cosine, 4-24",switch,0.972463768115942,3.0,50
mixed + one module strengthens,400,7,"radial + cosine, 4-24",hub,0.9725845410628019,0.0,50
mixed + one module strengthens,400,7,"radial + cosine, 4-24",strengthen,0.9254562533548041,0.0,72
mixed + one module strengthens,400,7,"radial + cosine, 4-24",none (false calls),,0.0,828
mixed + one module strengthens,400,7,"cosine, d=8 (true rank)",switch,1.0,50.0,50
mixed + one module strengthens,400,7,"cosine, d=8 (true rank)",hub,0.9704830917874396,2.0,50
mixed + one module strengthens,400,7,"cosine, d=8 (true rank)",strengthen,0.9569578636607622,0.0,72
mixed + one module strengthens,400,7,"cosine, d=8 (true rank)",none (false calls),,0.0,828
mixed + one module strengthens,400,7,"radial, d=8 (true rank)",switch,0.5215217391304348,0.0,50
mixed + one module strengthens,400,7,"radial, d=8 (true rank)",hub,0.9932125603864734,0.0,50
mixed + one module strengthens,400,7,"radial, d=8 (true rank)",strengthen,0.9657139023081052,0.0,72
mixed + one module strengthens,400,7,"radial, d=8 (true rank)",none (false calls),,0.0,828
mixed + one module strengthens,400,7,degree difference,switch,0.6029227053140097,0.0,50
mixed + one module strengthens,400,7,degree difference,hub,0.9969082125603864,0.0,50
mixed + one module strengthens,400,7,degree difference,strengthen,0.9977187332259796,0.0,72
mixed + one module strengthens,400,7,degree difference,none (false calls),,0.0,828
mixed + one module strengthens,400,7,"overlap: min(cosine, radial)",switch,0.7364492753623189,0.0,50
mixed + one module strengthens,400,7,"overlap: min(cosine, radial)",hub,0.8492028985507246,0.0,50
mixed + one module strengthens,400,7,"overlap: min(cosine, radial)",strengthen,0.7710346215780999,0.0,72
mixed + one module strengthens,400,7,"overlap: min(cosine, radial)",none (false calls),,0.0,828
mixed + one module strengthens,400,7,"max(euclidean, cosine)",switch,0.9981159420289855,50.0,50
mixed + one module strengthens,400,7,"max(euclidean, cosine)",hub,0.9354347826086956,0.0,50
mixed + one module strengthens,400,7,"max(euclidean, cosine)",strengthen,0.7977388620504563,0.0,72
mixed + one module strengthens,400,7,"max(euclidean, cosine)",none (false calls),,20.0,828
mixed + one module strengthens,400,7,"min(euclidean, cosine)",switch,0.8978985507246376,0.0,50
mixed + one module strengthens,400,7,"min(euclidean, cosine)",hub,0.8044927536231884,0.0,50
mixed + one module strengthens,400,7,"min(euclidean, cosine)",strengthen,0.7108494363929146,0.0,72
mixed + one module strengthens,400,7,"min(euclidean, cosine)",none (false calls),,0.0,828
null (nothing changes),150,0,"default (euclidean + cosine, 4-24)",none (false calls),,0.0,1000
null (nothing changes),150,0,"cosine, 4-24",none (false calls),,0.0,1000
null (nothing changes),150,0,"radial, 4-24",none (false calls),,0.0,1000
null (nothing changes),150,0,"euclidean, 4-24",none (false calls),,0.0,1000
null (nothing changes),150,0,"radial + cosine, 4-24",none (false calls),,0.0,1000
null (nothing changes),150,0,"cosine, d=8 (true rank)",none (false calls),,0.0,1000
null (nothing changes),150,0,"radial, d=8 (true rank)",none (false calls),,0.0,1000
null (nothing changes),150,0,degree difference,none (false calls),,0.0,1000
null (nothing changes),150,0,"overlap: min(cosine, radial)",none (false calls),,0.0,1000
null (nothing changes),150,0,"max(euclidean, cosine)",none (false calls),,0.0,1000
null (nothing changes),150,0,"min(euclidean, cosine)",none (false calls),,0.0,1000
null (nothing changes),150,1,"default (euclidean + cosine, 4-24)",none (false calls),,0.0,1000
null (nothing changes),150,1,"cosine, 4-24",none (false calls),,0.0,1000
null (nothing changes),150,1,"radial, 4-24",none (false calls),,0.0,1000
null (nothing changes),150,1,"euclidean, 4-24",none (false calls),,0.0,1000
null (nothing changes),150,1,"radial + cosine, 4-24",none (false calls),,0.0,1000
null (nothing changes),150,1,"cosine, d=8 (true rank)",none (false calls),,0.0,1000
null (nothing changes),150,1,"radial, d=8 (true rank)",none (false calls),,0.0,1000
null (nothing changes),150,1,degree difference,none (false calls),,0.0,1000
null (nothing changes),150,1,"overlap: min(cosine, radial)",none (false calls),,0.0,1000
null (nothing changes),150,1,"max(euclidean, cosine)",none (false calls),,0.0,1000
null (nothing changes),150,1,"min(euclidean, cosine)",none (false calls),,0.0,1000
null (nothing changes),150,2,"default (euclidean + cosine, 4-24)",none (false calls),,0.0,1000
null (nothing changes),150,2,"cosine, 4-24",none (false calls),,0.0,1000
null (nothing changes),150,2,"radial, 4-24",none (false calls),,0.0,1000
null (nothing changes),150,2,"euclidean, 4-24",none (false calls),,0.0,1000
null (nothing changes),150,2,"radial + cosine, 4-24",none (false calls),,0.0,1000
null (nothing changes),150,2,"cosine, d=8 (true rank)",none (false calls),,0.0,1000
null (nothing changes),150,2,"radial, d=8 (true rank)",none (false calls),,0.0,1000
null (nothing changes),150,2,degree difference,none (false calls),,0.0,1000
null (nothing changes),150,2,"overlap: min(cosine, radial)",none (false calls),,0.0,1000
null (nothing changes),150,2,"max(euclidean, cosine)",none (false calls),,0.0,1000
null (nothing changes),150,2,"min(euclidean, cosine)",none (false calls),,0.0,1000
null (nothing changes),150,3,"default (euclidean + cosine, 4-24)",none (false calls),,7.0,1000
null (nothing changes),150,3,"cosine, 4-24",none (false calls),,0.0,1000
null (nothing changes),150,3,"radial, 4-24",none (false calls),,0.0,1000
null (nothing changes),150,3,"euclidean, 4-24",none (false calls),,0.0,1000
null (nothing changes),150,3,"radial + cosine, 4-24",none (false calls),,0.0,1000
null (nothing changes),150,3,"cosine, d=8 (true rank)",none (false calls),,0.0,1000
null (nothing changes),150,3,"radial, d=8 (true rank)",none (false calls),,0.0,1000
null (nothing changes),150,3,degree difference,none (false calls),,0.0,1000
null (nothing changes),150,3,"overlap: min(cosine, radial)",none (false calls),,0.0,1000
null (nothing changes),150,3,"max(euclidean, cosine)",none (false calls),,0.0,1000
null (nothing changes),150,3,"min(euclidean, cosine)",none (false calls),,0.0,1000
null (nothing changes),150,4,"default (euclidean + cosine, 4-24)",none (false calls),,0.0,1000
null (nothing changes),150,4,"cosine, 4-24",none (false calls),,0.0,1000
null (nothing changes),150,4,"radial, 4-24",none (false calls),,0.0,1000
null (nothing changes),150,4,"euclidean, 4-24",none (false calls),,0.0,1000
null (nothing changes),150,4,"radial + cosine, 4-24",none (false calls),,0.0,1000
null (nothing changes),150,4,"cosine, d=8 (true rank)",none (false calls),,0.0,1000
null (nothing changes),150,4,"radial, d=8 (true rank)",none (false calls),,0.0,1000
null (nothing changes),150,4,degree difference,none (false calls),,0.0,1000
null (nothing changes),150,4,"overlap: min(cosine, radial)",none (false calls),,0.0,1000
null (nothing changes),150,4,"max(euclidean, cosine)",none (false calls),,0.0,1000
null (nothing changes),150,4,"min(euclidean, cosine)",none (false calls),,0.0,1000
null (nothing changes),150,5,"default (euclidean + cosine, 4-24)",none (false calls),,0.0,1000
null (nothing changes),150,5,"cosine, 4-24",none (false calls),,0.0,1000
null (nothing changes),150,5,"radial, 4-24",none (false calls),,0.0,1000
null (nothing changes),150,5,"euclidean, 4-24",none (false calls),,1.0,1000
null (nothing changes),150,5,"radial + cosine, 4-24",none (false calls),,0.0,1000
null (nothing changes),150,5,"cosine, d=8 (true rank)",none (false calls),,0.0,1000
null (nothing changes),150,5,"radial, d=8 (true rank)",none (false calls),,0.0,1000
null (nothing changes),150,5,degree difference,none (false calls),,0.0,1000
null (nothing changes),150,5,"overlap: min(cosine, radial)",none (false calls),,0.0,1000
null (nothing changes),150,5,"max(euclidean, cosine)",none (false calls),,1.0,1000
null (nothing changes),150,5,"min(euclidean, cosine)",none (false calls),,0.0,1000
null (nothing changes),150,6,"default (euclidean + cosine, 4-24)",none (false calls),,0.0,1000
null (nothing changes),150,6,"cosine, 4-24",none (false calls),,0.0,1000
null (nothing changes),150,6,"radial, 4-24",none (false calls),,0.0,1000
null (nothing changes),150,6,"euclidean, 4-24",none (false calls),,0.0,1000
null (nothing changes),150,6,"radial + cosine, 4-24",none (false calls),,0.0,1000
null (nothing changes),150,6,"cosine, d=8 (true rank)",none (false calls),,0.0,1000
null (nothing changes),150,6,"radial, d=8 (true rank)",none (false calls),,0.0,1000
null (nothing changes),150,6,degree difference,none (false calls),,0.0,1000
null (nothing changes),150,6,"overlap: min(cosine, radial)",none (false calls),,0.0,1000
null (nothing changes),150,6,"max(euclidean, cosine)",none (false calls),,0.0,1000
null (nothing changes),150,6,"min(euclidean, cosine)",none (false calls),,0.0,1000
null (nothing changes),150,7,"default (euclidean + cosine, 4-24)",none (false calls),,0.0,1000
null (nothing changes),150,7,"cosine, 4-24",none (false calls),,0.0,1000
null (nothing changes),150,7,"radial, 4-24",none (false calls),,0.0,1000
null (nothing changes),150,7,"euclidean, 4-24",none (false calls),,0.0,1000
null (nothing changes),150,7,"radial + cosine, 4-24",none (false calls),,0.0,1000
null (nothing changes),150,7,"cosine, d=8 (true rank)",none (false calls),,0.0,1000
null (nothing changes),150,7,"radial, d=8 (true rank)",none (false calls),,0.0,1000
null (nothing changes),150,7,degree difference,none (false calls),,0.0,1000
null (nothing changes),150,7,"overlap: min(cosine, radial)",none (false calls),,0.0,1000
null (nothing changes),150,7,"max(euclidean, cosine)",none (false calls),,0.0,1000
null (nothing changes),150,7,"min(euclidean, cosine)",none (false calls),,0.0,1000
null (nothing changes),400,0,"default (euclidean + cosine, 4-24)",none (false calls),,0.0,1000
null (nothing changes),400,0,"cosine, 4-24",none (false calls),,0.0,1000
null (nothing changes),400,0,"radial, 4-24",none (false calls),,0.0,1000
null (nothing changes),400,0,"euclidean, 4-24",none (false calls),,0.0,1000
null (nothing changes),400,0,"radial + cosine, 4-24",none (false calls),,0.0,1000
null (nothing changes),400,0,"cosine, d=8 (true rank)",none (false calls),,0.0,1000
null (nothing changes),400,0,"radial, d=8 (true rank)",none (false calls),,0.0,1000
null (nothing changes),400,0,degree difference,none (false calls),,0.0,1000
null (nothing changes),400,0,"overlap: min(cosine, radial)",none (false calls),,0.0,1000
null (nothing changes),400,0,"max(euclidean, cosine)",none (false calls),,0.0,1000
null (nothing changes),400,0,"min(euclidean, cosine)",none (false calls),,0.0,1000
null (nothing changes),400,1,"default (euclidean + cosine, 4-24)",none (false calls),,1.0,1000
null (nothing changes),400,1,"cosine, 4-24",none (false calls),,1.0,1000
null (nothing changes),400,1,"radial, 4-24",none (false calls),,0.0,1000
null (nothing changes),400,1,"euclidean, 4-24",none (false calls),,1.0,1000
null (nothing changes),400,1,"radial + cosine, 4-24",none (false calls),,1.0,1000
null (nothing changes),400,1,"cosine, d=8 (true rank)",none (false calls),,0.0,1000
null (nothing changes),400,1,"radial, d=8 (true rank)",none (false calls),,0.0,1000
null (nothing changes),400,1,degree difference,none (false calls),,0.0,1000
null (nothing changes),400,1,"overlap: min(cosine, radial)",none (false calls),,0.0,1000
null (nothing changes),400,1,"max(euclidean, cosine)",none (false calls),,1.0,1000
null (nothing changes),400,1,"min(euclidean, cosine)",none (false calls),,1.0,1000
null (nothing changes),400,2,"default (euclidean + cosine, 4-24)",none (false calls),,0.0,1000
null (nothing changes),400,2,"cosine, 4-24",none (false calls),,0.0,1000
null (nothing changes),400,2,"radial, 4-24",none (false calls),,0.0,1000
null (nothing changes),400,2,"euclidean, 4-24",none (false calls),,0.0,1000
null (nothing changes),400,2,"radial + cosine, 4-24",none (false calls),,0.0,1000
null (nothing changes),400,2,"cosine, d=8 (true rank)",none (false calls),,0.0,1000
null (nothing changes),400,2,"radial, d=8 (true rank)",none (false calls),,0.0,1000
null (nothing changes),400,2,degree difference,none (false calls),,0.0,1000
null (nothing changes),400,2,"overlap: min(cosine, radial)",none (false calls),,0.0,1000
null (nothing changes),400,2,"max(euclidean, cosine)",none (false calls),,0.0,1000
null (nothing changes),400,2,"min(euclidean, cosine)",none (false calls),,0.0,1000
null (nothing changes),400,3,"default (euclidean + cosine, 4-24)",none (false calls),,0.0,1000
null (nothing changes),400,3,"cosine, 4-24",none (false calls),,0.0,1000
null (nothing changes),400,3,"radial, 4-24",none (false calls),,0.0,1000
null (nothing changes),400,3,"euclidean, 4-24",none (false calls),,0.0,1000
null (nothing changes),400,3,"radial + cosine, 4-24",none (false calls),,0.0,1000
null (nothing changes),400,3,"cosine, d=8 (true rank)",none (false calls),,0.0,1000
null (nothing changes),400,3,"radial, d=8 (true rank)",none (false calls),,0.0,1000
null (nothing changes),400,3,degree difference,none (false calls),,0.0,1000
null (nothing changes),400,3,"overlap: min(cosine, radial)",none (false calls),,0.0,1000
null (nothing changes),400,3,"max(euclidean, cosine)",none (false calls),,0.0,1000
null (nothing changes),400,3,"min(euclidean, cosine)",none (false calls),,0.0,1000
null (nothing changes),400,4,"default (euclidean + cosine, 4-24)",none (false calls),,0.0,1000
null (nothing changes),400,4,"cosine, 4-24",none (false calls),,0.0,1000
null (nothing changes),400,4,"radial, 4-24",none (false calls),,0.0,1000
null (nothing changes),400,4,"euclidean, 4-24",none (false calls),,1.0,1000
null (nothing changes),400,4,"radial + cosine, 4-24",none (false calls),,0.0,1000
null (nothing changes),400,4,"cosine, d=8 (true rank)",none (false calls),,0.0,1000
null (nothing changes),400,4,"radial, d=8 (true rank)",none (false calls),,0.0,1000
null (nothing changes),400,4,degree difference,none (false calls),,0.0,1000
null (nothing changes),400,4,"overlap: min(cosine, radial)",none (false calls),,0.0,1000
null (nothing changes),400,4,"max(euclidean, cosine)",none (false calls),,1.0,1000
null (nothing changes),400,4,"min(euclidean, cosine)",none (false calls),,0.0,1000
null (nothing changes),400,5,"default (euclidean + cosine, 4-24)",none (false calls),,0.0,1000
null (nothing changes),400,5,"cosine, 4-24",none (false calls),,0.0,1000
null (nothing changes),400,5,"radial, 4-24",none (false calls),,0.0,1000
null (nothing changes),400,5,"euclidean, 4-24",none (false calls),,0.0,1000
null (nothing changes),400,5,"radial + cosine, 4-24",none (false calls),,0.0,1000
null (nothing changes),400,5,"cosine, d=8 (true rank)",none (false calls),,0.0,1000
null (nothing changes),400,5,"radial, d=8 (true rank)",none (false calls),,0.0,1000
null (nothing changes),400,5,degree difference,none (false calls),,0.0,1000
null (nothing changes),400,5,"overlap: min(cosine, radial)",none (false calls),,0.0,1000
null (nothing changes),400,5,"max(euclidean, cosine)",none (false calls),,0.0,1000
null (nothing changes),400,5,"min(euclidean, cosine)",none (false calls),,0.0,1000
null (nothing changes),400,6,"default (euclidean + cosine, 4-24)",none (false calls),,1.0,1000
null (nothing changes),400,6,"cosine, 4-24",none (false calls),,1.0,1000
null (nothing changes),400,6,"radial, 4-24",none (false calls),,0.0,1000
null (nothing changes),400,6,"euclidean, 4-24",none (false calls),,0.0,1000
null (nothing changes),400,6,"radial + cosine, 4-24",none (false calls),,0.0,1000
null (nothing changes),400,6,"cosine, d=8 (true rank)",none (false calls),,0.0,1000
null (nothing changes),400,6,"radial, d=8 (true rank)",none (false calls),,0.0,1000
null (nothing changes),400,6,degree difference,none (false calls),,0.0,1000
null (nothing changes),400,6,"overlap: min(cosine, radial)",none (false calls),,0.0,1000
null (nothing changes),400,6,"max(euclidean, cosine)",none (false calls),,1.0,1000
null (nothing changes),400,6,"min(euclidean, cosine)",none (false calls),,0.0,1000
null (nothing changes),400,7,"default (euclidean + cosine, 4-24)",none (false calls),,0.0,1000
null (nothing changes),400,7,"cosine, 4-24",none (false calls),,0.0,1000
null (nothing changes),400,7,"radial, 4-24",none (false calls),,0.0,1000
null (nothing changes),400,7,"euclidean, 4-24",none (false calls),,0.0,1000
null (nothing changes),400,7,"radial + cosine, 4-24",none (false calls),,0.0,1000
null (nothing changes),400,7,"cosine, d=8 (true rank)",none (false calls),,0.0,1000
null (nothing changes),400,7,"radial, d=8 (true rank)",none (false calls),,0.0,1000
null (nothing changes),400,7,degree difference,none (false calls),,0.0,1000
null (nothing changes),400,7,"overlap: min(cosine, radial)",none (false calls),,0.0,1000
null (nothing changes),400,7,"max(euclidean, cosine)",none (false calls),,0.0,1000
null (nothing changes),400,7,"min(euclidean, cosine)",none (false calls),,0.0,1000
