scenario,samples,rep,ranking,sets,called,total,auroc
"mixed (5% switch, 5% hub, 5% both)",150,0,"default (euclidean + cosine, 4-24)",switch,15,15,1.0
"mixed (5% switch, 5% hub, 5% both)",150,0,"default (euclidean + cosine, 4-24)",hub,9,15,0.9888888888888889
"mixed (5% switch, 5% hub, 5% both)",150,0,"default (euclidean + cosine, 4-24)",both,15,15,1.0
"mixed (5% switch, 5% hub, 5% both)",150,0,"default (euclidean + cosine, 4-24)",null: random,0,20,
"mixed (5% switch, 5% hub, 5% both)",150,0,"default (euclidean + cosine, 4-24)",null: module,0,20,
"mixed (5% switch, 5% hub, 5% both)",150,0,"default (euclidean + cosine, 4-24)",null: hub-rich module,0,20,
"mixed (5% switch, 5% hub, 5% both)",150,0,"cosine, 4-24",switch,15,15,1.0
"mixed (5% switch, 5% hub, 5% both)",150,0,"cosine, 4-24",hub,0,15,0.6911111111111111
"mixed (5% switch, 5% hub, 5% both)",150,0,"cosine, 4-24",both,15,15,1.0
"mixed (5% switch, 5% hub, 5% both)",150,0,"cosine, 4-24",null: random,0,20,
"mixed (5% switch, 5% hub, 5% both)",150,0,"cosine, 4-24",null: module,0,20,
"mixed (5% switch, 5% hub, 5% both)",150,0,"cosine, 4-24",null: hub-rich module,0,20,
"mixed (5% switch, 5% hub, 5% both)",150,0,"radial, 4-24",switch,0,15,0.6255555555555555
"mixed (5% switch, 5% hub, 5% both)",150,0,"radial, 4-24",hub,14,15,1.0
"mixed (5% switch, 5% hub, 5% both)",150,0,"radial, 4-24",both,15,15,1.0
"mixed (5% switch, 5% hub, 5% both)",150,0,"radial, 4-24",null: random,0,20,
"mixed (5% switch, 5% hub, 5% both)",150,0,"radial, 4-24",null: module,0,20,
"mixed (5% switch, 5% hub, 5% both)",150,0,"radial, 4-24",null: hub-rich module,0,20,
"mixed (5% switch, 5% hub, 5% both)",150,0,"euclidean, 4-24",switch,3,15,0.9933333333333333
"mixed (5% switch, 5% hub, 5% both)",150,0,"euclidean, 4-24",hub,15,15,1.0
"mixed (5% switch, 5% hub, 5% both)",150,0,"euclidean, 4-24",both,15,15,1.0
"mixed (5% switch, 5% hub, 5% both)",150,0,"euclidean, 4-24",null: random,0,20,
"mixed (5% switch, 5% hub, 5% both)",150,0,"euclidean, 4-24",null: module,0,20,
"mixed (5% switch, 5% hub, 5% both)",150,0,"euclidean, 4-24",null: hub-rich module,0,20,
"mixed (5% switch, 5% hub, 5% both)",150,0,"radial + cosine, 4-24",switch,7,15,1.0
"mixed (5% switch, 5% hub, 5% both)",150,0,"radial + cosine, 4-24",hub,8,15,0.9977777777777778
"mixed (5% switch, 5% hub, 5% both)",150,0,"radial + cosine, 4-24",both,15,15,1.0
"mixed (5% switch, 5% hub, 5% both)",150,0,"radial + cosine, 4-24",null: random,0,20,
"mixed (5% switch, 5% hub, 5% both)",150,0,"radial + cosine, 4-24",null: module,0,20,
"mixed (5% switch, 5% hub, 5% both)",150,0,"radial + cosine, 4-24",null: hub-rich module,0,20,
"mixed (5% switch, 5% hub, 5% both)",150,0,"cosine, d=8 (true rank)",switch,15,15,1.0
"mixed (5% switch, 5% hub, 5% both)",150,0,"cosine, d=8 (true rank)",hub,6,15,0.9855555555555555
"mixed (5% switch, 5% hub, 5% both)",150,0,"cosine, d=8 (true rank)",both,15,15,1.0
"mixed (5% switch, 5% hub, 5% both)",150,0,"cosine, d=8 (true rank)",null: random,0,20,
"mixed (5% switch, 5% hub, 5% both)",150,0,"cosine, d=8 (true rank)",null: module,0,20,
"mixed (5% switch, 5% hub, 5% both)",150,0,"cosine, d=8 (true rank)",null: hub-rich module,0,20,
"mixed (5% switch, 5% hub, 5% both)",150,0,"radial, d=8 (true rank)",switch,0,15,0.5444444444444444
"mixed (5% switch, 5% hub, 5% both)",150,0,"radial, d=8 (true rank)",hub,12,15,1.0
"mixed (5% switch, 5% hub, 5% both)",150,0,"radial, d=8 (true rank)",both,14,15,1.0
"mixed (5% switch, 5% hub, 5% both)",150,0,"radial, d=8 (true rank)",null: random,0,20,
"mixed (5% switch, 5% hub, 5% both)",150,0,"radial, d=8 (true rank)",null: module,0,20,
"mixed (5% switch, 5% hub, 5% both)",150,0,"radial, d=8 (true rank)",null: hub-rich module,0,20,
"mixed (5% switch, 5% hub, 5% both)",150,0,degree difference,switch,0,15,0.8166666666666667
"mixed (5% switch, 5% hub, 5% both)",150,0,degree difference,hub,12,15,1.0
"mixed (5% switch, 5% hub, 5% both)",150,0,degree difference,both,15,15,1.0
"mixed (5% switch, 5% hub, 5% both)",150,0,degree difference,null: random,0,20,
"mixed (5% switch, 5% hub, 5% both)",150,0,degree difference,null: module,0,20,
"mixed (5% switch, 5% hub, 5% both)",150,0,degree difference,null: hub-rich module,0,20,
"mixed (5% switch, 5% hub, 5% both)",150,1,"default (euclidean + cosine, 4-24)",switch,3,15,0.8966666666666666
"mixed (5% switch, 5% hub, 5% both)",150,1,"default (euclidean + cosine, 4-24)",hub,8,15,0.9633333333333334
"mixed (5% switch, 5% hub, 5% both)",150,1,"default (euclidean + cosine, 4-24)",both,15,15,1.0
"mixed (5% switch, 5% hub, 5% both)",150,1,"default (euclidean + cosine, 4-24)",null: random,0,20,
"mixed (5% switch, 5% hub, 5% both)",150,1,"default (euclidean + cosine, 4-24)",null: module,0,20,
"mixed (5% switch, 5% hub, 5% both)",150,1,"default (euclidean + cosine, 4-24)",null: hub-rich module,0,20,
"mixed (5% switch, 5% hub, 5% both)",150,1,"cosine, 4-24",switch,13,15,0.9755555555555555
"mixed (5% switch, 5% hub, 5% both)",150,1,"cosine, 4-24",hub,4,15,0.8155555555555556
"mixed (5% switch, 5% hub, 5% both)",150,1,"cosine, 4-24",both,15,15,0.9977777777777778
"mixed (5% switch, 5% hub, 5% both)",150,1,"cosine, 4-24",null: random,0,20,
"mixed (5% switch, 5% hub, 5% both)",150,1,"cosine, 4-24",null: module,2,20,
"mixed (5% switch, 5% hub, 5% both)",150,1,"cosine, 4-24",null: hub-rich module,3,20,
"mixed (5% switch, 5% hub, 5% both)",150,1,"radial, 4-24",switch,0,15,0.6711111111111111
"mixed (5% switch, 5% hub, 5% both)",150,1,"radial, 4-24",hub,15,15,1.0
"mixed (5% switch, 5% hub, 5% both)",150,1,"radial, 4-24",both,15,15,1.0
"mixed (5% switch, 5% hub, 5% both)",150,1,"radial, 4-24",null: random,0,20,
"mixed (5% switch, 5% hub, 5% both)",150,1,"radial, 4-24",null: module,0,20,
"mixed (5% switch, 5% hub, 5% both)",150,1,"radial, 4-24",null: hub-rich module,0,20,
"mixed (5% switch, 5% hub, 5% both)",150,1,"euclidean, 4-24",switch,3,15,0.82
"mixed (5% switch, 5% hub, 5% both)",150,1,"euclidean, 4-24",hub,15,15,1.0
"mixed (5% switch, 5% hub, 5% both)",150,1,"euclidean, 4-24",both,15,15,1.0
"mixed (5% switch, 5% hub, 5% both)",150,1,"euclidean, 4-24",null: random,0,20,
"mixed (5% switch, 5% hub, 5% both)",150,1,"euclidean, 4-24",null: module,0,20,
"mixed (5% switch, 5% hub, 5% both)",150,1,"euclidean, 4-24",null: hub-rich module,0,20,
"mixed (5% switch, 5% hub, 5% both)",150,1,"radial + cosine, 4-24",switch,3,15,0.9255555555555556
"mixed (5% switch, 5% hub, 5% both)",150,1,"radial + cosine, 4-24",hub,11,15,0.9822222222222222
"mixed (5% switch, 5% hub, 5% both)",150,1,"radial + cosine, 4-24",both,15,15,1.0
"mixed (5% switch, 5% hub, 5% both)",150,1,"radial + cosine, 4-24",null: random,0,20,
"mixed (5% switch, 5% hub, 5% both)",150,1,"radial + cosine, 4-24",null: module,0,20,
"mixed (5% switch, 5% hub, 5% both)",150,1,"radial + cosine, 4-24",null: hub-rich module,1,20,
"mixed (5% switch, 5% hub, 5% both)",150,1,"cosine, d=8 (true rank)",switch,15,15,1.0
"mixed (5% switch, 5% hub, 5% both)",150,1,"cosine, d=8 (true rank)",hub,12,15,0.9877777777777778
"mixed (5% switch, 5% hub, 5% both)",150,1,"cosine, d=8 (true rank)",both,15,15,1.0
"mixed (5% switch, 5% hub, 5% both)",150,1,"cosine, d=8 (true rank)",null: random,0,20,
"mixed (5% switch, 5% hub, 5% both)",150,1,"cosine, d=8 (true rank)",null: module,0,20,
"mixed (5% switch, 5% hub, 5% both)",150,1,"cosine, d=8 (true rank)",null: hub-rich module,0,20,
"mixed (5% switch, 5% hub, 5% both)",150,1,"radial, d=8 (true rank)",switch,0,15,0.6988888888888889
"mixed (5% switch, 5% hub, 5% both)",150,1,"radial, d=8 (true rank)",hub,11,15,1.0
"mixed (5% switch, 5% hub, 5% both)",150,1,"radial, d=8 (true rank)",both,14,15,1.0
"mixed (5% switch, 5% hub, 5% both)",150,1,"radial, d=8 (true rank)",null: random,0,20,
"mixed (5% switch, 5% hub, 5% both)",150,1,"radial, d=8 (true rank)",null: module,0,20,
"mixed (5% switch, 5% hub, 5% both)",150,1,"radial, d=8 (true rank)",null: hub-rich module,0,20,
"mixed (5% switch, 5% hub, 5% both)",150,1,degree difference,switch,1,15,0.82
"mixed (5% switch, 5% hub, 5% both)",150,1,degree difference,hub,10,15,0.9966666666666667
"mixed (5% switch, 5% hub, 5% both)",150,1,degree difference,both,15,15,1.0
"mixed (5% switch, 5% hub, 5% both)",150,1,degree difference,null: random,0,20,
"mixed (5% switch, 5% hub, 5% both)",150,1,degree difference,null: module,0,20,
"mixed (5% switch, 5% hub, 5% both)",150,1,degree difference,null: hub-rich module,0,20,
"mixed (5% switch, 5% hub, 5% both)",150,2,"default (euclidean + cosine, 4-24)",switch,15,15,0.9533333333333334
"mixed (5% switch, 5% hub, 5% both)",150,2,"default (euclidean + cosine, 4-24)",hub,12,15,0.95
"mixed (5% switch, 5% hub, 5% both)",150,2,"default (euclidean + cosine, 4-24)",both,15,15,0.99
"mixed (5% switch, 5% hub, 5% both)",150,2,"default (euclidean + cosine, 4-24)",null: random,0,20,
"mixed (5% switch, 5% hub, 5% both)",150,2,"default (euclidean + cosine, 4-24)",null: module,3,20,
"mixed (5% switch, 5% hub, 5% both)",150,2,"default (euclidean + cosine, 4-24)",null: hub-rich module,0,20,
"mixed (5% switch, 5% hub, 5% both)",150,2,"cosine, 4-24",switch,15,15,0.98
"mixed (5% switch, 5% hub, 5% both)",150,2,"cosine, 4-24",hub,0,15,0.86
"mixed (5% switch, 5% hub, 5% both)",150,2,"cosine, 4-24",both,15,15,0.9855555555555555
"mixed (5% switch, 5% hub, 5% both)",150,2,"cosine, 4-24",null: random,0,20,
"mixed (5% switch, 5% hub, 5% both)",150,2,"cosine, 4-24",null: module,3,20,
"mixed (5% switch, 5% hub, 5% both)",150,2,"cosine, 4-24",null: hub-rich module,0,20,
"mixed (5% switch, 5% hub, 5% both)",150,2,"radial, 4-24",switch,0,15,0.8655555555555555
"mixed (5% switch, 5% hub, 5% both)",150,2,"radial, 4-24",hub,14,15,1.0
"mixed (5% switch, 5% hub, 5% both)",150,2,"radial, 4-24",both,15,15,1.0
"mixed (5% switch, 5% hub, 5% both)",150,2,"radial, 4-24",null: random,0,20,
"mixed (5% switch, 5% hub, 5% both)",150,2,"radial, 4-24",null: module,0,20,
"mixed (5% switch, 5% hub, 5% both)",150,2,"radial, 4-24",null: hub-rich module,0,20,
"mixed (5% switch, 5% hub, 5% both)",150,2,"euclidean, 4-24",switch,9,15,0.9555555555555556
"mixed (5% switch, 5% hub, 5% both)",150,2,"euclidean, 4-24",hub,15,15,1.0
"mixed (5% switch, 5% hub, 5% both)",150,2,"euclidean, 4-24",both,15,15,1.0
"mixed (5% switch, 5% hub, 5% both)",150,2,"euclidean, 4-24",null: random,0,20,
"mixed (5% switch, 5% hub, 5% both)",150,2,"euclidean, 4-24",null: module,3,20,
"mixed (5% switch, 5% hub, 5% both)",150,2,"euclidean, 4-24",null: hub-rich module,0,20,
"mixed (5% switch, 5% hub, 5% both)",150,2,"radial + cosine, 4-24",switch,11,15,0.9533333333333334
"mixed (5% switch, 5% hub, 5% both)",150,2,"radial + cosine, 4-24",hub,9,15,0.95
"mixed (5% switch, 5% hub, 5% both)",150,2,"radial + cosine, 4-24",both,15,15,0.9866666666666667
"mixed (5% switch, 5% hub, 5% both)",150,2,"radial + cosine, 4-24",null: random,0,20,
"mixed (5% switch, 5% hub, 5% both)",150,2,"radial + cosine, 4-24",null: module,3,20,
"mixed (5% switch, 5% hub, 5% both)",150,2,"radial + cosine, 4-24",null: hub-rich module,0,20,
"mixed (5% switch, 5% hub, 5% both)",150,2,"cosine, d=8 (true rank)",switch,15,15,0.9822222222222222
"mixed (5% switch, 5% hub, 5% both)",150,2,"cosine, d=8 (true rank)",hub,6,15,0.9455555555555556
"mixed (5% switch, 5% hub, 5% both)",150,2,"cosine, d=8 (true rank)",both,15,15,0.9933333333333333
"mixed (5% switch, 5% hub, 5% both)",150,2,"cosine, d=8 (true rank)",null: random,0,20,
"mixed (5% switch, 5% hub, 5% both)",150,2,"cosine, d=8 (true rank)",null: module,3,20,
"mixed (5% switch, 5% hub, 5% both)",150,2,"cosine, d=8 (true rank)",null: hub-rich module,0,20,
"mixed (5% switch, 5% hub, 5% both)",150,2,"radial, d=8 (true rank)",switch,0,15,0.7811111111111111
"mixed (5% switch, 5% hub, 5% both)",150,2,"radial, d=8 (true rank)",hub,13,15,0.9944444444444445
"mixed (5% switch, 5% hub, 5% both)",150,2,"radial, d=8 (true rank)",both,14,15,0.9966666666666667
"mixed (5% switch, 5% hub, 5% both)",150,2,"radial, d=8 (true rank)",null: random,0,20,
"mixed (5% switch, 5% hub, 5% both)",150,2,"radial, d=8 (true rank)",null: module,2,20,
"mixed (5% switch, 5% hub, 5% both)",150,2,"radial, d=8 (true rank)",null: hub-rich module,0,20,
"mixed (5% switch, 5% hub, 5% both)",150,2,degree difference,switch,1,15,0.8566666666666667
"mixed (5% switch, 5% hub, 5% both)",150,2,degree difference,hub,12,15,0.9766666666666667
"mixed (5% switch, 5% hub, 5% both)",150,2,degree difference,both,15,15,0.9944444444444445
"mixed (5% switch, 5% hub, 5% both)",150,2,degree difference,null: random,0,20,
"mixed (5% switch, 5% hub, 5% both)",150,2,degree difference,null: module,2,20,
"mixed (5% switch, 5% hub, 5% both)",150,2,degree difference,null: hub-rich module,0,20,
"mixed (5% switch, 5% hub, 5% both)",400,0,"default (euclidean + cosine, 4-24)",switch,14,15,0.99
"mixed (5% switch, 5% hub, 5% both)",400,0,"default (euclidean + cosine, 4-24)",hub,7,15,0.9077777777777778
"mixed (5% switch, 5% hub, 5% both)",400,0,"default (euclidean + cosine, 4-24)",both,15,15,0.9944444444444445
"mixed (5% switch, 5% hub, 5% both)",400,0,"default (euclidean + cosine, 4-24)",null: random,0,20,
"mixed (5% switch, 5% hub, 5% both)",400,0,"default (euclidean + cosine, 4-24)",null: module,4,20,
"mixed (5% switch, 5% hub, 5% both)",400,0,"default (euclidean + cosine, 4-24)",null: hub-rich module,0,20,
"mixed (5% switch, 5% hub, 5% both)",400,0,"cosine, 4-24",switch,15,15,1.0
"mixed (5% switch, 5% hub, 5% both)",400,0,"cosine, 4-24",hub,0,15,0.64
"mixed (5% switch, 5% hub, 5% both)",400,0,"cosine, 4-24",both,15,15,0.9966666666666667
"mixed (5% switch, 5% hub, 5% both)",400,0,"cosine, 4-24",null: random,0,20,
"mixed (5% switch, 5% hub, 5% both)",400,0,"cosine, 4-24",null: module,3,20,
"mixed (5% switch, 5% hub, 5% both)",400,0,"cosine, 4-24",null: hub-rich module,0,20,
"mixed (5% switch, 5% hub, 5% both)",400,0,"radial, 4-24",switch,0,15,0.5944444444444444
"mixed (5% switch, 5% hub, 5% both)",400,0,"radial, 4-24",hub,14,15,1.0
"mixed (5% switch, 5% hub, 5% both)",400,0,"radial, 4-24",both,15,15,1.0
"mixed (5% switch, 5% hub, 5% both)",400,0,"radial, 4-24",null: random,0,20,
"mixed (5% switch, 5% hub, 5% both)",400,0,"radial, 4-24",null: module,0,20,
"mixed (5% switch, 5% hub, 5% both)",400,0,"radial, 4-24",null: hub-rich module,0,20,
"mixed (5% switch, 5% hub, 5% both)",400,0,"euclidean, 4-24",switch,3,15,0.9477777777777778
"mixed (5% switch, 5% hub, 5% both)",400,0,"euclidean, 4-24",hub,14,15,0.9988888888888889
"mixed (5% switch, 5% hub, 5% both)",400,0,"euclidean, 4-24",both,15,15,1.0
"mixed (5% switch, 5% hub, 5% both)",400,0,"euclidean, 4-24",null: random,0,20,
"mixed (5% switch, 5% hub, 5% both)",400,0,"euclidean, 4-24",null: module,0,20,
"mixed (5% switch, 5% hub, 5% both)",400,0,"euclidean, 4-24",null: hub-rich module,0,20,
"mixed (5% switch, 5% hub, 5% both)",400,0,"radial + cosine, 4-24",switch,14,15,0.9888888888888889
"mixed (5% switch, 5% hub, 5% both)",400,0,"radial + cosine, 4-24",hub,13,15,0.9877777777777778
"mixed (5% switch, 5% hub, 5% both)",400,0,"radial + cosine, 4-24",both,15,15,1.0
"mixed (5% switch, 5% hub, 5% both)",400,0,"radial + cosine, 4-24",null: random,0,20,
"mixed (5% switch, 5% hub, 5% both)",400,0,"radial + cosine, 4-24",null: module,0,20,
"mixed (5% switch, 5% hub, 5% both)",400,0,"radial + cosine, 4-24",null: hub-rich module,0,20,
"mixed (5% switch, 5% hub, 5% both)",400,0,"cosine, d=8 (true rank)",switch,15,15,1.0
"mixed (5% switch, 5% hub, 5% both)",400,0,"cosine, d=8 (true rank)",hub,9,15,0.9533333333333334
"mixed (5% switch, 5% hub, 5% both)",400,0,"cosine, d=8 (true rank)",both,15,15,1.0
"mixed (5% switch, 5% hub, 5% both)",400,0,"cosine, d=8 (true rank)",null: random,0,20,
"mixed (5% switch, 5% hub, 5% both)",400,0,"cosine, d=8 (true rank)",null: module,0,20,
"mixed (5% switch, 5% hub, 5% both)",400,0,"cosine, d=8 (true rank)",null: hub-rich module,0,20,
"mixed (5% switch, 5% hub, 5% both)",400,0,"radial, d=8 (true rank)",switch,0,15,0.42444444444444446
"mixed (5% switch, 5% hub, 5% both)",400,0,"radial, d=8 (true rank)",hub,10,15,1.0
"mixed (5% switch, 5% hub, 5% both)",400,0,"radial, d=8 (true rank)",both,14,15,1.0
"mixed (5% switch, 5% hub, 5% both)",400,0,"radial, d=8 (true rank)",null: random,0,20,
"mixed (5% switch, 5% hub, 5% both)",400,0,"radial, d=8 (true rank)",null: module,0,20,
"mixed (5% switch, 5% hub, 5% both)",400,0,"radial, d=8 (true rank)",null: hub-rich module,0,20,
"mixed (5% switch, 5% hub, 5% both)",400,0,degree difference,switch,1,15,0.8566666666666667
"mixed (5% switch, 5% hub, 5% both)",400,0,degree difference,hub,9,15,1.0
"mixed (5% switch, 5% hub, 5% both)",400,0,degree difference,both,14,15,1.0
"mixed (5% switch, 5% hub, 5% both)",400,0,degree difference,null: random,0,20,
"mixed (5% switch, 5% hub, 5% both)",400,0,degree difference,null: module,0,20,
"mixed (5% switch, 5% hub, 5% both)",400,0,degree difference,null: hub-rich module,0,20,
"mixed (5% switch, 5% hub, 5% both)",400,1,"default (euclidean + cosine, 4-24)",switch,9,15,0.8777777777777778
"mixed (5% switch, 5% hub, 5% both)",400,1,"default (euclidean + cosine, 4-24)",hub,8,15,0.8777777777777778
"mixed (5% switch, 5% hub, 5% both)",400,1,"default (euclidean + cosine, 4-24)",both,13,15,0.9855555555555555
"mixed (5% switch, 5% hub, 5% both)",400,1,"default (euclidean + cosine, 4-24)",null: random,0,20,
"mixed (5% switch, 5% hub, 5% both)",400,1,"default (euclidean + cosine, 4-24)",null: module,2,20,
"mixed (5% switch, 5% hub, 5% both)",400,1,"default (euclidean + cosine, 4-24)",null: hub-rich module,2,20,
"mixed (5% switch, 5% hub, 5% both)",400,1,"cosine, 4-24",switch,10,15,0.91
"mixed (5% switch, 5% hub, 5% both)",400,1,"cosine, 4-24",hub,2,15,0.6711111111111111
"mixed (5% switch, 5% hub, 5% both)",400,1,"cosine, 4-24",both,11,15,0.9466666666666667
"mixed (5% switch, 5% hub, 5% both)",400,1,"cosine, 4-24",null: random,0,20,
"mixed (5% switch, 5% hub, 5% both)",400,1,"cosine, 4-24",null: module,2,20,
"mixed (5% switch, 5% hub, 5% both)",400,1,"cosine, 4-24",null: hub-rich module,5,20,
"mixed (5% switch, 5% hub, 5% both)",400,1,"radial, 4-24",switch,0,15,0.6733333333333333
"mixed (5% switch, 5% hub, 5% both)",400,1,"radial, 4-24",hub,15,15,1.0
"mixed (5% switch, 5% hub, 5% both)",400,1,"radial, 4-24",both,15,15,1.0
"mixed (5% switch, 5% hub, 5% both)",400,1,"radial, 4-24",null: random,0,20,
"mixed (5% switch, 5% hub, 5% both)",400,1,"radial, 4-24",null: module,0,20,
"mixed (5% switch, 5% hub, 5% both)",400,1,"radial, 4-24",null: hub-rich module,0,20,
"mixed (5% switch, 5% hub, 5% both)",400,1,"euclidean, 4-24",switch,3,15,0.8822222222222222
"mixed (5% switch, 5% hub, 5% both)",400,1,"euclidean, 4-24",hub,15,15,1.0
"mixed (5% switch, 5% hub, 5% both)",400,1,"euclidean, 4-24",both,15,15,1.0
"mixed (5% switch, 5% hub, 5% both)",400,1,"euclidean, 4-24",null: random,0,20,
"mixed (5% switch, 5% hub, 5% both)",400,1,"euclidean, 4-24",null: module,0,20,
"mixed (5% switch, 5% hub, 5% both)",400,1,"euclidean, 4-24",null: hub-rich module,0,20,
"mixed (5% switch, 5% hub, 5% both)",400,1,"radial + cosine, 4-24",switch,8,15,0.88
"mixed (5% switch, 5% hub, 5% both)",400,1,"radial + cosine, 4-24",hub,9,15,0.9455555555555556
"mixed (5% switch, 5% hub, 5% both)",400,1,"radial + cosine, 4-24",both,15,15,1.0
"mixed (5% switch, 5% hub, 5% both)",400,1,"radial + cosine, 4-24",null: random,0,20,
"mixed (5% switch, 5% hub, 5% both)",400,1,"radial + cosine, 4-24",null: module,0,20,
"mixed (5% switch, 5% hub, 5% both)",400,1,"radial + cosine, 4-24",null: hub-rich module,5,20,
"mixed (5% switch, 5% hub, 5% both)",400,1,"cosine, d=8 (true rank)",switch,15,15,1.0
"mixed (5% switch, 5% hub, 5% both)",400,1,"cosine, d=8 (true rank)",hub,12,15,0.8733333333333333
"mixed (5% switch, 5% hub, 5% both)",400,1,"cosine, d=8 (true rank)",both,15,15,1.0
"mixed (5% switch, 5% hub, 5% both)",400,1,"cosine, d=8 (true rank)",null: random,0,20,
"mixed (5% switch, 5% hub, 5% both)",400,1,"cosine, d=8 (true rank)",null: module,3,20,
"mixed (5% switch, 5% hub, 5% both)",400,1,"cosine, d=8 (true rank)",null: hub-rich module,5,20,
"mixed (5% switch, 5% hub, 5% both)",400,1,"radial, d=8 (true rank)",switch,0,15,0.5033333333333333
"mixed (5% switch, 5% hub, 5% both)",400,1,"radial, d=8 (true rank)",hub,11,15,0.99
"mixed (5% switch, 5% hub, 5% both)",400,1,"radial, d=8 (true rank)",both,15,15,1.0
"mixed (5% switch, 5% hub, 5% both)",400,1,"radial, d=8 (true rank)",null: random,0,20,
"mixed (5% switch, 5% hub, 5% both)",400,1,"radial, d=8 (true rank)",null: module,2,20,
"mixed (5% switch, 5% hub, 5% both)",400,1,"radial, d=8 (true rank)",null: hub-rich module,0,20,
"mixed (5% switch, 5% hub, 5% both)",400,1,degree difference,switch,2,15,0.73
"mixed (5% switch, 5% hub, 5% both)",400,1,degree difference,hub,13,15,0.99
"mixed (5% switch, 5% hub, 5% both)",400,1,degree difference,both,15,15,1.0
"mixed (5% switch, 5% hub, 5% both)",400,1,degree difference,null: random,0,20,
"mixed (5% switch, 5% hub, 5% both)",400,1,degree difference,null: module,2,20,
"mixed (5% switch, 5% hub, 5% both)",400,1,degree difference,null: hub-rich module,0,20,
"mixed (5% switch, 5% hub, 5% both)",400,2,"default (euclidean + cosine, 4-24)",switch,10,15,0.9755555555555555
"mixed (5% switch, 5% hub, 5% both)",400,2,"default (euclidean + cosine, 4-24)",hub,5,15,0.9055555555555556
"mixed (5% switch, 5% hub, 5% both)",400,2,"default (euclidean + cosine, 4-24)",both,14,15,1.0
"mixed (5% switch, 5% hub, 5% both)",400,2,"default (euclidean + cosine, 4-24)",null: random,0,20,
"mixed (5% switch, 5% hub, 5% both)",400,2,"default (euclidean + cosine, 4-24)",null: module,0,20,
"mixed (5% switch, 5% hub, 5% both)",400,2,"default (euclidean + cosine, 4-24)",null: hub-rich module,0,20,
"mixed (5% switch, 5% hub, 5% both)",400,2,"cosine, 4-24",switch,15,15,1.0
"mixed (5% switch, 5% hub, 5% both)",400,2,"cosine, 4-24",hub,0,15,0.6177777777777778
"mixed (5% switch, 5% hub, 5% both)",400,2,"cosine, 4-24",both,14,15,0.9922222222222222
"mixed (5% switch, 5% hub, 5% both)",400,2,"cosine, 4-24",null: random,0,20,
"mixed (5% switch, 5% hub, 5% both)",400,2,"cosine, 4-24",null: module,0,20,
"mixed (5% switch, 5% hub, 5% both)",400,2,"cosine, 4-24",null: hub-rich module,0,20,
"mixed (5% switch, 5% hub, 5% both)",400,2,"radial, 4-24",switch,0,15,0.7111111111111111
"mixed (5% switch, 5% hub, 5% both)",400,2,"radial, 4-24",hub,13,15,1.0
"mixed (5% switch, 5% hub, 5% both)",400,2,"radial, 4-24",both,15,15,1.0
"mixed (5% switch, 5% hub, 5% both)",400,2,"radial, 4-24",null: random,0,20,
"mixed (5% switch, 5% hub, 5% both)",400,2,"radial, 4-24",null: module,0,20,
"mixed (5% switch, 5% hub, 5% both)",400,2,"radial, 4-24",null: hub-rich module,0,20,
"mixed (5% switch, 5% hub, 5% both)",400,2,"euclidean, 4-24",switch,1,15,0.9077777777777778
"mixed (5% switch, 5% hub, 5% both)",400,2,"euclidean, 4-24",hub,12,15,1.0
"mixed (5% switch, 5% hub, 5% both)",400,2,"euclidean, 4-24",both,15,15,1.0
"mixed (5% switch, 5% hub, 5% both)",400,2,"euclidean, 4-24",null: random,0,20,
"mixed (5% switch, 5% hub, 5% both)",400,2,"euclidean, 4-24",null: module,0,20,
"mixed (5% switch, 5% hub, 5% both)",400,2,"euclidean, 4-24",null: hub-rich module,0,20,
"mixed (5% switch, 5% hub, 5% both)",400,2,"radial + cosine, 4-24",switch,8,15,0.9744444444444444
"mixed (5% switch, 5% hub, 5% both)",400,2,"radial + cosine, 4-24",hub,9,15,0.9655555555555555
"mixed (5% switch, 5% hub, 5% both)",400,2,"radial + cosine, 4-24",both,15,15,1.0
"mixed (5% switch, 5% hub, 5% both)",400,2,"radial + cosine, 4-24",null: random,0,20,
"mixed (5% switch, 5% hub, 5% both)",400,2,"radial + cosine, 4-24",null: module,0,20,
"mixed (5% switch, 5% hub, 5% both)",400,2,"radial + cosine, 4-24",null: hub-rich module,0,20,
"mixed (5% switch, 5% hub, 5% both)",400,2,"cosine, d=8 (true rank)",switch,15,15,1.0
"mixed (5% switch, 5% hub, 5% both)",400,2,"cosine, d=8 (true rank)",hub,9,15,0.9411111111111111
"mixed (5% switch, 5% hub, 5% both)",400,2,"cosine, d=8 (true rank)",both,15,15,1.0
"mixed (5% switch, 5% hub, 5% both)",400,2,"cosine, d=8 (true rank)",null: random,0,20,
"mixed (5% switch, 5% hub, 5% both)",400,2,"cosine, d=8 (true rank)",null: module,0,20,
"mixed (5% switch, 5% hub, 5% both)",400,2,"cosine, d=8 (true rank)",null: hub-rich module,6,20,
"mixed (5% switch, 5% hub, 5% both)",400,2,"radial, d=8 (true rank)",switch,0,15,0.5844444444444444
"mixed (5% switch, 5% hub, 5% both)",400,2,"radial, d=8 (true rank)",hub,10,15,0.9877777777777778
"mixed (5% switch, 5% hub, 5% both)",400,2,"radial, d=8 (true rank)",both,15,15,1.0
"mixed (5% switch, 5% hub, 5% both)",400,2,"radial, d=8 (true rank)",null: random,0,20,
"mixed (5% switch, 5% hub, 5% both)",400,2,"radial, d=8 (true rank)",null: module,0,20,
"mixed (5% switch, 5% hub, 5% both)",400,2,"radial, d=8 (true rank)",null: hub-rich module,0,20,
"mixed (5% switch, 5% hub, 5% both)",400,2,degree difference,switch,0,15,0.7822222222222223
"mixed (5% switch, 5% hub, 5% both)",400,2,degree difference,hub,9,15,0.9922222222222222
"mixed (5% switch, 5% hub, 5% both)",400,2,degree difference,both,14,15,1.0
"mixed (5% switch, 5% hub, 5% both)",400,2,degree difference,null: random,0,20,
"mixed (5% switch, 5% hub, 5% both)",400,2,degree difference,null: module,0,20,
"mixed (5% switch, 5% hub, 5% both)",400,2,degree difference,null: hub-rich module,0,20,
module switches only (10%),150,0,"default (euclidean + cosine, 4-24)",switch,15,15,1.0
module switches only (10%),150,0,"default (euclidean + cosine, 4-24)",null: random,0,20,
module switches only (10%),150,0,"default (euclidean + cosine, 4-24)",null: module,0,20,
module switches only (10%),150,0,"default (euclidean + cosine, 4-24)",null: hub-rich module,0,20,
module switches only (10%),150,0,"cosine, 4-24",switch,15,15,1.0
module switches only (10%),150,0,"cosine, 4-24",null: random,0,20,
module switches only (10%),150,0,"cosine, 4-24",null: module,1,20,
module switches only (10%),150,0,"cosine, 4-24",null: hub-rich module,1,20,
module switches only (10%),150,0,"radial, 4-24",switch,0,15,0.7466666666666667
module switches only (10%),150,0,"radial, 4-24",null: random,0,20,
module switches only (10%),150,0,"radial, 4-24",null: module,0,20,
module switches only (10%),150,0,"radial, 4-24",null: hub-rich module,0,20,
module switches only (10%),150,0,"euclidean, 4-24",switch,13,15,1.0
module switches only (10%),150,0,"euclidean, 4-24",null: random,0,20,
module switches only (10%),150,0,"euclidean, 4-24",null: module,0,20,
module switches only (10%),150,0,"euclidean, 4-24",null: hub-rich module,0,20,
module switches only (10%),150,0,"radial + cosine, 4-24",switch,15,15,1.0
module switches only (10%),150,0,"radial + cosine, 4-24",null: random,0,20,
module switches only (10%),150,0,"radial + cosine, 4-24",null: module,0,20,
module switches only (10%),150,0,"radial + cosine, 4-24",null: hub-rich module,0,20,
module switches only (10%),150,0,"cosine, d=8 (true rank)",switch,15,15,1.0
module switches only (10%),150,0,"cosine, d=8 (true rank)",null: random,0,20,
module switches only (10%),150,0,"cosine, d=8 (true rank)",null: module,0,20,
module switches only (10%),150,0,"cosine, d=8 (true rank)",null: hub-rich module,3,20,
module switches only (10%),150,0,"radial, d=8 (true rank)",switch,0,15,0.6077777777777778
module switches only (10%),150,0,"radial, d=8 (true rank)",null: random,0,20,
module switches only (10%),150,0,"radial, d=8 (true rank)",null: module,0,20,
module switches only (10%),150,0,"radial, d=8 (true rank)",null: hub-rich module,0,20,
module switches only (10%),150,0,degree difference,switch,0,15,0.7855555555555556
module switches only (10%),150,0,degree difference,null: random,0,20,
module switches only (10%),150,0,degree difference,null: module,0,20,
module switches only (10%),150,0,degree difference,null: hub-rich module,0,20,
module switches only (10%),150,1,"default (euclidean + cosine, 4-24)",switch,15,15,1.0
module switches only (10%),150,1,"default (euclidean + cosine, 4-24)",null: random,0,20,
module switches only (10%),150,1,"default (euclidean + cosine, 4-24)",null: module,3,20,
module switches only (10%),150,1,"default (euclidean + cosine, 4-24)",null: hub-rich module,1,20,
module switches only (10%),150,1,"cosine, 4-24",switch,15,15,1.0
module switches only (10%),150,1,"cosine, 4-24",null: random,0,20,
module switches only (10%),150,1,"cosine, 4-24",null: module,3,20,
module switches only (10%),150,1,"cosine, 4-24",null: hub-rich module,1,20,
module switches only (10%),150,1,"radial, 4-24",switch,0,15,0.5133333333333333
module switches only (10%),150,1,"radial, 4-24",null: random,0,20,
module switches only (10%),150,1,"radial, 4-24",null: module,0,20,
module switches only (10%),150,1,"radial, 4-24",null: hub-rich module,0,20,
module switches only (10%),150,1,"euclidean, 4-24",switch,4,15,0.9744444444444444
module switches only (10%),150,1,"euclidean, 4-24",null: random,0,20,
module switches only (10%),150,1,"euclidean, 4-24",null: module,0,20,
module switches only (10%),150,1,"euclidean, 4-24",null: hub-rich module,0,20,
module switches only (10%),150,1,"radial + cosine, 4-24",switch,8,15,0.9711111111111111
module switches only (10%),150,1,"radial + cosine, 4-24",null: random,0,20,
module switches only (10%),150,1,"radial + cosine, 4-24",null: module,1,20,
module switches only (10%),150,1,"radial + cosine, 4-24",null: hub-rich module,0,20,
module switches only (10%),150,1,"cosine, d=8 (true rank)",switch,15,15,1.0
module switches only (10%),150,1,"cosine, d=8 (true rank)",null: random,0,20,
module switches only (10%),150,1,"cosine, d=8 (true rank)",null: module,0,20,
module switches only (10%),150,1,"cosine, d=8 (true rank)",null: hub-rich module,1,20,
module switches only (10%),150,1,"radial, d=8 (true rank)",switch,0,15,0.47
module switches only (10%),150,1,"radial, d=8 (true rank)",null: random,0,20,
module switches only (10%),150,1,"radial, d=8 (true rank)",null: module,0,20,
module switches only (10%),150,1,"radial, d=8 (true rank)",null: hub-rich module,0,20,
module switches only (10%),150,1,degree difference,switch,0,15,0.7188888888888889
module switches only (10%),150,1,degree difference,null: random,0,20,
module switches only (10%),150,1,degree difference,null: module,0,20,
module switches only (10%),150,1,degree difference,null: hub-rich module,0,20,
module switches only (10%),150,2,"default (euclidean + cosine, 4-24)",switch,13,15,0.95
module switches only (10%),150,2,"default (euclidean + cosine, 4-24)",null: random,0,20,
module switches only (10%),150,2,"default (euclidean + cosine, 4-24)",null: module,1,20,
module switches only (10%),150,2,"default (euclidean + cosine, 4-24)",null: hub-rich module,2,20,
module switches only (10%),150,2,"cosine, 4-24",switch,15,15,0.9511111111111111
module switches only (10%),150,2,"cosine, 4-24",null: random,0,20,
module switches only (10%),150,2,"cosine, 4-24",null: module,1,20,
module switches only (10%),150,2,"cosine, 4-24",null: hub-rich module,2,20,
module switches only (10%),150,2,"radial, 4-24",switch,1,15,0.7622222222222222
module switches only (10%),150,2,"radial, 4-24",null: random,0,20,
module switches only (10%),150,2,"radial, 4-24",null: module,0,20,
module switches only (10%),150,2,"radial, 4-24",null: hub-rich module,0,20,
module switches only (10%),150,2,"euclidean, 4-24",switch,5,15,0.9277777777777778
module switches only (10%),150,2,"euclidean, 4-24",null: random,0,20,
module switches only (10%),150,2,"euclidean, 4-24",null: module,0,20,
module switches only (10%),150,2,"euclidean, 4-24",null: hub-rich module,2,20,
module switches only (10%),150,2,"radial + cosine, 4-24",switch,12,15,0.9533333333333334
module switches only (10%),150,2,"radial + cosine, 4-24",null: random,1,20,
module switches only (10%),150,2,"radial + cosine, 4-24",null: module,1,20,
module switches only (10%),150,2,"radial + cosine, 4-24",null: hub-rich module,2,20,
module switches only (10%),150,2,"cosine, d=8 (true rank)",switch,15,15,1.0
module switches only (10%),150,2,"cosine, d=8 (true rank)",null: random,0,20,
module switches only (10%),150,2,"cosine, d=8 (true rank)",null: module,0,20,
module switches only (10%),150,2,"cosine, d=8 (true rank)",null: hub-rich module,0,20,
module switches only (10%),150,2,"radial, d=8 (true rank)",switch,0,15,0.7366666666666667
module switches only (10%),150,2,"radial, d=8 (true rank)",null: random,0,20,
module switches only (10%),150,2,"radial, d=8 (true rank)",null: module,0,20,
module switches only (10%),150,2,"radial, d=8 (true rank)",null: hub-rich module,0,20,
module switches only (10%),150,2,degree difference,switch,1,15,0.8088888888888889
module switches only (10%),150,2,degree difference,null: random,0,20,
module switches only (10%),150,2,degree difference,null: module,0,20,
module switches only (10%),150,2,degree difference,null: hub-rich module,0,20,
module switches only (10%),400,0,"default (euclidean + cosine, 4-24)",switch,13,15,0.9022222222222223
module switches only (10%),400,0,"default (euclidean + cosine, 4-24)",null: random,0,20,
module switches only (10%),400,0,"default (euclidean + cosine, 4-24)",null: module,2,20,
module switches only (10%),400,0,"default (euclidean + cosine, 4-24)",null: hub-rich module,5,20,
module switches only (10%),400,0,"cosine, 4-24",switch,15,15,0.9266666666666666
module switches only (10%),400,0,"cosine, 4-24",null: random,0,20,
module switches only (10%),400,0,"cosine, 4-24",null: module,2,20,
module switches only (10%),400,0,"cosine, 4-24",null: hub-rich module,5,20,
module switches only (10%),400,0,"radial, 4-24",switch,0,15,0.6577777777777778
module switches only (10%),400,0,"radial, 4-24",null: random,0,20,
module switches only (10%),400,0,"radial, 4-24",null: module,0,20,
module switches only (10%),400,0,"radial, 4-24",null: hub-rich module,0,20,
module switches only (10%),400,0,"euclidean, 4-24",switch,5,15,0.9
module switches only (10%),400,0,"euclidean, 4-24",null: random,0,20,
module switches only (10%),400,0,"euclidean, 4-24",null: module,0,20,
module switches only (10%),400,0,"euclidean, 4-24",null: hub-rich module,0,20,
module switches only (10%),400,0,"radial + cosine, 4-24",switch,10,15,0.9033333333333333
module switches only (10%),400,0,"radial + cosine, 4-24",null: random,0,20,
module switches only (10%),400,0,"radial + cosine, 4-24",null: module,2,20,
module switches only (10%),400,0,"radial + cosine, 4-24",null: hub-rich module,5,20,
module switches only (10%),400,0,"cosine, d=8 (true rank)",switch,15,15,1.0
module switches only (10%),400,0,"cosine, d=8 (true rank)",null: random,0,20,
module switches only (10%),400,0,"cosine, d=8 (true rank)",null: module,0,20,
module switches only (10%),400,0,"cosine, d=8 (true rank)",null: hub-rich module,3,20,
module switches only (10%),400,0,"radial, d=8 (true rank)",switch,0,15,0.5711111111111111
module switches only (10%),400,0,"radial, d=8 (true rank)",null: random,0,20,
module switches only (10%),400,0,"radial, d=8 (true rank)",null: module,0,20,
module switches only (10%),400,0,"radial, d=8 (true rank)",null: hub-rich module,0,20,
module switches only (10%),400,0,degree difference,switch,7,15,0.8777777777777778
module switches only (10%),400,0,degree difference,null: random,0,20,
module switches only (10%),400,0,degree difference,null: module,0,20,
module switches only (10%),400,0,degree difference,null: hub-rich module,0,20,
module switches only (10%),400,1,"default (euclidean + cosine, 4-24)",switch,11,15,0.97
module switches only (10%),400,1,"default (euclidean + cosine, 4-24)",null: random,0,20,
module switches only (10%),400,1,"default (euclidean + cosine, 4-24)",null: module,0,20,
module switches only (10%),400,1,"default (euclidean + cosine, 4-24)",null: hub-rich module,0,20,
module switches only (10%),400,1,"cosine, 4-24",switch,13,15,0.9777777777777777
module switches only (10%),400,1,"cosine, 4-24",null: random,0,20,
module switches only (10%),400,1,"cosine, 4-24",null: module,0,20,
module switches only (10%),400,1,"cosine, 4-24",null: hub-rich module,0,20,
module switches only (10%),400,1,"radial, 4-24",switch,0,15,0.6044444444444445
module switches only (10%),400,1,"radial, 4-24",null: random,0,20,
module switches only (10%),400,1,"radial, 4-24",null: module,0,20,
module switches only (10%),400,1,"radial, 4-24",null: hub-rich module,0,20,
module switches only (10%),400,1,"euclidean, 4-24",switch,3,15,0.9622222222222222
module switches only (10%),400,1,"euclidean, 4-24",null: random,0,20,
module switches only (10%),400,1,"euclidean, 4-24",null: module,0,20,
module switches only (10%),400,1,"euclidean, 4-24",null: hub-rich module,0,20,
module switches only (10%),400,1,"radial + cosine, 4-24",switch,9,15,0.9666666666666667
module switches only (10%),400,1,"radial + cosine, 4-24",null: random,0,20,
module switches only (10%),400,1,"radial + cosine, 4-24",null: module,0,20,
module switches only (10%),400,1,"radial + cosine, 4-24",null: hub-rich module,0,20,
module switches only (10%),400,1,"cosine, d=8 (true rank)",switch,15,15,1.0
module switches only (10%),400,1,"cosine, d=8 (true rank)",null: random,0,20,
module switches only (10%),400,1,"cosine, d=8 (true rank)",null: module,0,20,
module switches only (10%),400,1,"cosine, d=8 (true rank)",null: hub-rich module,3,20,
module switches only (10%),400,1,"radial, d=8 (true rank)",switch,0,15,0.48333333333333334
module switches only (10%),400,1,"radial, d=8 (true rank)",null: random,0,20,
module switches only (10%),400,1,"radial, d=8 (true rank)",null: module,0,20,
module switches only (10%),400,1,"radial, d=8 (true rank)",null: hub-rich module,0,20,
module switches only (10%),400,1,degree difference,switch,0,15,0.7211111111111111
module switches only (10%),400,1,degree difference,null: random,0,20,
module switches only (10%),400,1,degree difference,null: module,0,20,
module switches only (10%),400,1,degree difference,null: hub-rich module,0,20,
module switches only (10%),400,2,"default (euclidean + cosine, 4-24)",switch,12,15,0.9522222222222222
module switches only (10%),400,2,"default (euclidean + cosine, 4-24)",null: random,0,20,
module switches only (10%),400,2,"default (euclidean + cosine, 4-24)",null: module,0,20,
module switches only (10%),400,2,"default (euclidean + cosine, 4-24)",null: hub-rich module,4,20,
module switches only (10%),400,2,"cosine, 4-24",switch,15,15,0.9911111111111112
module switches only (10%),400,2,"cosine, 4-24",null: random,0,20,
module switches only (10%),400,2,"cosine, 4-24",null: module,1,20,
module switches only (10%),400,2,"cosine, 4-24",null: hub-rich module,6,20,
module switches only (10%),400,2,"radial, 4-24",switch,0,15,0.5511111111111111
module switches only (10%),400,2,"radial, 4-24",null: random,0,20,
module switches only (10%),400,2,"radial, 4-24",null: module,0,20,
module switches only (10%),400,2,"radial, 4-24",null: hub-rich module,0,20,
module switches only (10%),400,2,"euclidean, 4-24",switch,6,15,0.9188888888888889
module switches only (10%),400,2,"euclidean, 4-24",null: random,0,20,
module switches only (10%),400,2,"euclidean, 4-24",null: module,0,20,
module switches only (10%),400,2,"euclidean, 4-24",null: hub-rich module,0,20,
module switches only (10%),400,2,"radial + cosine, 4-24",switch,5,15,0.8822222222222222
module switches only (10%),400,2,"radial + cosine, 4-24",null: random,0,20,
module switches only (10%),400,2,"radial + cosine, 4-24",null: module,0,20,
module switches only (10%),400,2,"radial + cosine, 4-24",null: hub-rich module,5,20,
module switches only (10%),400,2,"cosine, d=8 (true rank)",switch,15,15,1.0
module switches only (10%),400,2,"cosine, d=8 (true rank)",null: random,0,20,
module switches only (10%),400,2,"cosine, d=8 (true rank)",null: module,0,20,
module switches only (10%),400,2,"cosine, d=8 (true rank)",null: hub-rich module,1,20,
module switches only (10%),400,2,"radial, d=8 (true rank)",switch,0,15,0.3466666666666667
module switches only (10%),400,2,"radial, d=8 (true rank)",null: random,0,20,
module switches only (10%),400,2,"radial, d=8 (true rank)",null: module,0,20,
module switches only (10%),400,2,"radial, d=8 (true rank)",null: hub-rich module,0,20,
module switches only (10%),400,2,degree difference,switch,1,15,0.78
module switches only (10%),400,2,degree difference,null: random,0,20,
module switches only (10%),400,2,degree difference,null: module,0,20,
module switches only (10%),400,2,degree difference,null: hub-rich module,0,20,
hub changes only (10%),150,0,"default (euclidean + cosine, 4-24)",hub,15,15,1.0
hub changes only (10%),150,0,"default (euclidean + cosine, 4-24)",null: random,0,20,
hub changes only (10%),150,0,"default (euclidean + cosine, 4-24)",null: module,0,20,
hub changes only (10%),150,0,"default (euclidean + cosine, 4-24)",null: hub-rich module,0,20,
hub changes only (10%),150,0,"cosine, 4-24",hub,15,15,1.0
hub changes only (10%),150,0,"cosine, 4-24",null: random,0,20,
hub changes only (10%),150,0,"cosine, 4-24",null: module,0,20,
hub changes only (10%),150,0,"cosine, 4-24",null: hub-rich module,0,20,
hub changes only (10%),150,0,"radial, 4-24",hub,13,15,1.0
hub changes only (10%),150,0,"radial, 4-24",null: random,0,20,
hub changes only (10%),150,0,"radial, 4-24",null: module,0,20,
hub changes only (10%),150,0,"radial, 4-24",null: hub-rich module,0,20,
hub changes only (10%),150,0,"euclidean, 4-24",hub,15,15,1.0
hub changes only (10%),150,0,"euclidean, 4-24",null: random,0,20,
hub changes only (10%),150,0,"euclidean, 4-24",null: module,0,20,
hub changes only (10%),150,0,"euclidean, 4-24",null: hub-rich module,0,20,
hub changes only (10%),150,0,"radial + cosine, 4-24",hub,14,15,1.0
hub changes only (10%),150,0,"radial + cosine, 4-24",null: random,0,20,
hub changes only (10%),150,0,"radial + cosine, 4-24",null: module,0,20,
hub changes only (10%),150,0,"radial + cosine, 4-24",null: hub-rich module,0,20,
hub changes only (10%),150,0,"cosine, d=8 (true rank)",hub,15,15,1.0
hub changes only (10%),150,0,"cosine, d=8 (true rank)",null: random,0,20,
hub changes only (10%),150,0,"cosine, d=8 (true rank)",null: module,0,20,
hub changes only (10%),150,0,"cosine, d=8 (true rank)",null: hub-rich module,0,20,
hub changes only (10%),150,0,"radial, d=8 (true rank)",hub,12,15,0.9966666666666667
hub changes only (10%),150,0,"radial, d=8 (true rank)",null: random,0,20,
hub changes only (10%),150,0,"radial, d=8 (true rank)",null: module,0,20,
hub changes only (10%),150,0,"radial, d=8 (true rank)",null: hub-rich module,0,20,
hub changes only (10%),150,0,degree difference,hub,11,15,0.9988888888888889
hub changes only (10%),150,0,degree difference,null: random,0,20,
hub changes only (10%),150,0,degree difference,null: module,0,20,
hub changes only (10%),150,0,degree difference,null: hub-rich module,0,20,
hub changes only (10%),150,1,"default (euclidean + cosine, 4-24)",hub,15,15,0.9988888888888889
hub changes only (10%),150,1,"default (euclidean + cosine, 4-24)",null: random,0,20,
hub changes only (10%),150,1,"default (euclidean + cosine, 4-24)",null: module,3,20,
hub changes only (10%),150,1,"default (euclidean + cosine, 4-24)",null: hub-rich module,3,20,
hub changes only (10%),150,1,"cosine, 4-24",hub,12,15,0.9555555555555556
hub changes only (10%),150,1,"cosine, 4-24",null: random,1,20,
hub changes only (10%),150,1,"cosine, 4-24",null: module,3,20,
hub changes only (10%),150,1,"cosine, 4-24",null: hub-rich module,3,20,
hub changes only (10%),150,1,"radial, 4-24",hub,15,15,1.0
hub changes only (10%),150,1,"radial, 4-24",null: random,0,20,
hub changes only (10%),150,1,"radial, 4-24",null: module,0,20,
hub changes only (10%),150,1,"radial, 4-24",null: hub-rich module,0,20,
hub changes only (10%),150,1,"euclidean, 4-24",hub,15,15,1.0
hub changes only (10%),150,1,"euclidean, 4-24",null: random,0,20,
hub changes only (10%),150,1,"euclidean, 4-24",null: module,0,20,
hub changes only (10%),150,1,"euclidean, 4-24",null: hub-rich module,0,20,
hub changes only (10%),150,1,"radial + cosine, 4-24",hub,15,15,1.0
hub changes only (10%),150,1,"radial + cosine, 4-24",null: random,1,20,
hub changes only (10%),150,1,"radial + cosine, 4-24",null: module,3,20,
hub changes only (10%),150,1,"radial + cosine, 4-24",null: hub-rich module,3,20,
hub changes only (10%),150,1,"cosine, d=8 (true rank)",hub,14,15,1.0
hub changes only (10%),150,1,"cosine, d=8 (true rank)",null: random,0,20,
hub changes only (10%),150,1,"cosine, d=8 (true rank)",null: module,0,20,
hub changes only (10%),150,1,"cosine, d=8 (true rank)",null: hub-rich module,0,20,
hub changes only (10%),150,1,"radial, d=8 (true rank)",hub,9,15,0.9955555555555555
hub changes only (10%),150,1,"radial, d=8 (true rank)",null: random,0,20,
hub changes only (10%),150,1,"radial, d=8 (true rank)",null: module,0,20,
hub changes only (10%),150,1,"radial, d=8 (true rank)",null: hub-rich module,0,20,
hub changes only (10%),150,1,degree difference,hub,4,15,1.0
hub changes only (10%),150,1,degree difference,null: random,0,20,
hub changes only (10%),150,1,degree difference,null: module,0,20,
hub changes only (10%),150,1,degree difference,null: hub-rich module,0,20,
hub changes only (10%),150,2,"default (euclidean + cosine, 4-24)",hub,13,15,0.9966666666666667
hub changes only (10%),150,2,"default (euclidean + cosine, 4-24)",null: random,0,20,
hub changes only (10%),150,2,"default (euclidean + cosine, 4-24)",null: module,0,20,
hub changes only (10%),150,2,"default (euclidean + cosine, 4-24)",null: hub-rich module,0,20,
hub changes only (10%),150,2,"cosine, 4-24",hub,13,15,0.9422222222222222
hub changes only (10%),150,2,"cosine, 4-24",null: random,0,20,
hub changes only (10%),150,2,"cosine, 4-24",null: module,0,20,
hub changes only (10%),150,2,"cosine, 4-24",null: hub-rich module,0,20,
hub changes only (10%),150,2,"radial, 4-24",hub,13,15,1.0
hub changes only (10%),150,2,"radial, 4-24",null: random,0,20,
hub changes only (10%),150,2,"radial, 4-24",null: module,0,20,
hub changes only (10%),150,2,"radial, 4-24",null: hub-rich module,0,20,
hub changes only (10%),150,2,"euclidean, 4-24",hub,15,15,1.0
hub changes only (10%),150,2,"euclidean, 4-24",null: random,0,20,
hub changes only (10%),150,2,"euclidean, 4-24",null: module,0,20,
hub changes only (10%),150,2,"euclidean, 4-24",null: hub-rich module,0,20,
hub changes only (10%),150,2,"radial + cosine, 4-24",hub,14,15,0.9955555555555555
hub changes only (10%),150,2,"radial + cosine, 4-24",null: random,0,20,
hub changes only (10%),150,2,"radial + cosine, 4-24",null: module,0,20,
hub changes only (10%),150,2,"radial + cosine, 4-24",null: hub-rich module,0,20,
hub changes only (10%),150,2,"cosine, d=8 (true rank)",hub,14,15,1.0
hub changes only (10%),150,2,"cosine, d=8 (true rank)",null: random,0,20,
hub changes only (10%),150,2,"cosine, d=8 (true rank)",null: module,0,20,
hub changes only (10%),150,2,"cosine, d=8 (true rank)",null: hub-rich module,0,20,
hub changes only (10%),150,2,"radial, d=8 (true rank)",hub,13,15,1.0
hub changes only (10%),150,2,"radial, d=8 (true rank)",null: random,0,20,
hub changes only (10%),150,2,"radial, d=8 (true rank)",null: module,0,20,
hub changes only (10%),150,2,"radial, d=8 (true rank)",null: hub-rich module,0,20,
hub changes only (10%),150,2,degree difference,hub,10,15,1.0
hub changes only (10%),150,2,degree difference,null: random,0,20,
hub changes only (10%),150,2,degree difference,null: module,0,20,
hub changes only (10%),150,2,degree difference,null: hub-rich module,0,20,
hub changes only (10%),400,0,"default (euclidean + cosine, 4-24)",hub,10,15,0.9811111111111112
hub changes only (10%),400,0,"default (euclidean + cosine, 4-24)",null: random,0,20,
hub changes only (10%),400,0,"default (euclidean + cosine, 4-24)",null: module,0,20,
hub changes only (10%),400,0,"default (euclidean + cosine, 4-24)",null: hub-rich module,0,20,
hub changes only (10%),400,0,"cosine, 4-24",hub,10,15,0.8466666666666667
hub changes only (10%),400,0,"cosine, 4-24",null: random,0,20,
hub changes only (10%),400,0,"cosine, 4-24",null: module,1,20,
hub changes only (10%),400,0,"cosine, 4-24",null: hub-rich module,0,20,
hub changes only (10%),400,0,"radial, 4-24",hub,14,15,1.0
hub changes only (10%),400,0,"radial, 4-24",null: random,0,20,
hub changes only (10%),400,0,"radial, 4-24",null: module,0,20,
hub changes only (10%),400,0,"radial, 4-24",null: hub-rich module,0,20,
hub changes only (10%),400,0,"euclidean, 4-24",hub,13,15,1.0
hub changes only (10%),400,0,"euclidean, 4-24",null: random,0,20,
hub changes only (10%),400,0,"euclidean, 4-24",null: module,0,20,
hub changes only (10%),400,0,"euclidean, 4-24",null: hub-rich module,0,20,
hub changes only (10%),400,0,"radial + cosine, 4-24",hub,10,15,0.9911111111111112
hub changes only (10%),400,0,"radial + cosine, 4-24",null: random,0,20,
hub changes only (10%),400,0,"radial + cosine, 4-24",null: module,0,20,
hub changes only (10%),400,0,"radial + cosine, 4-24",null: hub-rich module,0,20,
hub changes only (10%),400,0,"cosine, d=8 (true rank)",hub,15,15,1.0
hub changes only (10%),400,0,"cosine, d=8 (true rank)",null: random,0,20,
hub changes only (10%),400,0,"cosine, d=8 (true rank)",null: module,0,20,
hub changes only (10%),400,0,"cosine, d=8 (true rank)",null: hub-rich module,0,20,
hub changes only (10%),400,0,"radial, d=8 (true rank)",hub,14,15,0.9977777777777778
hub changes only (10%),400,0,"radial, d=8 (true rank)",null: random,0,20,
hub changes only (10%),400,0,"radial, d=8 (true rank)",null: module,0,20,
hub changes only (10%),400,0,"radial, d=8 (true rank)",null: hub-rich module,0,20,
hub changes only (10%),400,0,degree difference,hub,11,15,1.0
hub changes only (10%),400,0,degree difference,null: random,0,20,
hub changes only (10%),400,0,degree difference,null: module,0,20,
hub changes only (10%),400,0,degree difference,null: hub-rich module,0,20,
hub changes only (10%),400,1,"default (euclidean + cosine, 4-24)",hub,12,15,0.9744444444444444
hub changes only (10%),400,1,"default (euclidean + cosine, 4-24)",null: random,0,20,
hub changes only (10%),400,1,"default (euclidean + cosine, 4-24)",null: module,1,20,
hub changes only (10%),400,1,"default (euclidean + cosine, 4-24)",null: hub-rich module,2,20,
hub changes only (10%),400,1,"cosine, 4-24",hub,11,15,0.8811111111111111
hub changes only (10%),400,1,"cosine, 4-24",null: random,2,20,
hub changes only (10%),400,1,"cosine, 4-24",null: module,2,20,
hub changes only (10%),400,1,"cosine, 4-24",null: hub-rich module,4,20,
hub changes only (10%),400,1,"radial, 4-24",hub,15,15,1.0
hub changes only (10%),400,1,"radial, 4-24",null: random,0,20,
hub changes only (10%),400,1,"radial, 4-24",null: module,0,20,
hub changes only (10%),400,1,"radial, 4-24",null: hub-rich module,0,20,
hub changes only (10%),400,1,"euclidean, 4-24",hub,15,15,1.0
hub changes only (10%),400,1,"euclidean, 4-24",null: random,0,20,
hub changes only (10%),400,1,"euclidean, 4-24",null: module,0,20,
hub changes only (10%),400,1,"euclidean, 4-24",null: hub-rich module,0,20,
hub changes only (10%),400,1,"radial + cosine, 4-24",hub,14,15,0.9966666666666667
hub changes only (10%),400,1,"radial + cosine, 4-24",null: random,0,20,
hub changes only (10%),400,1,"radial + cosine, 4-24",null: module,0,20,
hub changes only (10%),400,1,"radial + cosine, 4-24",null: hub-rich module,2,20,
hub changes only (10%),400,1,"cosine, d=8 (true rank)",hub,15,15,1.0
hub changes only (10%),400,1,"cosine, d=8 (true rank)",null: random,0,20,
hub changes only (10%),400,1,"cosine, d=8 (true rank)",null: module,0,20,
hub changes only (10%),400,1,"cosine, d=8 (true rank)",null: hub-rich module,0,20,
hub changes only (10%),400,1,"radial, d=8 (true rank)",hub,15,15,1.0
hub changes only (10%),400,1,"radial, d=8 (true rank)",null: random,0,20,
hub changes only (10%),400,1,"radial, d=8 (true rank)",null: module,0,20,
hub changes only (10%),400,1,"radial, d=8 (true rank)",null: hub-rich module,0,20,
hub changes only (10%),400,1,degree difference,hub,14,15,1.0
hub changes only (10%),400,1,degree difference,null: random,0,20,
hub changes only (10%),400,1,degree difference,null: module,0,20,
hub changes only (10%),400,1,degree difference,null: hub-rich module,0,20,
hub changes only (10%),400,2,"default (euclidean + cosine, 4-24)",hub,14,15,0.9888888888888889
hub changes only (10%),400,2,"default (euclidean + cosine, 4-24)",null: random,0,20,
hub changes only (10%),400,2,"default (euclidean + cosine, 4-24)",null: module,0,20,
hub changes only (10%),400,2,"default (euclidean + cosine, 4-24)",null: hub-rich module,0,20,
hub changes only (10%),400,2,"cosine, 4-24",hub,12,15,0.9233333333333333
hub changes only (10%),400,2,"cosine, 4-24",null: random,0,20,
hub changes only (10%),400,2,"cosine, 4-24",null: module,5,20,
hub changes only (10%),400,2,"cosine, 4-24",null: hub-rich module,5,20,
hub changes only (10%),400,2,"radial, 4-24",hub,15,15,1.0
hub changes only (10%),400,2,"radial, 4-24",null: random,0,20,
hub changes only (10%),400,2,"radial, 4-24",null: module,0,20,
hub changes only (10%),400,2,"radial, 4-24",null: hub-rich module,0,20,
hub changes only (10%),400,2,"euclidean, 4-24",hub,15,15,1.0
hub changes only (10%),400,2,"euclidean, 4-24",null: random,0,20,
hub changes only (10%),400,2,"euclidean, 4-24",null: module,0,20,
hub changes only (10%),400,2,"euclidean, 4-24",null: hub-rich module,0,20,
hub changes only (10%),400,2,"radial + cosine, 4-24",hub,14,15,1.0
hub changes only (10%),400,2,"radial + cosine, 4-24",null: random,0,20,
hub changes only (10%),400,2,"radial + cosine, 4-24",null: module,0,20,
hub changes only (10%),400,2,"radial + cosine, 4-24",null: hub-rich module,0,20,
hub changes only (10%),400,2,"cosine, d=8 (true rank)",hub,15,15,1.0
hub changes only (10%),400,2,"cosine, d=8 (true rank)",null: random,0,20,
hub changes only (10%),400,2,"cosine, d=8 (true rank)",null: module,0,20,
hub changes only (10%),400,2,"cosine, d=8 (true rank)",null: hub-rich module,0,20,
hub changes only (10%),400,2,"radial, d=8 (true rank)",hub,13,15,1.0
hub changes only (10%),400,2,"radial, d=8 (true rank)",null: random,0,20,
hub changes only (10%),400,2,"radial, d=8 (true rank)",null: module,0,20,
hub changes only (10%),400,2,"radial, d=8 (true rank)",null: hub-rich module,0,20,
hub changes only (10%),400,2,degree difference,hub,12,15,1.0
hub changes only (10%),400,2,degree difference,null: random,0,20,
hub changes only (10%),400,2,degree difference,null: module,0,20,
hub changes only (10%),400,2,degree difference,null: hub-rich module,0,20,
one module strengthens,150,0,"default (euclidean + cosine, 4-24)",strengthen,15,15,1.0
one module strengthens,150,0,"default (euclidean + cosine, 4-24)",null: random,0,20,
one module strengthens,150,0,"default (euclidean + cosine, 4-24)",null: module,0,20,
one module strengthens,150,0,"default (euclidean + cosine, 4-24)",null: hub-rich module,0,20,
one module strengthens,150,0,"cosine, 4-24",strengthen,15,15,1.0
one module strengthens,150,0,"cosine, 4-24",null: random,0,20,
one module strengthens,150,0,"cosine, 4-24",null: module,0,20,
one module strengthens,150,0,"cosine, 4-24",null: hub-rich module,0,20,
one module strengthens,150,0,"radial, 4-24",strengthen,0,15,0.8622222222222222
one module strengthens,150,0,"radial, 4-24",null: random,0,20,
one module strengthens,150,0,"radial, 4-24",null: module,0,20,
one module strengthens,150,0,"radial, 4-24",null: hub-rich module,0,20,
one module strengthens,150,0,"euclidean, 4-24",strengthen,15,15,1.0
one module strengthens,150,0,"euclidean, 4-24",null: random,0,20,
one module strengthens,150,0,"euclidean, 4-24",null: module,0,20,
one module strengthens,150,0,"euclidean, 4-24",null: hub-rich module,0,20,
one module strengthens,150,0,"radial + cosine, 4-24",strengthen,0,15,1.0
one module strengthens,150,0,"radial + cosine, 4-24",null: random,0,20,
one module strengthens,150,0,"radial + cosine, 4-24",null: module,0,20,
one module strengthens,150,0,"radial + cosine, 4-24",null: hub-rich module,0,20,
one module strengthens,150,0,"cosine, d=8 (true rank)",strengthen,14,15,1.0
one module strengthens,150,0,"cosine, d=8 (true rank)",null: random,0,20,
one module strengthens,150,0,"cosine, d=8 (true rank)",null: module,0,20,
one module strengthens,150,0,"cosine, d=8 (true rank)",null: hub-rich module,0,20,
one module strengthens,150,0,"radial, d=8 (true rank)",strengthen,0,15,0.9866666666666667
one module strengthens,150,0,"radial, d=8 (true rank)",null: random,0,20,
one module strengthens,150,0,"radial, d=8 (true rank)",null: module,0,20,
one module strengthens,150,0,"radial, d=8 (true rank)",null: hub-rich module,0,20,
one module strengthens,150,0,degree difference,strengthen,0,15,1.0
one module strengthens,150,0,degree difference,null: random,0,20,
one module strengthens,150,0,degree difference,null: module,0,20,
one module strengthens,150,0,degree difference,null: hub-rich module,0,20,
one module strengthens,150,1,"default (euclidean + cosine, 4-24)",strengthen,15,15,1.0
one module strengthens,150,1,"default (euclidean + cosine, 4-24)",null: random,0,20,
one module strengthens,150,1,"default (euclidean + cosine, 4-24)",null: module,0,20,
one module strengthens,150,1,"default (euclidean + cosine, 4-24)",null: hub-rich module,0,20,
one module strengthens,150,1,"cosine, 4-24",strengthen,15,15,1.0
one module strengthens,150,1,"cosine, 4-24",null: random,0,20,
one module strengthens,150,1,"cosine, 4-24",null: module,0,20,
one module strengthens,150,1,"cosine, 4-24",null: hub-rich module,0,20,
one module strengthens,150,1,"radial, 4-24",strengthen,15,15,1.0
one module strengthens,150,1,"radial, 4-24",null: random,0,20,
one module strengthens,150,1,"radial, 4-24",null: module,0,20,
one module strengthens,150,1,"radial, 4-24",null: hub-rich module,0,20,
one module strengthens,150,1,"euclidean, 4-24",strengthen,15,15,1.0
one module strengthens,150,1,"euclidean, 4-24",null: random,0,20,
one module strengthens,150,1,"euclidean, 4-24",null: module,0,20,
one module strengthens,150,1,"euclidean, 4-24",null: hub-rich module,3,20,
one module strengthens,150,1,"radial + cosine, 4-24",strengthen,15,15,1.0
one module strengthens,150,1,"radial + cosine, 4-24",null: random,0,20,
one module strengthens,150,1,"radial + cosine, 4-24",null: module,0,20,
one module strengthens,150,1,"radial + cosine, 4-24",null: hub-rich module,0,20,
one module strengthens,150,1,"cosine, d=8 (true rank)",strengthen,15,15,1.0
one module strengthens,150,1,"cosine, d=8 (true rank)",null: random,0,20,
one module strengthens,150,1,"cosine, d=8 (true rank)",null: module,0,20,
one module strengthens,150,1,"cosine, d=8 (true rank)",null: hub-rich module,0,20,
one module strengthens,150,1,"radial, d=8 (true rank)",strengthen,15,15,1.0
one module strengthens,150,1,"radial, d=8 (true rank)",null: random,0,20,
one module strengthens,150,1,"radial, d=8 (true rank)",null: module,0,20,
one module strengthens,150,1,"radial, d=8 (true rank)",null: hub-rich module,0,20,
one module strengthens,150,1,degree difference,strengthen,0,15,1.0
one module strengthens,150,1,degree difference,null: random,0,20,
one module strengthens,150,1,degree difference,null: module,0,20,
one module strengthens,150,1,degree difference,null: hub-rich module,0,20,
one module strengthens,150,2,"default (euclidean + cosine, 4-24)",strengthen,15,15,1.0
one module strengthens,150,2,"default (euclidean + cosine, 4-24)",null: random,0,20,
one module strengthens,150,2,"default (euclidean + cosine, 4-24)",null: module,2,20,
one module strengthens,150,2,"default (euclidean + cosine, 4-24)",null: hub-rich module,3,20,
one module strengthens,150,2,"cosine, 4-24",strengthen,15,15,1.0
one module strengthens,150,2,"cosine, 4-24",null: random,0,20,
one module strengthens,150,2,"cosine, 4-24",null: module,0,20,
one module strengthens,150,2,"cosine, 4-24",null: hub-rich module,0,20,
one module strengthens,150,2,"radial, 4-24",strengthen,14,15,1.0
one module strengthens,150,2,"radial, 4-24",null: random,0,20,
one module strengthens,150,2,"radial, 4-24",null: module,0,20,
one module strengthens,150,2,"radial, 4-24",null: hub-rich module,0,20,
one module strengthens,150,2,"euclidean, 4-24",strengthen,15,15,1.0
one module strengthens,150,2,"euclidean, 4-24",null: random,0,20,
one module strengthens,150,2,"euclidean, 4-24",null: module,2,20,
one module strengthens,150,2,"euclidean, 4-24",null: hub-rich module,3,20,
one module strengthens,150,2,"radial + cosine, 4-24",strengthen,15,15,1.0
one module strengthens,150,2,"radial + cosine, 4-24",null: random,0,20,
one module strengthens,150,2,"radial + cosine, 4-24",null: module,0,20,
one module strengthens,150,2,"radial + cosine, 4-24",null: hub-rich module,0,20,
one module strengthens,150,2,"cosine, d=8 (true rank)",strengthen,14,15,1.0
one module strengthens,150,2,"cosine, d=8 (true rank)",null: random,0,20,
one module strengthens,150,2,"cosine, d=8 (true rank)",null: module,0,20,
one module strengthens,150,2,"cosine, d=8 (true rank)",null: hub-rich module,0,20,
one module strengthens,150,2,"radial, d=8 (true rank)",strengthen,15,15,1.0
one module strengthens,150,2,"radial, d=8 (true rank)",null: random,0,20,
one module strengthens,150,2,"radial, d=8 (true rank)",null: module,0,20,
one module strengthens,150,2,"radial, d=8 (true rank)",null: hub-rich module,0,20,
one module strengthens,150,2,degree difference,strengthen,0,15,1.0
one module strengthens,150,2,degree difference,null: random,0,20,
one module strengthens,150,2,degree difference,null: module,0,20,
one module strengthens,150,2,degree difference,null: hub-rich module,0,20,
one module strengthens,400,0,"default (euclidean + cosine, 4-24)",strengthen,15,15,1.0
one module strengthens,400,0,"default (euclidean + cosine, 4-24)",null: random,0,20,
one module strengthens,400,0,"default (euclidean + cosine, 4-24)",null: module,0,20,
one module strengthens,400,0,"default (euclidean + cosine, 4-24)",null: hub-rich module,0,20,
one module strengthens,400,0,"cosine, 4-24",strengthen,15,15,1.0
one module strengthens,400,0,"cosine, 4-24",null: random,0,20,
one module strengthens,400,0,"cosine, 4-24",null: module,0,20,
one module strengthens,400,0,"cosine, 4-24",null: hub-rich module,0,20,
one module strengthens,400,0,"radial, 4-24",strengthen,14,15,1.0
one module strengthens,400,0,"radial, 4-24",null: random,0,20,
one module strengthens,400,0,"radial, 4-24",null: module,0,20,
one module strengthens,400,0,"radial, 4-24",null: hub-rich module,0,20,
one module strengthens,400,0,"euclidean, 4-24",strengthen,15,15,1.0
one module strengthens,400,0,"euclidean, 4-24",null: random,0,20,
one module strengthens,400,0,"euclidean, 4-24",null: module,5,20,
one module strengthens,400,0,"euclidean, 4-24",null: hub-rich module,2,20,
one module strengthens,400,0,"radial + cosine, 4-24",strengthen,15,15,1.0
one module strengthens,400,0,"radial + cosine, 4-24",null: random,0,20,
one module strengthens,400,0,"radial + cosine, 4-24",null: module,0,20,
one module strengthens,400,0,"radial + cosine, 4-24",null: hub-rich module,0,20,
one module strengthens,400,0,"cosine, d=8 (true rank)",strengthen,15,15,1.0
one module strengthens,400,0,"cosine, d=8 (true rank)",null: random,0,20,
one module strengthens,400,0,"cosine, d=8 (true rank)",null: module,0,20,
one module strengthens,400,0,"cosine, d=8 (true rank)",null: hub-rich module,0,20,
one module strengthens,400,0,"radial, d=8 (true rank)",strengthen,15,15,1.0
one module strengthens,400,0,"radial, d=8 (true rank)",null: random,0,20,
one module strengthens,400,0,"radial, d=8 (true rank)",null: module,0,20,
one module strengthens,400,0,"radial, d=8 (true rank)",null: hub-rich module,0,20,
one module strengthens,400,0,degree difference,strengthen,15,15,1.0
one module strengthens,400,0,degree difference,null: random,0,20,
one module strengthens,400,0,degree difference,null: module,0,20,
one module strengthens,400,0,degree difference,null: hub-rich module,0,20,
one module strengthens,400,1,"default (euclidean + cosine, 4-24)",strengthen,15,15,1.0
one module strengthens,400,1,"default (euclidean + cosine, 4-24)",null: random,0,20,
one module strengthens,400,1,"default (euclidean + cosine, 4-24)",null: module,0,20,
one module strengthens,400,1,"default (euclidean + cosine, 4-24)",null: hub-rich module,0,20,
one module strengthens,400,1,"cosine, 4-24",strengthen,15,15,1.0
one module strengthens,400,1,"cosine, 4-24",null: random,1,20,
one module strengthens,400,1,"cosine, 4-24",null: module,0,20,
one module strengthens,400,1,"cosine, 4-24",null: hub-rich module,0,20,
one module strengthens,400,1,"radial, 4-24",strengthen,0,15,0.9877777777777778
one module strengthens,400,1,"radial, 4-24",null: random,0,20,
one module strengthens,400,1,"radial, 4-24",null: module,0,20,
one module strengthens,400,1,"radial, 4-24",null: hub-rich module,0,20,
one module strengthens,400,1,"euclidean, 4-24",strengthen,15,15,1.0
one module strengthens,400,1,"euclidean, 4-24",null: random,0,20,
one module strengthens,400,1,"euclidean, 4-24",null: module,0,20,
one module strengthens,400,1,"euclidean, 4-24",null: hub-rich module,0,20,
one module strengthens,400,1,"radial + cosine, 4-24",strengthen,14,15,1.0
one module strengthens,400,1,"radial + cosine, 4-24",null: random,0,20,
one module strengthens,400,1,"radial + cosine, 4-24",null: module,0,20,
one module strengthens,400,1,"radial + cosine, 4-24",null: hub-rich module,0,20,
one module strengthens,400,1,"cosine, d=8 (true rank)",strengthen,15,15,1.0
one module strengthens,400,1,"cosine, d=8 (true rank)",null: random,0,20,
one module strengthens,400,1,"cosine, d=8 (true rank)",null: module,0,20,
one module strengthens,400,1,"cosine, d=8 (true rank)",null: hub-rich module,0,20,
one module strengthens,400,1,"radial, d=8 (true rank)",strengthen,15,15,1.0
one module strengthens,400,1,"radial, d=8 (true rank)",null: random,0,20,
one module strengthens,400,1,"radial, d=8 (true rank)",null: module,0,20,
one module strengthens,400,1,"radial, d=8 (true rank)",null: hub-rich module,0,20,
one module strengthens,400,1,degree difference,strengthen,0,15,1.0
one module strengthens,400,1,degree difference,null: random,0,20,
one module strengthens,400,1,degree difference,null: module,0,20,
one module strengthens,400,1,degree difference,null: hub-rich module,0,20,
one module strengthens,400,2,"default (euclidean + cosine, 4-24)",strengthen,15,15,1.0
one module strengthens,400,2,"default (euclidean + cosine, 4-24)",null: random,0,20,
one module strengthens,400,2,"default (euclidean + cosine, 4-24)",null: module,3,20,
one module strengthens,400,2,"default (euclidean + cosine, 4-24)",null: hub-rich module,1,20,
one module strengthens,400,2,"cosine, 4-24",strengthen,15,15,1.0
one module strengthens,400,2,"cosine, 4-24",null: random,0,20,
one module strengthens,400,2,"cosine, 4-24",null: module,0,20,
one module strengthens,400,2,"cosine, 4-24",null: hub-rich module,0,20,
one module strengthens,400,2,"radial, 4-24",strengthen,0,15,1.0
one module strengthens,400,2,"radial, 4-24",null: random,0,20,
one module strengthens,400,2,"radial, 4-24",null: module,0,20,
one module strengthens,400,2,"radial, 4-24",null: hub-rich module,0,20,
one module strengthens,400,2,"euclidean, 4-24",strengthen,15,15,1.0
one module strengthens,400,2,"euclidean, 4-24",null: random,0,20,
one module strengthens,400,2,"euclidean, 4-24",null: module,3,20,
one module strengthens,400,2,"euclidean, 4-24",null: hub-rich module,1,20,
one module strengthens,400,2,"radial + cosine, 4-24",strengthen,15,15,1.0
one module strengthens,400,2,"radial + cosine, 4-24",null: random,0,20,
one module strengthens,400,2,"radial + cosine, 4-24",null: module,0,20,
one module strengthens,400,2,"radial + cosine, 4-24",null: hub-rich module,0,20,
one module strengthens,400,2,"cosine, d=8 (true rank)",strengthen,15,15,1.0
one module strengthens,400,2,"cosine, d=8 (true rank)",null: random,0,20,
one module strengthens,400,2,"cosine, d=8 (true rank)",null: module,0,20,
one module strengthens,400,2,"cosine, d=8 (true rank)",null: hub-rich module,0,20,
one module strengthens,400,2,"radial, d=8 (true rank)",strengthen,15,15,1.0
one module strengthens,400,2,"radial, d=8 (true rank)",null: random,0,20,
one module strengthens,400,2,"radial, d=8 (true rank)",null: module,0,20,
one module strengthens,400,2,"radial, d=8 (true rank)",null: hub-rich module,0,20,
one module strengthens,400,2,degree difference,strengthen,0,15,1.0
one module strengthens,400,2,degree difference,null: random,0,20,
one module strengthens,400,2,degree difference,null: module,0,20,
one module strengthens,400,2,degree difference,null: hub-rich module,0,20,
mixed + one module strengthens,150,0,"default (euclidean + cosine, 4-24)",switch,14,15,0.98
mixed + one module strengthens,150,0,"default (euclidean + cosine, 4-24)",hub,12,15,0.9511111111111111
mixed + one module strengthens,150,0,"default (euclidean + cosine, 4-24)",strengthen,0,15,0.7633333333333333
mixed + one module strengthens,150,0,"default (euclidean + cosine, 4-24)",null: random,0,20,
mixed + one module strengthens,150,0,"default (euclidean + cosine, 4-24)",null: module,4,20,
mixed + one module strengthens,150,0,"default (euclidean + cosine, 4-24)",null: hub-rich module,1,20,
mixed + one module strengthens,150,0,"cosine, 4-24",switch,15,15,0.9866666666666667
mixed + one module strengthens,150,0,"cosine, 4-24",hub,8,15,0.7011111111111111
mixed + one module strengthens,150,0,"cosine, 4-24",strengthen,0,15,0.5844444444444444
mixed + one module strengthens,150,0,"cosine, 4-24",null: random,0,20,
mixed + one module strengthens,150,0,"cosine, 4-24",null: module,4,20,
mixed + one module strengthens,150,0,"cosine, 4-24",null: hub-rich module,4,20,
mixed + one module strengthens,150,0,"radial, 4-24",switch,0,15,0.7311111111111112
mixed + one module strengthens,150,0,"radial, 4-24",hub,5,15,1.0
mixed + one module strengthens,150,0,"radial, 4-24",strengthen,0,15,0.9444444444444444
mixed + one module strengthens,150,0,"radial, 4-24",null: random,0,20,
mixed + one module strengthens,150,0,"radial, 4-24",null: module,0,20,
mixed + one module strengthens,150,0,"radial, 4-24",null: hub-rich module,0,20,
mixed + one module strengthens,150,0,"euclidean, 4-24",switch,1,15,0.9733333333333334
mixed + one module strengthens,150,0,"euclidean, 4-24",hub,15,15,1.0
mixed + one module strengthens,150,0,"euclidean, 4-24",strengthen,0,15,0.9477777777777778
mixed + one module strengthens,150,0,"euclidean, 4-24",null: random,0,20,
mixed + one module strengthens,150,0,"euclidean, 4-24",null: module,0,20,
mixed + one module strengthens,150,0,"euclidean, 4-24",null: hub-rich module,0,20,
mixed + one module strengthens,150,0,"radial + cosine, 4-24",switch,10,15,1.0
mixed + one module strengthens,150,0,"radial + cosine, 4-24",hub,11,15,0.9888888888888889
mixed + one module strengthens,150,0,"radial + cosine, 4-24",strengthen,0,15,0.8888888888888888
mixed + one module strengthens,150,0,"radial + cosine, 4-24",null: random,0,20,
mixed + one module strengthens,150,0,"radial + cosine, 4-24",null: module,0,20,
mixed + one module strengthens,150,0,"radial + cosine, 4-24",null: hub-rich module,0,20,
mixed + one module strengthens,150,0,"cosine, d=8 (true rank)",switch,15,15,1.0
mixed + one module strengthens,150,0,"cosine, d=8 (true rank)",hub,10,15,0.9911111111111112
mixed + one module strengthens,150,0,"cosine, d=8 (true rank)",strengthen,0,15,0.7688888888888888
mixed + one module strengthens,150,0,"cosine, d=8 (true rank)",null: random,0,20,
mixed + one module strengthens,150,0,"cosine, d=8 (true rank)",null: module,0,20,
mixed + one module strengthens,150,0,"cosine, d=8 (true rank)",null: hub-rich module,1,20,
mixed + one module strengthens,150,0,"radial, d=8 (true rank)",switch,0,15,0.6011111111111112
mixed + one module strengthens,150,0,"radial, d=8 (true rank)",hub,8,15,1.0
mixed + one module strengthens,150,0,"radial, d=8 (true rank)",strengthen,0,15,0.9544444444444444
mixed + one module strengthens,150,0,"radial, d=8 (true rank)",null: random,0,20,
mixed + one module strengthens,150,0,"radial, d=8 (true rank)",null: module,0,20,
mixed + one module strengthens,150,0,"radial, d=8 (true rank)",null: hub-rich module,0,20,
mixed + one module strengthens,150,0,degree difference,switch,0,15,0.8944444444444445
mixed + one module strengthens,150,0,degree difference,hub,0,15,1.0
mixed + one module strengthens,150,0,degree difference,strengthen,0,15,1.0
mixed + one module strengthens,150,0,degree difference,null: random,0,20,
mixed + one module strengthens,150,0,degree difference,null: module,0,20,
mixed + one module strengthens,150,0,degree difference,null: hub-rich module,0,20,
mixed + one module strengthens,150,1,"default (euclidean + cosine, 4-24)",switch,12,15,1.0
mixed + one module strengthens,150,1,"default (euclidean + cosine, 4-24)",hub,12,15,0.9844444444444445
mixed + one module strengthens,150,1,"default (euclidean + cosine, 4-24)",strengthen,0,15,0.6988888888888889
mixed + one module strengthens,150,1,"default (euclidean + cosine, 4-24)",null: random,0,20,
mixed + one module strengthens,150,1,"default (euclidean + cosine, 4-24)",null: module,0,20,
mixed + one module strengthens,150,1,"default (euclidean + cosine, 4-24)",null: hub-rich module,0,20,
mixed + one module strengthens,150,1,"cosine, 4-24",switch,15,15,1.0
mixed + one module strengthens,150,1,"cosine, 4-24",hub,5,15,0.8433333333333334
mixed + one module strengthens,150,1,"cosine, 4-24",strengthen,0,15,0.5044444444444445
mixed + one module strengthens,150,1,"cosine, 4-24",null: random,0,20,
mixed + one module strengthens,150,1,"cosine, 4-24",null: module,0,20,
mixed + one module strengthens,150,1,"cosine, 4-24",null: hub-rich module,3,20,
mixed + one module strengthens,150,1,"radial, 4-24",switch,0,15,0.5544444444444444
mixed + one module strengthens,150,1,"radial, 4-24",hub,3,15,1.0
mixed + one module strengthens,150,1,"radial, 4-24",strengthen,0,15,1.0
mixed + one module strengthens,150,1,"radial, 4-24",null: random,0,20,
mixed + one module strengthens,150,1,"radial, 4-24",null: module,0,20,
mixed + one module strengthens,150,1,"radial, 4-24",null: hub-rich module,0,20,
mixed + one module strengthens,150,1,"euclidean, 4-24",switch,0,15,0.9111111111111111
mixed + one module strengthens,150,1,"euclidean, 4-24",hub,13,15,1.0
mixed + one module strengthens,150,1,"euclidean, 4-24",strengthen,0,15,0.9922222222222222
mixed + one module strengthens,150,1,"euclidean, 4-24",null: random,0,20,
mixed + one module strengthens,150,1,"euclidean, 4-24",null: module,0,20,
mixed + one module strengthens,150,1,"euclidean, 4-24",null: hub-rich module,0,20,
mixed + one module strengthens,150,1,"radial + cosine, 4-24",switch,11,15,0.99
mixed + one module strengthens,150,1,"radial + cosine, 4-24",hub,9,15,0.9911111111111112
mixed + one module strengthens,150,1,"radial + cosine, 4-24",strengthen,0,15,0.9422222222222222
mixed + one module strengthens,150,1,"radial + cosine, 4-24",null: random,0,20,
mixed + one module strengthens,150,1,"radial + cosine, 4-24",null: module,0,20,
mixed + one module strengthens,150,1,"radial + cosine, 4-24",null: hub-rich module,0,20,
mixed + one module strengthens,150,1,"cosine, d=8 (true rank)",switch,11,15,0.9966666666666667
mixed + one module strengthens,150,1,"cosine, d=8 (true rank)",hub,8,15,0.9888888888888889
mixed + one module strengthens,150,1,"cosine, d=8 (true rank)",strengthen,0,15,0.8988888888888888
mixed + one module strengthens,150,1,"cosine, d=8 (true rank)",null: random,0,20,
mixed + one module strengthens,150,1,"cosine, d=8 (true rank)",null: module,0,20,
mixed + one module strengthens,150,1,"cosine, d=8 (true rank)",null: hub-rich module,0,20,
mixed + one module strengthens,150,1,"radial, d=8 (true rank)",switch,0,15,0.48777777777777775
mixed + one module strengthens,150,1,"radial, d=8 (true rank)",hub,0,15,1.0
mixed + one module strengthens,150,1,"radial, d=8 (true rank)",strengthen,0,15,1.0
mixed + one module strengthens,150,1,"radial, d=8 (true rank)",null: random,0,20,
mixed + one module strengthens,150,1,"radial, d=8 (true rank)",null: module,0,20,
mixed + one module strengthens,150,1,"radial, d=8 (true rank)",null: hub-rich module,0,20,
mixed + one module strengthens,150,1,degree difference,switch,0,15,0.7355555555555555
mixed + one module strengthens,150,1,degree difference,hub,12,15,1.0
mixed + one module strengthens,150,1,degree difference,strengthen,13,15,1.0
mixed + one module strengthens,150,1,degree difference,null: random,0,20,
mixed + one module strengthens,150,1,degree difference,null: module,0,20,
mixed + one module strengthens,150,1,degree difference,null: hub-rich module,0,20,
mixed + one module strengthens,150,2,"default (euclidean + cosine, 4-24)",switch,14,15,0.9822222222222222
mixed + one module strengthens,150,2,"default (euclidean + cosine, 4-24)",hub,11,15,0.9633333333333334
mixed + one module strengthens,150,2,"default (euclidean + cosine, 4-24)",strengthen,0,15,0.8566666666666667
mixed + one module strengthens,150,2,"default (euclidean + cosine, 4-24)",null: random,0,20,
mixed + one module strengthens,150,2,"default (euclidean + cosine, 4-24)",null: module,2,20,
mixed + one module strengthens,150,2,"default (euclidean + cosine, 4-24)",null: hub-rich module,2,20,
mixed + one module strengthens,150,2,"cosine, 4-24",switch,15,15,0.9966666666666667
mixed + one module strengthens,150,2,"cosine, 4-24",hub,11,15,0.8877777777777778
mixed + one module strengthens,150,2,"cosine, 4-24",strengthen,0,15,0.6811111111111111
mixed + one module strengthens,150,2,"cosine, 4-24",null: random,0,20,
mixed + one module strengthens,150,2,"cosine, 4-24",null: module,3,20,
mixed + one module strengthens,150,2,"cosine, 4-24",null: hub-rich module,2,20,
mixed + one module strengthens,150,2,"radial, 4-24",switch,0,15,0.65
mixed + one module strengthens,150,2,"radial, 4-24",hub,5,15,0.9533333333333334
mixed + one module strengthens,150,2,"radial, 4-24",strengthen,13,15,1.0
mixed + one module strengthens,150,2,"radial, 4-24",null: random,0,20,
mixed + one module strengthens,150,2,"radial, 4-24",null: module,0,20,
mixed + one module strengthens,150,2,"radial, 4-24",null: hub-rich module,0,20,
mixed + one module strengthens,150,2,"euclidean, 4-24",switch,6,15,0.9344444444444444
mixed + one module strengthens,150,2,"euclidean, 4-24",hub,15,15,1.0
mixed + one module strengthens,150,2,"euclidean, 4-24",strengthen,0,15,0.8977777777777778
mixed + one module strengthens,150,2,"euclidean, 4-24",null: random,0,20,
mixed + one module strengthens,150,2,"euclidean, 4-24",null: module,0,20,
mixed + one module strengthens,150,2,"euclidean, 4-24",null: hub-rich module,2,20,
mixed + one module strengthens,150,2,"radial + cosine, 4-24",switch,14,15,0.9677777777777777
mixed + one module strengthens,150,2,"radial + cosine, 4-24",hub,10,15,0.9533333333333334
mixed + one module strengthens,150,2,"radial + cosine, 4-24",strengthen,12,15,0.9333333333333333
mixed + one module strengthens,150,2,"radial + cosine, 4-24",null: random,0,20,
mixed + one module strengthens,150,2,"radial + cosine, 4-24",null: module,2,20,
mixed + one module strengthens,150,2,"radial + cosine, 4-24",null: hub-rich module,2,20,
mixed + one module strengthens,150,2,"cosine, d=8 (true rank)",switch,15,15,1.0
mixed + one module strengthens,150,2,"cosine, d=8 (true rank)",hub,13,15,0.9844444444444445
mixed + one module strengthens,150,2,"cosine, d=8 (true rank)",strengthen,0,15,0.87
mixed + one module strengthens,150,2,"cosine, d=8 (true rank)",null: random,0,20,
mixed + one module strengthens,150,2,"cosine, d=8 (true rank)",null: module,0,20,
mixed + one module strengthens,150,2,"cosine, d=8 (true rank)",null: hub-rich module,0,20,
mixed + one module strengthens,150,2,"radial, d=8 (true rank)",switch,0,15,0.5511111111111111
mixed + one module strengthens,150,2,"radial, d=8 (true rank)",hub,1,15,0.8611111111111112
mixed + one module strengthens,150,2,"radial, d=8 (true rank)",strengthen,14,15,1.0
mixed + one module strengthens,150,2,"radial, d=8 (true rank)",null: random,0,20,
mixed + one module strengthens,150,2,"radial, d=8 (true rank)",null: module,0,20,
mixed + one module strengthens,150,2,"radial, d=8 (true rank)",null: hub-rich module,0,20,
mixed + one module strengthens,150,2,degree difference,switch,2,15,0.8144444444444444
mixed + one module strengthens,150,2,degree difference,hub,0,15,0.7833333333333333
mixed + one module strengthens,150,2,degree difference,strengthen,15,15,1.0
mixed + one module strengthens,150,2,degree difference,null: random,0,20,
mixed + one module strengthens,150,2,degree difference,null: module,0,20,
mixed + one module strengthens,150,2,degree difference,null: hub-rich module,0,20,
mixed + one module strengthens,400,0,"default (euclidean + cosine, 4-24)",switch,15,15,1.0
mixed + one module strengthens,400,0,"default (euclidean + cosine, 4-24)",hub,6,15,0.8
mixed + one module strengthens,400,0,"default (euclidean + cosine, 4-24)",strengthen,0,15,0.51
mixed + one module strengthens,400,0,"default (euclidean + cosine, 4-24)",null: random,0,20,
mixed + one module strengthens,400,0,"default (euclidean + cosine, 4-24)",null: module,6,20,
mixed + one module strengthens,400,0,"default (euclidean + cosine, 4-24)",null: hub-rich module,9,20,
mixed + one module strengthens,400,0,"cosine, 4-24",switch,15,15,0.9911111111111112
mixed + one module strengthens,400,0,"cosine, 4-24",hub,4,15,0.48
mixed + one module strengthens,400,0,"cosine, 4-24",strengthen,15,15,0.9433333333333334
mixed + one module strengthens,400,0,"cosine, 4-24",null: random,0,20,
mixed + one module strengthens,400,0,"cosine, 4-24",null: module,6,20,
mixed + one module strengthens,400,0,"cosine, 4-24",null: hub-rich module,11,20,
mixed + one module strengthens,400,0,"radial, 4-24",switch,0,15,0.8266666666666667
mixed + one module strengthens,400,0,"radial, 4-24",hub,11,15,1.0
mixed + one module strengthens,400,0,"radial, 4-24",strengthen,0,15,1.0
mixed + one module strengthens,400,0,"radial, 4-24",null: random,0,20,
mixed + one module strengthens,400,0,"radial, 4-24",null: module,0,20,
mixed + one module strengthens,400,0,"radial, 4-24",null: hub-rich module,0,20,
mixed + one module strengthens,400,0,"euclidean, 4-24",switch,6,15,0.8433333333333334
mixed + one module strengthens,400,0,"euclidean, 4-24",hub,14,15,1.0
mixed + one module strengthens,400,0,"euclidean, 4-24",strengthen,0,15,0.21555555555555556
mixed + one module strengthens,400,0,"euclidean, 4-24",null: random,0,20,
mixed + one module strengthens,400,0,"euclidean, 4-24",null: module,0,20,
mixed + one module strengthens,400,0,"euclidean, 4-24",null: hub-rich module,0,20,
mixed + one module strengthens,400,0,"radial + cosine, 4-24",switch,14,15,1.0
mixed + one module strengthens,400,0,"radial + cosine, 4-24",hub,5,15,0.93
mixed + one module strengthens,400,0,"radial + cosine, 4-24",strengthen,0,15,0.7922222222222223
mixed + one module strengthens,400,0,"radial + cosine, 4-24",null: random,0,20,
mixed + one module strengthens,400,0,"radial + cosine, 4-24",null: module,0,20,
mixed + one module strengthens,400,0,"radial + cosine, 4-24",null: hub-rich module,0,20,
mixed + one module strengthens,400,0,"cosine, d=8 (true rank)",switch,15,15,1.0
mixed + one module strengthens,400,0,"cosine, d=8 (true rank)",hub,8,15,0.9722222222222222
mixed + one module strengthens,400,0,"cosine, d=8 (true rank)",strengthen,0,15,0.39
mixed + one module strengthens,400,0,"cosine, d=8 (true rank)",null: random,0,20,
mixed + one module strengthens,400,0,"cosine, d=8 (true rank)",null: module,1,20,
mixed + one module strengthens,400,0,"cosine, d=8 (true rank)",null: hub-rich module,0,20,
mixed + one module strengthens,400,0,"radial, d=8 (true rank)",switch,0,15,0.7866666666666666
mixed + one module strengthens,400,0,"radial, d=8 (true rank)",hub,12,15,1.0
mixed + one module strengthens,400,0,"radial, d=8 (true rank)",strengthen,4,15,1.0
mixed + one module strengthens,400,0,"radial, d=8 (true rank)",null: random,0,20,
mixed + one module strengthens,400,0,"radial, d=8 (true rank)",null: module,0,20,
mixed + one module strengthens,400,0,"radial, d=8 (true rank)",null: hub-rich module,0,20,
mixed + one module strengthens,400,0,degree difference,switch,0,15,0.9811111111111112
mixed + one module strengthens,400,0,degree difference,hub,0,15,0.9955555555555555
mixed + one module strengthens,400,0,degree difference,strengthen,0,15,1.0
mixed + one module strengthens,400,0,degree difference,null: random,0,20,
mixed + one module strengthens,400,0,degree difference,null: module,0,20,
mixed + one module strengthens,400,0,degree difference,null: hub-rich module,0,20,
mixed + one module strengthens,400,1,"default (euclidean + cosine, 4-24)",switch,15,15,1.0
mixed + one module strengthens,400,1,"default (euclidean + cosine, 4-24)",hub,14,15,0.9944444444444445
mixed + one module strengthens,400,1,"default (euclidean + cosine, 4-24)",strengthen,0,15,0.2777777777777778
mixed + one module strengthens,400,1,"default (euclidean + cosine, 4-24)",null: random,0,20,
mixed + one module strengthens,400,1,"default (euclidean + cosine, 4-24)",null: module,0,20,
mixed + one module strengthens,400,1,"default (euclidean + cosine, 4-24)",null: hub-rich module,4,20,
mixed + one module strengthens,400,1,"cosine, 4-24",switch,15,15,1.0
mixed + one module strengthens,400,1,"cosine, 4-24",hub,10,15,0.8422222222222222
mixed + one module strengthens,400,1,"cosine, 4-24",strengthen,0,15,0.2088888888888889
mixed + one module strengthens,400,1,"cosine, 4-24",null: random,0,20,
mixed + one module strengthens,400,1,"cosine, 4-24",null: module,3,20,
mixed + one module strengthens,400,1,"cosine, 4-24",null: hub-rich module,6,20,
mixed + one module strengthens,400,1,"radial, 4-24",switch,0,15,0.5133333333333333
mixed + one module strengthens,400,1,"radial, 4-24",hub,14,15,1.0
mixed + one module strengthens,400,1,"radial, 4-24",strengthen,13,15,1.0
mixed + one module strengthens,400,1,"radial, 4-24",null: random,0,20,
mixed + one module strengthens,400,1,"radial, 4-24",null: module,0,20,
mixed + one module strengthens,400,1,"radial, 4-24",null: hub-rich module,0,20,
mixed + one module strengthens,400,1,"euclidean, 4-24",switch,1,15,0.9
mixed + one module strengthens,400,1,"euclidean, 4-24",hub,15,15,1.0
mixed + one module strengthens,400,1,"euclidean, 4-24",strengthen,0,15,0.5211111111111111
mixed + one module strengthens,400,1,"euclidean, 4-24",null: random,0,20,
mixed + one module strengthens,400,1,"euclidean, 4-24",null: module,0,20,
mixed + one module strengthens,400,1,"euclidean, 4-24",null: hub-rich module,0,20,
mixed + one module strengthens,400,1,"radial + cosine, 4-24",switch,15,15,1.0
mixed + one module strengthens,400,1,"radial + cosine, 4-24",hub,14,15,0.9988888888888889
mixed + one module strengthens,400,1,"radial + cosine, 4-24",strengthen,0,15,0.9044444444444445
mixed + one module strengthens,400,1,"radial + cosine, 4-24",null: random,0,20,
mixed + one module strengthens,400,1,"radial + cosine, 4-24",null: module,0,20,
mixed + one module strengthens,400,1,"radial + cosine, 4-24",null: hub-rich module,0,20,
mixed + one module strengthens,400,1,"cosine, d=8 (true rank)",switch,15,15,1.0
mixed + one module strengthens,400,1,"cosine, d=8 (true rank)",hub,12,15,0.9633333333333334
mixed + one module strengthens,400,1,"cosine, d=8 (true rank)",strengthen,0,15,0.5466666666666666
mixed + one module strengthens,400,1,"cosine, d=8 (true rank)",null: random,0,20,
mixed + one module strengthens,400,1,"cosine, d=8 (true rank)",null: module,0,20,
mixed + one module strengthens,400,1,"cosine, d=8 (true rank)",null: hub-rich module,3,20,
mixed + one module strengthens,400,1,"radial, d=8 (true rank)",switch,0,15,0.36
mixed + one module strengthens,400,1,"radial, d=8 (true rank)",hub,15,15,1.0
mixed + one module strengthens,400,1,"radial, d=8 (true rank)",strengthen,15,15,1.0
mixed + one module strengthens,400,1,"radial, d=8 (true rank)",null: random,0,20,
mixed + one module strengthens,400,1,"radial, d=8 (true rank)",null: module,0,20,
mixed + one module strengthens,400,1,"radial, d=8 (true rank)",null: hub-rich module,0,20,
mixed + one module strengthens,400,1,degree difference,switch,0,15,0.6555555555555556
mixed + one module strengthens,400,1,degree difference,hub,0,15,0.9722222222222222
mixed + one module strengthens,400,1,degree difference,strengthen,0,15,1.0
mixed + one module strengthens,400,1,degree difference,null: random,0,20,
mixed + one module strengthens,400,1,degree difference,null: module,0,20,
mixed + one module strengthens,400,1,degree difference,null: hub-rich module,0,20,
mixed + one module strengthens,400,2,"default (euclidean + cosine, 4-24)",switch,14,15,0.9888888888888889
mixed + one module strengthens,400,2,"default (euclidean + cosine, 4-24)",hub,14,15,0.9877777777777778
mixed + one module strengthens,400,2,"default (euclidean + cosine, 4-24)",strengthen,0,15,0.08333333333333333
mixed + one module strengthens,400,2,"default (euclidean + cosine, 4-24)",null: random,0,20,
mixed + one module strengthens,400,2,"default (euclidean + cosine, 4-24)",null: module,0,20,
mixed + one module strengthens,400,2,"default (euclidean + cosine, 4-24)",null: hub-rich module,0,20,
mixed + one module strengthens,400,2,"cosine, 4-24",switch,15,15,1.0
mixed + one module strengthens,400,2,"cosine, 4-24",hub,14,15,0.9555555555555556
mixed + one module strengthens,400,2,"cosine, 4-24",strengthen,0,15,0.017777777777777778
mixed + one module strengthens,400,2,"cosine, 4-24",null: random,0,20,
mixed + one module strengthens,400,2,"cosine, 4-24",null: module,10,20,
mixed + one module strengthens,400,2,"cosine, 4-24",null: hub-rich module,13,20,
mixed + one module strengthens,400,2,"radial, 4-24",switch,0,15,0.5511111111111111
mixed + one module strengthens,400,2,"radial, 4-24",hub,13,15,0.9966666666666667
mixed + one module strengthens,400,2,"radial, 4-24",strengthen,0,15,0.9333333333333333
mixed + one module strengthens,400,2,"radial, 4-24",null: random,0,20,
mixed + one module strengthens,400,2,"radial, 4-24",null: module,0,20,
mixed + one module strengthens,400,2,"radial, 4-24",null: hub-rich module,0,20,
mixed + one module strengthens,400,2,"euclidean, 4-24",switch,0,15,0.8955555555555555
mixed + one module strengthens,400,2,"euclidean, 4-24",hub,15,15,1.0
mixed + one module strengthens,400,2,"euclidean, 4-24",strengthen,0,15,0.08555555555555555
mixed + one module strengthens,400,2,"euclidean, 4-24",null: random,0,20,
mixed + one module strengthens,400,2,"euclidean, 4-24",null: module,0,20,
mixed + one module strengthens,400,2,"euclidean, 4-24",null: hub-rich module,0,20,
mixed + one module strengthens,400,2,"radial + cosine, 4-24",switch,14,15,0.9911111111111112
mixed + one module strengthens,400,2,"radial + cosine, 4-24",hub,14,15,0.9833333333333333
mixed + one module strengthens,400,2,"radial + cosine, 4-24",strengthen,0,15,0.3522222222222222
mixed + one module strengthens,400,2,"radial + cosine, 4-24",null: random,0,20,
mixed + one module strengthens,400,2,"radial + cosine, 4-24",null: module,0,20,
mixed + one module strengthens,400,2,"radial + cosine, 4-24",null: hub-rich module,0,20,
mixed + one module strengthens,400,2,"cosine, d=8 (true rank)",switch,15,15,1.0
mixed + one module strengthens,400,2,"cosine, d=8 (true rank)",hub,15,15,1.0
mixed + one module strengthens,400,2,"cosine, d=8 (true rank)",strengthen,0,15,0.42444444444444446
mixed + one module strengthens,400,2,"cosine, d=8 (true rank)",null: random,0,20,
mixed + one module strengthens,400,2,"cosine, d=8 (true rank)",null: module,0,20,
mixed + one module strengthens,400,2,"cosine, d=8 (true rank)",null: hub-rich module,1,20,
mixed + one module strengthens,400,2,"radial, d=8 (true rank)",switch,0,15,0.5744444444444444
mixed + one module strengthens,400,2,"radial, d=8 (true rank)",hub,6,15,1.0
mixed + one module strengthens,400,2,"radial, d=8 (true rank)",strengthen,0,15,0.9455555555555556
mixed + one module strengthens,400,2,"radial, d=8 (true rank)",null: random,0,20,
mixed + one module strengthens,400,2,"radial, d=8 (true rank)",null: module,0,20,
mixed + one module strengthens,400,2,"radial, d=8 (true rank)",null: hub-rich module,0,20,
mixed + one module strengthens,400,2,degree difference,switch,0,15,0.7466666666666667
mixed + one module strengthens,400,2,degree difference,hub,1,15,0.9911111111111112
mixed + one module strengthens,400,2,degree difference,strengthen,0,15,0.9511111111111111
mixed + one module strengthens,400,2,degree difference,null: random,0,20,
mixed + one module strengthens,400,2,degree difference,null: module,0,20,
mixed + one module strengthens,400,2,degree difference,null: hub-rich module,0,20,
null (nothing changes),150,0,"default (euclidean + cosine, 4-24)",null: random,0,20,
null (nothing changes),150,0,"default (euclidean + cosine, 4-24)",null: module,0,20,
null (nothing changes),150,0,"default (euclidean + cosine, 4-24)",null: hub-rich module,0,20,
null (nothing changes),150,0,"cosine, 4-24",null: random,0,20,
null (nothing changes),150,0,"cosine, 4-24",null: module,0,20,
null (nothing changes),150,0,"cosine, 4-24",null: hub-rich module,0,20,
null (nothing changes),150,0,"radial, 4-24",null: random,0,20,
null (nothing changes),150,0,"radial, 4-24",null: module,0,20,
null (nothing changes),150,0,"radial, 4-24",null: hub-rich module,0,20,
null (nothing changes),150,0,"euclidean, 4-24",null: random,0,20,
null (nothing changes),150,0,"euclidean, 4-24",null: module,0,20,
null (nothing changes),150,0,"euclidean, 4-24",null: hub-rich module,0,20,
null (nothing changes),150,0,"radial + cosine, 4-24",null: random,0,20,
null (nothing changes),150,0,"radial + cosine, 4-24",null: module,0,20,
null (nothing changes),150,0,"radial + cosine, 4-24",null: hub-rich module,0,20,
null (nothing changes),150,0,"cosine, d=8 (true rank)",null: random,0,20,
null (nothing changes),150,0,"cosine, d=8 (true rank)",null: module,0,20,
null (nothing changes),150,0,"cosine, d=8 (true rank)",null: hub-rich module,0,20,
null (nothing changes),150,0,"radial, d=8 (true rank)",null: random,0,20,
null (nothing changes),150,0,"radial, d=8 (true rank)",null: module,0,20,
null (nothing changes),150,0,"radial, d=8 (true rank)",null: hub-rich module,0,20,
null (nothing changes),150,0,degree difference,null: random,0,20,
null (nothing changes),150,0,degree difference,null: module,0,20,
null (nothing changes),150,0,degree difference,null: hub-rich module,0,20,
null (nothing changes),150,1,"default (euclidean + cosine, 4-24)",null: random,0,20,
null (nothing changes),150,1,"default (euclidean + cosine, 4-24)",null: module,0,20,
null (nothing changes),150,1,"default (euclidean + cosine, 4-24)",null: hub-rich module,0,20,
null (nothing changes),150,1,"cosine, 4-24",null: random,0,20,
null (nothing changes),150,1,"cosine, 4-24",null: module,0,20,
null (nothing changes),150,1,"cosine, 4-24",null: hub-rich module,0,20,
null (nothing changes),150,1,"radial, 4-24",null: random,0,20,
null (nothing changes),150,1,"radial, 4-24",null: module,0,20,
null (nothing changes),150,1,"radial, 4-24",null: hub-rich module,0,20,
null (nothing changes),150,1,"euclidean, 4-24",null: random,0,20,
null (nothing changes),150,1,"euclidean, 4-24",null: module,0,20,
null (nothing changes),150,1,"euclidean, 4-24",null: hub-rich module,0,20,
null (nothing changes),150,1,"radial + cosine, 4-24",null: random,0,20,
null (nothing changes),150,1,"radial + cosine, 4-24",null: module,0,20,
null (nothing changes),150,1,"radial + cosine, 4-24",null: hub-rich module,0,20,
null (nothing changes),150,1,"cosine, d=8 (true rank)",null: random,0,20,
null (nothing changes),150,1,"cosine, d=8 (true rank)",null: module,0,20,
null (nothing changes),150,1,"cosine, d=8 (true rank)",null: hub-rich module,0,20,
null (nothing changes),150,1,"radial, d=8 (true rank)",null: random,0,20,
null (nothing changes),150,1,"radial, d=8 (true rank)",null: module,0,20,
null (nothing changes),150,1,"radial, d=8 (true rank)",null: hub-rich module,0,20,
null (nothing changes),150,1,degree difference,null: random,0,20,
null (nothing changes),150,1,degree difference,null: module,0,20,
null (nothing changes),150,1,degree difference,null: hub-rich module,0,20,
null (nothing changes),150,2,"default (euclidean + cosine, 4-24)",null: random,0,20,
null (nothing changes),150,2,"default (euclidean + cosine, 4-24)",null: module,0,20,
null (nothing changes),150,2,"default (euclidean + cosine, 4-24)",null: hub-rich module,0,20,
null (nothing changes),150,2,"cosine, 4-24",null: random,0,20,
null (nothing changes),150,2,"cosine, 4-24",null: module,0,20,
null (nothing changes),150,2,"cosine, 4-24",null: hub-rich module,0,20,
null (nothing changes),150,2,"radial, 4-24",null: random,0,20,
null (nothing changes),150,2,"radial, 4-24",null: module,0,20,
null (nothing changes),150,2,"radial, 4-24",null: hub-rich module,0,20,
null (nothing changes),150,2,"euclidean, 4-24",null: random,0,20,
null (nothing changes),150,2,"euclidean, 4-24",null: module,0,20,
null (nothing changes),150,2,"euclidean, 4-24",null: hub-rich module,0,20,
null (nothing changes),150,2,"radial + cosine, 4-24",null: random,0,20,
null (nothing changes),150,2,"radial + cosine, 4-24",null: module,0,20,
null (nothing changes),150,2,"radial + cosine, 4-24",null: hub-rich module,0,20,
null (nothing changes),150,2,"cosine, d=8 (true rank)",null: random,0,20,
null (nothing changes),150,2,"cosine, d=8 (true rank)",null: module,0,20,
null (nothing changes),150,2,"cosine, d=8 (true rank)",null: hub-rich module,0,20,
null (nothing changes),150,2,"radial, d=8 (true rank)",null: random,0,20,
null (nothing changes),150,2,"radial, d=8 (true rank)",null: module,0,20,
null (nothing changes),150,2,"radial, d=8 (true rank)",null: hub-rich module,0,20,
null (nothing changes),150,2,degree difference,null: random,0,20,
null (nothing changes),150,2,degree difference,null: module,0,20,
null (nothing changes),150,2,degree difference,null: hub-rich module,0,20,
null (nothing changes),400,0,"default (euclidean + cosine, 4-24)",null: random,0,20,
null (nothing changes),400,0,"default (euclidean + cosine, 4-24)",null: module,0,20,
null (nothing changes),400,0,"default (euclidean + cosine, 4-24)",null: hub-rich module,0,20,
null (nothing changes),400,0,"cosine, 4-24",null: random,0,20,
null (nothing changes),400,0,"cosine, 4-24",null: module,0,20,
null (nothing changes),400,0,"cosine, 4-24",null: hub-rich module,0,20,
null (nothing changes),400,0,"radial, 4-24",null: random,0,20,
null (nothing changes),400,0,"radial, 4-24",null: module,0,20,
null (nothing changes),400,0,"radial, 4-24",null: hub-rich module,0,20,
null (nothing changes),400,0,"euclidean, 4-24",null: random,0,20,
null (nothing changes),400,0,"euclidean, 4-24",null: module,0,20,
null (nothing changes),400,0,"euclidean, 4-24",null: hub-rich module,0,20,
null (nothing changes),400,0,"radial + cosine, 4-24",null: random,0,20,
null (nothing changes),400,0,"radial + cosine, 4-24",null: module,0,20,
null (nothing changes),400,0,"radial + cosine, 4-24",null: hub-rich module,0,20,
null (nothing changes),400,0,"cosine, d=8 (true rank)",null: random,0,20,
null (nothing changes),400,0,"cosine, d=8 (true rank)",null: module,0,20,
null (nothing changes),400,0,"cosine, d=8 (true rank)",null: hub-rich module,0,20,
null (nothing changes),400,0,"radial, d=8 (true rank)",null: random,0,20,
null (nothing changes),400,0,"radial, d=8 (true rank)",null: module,0,20,
null (nothing changes),400,0,"radial, d=8 (true rank)",null: hub-rich module,0,20,
null (nothing changes),400,0,degree difference,null: random,1,20,
null (nothing changes),400,0,degree difference,null: module,0,20,
null (nothing changes),400,0,degree difference,null: hub-rich module,0,20,
null (nothing changes),400,1,"default (euclidean + cosine, 4-24)",null: random,0,20,
null (nothing changes),400,1,"default (euclidean + cosine, 4-24)",null: module,0,20,
null (nothing changes),400,1,"default (euclidean + cosine, 4-24)",null: hub-rich module,0,20,
null (nothing changes),400,1,"cosine, 4-24",null: random,0,20,
null (nothing changes),400,1,"cosine, 4-24",null: module,0,20,
null (nothing changes),400,1,"cosine, 4-24",null: hub-rich module,0,20,
null (nothing changes),400,1,"radial, 4-24",null: random,0,20,
null (nothing changes),400,1,"radial, 4-24",null: module,0,20,
null (nothing changes),400,1,"radial, 4-24",null: hub-rich module,0,20,
null (nothing changes),400,1,"euclidean, 4-24",null: random,0,20,
null (nothing changes),400,1,"euclidean, 4-24",null: module,0,20,
null (nothing changes),400,1,"euclidean, 4-24",null: hub-rich module,0,20,
null (nothing changes),400,1,"radial + cosine, 4-24",null: random,0,20,
null (nothing changes),400,1,"radial + cosine, 4-24",null: module,0,20,
null (nothing changes),400,1,"radial + cosine, 4-24",null: hub-rich module,0,20,
null (nothing changes),400,1,"cosine, d=8 (true rank)",null: random,0,20,
null (nothing changes),400,1,"cosine, d=8 (true rank)",null: module,0,20,
null (nothing changes),400,1,"cosine, d=8 (true rank)",null: hub-rich module,0,20,
null (nothing changes),400,1,"radial, d=8 (true rank)",null: random,0,20,
null (nothing changes),400,1,"radial, d=8 (true rank)",null: module,0,20,
null (nothing changes),400,1,"radial, d=8 (true rank)",null: hub-rich module,0,20,
null (nothing changes),400,1,degree difference,null: random,0,20,
null (nothing changes),400,1,degree difference,null: module,0,20,
null (nothing changes),400,1,degree difference,null: hub-rich module,0,20,
null (nothing changes),400,2,"default (euclidean + cosine, 4-24)",null: random,0,20,
null (nothing changes),400,2,"default (euclidean + cosine, 4-24)",null: module,0,20,
null (nothing changes),400,2,"default (euclidean + cosine, 4-24)",null: hub-rich module,0,20,
null (nothing changes),400,2,"cosine, 4-24",null: random,0,20,
null (nothing changes),400,2,"cosine, 4-24",null: module,0,20,
null (nothing changes),400,2,"cosine, 4-24",null: hub-rich module,0,20,
null (nothing changes),400,2,"radial, 4-24",null: random,0,20,
null (nothing changes),400,2,"radial, 4-24",null: module,0,20,
null (nothing changes),400,2,"radial, 4-24",null: hub-rich module,0,20,
null (nothing changes),400,2,"euclidean, 4-24",null: random,0,20,
null (nothing changes),400,2,"euclidean, 4-24",null: module,0,20,
null (nothing changes),400,2,"euclidean, 4-24",null: hub-rich module,0,20,
null (nothing changes),400,2,"radial + cosine, 4-24",null: random,0,20,
null (nothing changes),400,2,"radial + cosine, 4-24",null: module,0,20,
null (nothing changes),400,2,"radial + cosine, 4-24",null: hub-rich module,0,20,
null (nothing changes),400,2,"cosine, d=8 (true rank)",null: random,0,20,
null (nothing changes),400,2,"cosine, d=8 (true rank)",null: module,0,20,
null (nothing changes),400,2,"cosine, d=8 (true rank)",null: hub-rich module,0,20,
null (nothing changes),400,2,"radial, d=8 (true rank)",null: random,0,20,
null (nothing changes),400,2,"radial, d=8 (true rank)",null: module,0,20,
null (nothing changes),400,2,"radial, d=8 (true rank)",null: hub-rich module,0,20,
null (nothing changes),400,2,degree difference,null: random,0,20,
null (nothing changes),400,2,degree difference,null: module,0,20,
null (nothing changes),400,2,degree difference,null: hub-rich module,0,20,
