pathway	freq	padj	stability	overlap
KEGG_UBIQUITIN_MEDIATED_PROTEOLYSIS	1	0.0010214202034530548	1.0	0.15384615384615385
KEGG_RNA_DEGRADATION	1	0.005111219200786581	1.0	0.2
