pathway	freq	mean_padj	mean_NES
Purine metabolism  sce00230	1.0	0.019717765319930407	2.3757684646162835
Transcription machinery  sce03021	1.0	0.04465493910690122	2.1622888435121594
