pathway	freq	mean_padj	mean_NES
Chromosome and associated proteins  sce03036	1.0	0.0072044255757107946	2.4450920180335998
Amino acid related enzymes  sce01007	1.0	0.09245679488828852	2.0682807564403634
