pathway	freq	mean_padj	mean_NES
Ribosome  sce03011	1.0	0.02681737112405183	-2.2712331980284444
Ribosome  sce03010	1.0	0.02472226400498528	-2.1830560283441622
Ubiquitin system  sce04121	1.0	0.02597932827642521	-2.103810025067126
mRNA surveillance pathway  sce03015	1.0	0.1580612530400534	2.0626431423595837
Amino sugar and nucleotide sugar metabolism  sce00520	1.0	0.11680261713621591	1.9990370163121618
Proteasome  sce03051	1.0	0.07751896340546231	-1.9080126012539196
Phagosome  sce04145	1.0	0.23534855691625597	1.794026462466329
Translation factors  sce03012	1.0	0.2096636032972473	1.773948459485659
Protein kinases  sce01001	1.0	0.19099068075673117	1.7565375537224204
