pathway	freq	mean_padj	mean_NES
nucleotide metabolic process (GO:0009117)	1.0	0.09902194768122047	2.3755019280234078
