pathway	freq	padj	stability	overlap
Cytoskeleton proteins  sce04812	1	0.004346486936672869	0.037037037037037035	0.42857142857142855
Membrane trafficking  sce04131	1	0.004346486936672869	0.037037037037037035	0.22321428571428573
