pathway	freq	padj	stability	overlap
mitochondrion distribution (GO:0048311)	1	0.030264003017036106	0.037037037037037035	0.47058823529411764
mitochondrion inheritance (GO:0000001)	1	0.030264003017036106	0.037037037037037035	0.47058823529411764
Arp2/3 complex-mediated actin nucleation (GO:0034314)	1	0.04402967961124246	0.037037037037037035	0.8
actin filament organization (GO:0007015)	1	0.04402967961124246	0.037037037037037035	0.4
actin nucleation (GO:0045010)	1	0.04402967961124246	0.037037037037037035	0.8
organelle inheritance (GO:0048308)	1	0.04402967961124246	0.037037037037037035	0.36
