pathway	freq	padj	stability	overlap
Amino acid related enzymes  sce01007	1	0.01645318126438872	1.0	0.391304347826087
