pathway	freq	padj	NES	stability	overlap
Aminoacyl-tRNA biosynthesis  sce00970	1	0.13582447063332376	1.9147146796520607	1.0	46.44
Amino acid related enzymes  sce01007	1	0.05723228258439526	2.1045814018335096	1.0	46.44
Ribosome  sce03010	1	0.0	3.8523227415002936	1.0	65.79
Ribosome  sce03011	1	0.0	3.743830281459057	1.0	65.79
