pathway	freq	padj	stability	overlap
KEGG_PARKINSONS_DISEASE	1	0.038443948630837124	1.0	0.14150943396226415
KEGG_ENDOMETRIAL_CANCER	1	0.04809159075957861	1.0	0.1836734693877551
KEGG_NOTCH_SIGNALING_PATHWAY	1	0.06015855251394111	1.0	0.17777777777777778
KEGG_SPLICEOSOME	1	0.06015855251394111	1.0	0.11904761904761904
KEGG_ADHERENS_JUNCTION	1	0.06568696384746874	1.0	0.14492753623188406
KEGG_ENDOCYTOSIS	1	0.07656431527457962	1.0	0.10285714285714286
