pathway	freq	padj	stability	overlap
KEGG_CITRATE_CYCLE_TCA_CYCLE	1	0.015081999563694898	1.0	0.36666666666666664
KEGG_O_GLYCAN_BIOSYNTHESIS	1	0.020313500074101164	1.0	0.35714285714285715
