pathway	freq	padj	NES	stability	overlap
KEGG_RIG_I_LIKE_RECEPTOR_SIGNALING_PATHWAY	1	0.1799355679822435	1.8741802519911066	1.0	49.48
KEGG_STEROID_BIOSYNTHESIS	1	0.05656657077286098	2.128768757436194	1.0	37.62
KEGG_GLYCEROPHOSPHOLIPID_METABOLISM	1	0.039865964163730595	2.2852249495287222	1.0	62.63
