pathway	freq	padj	NES	stability	overlap
KEGG_NEUROACTIVE_LIGAND_RECEPTOR_INTERACTION	1	0.24632405424696646	1.968797102699442	1.0	44.3
KEGG_CITRATE_CYCLE_TCA_CYCLE	1	0.10680942184154175	2.1637388861975277	1.0	33.06
KEGG_COMPLEMENT_AND_COAGULATION_CASCADES	1	0.04967880085653105	2.403517948751665	1.0	39.14
