pathway	freq	padj	NES	stability	overlap
KEGG_SPLICEOSOME	1	0.0008565952480378614	2.649246045419039	1.0	70.64
