pathway	freq	mean_padj
KEGG_ADHERENS_JUNCTION	0.058823529411764705	0.03922635679241275
KEGG_CALCIUM_SIGNALING_PATHWAY	0.5882352941176471	0.028365241702494586
KEGG_VIRAL_MYOCARDITIS	0.11764705882352941	0.03717294219411278
KEGG_CELL_ADHESION_MOLECULES_CAMS	0.29411764705882354	0.030024073317776834
KEGG_DILATED_CARDIOMYOPATHY	0.23529411764705882	0.03714329627402661
KEGG_GNRH_SIGNALING_PATHWAY	0.5882352941176471	0.038208581073781514
KEGG_HYPERTROPHIC_CARDIOMYOPATHY_HCM	0.11764705882352941	0.04906146323490567
