pathway	freq	padj	NES	stability	overlap
KEGG_MTOR_SIGNALING_PATHWAY	1	0.24067647280033522	1.6783118697541919	1.0	56.57
KEGG_RIG_I_LIKE_RECEPTOR_SIGNALING_PATHWAY	1	0.2146031882469656	1.801329272590808	1.0	52.5
KEGG_FC_EPSILON_RI_SIGNALING_PATHWAY	1	0.2050047812959998	1.754559720179432	1.0	53.99
KEGG_STEROID_BIOSYNTHESIS	1	0.08724522139012152	2.142241520171433	1.0	38.97
KEGG_GLYCEROPHOSPHOLIPID_METABOLISM	1	0.06897959622223893	2.0726907253447964	1.0	65.85
