pathway	freq	mean_padj
Amino acid related enzymes  sce01007	1.0	0.005161203284317417
Methane metabolism  sce00680	1.0	0.05438956837808233
