pathway	freq	mean_padj
Alanine, aspartate and glutamate metabolism  sce00250	0.15384615384615385	0.01673192750754921
Butanoate metabolism  sce00650	0.3076923076923077	0.011008216513033601
beta-Alanine metabolism  sce00410	0.15384615384615385	0.01673192750754921
Glutathione metabolism  sce00480	0.38461538461538464	0.08949622402499209
Pyruvate metabolism  sce00620	0.38461538461538464	0.0790155905038319
Starch and sucrose metabolism  sce00500	0.3076923076923077	0.08174600686941631
Translation factors  sce03012	0.07692307692307693	0.05317990122785036
Glycine, serine and threonine metabolism  sce00260	0.15384615384615385	0.04094658610496071
Lysine biosynthesis  sce00300	0.07692307692307693	0.022003154066579978
