pathway	freq	padj	stability	overlap
KEGG_RIBOSOME	1	0.04092850365681155	1.0	0.15294117647058825
