pathway	freq	padj	NES	stability	overlap
KEGG_RIBOSOME	1	0.176621022304231	2.0008087879811365	1.0	43.5
