pathway	freq	mean_padj	mean_NES
KEGG_COMPLEMENT_AND_COAGULATION_CASCADES	1.0	0.04967880085653105	2.403517948751665
KEGG_CITRATE_CYCLE_TCA_CYCLE	1.0	0.10680942184154175	2.1637388861975277
KEGG_NEUROACTIVE_LIGAND_RECEPTOR_INTERACTION	1.0	0.24632405424696646	1.968797102699442
