pathway	freq	mean_padj	mean_NES
KEGG_STEROID_BIOSYNTHESIS	1.0	0.08580164136673282	2.150927471321538
KEGG_GLYCEROPHOSPHOLIPID_METABOLISM	1.0	0.07980475245400419	2.057147107789263
KEGG_RIG_I_LIKE_RECEPTOR_SIGNALING_PATHWAY	1.0	0.2454111462747412	1.7888894845332806
