pathway	freq	mean_padj
Glutathione metabolism  sce00480	1.0	0.06745679991275394
Pentose phosphate pathway  sce00030	1.0	0.01973892557594324
Purine metabolism  sce00230	1.0	0.02998015706776474
