pathway	freq	padj	stability	overlap
KEGG_CITRATE_CYCLE_TCA_CYCLE	1	0.005491712751503193	1.0	0.27586206896551724
KEGG_VALINE_LEUCINE_AND_ISOLEUCINE_DEGRADATION	1	0.005491712751503193	1.0	0.23809523809523808
KEGG_BUTANOATE_METABOLISM	1	0.020513258222462593	1.0	0.25
KEGG_APOPTOSIS	1	0.02913047753663354	1.0	0.14814814814814814
