pathway	freq	padj	stability	overlap
KEGG_SPLICEOSOME	1	1.0467490685027054e-07	1.0	0.20634920634920634
KEGG_APOPTOSIS	1	0.0001837269803516528	1.0	0.19753086419753085
KEGG_LYSINE_DEGRADATION	1	0.002216115131888671	1.0	0.23255813953488372
KEGG_VALINE_LEUCINE_AND_ISOLEUCINE_DEGRADATION	1	0.007873882945198933	1.0	0.21428571428571427
KEGG_CITRATE_CYCLE_TCA_CYCLE	1	0.014983535344354378	1.0	0.2413793103448276
KEGG_PROPANOATE_METABOLISM	1	0.015585951738799045	1.0	0.23333333333333334
KEGG_B_CELL_RECEPTOR_SIGNALING_PATHWAY	1	0.02287534188089355	1.0	0.1506849315068493
KEGG_NON_HOMOLOGOUS_END_JOINING	1	0.04539097426189472	1.0	0.3333333333333333
