pathway	freq	padj	stability	overlap
KEGG_RIG_I_LIKE_RECEPTOR_SIGNALING_PATHWAY	1	0.02948879789469153	1.0	0.19607843137254902
KEGG_PEROXISOME	1	0.05228793722124243	1.0	0.1506849315068493
KEGG_PROTEASOME	1	0.05228793722124243	1.0	0.19047619047619047
