pathway	freq	mean_padj	mean_NES
GOBP_PROTEIN_MODIFICATION_BY_SMALL_PROTEIN_CONJUGATION_OR_REMOVAL	1.0	0.02761292411804698	-2.69482240848598
GOBP_PROTEIN_MODIFICATION_BY_SMALL_PROTEIN_CONJUGATION	1.0	0.06379537641066026	-2.499348057251374
GOBP_ADULT_LOCOMOTORY_BEHAVIOR	1.0	0.14776261082703188	2.478387045361304
GOBP_CELLULAR_MACROMOLECULE_LOCALIZATION	1.0	0.08188660255696689	-2.4192809604294627
GOBP_POSITIVE_REGULATION_OF_LEUKOCYTE_CHEMOTAXIS	1.0	0.18968108198363667	2.36635525857428
GOBP_REGULATION_OF_LEUKOCYTE_MIGRATION	1.0	0.21588012645651466	2.3038881610152115
GOBP_REGULATION_OF_LEUKOCYTE_CHEMOTAXIS	1.0	0.2496244957375815	2.2217235786807685
