pathway	freq	mean_padj	mean_NES
KEGG_UBIQUITIN_MEDIATED_PROTEOLYSIS	0.6956521739130435	0.09483918529901342	-2.1272192672257826
KEGG_PURINE_METABOLISM	0.30434782608695654	0.1849917792269389	1.949293778687355
KEGG_PPAR_SIGNALING_PATHWAY	0.08695652173913043	0.22181356573758299	1.8858551039680798
KEGG_O_GLYCAN_BIOSYNTHESIS	0.043478260869565216	0.22074221984123119	-1.9676241224138689
