pathway	freq	mean_padj	mean_NES
KEGG_UBIQUITIN_MEDIATED_PROTEOLYSIS	0.8095238095238095	0.11638050889128249	-2.1293314748549403
KEGG_PURINE_METABOLISM	0.23809523809523808	0.18659334410994816	1.963545941245437
KEGG_O_GLYCAN_BIOSYNTHESIS	0.09523809523809523	0.0531224262390388	-2.204076299973871
