pathway	freq	mean_padj	mean_NES
KEGG_UBIQUITIN_MEDIATED_PROTEOLYSIS	0.875	0.10319513125769085	-2.147011884965906
KEGG_PURINE_METABOLISM	0.1875	0.1820787854358692	1.9458505694261625
KEGG_O_GLYCAN_BIOSYNTHESIS	0.0625	0.0531224262390388	-2.204076299973871
