pathway	freq	mean_padj	mean_NES
GOBP_PROTEIN_PROCESSING	0.5	0.1596370851224778	2.475642121048316
GOBP_POSITIVE_REGULATION_OF_LIPID_TRANSPORT	0.5	0.1742628086733918	2.460766661026006
