pathway	freq	padj	NES	stability	overlap
GOBP_POSITIVE_REGULATION_OF_FATTY_ACID_BIOSYNTHETIC_PROCESS	1	0.21542038859226575	2.456710284207218	1.0	41.17
GOBP_POSITIVE_REGULATION_OF_FATTY_ACID_METABOLIC_PROCESS	1	0.1886944366385729	2.444747117255862	1.0	41.17
GOBP_DETECTION_OF_STIMULUS	1	0.1860448810569568	2.5582773502958167	1.0	52.61
GOBP_REGULATION_OF_TOLL_LIKE_RECEPTOR_SIGNALING_PATHWAY	1	0.10367826188932577	2.6990470056803817	1.0	40.81
