pathway	freq	padj	NES	stability	overlap
GOBP_POSITIVE_REGULATION_OF_FATTY_ACID_BIOSYNTHETIC_PROCESS	32	0.17194312026203806	-2.459287219149739	1.0	41.21875
GOBP_DETECTION_OF_STIMULUS	32	0.15927322179487685	-2.552444428732138	1.0	52.55
GOBP_LUNG_ASSOCIATED_MESENCHYME_DEVELOPMENT	32	0.14022732508981092	-2.541167242810868	1.0	23.13625
GOBP_REGULATION_OF_TOLL_LIKE_RECEPTOR_SIGNALING_PATHWAY	32	0.1400345961847724	-2.6674729025744077	1.0	40.7625
GOBP_POSITIVE_REGULATION_OF_FATTY_ACID_METABOLIC_PROCESS	32	0.13889316965635615	-2.497812913341597	1.0	41.21875
