pathway	freq	padj	NES	stability	overlap
GOBP_LUNG_ASSOCIATED_MESENCHYME_DEVELOPMENT	1	0.16879443917213416	-2.517358636106158	1.0	23.15
GOBP_POSITIVE_REGULATION_OF_FATTY_ACID_METABOLIC_PROCESS	1	0.1595574162911706	-2.486270482799775	1.0	41.23
GOBP_DETECTION_OF_STIMULUS	1	0.15751554807537865	-2.578573645610489	1.0	52.54
GOBP_REGULATION_OF_TOLL_LIKE_RECEPTOR_SIGNALING_PATHWAY	1	0.06417300106774686	-2.7467931259840546	1.0	40.7
