pathway	freq	mean_padj	mean_NES
KEGG_AXON_GUIDANCE	0.4	0.16606982846054344	1.9429558977653114
KEGG_ALZHEIMERS_DISEASE	0.6	0.17498941783242572	1.949807132598087
KEGG_PPAR_SIGNALING_PATHWAY	0.4	0.1981930047222375	1.973468072701038
