pathway	freq	padj	stability	overlap
KEGG_LONG_TERM_POTENTIATION	1	0.002458741854561765	1.0	0.07142857142857142
KEGG_AMYOTROPHIC_LATERAL_SCLEROSIS_ALS	1	0.09951108726853332	1.0	0.05660377358490566
