pathway	freq	padj	NES	stability	overlap
GOBP_REGULATION_OF_LEUKOCYTE_MIGRATION	1	0.18587129575907896	2.393412589390469	1.0	46.28
GOBP_PROTEIN_MODIFICATION_BY_SMALL_PROTEIN_CONJUGATION	1	0.15921179298145874	-2.3285934504274715	1.0	59.34
GOBP_REGULATION_OF_LEUKOCYTE_CHEMOTAXIS	1	0.15057015819243216	2.367835549263486	1.0	32.7
GOBP_PROTEIN_MODIFICATION_BY_SMALL_PROTEIN_CONJUGATION_OR_REMOVAL	1	0.14972032070756408	-2.4883383415783187	1.0	59.34
GOBP_CELLULAR_MACROMOLECULE_LOCALIZATION	1	0.13180899399714996	-2.4054391010190006	1.0	69.32
GOBP_ADULT_LOCOMOTORY_BEHAVIOR	1	0.11454858924687425	2.5416860882196546	1.0	34.5
