pathway	freq	mean_padj	mean_NES
nucleotide metabolic process (GO:0009117)	1.0	0.1925607664777811	2.215651706373229
