pathway	freq	mean_padj
Pentose phosphate pathway  sce00030	1.0	0.008934146574651147
Purine metabolism  sce00230	1.0	0.008432480389455559
RNA polymerase  sce03020	1.0	0.0964720451749604
