pathway	freq	mean_padj	mean_NES
Ribosome  sce03011	1.0	0.03160531894391983	-2.2631226465722536
Ribosome  sce03010	1.0	0.030063596068606667	-2.1749067534322695
Ubiquitin system  sce04121	1.0	0.09378814158155072	-1.937331200671265
Proteasome  sce03051	1.0	0.08074773559452689	-1.9147679519424914
