pathway	freq	mean_padj	mean_NES
Transcription machinery  sce03021	1.0	0.07450997360564234	2.164589427796489
