pathway	freq	mean_padj	mean_NES
Chromosome and associated proteins  sce03036	1.0	0.13007136886774257	2.109723542125291
Amino acid related enzymes  sce01007	1.0	0.09072204719346749	2.0577350224666424
Arginine and proline metabolism  sce00330	1.0	0.1552112132707516	1.898048598938994
