pathway	freq	mean_padj	mean_NES
nucleotide metabolic process (GO:0009117)	1.0	0.03307839298812822	2.483793610412447
cytoplasmic translational initiation (GO:0002183)	1.0	0.24808794741096166	2.1250729337044585
