pathway	freq	padj	stability	overlap
GOBP_CYTOSKELETON_ORGANIZATION	1	0.020999288105972437	1.0	0.08024158757549611
GOBP_WATER_HOMEOSTASIS	1	0.09163297887448021	1.0	0.23255813953488372
