pathway	freq	mean_padj
KEGG_CELL_CYCLE	1.0	0.08308354076748219
KEGG_HUNTINGTONS_DISEASE	1.0	0.006230422545727155
KEGG_LYSOSOME	1.0	0.004410382876342568
KEGG_OTHER_GLYCAN_DEGRADATION	1.0	0.09218875697206973
KEGG_OXIDATIVE_PHOSPHORYLATION	1.0	9.834729302586097e-05
KEGG_PARKINSONS_DISEASE	1.0	9.834729302586097e-05
KEGG_RNA_DEGRADATION	1.0	0.007700378851225389
KEGG_UBIQUITIN_MEDIATED_PROTEOLYSIS	1.0	0.07060632841256378
