pathway	freq	padj	stability	overlap
KEGG_LONG_TERM_POTENTIATION	10	0.011665759919349513	0.37037037037037035	0.42857142857142855
KEGG_CELL_CYCLE	1	0.021737271356311143	0.037037037037037035	0.5
KEGG_AMYOTROPHIC_LATERAL_SCLEROSIS_ALS	4	0.03270049822635114	0.14814814814814814	0.5555555555555556
KEGG_ALZHEIMERS_DISEASE	3	0.03833850552038807	0.1111111111111111	0.43589743589743596
KEGG_CALCIUM_SIGNALING_PATHWAY	4	0.040278814042488405	0.14814814814814814	0.28378378378378377
KEGG_GNRH_SIGNALING_PATHWAY	2	0.06216296267133226	0.07407407407407407	0.39285714285714285
KEGG_NEUROTROPHIN_SIGNALING_PATHWAY	1	0.07220011318350514	0.037037037037037035	0.35294117647058826
KEGG_LONG_TERM_DEPRESSION	2	0.08034576697856727	0.07407407407407407	0.35294117647058826
