pathway	freq	padj	NES	stability	overlap
GOBP_METHYLATION	1	0.22774825785180206	2.1886141216989086	1.0	42.99
GOBP_HISTONE_MODIFICATION	1	0.21565315263255383	2.265202609004917	1.0	59.55
GOBP_REGULATION_OF_HISTONE_METHYLATION	1	0.20085594943879267	2.1814382780302117	1.0	42.99
GOBP_HISTONE_H3_K9_MODIFICATION	1	0.1982181871303396	2.240730289441272	1.0	41.19
GOBP_CHROMOSOME_ORGANIZATION	1	0.0038601399635898657	2.779235935476169	1.0	44.27
GOBP_CHROMATIN_ORGANIZATION	1	0.000772027992717973	3.0687727602067585	1.0	49.47
