pathway	freq	mean_padj	mean_NES
Transcription machinery  sce03021	1.0	0.010248587327847367	2.3901705073971793
Purine metabolism  sce00230	1.0	0.012526051178480116	2.3155181902563626
RNA polymerase  sce03020	1.0	0.044030967778899796	2.0877442758513096
Translation factors  sce03012	1.0	0.088251724212019	1.9399295508392453
Meiosis - yeast  sce04113	1.0	0.0785725028468298	1.9247515340807817
