pathway	freq	mean_padj	mean_NES
nucleotide metabolic process (GO:0009117)	1.0	0.24073293031538495	2.111262188080672
