pathway	freq	mean_padj	mean_NES
nucleotide metabolic process (GO:0009117)	1.0	0.05510285087207266	2.373720857288484
cytoplasmic translational initiation (GO:0002183)	1.0	0.09698101753484788	2.2211374497578884
