pathway	freq	mean_padj	mean_NES
Chromosome and associated proteins  sce03036	1.0	0.015143017386427371	2.384277934429258
Amino acid related enzymes  sce01007	1.0	0.08852840933603694	2.05688372297803
