pathway	freq	mean_padj
Glutathione metabolism  sce00480	1.0	0.09250556572837623
Pentose phosphate pathway  sce00030	1.0	0.09250556572837623
Purine metabolism  sce00230	1.0	0.05996031413552948
