pathway	freq	padj	stability	overlap
KEGG_ADHERENS_JUNCTION	1	0.07375172373678164	1.0	0.14492753623188406
KEGG_APOPTOSIS	1	0.07375172373678164	1.0	0.14634146341463414
KEGG_COLORECTAL_CANCER	1	0.07375172373678164	1.0	0.15
KEGG_ENDOMETRIAL_CANCER	1	0.07375172373678164	1.0	0.16326530612244897
KEGG_SPLICEOSOME	1	0.07375172373678164	1.0	0.11904761904761904
KEGG_TOLL_LIKE_RECEPTOR_SIGNALING_PATHWAY	1	0.07375172373678164	1.0	0.13793103448275862
