pathway	freq	padj	NES	stability	overlap
KEGG_CITRATE_CYCLE_TCA_CYCLE	1	0.21971830985915494	1.7380914254669892	1.0	48.13
KEGG_INSULIN_SIGNALING_PATHWAY	1	0.20484764097895358	1.7097923711049325	1.0	78.41
KEGG_SPLICEOSOME	1	0.10373266213249074	1.933113086727387	1.0	77.06
KEGG_UBIQUITIN_MEDIATED_PROTEOLYSIS	1	0.052214427247898036	2.1236834944998932	1.0	74.63
KEGG_AMINOACYL_TRNA_BIOSYNTHESIS	1	0.028822363840839714	2.3067715199685193	1.0	50.27
