pathway	freq	mean_padj	mean_NES
DNA replication  sce03030	1.0	0.23279429797670143	2.0168770699319043
Cell cycle - yeast  sce04111	1.0	0.22934549356223177	1.8494454921583574
DNA replication proteins  sce03032	1.0	0.24546865419987737	1.7819942388334815
Starch and sucrose metabolism  sce00500	1.0	0.22368945432250154	1.7534697681325986
