pathway	freq	padj	stability	overlap
KEGG_RIG_I_LIKE_RECEPTOR_SIGNALING_PATHWAY	1	0.014727907367071136	1.0	0.19607843137254902
KEGG_SPLICEOSOME	1	0.014727907367071136	1.0	0.1349206349206349
KEGG_APOPTOSIS	1	0.03899323567675582	1.0	0.14634146341463414
KEGG_PROTEASOME	1	0.03899323567675582	1.0	0.19047619047619047
KEGG_ADHERENS_JUNCTION	1	0.06354433720626247	1.0	0.14492753623188406
KEGG_COLORECTAL_CANCER	1	0.06354433720626247	1.0	0.15
KEGG_ENDOMETRIAL_CANCER	1	0.06354433720626247	1.0	0.16326530612244897
