pathway	freq	mean_padj	mean_NES
Ribosome  sce03011	1.0	0.0	-3.5780296724582756
Ribosome  sce03010	1.0	0.0	-3.571519716659457
Proteasome  sce03050	1.0	0.023655459764597455	-2.166695160780334
Proteasome  sce03051	1.0	0.053023175438259636	-1.9969420435326217
Ubiquitin system  sce04121	1.0	0.05386993337301512	-1.9595867281688726
Tryptophan metabolism  sce00380	1.0	0.20300853252181283	1.9529917685043339
Cell cycle - yeast  sce04111	1.0	0.21007661143219217	-1.6819223651599702
