pathway	freq	padj	stability	overlap
KEGG_SPLICEOSOME	1	1.9619831188981292e-12	1.0	0.25396825396825395
KEGG_RNA_DEGRADATION	1	0.00466402159819835	1.0	0.2
