pathway	freq	padj	stability	overlap
KEGG_SPLICEOSOME	1	8.518240601117424e-11	1.0	0.23809523809523808
KEGG_RNA_DEGRADATION	1	0.02353481797477468	1.0	0.18181818181818182
