pathway	freq	padj	stability	overlap
KEGG_SPLICEOSOME	1	3.758231615416536e-05	1.0	0.1746031746031746
KEGG_ADHERENS_JUNCTION	1	0.04306828960709936	1.0	0.15714285714285714
KEGG_RNA_DEGRADATION	1	0.06427394045762254	1.0	0.16363636363636364
KEGG_ENDOMETRIAL_CANCER	1	0.07811367849953262	1.0	0.16326530612244897
KEGG_PROSTATE_CANCER	1	0.07811367849953262	1.0	0.13095238095238096
KEGG_MISMATCH_REPAIR	1	0.08395230892345663	1.0	0.22727272727272727
