pathway	freq	padj	stability	overlap
GOBP_MACROMOLECULE_CATABOLIC_PROCESS	1	0.03787870960043086	1.0	0.077834179357022
GOBP_PROTEIN_MODIFICATION_BY_SMALL_PROTEIN_CONJUGATION_OR_REMOVAL	1	0.03787870960043086	1.0	0.08257918552036199
GOBP_RNA_METHYLATION	1	0.03787870960043086	1.0	0.18181818181818182
GOBP_CYTOPLASMIC_PATTERN_RECOGNITION_RECEPTOR_SIGNALING_PATHWAY	1	0.05177159526208602	1.0	0.2037037037037037
GOBP_MDA_5_SIGNALING_PATHWAY	1	0.05177159526208602	1.0	0.5
GOBP_NCRNA_METABOLIC_PROCESS	1	0.05177159526208602	1.0	0.09287257019438445
GOBP_RNA_MODIFICATION	1	0.05177159526208602	1.0	0.13157894736842105
GOBP_MICROTUBULE_SEVERING	1	0.062460005978068986	1.0	0.45454545454545453
GOBP_TRNA_METABOLIC_PROCESS	1	0.09083204294871078	1.0	0.12345679012345678
