pathway	freq	padj	stability	overlap
KEGG_LYSOSOME	1	0.07226545936799375	1.0	0.12605042016806722
KEGG_RIG_I_LIKE_RECEPTOR_SIGNALING_PATHWAY	1	0.07226545936799375	1.0	0.18
