pathway	freq	mean_padj
KEGG_ADHERENS_JUNCTION	1.0	0.06454382551829838
KEGG_ENDOCYTOSIS	1.0	0.0746502425880318
KEGG_ENDOMETRIAL_CANCER	1.0	0.04726826287629854
KEGG_NOTCH_SIGNALING_PATHWAY	1.0	0.058763112848070495
KEGG_PARKINSONS_DISEASE	1.0	0.0415962425724172
KEGG_SPLICEOSOME	1.0	0.058763112848070495
