pathway	freq	padj	NES	stability	overlap
KEGG_SPLICEOSOME	1	0.12487113402061857	1.9653750579198843	1.0	68.54
