pathway	freq	padj	NES	stability	overlap
KEGG_GLYCOSYLPHOSPHATIDYLINOSITOL_GPI_ANCHOR_BIOSYNTHESIS	1	0.2423842709902035	1.5664542116507325	1.0	61.88
KEGG_NUCLEOTIDE_EXCISION_REPAIR	1	0.22249253312918493	1.6098298765980201	1.0	44.24
KEGG_ARGININE_AND_PROLINE_METABOLISM	1	0.21347625773835838	1.648080926919999	1.0	18.54
KEGG_PYRIMIDINE_METABOLISM	1	0.18694241074798099	1.7401655010551829	1.0	67.59
KEGG_CELL_CYCLE	1	0.17804039118855333	1.712159113134699	1.0	76.67
KEGG_NON_HOMOLOGOUS_END_JOINING	1	0.15624898914203766	2.0501422738749224	1.0	34.68
KEGG_AMINOACYL_TRNA_BIOSYNTHESIS	1	0.12877791315786638	1.8511462441116664	1.0	49.02
KEGG_RNA_POLYMERASE	1	0.09342484068878514	2.020800036478542	1.0	32.74
KEGG_SPLICEOSOME	1	0.06815608725186807	2.0046412774707116	1.0	60.9
