pathway	freq	padj	stability	overlap
KEGG_SPLICEOSOME	1	7.977967087913725e-11	1.0	0.23809523809523808
KEGG_RNA_DEGRADATION	1	0.004623859688896463	1.0	0.2
KEGG_MISMATCH_REPAIR	1	0.02372761843074939	1.0	0.2727272727272727
