pathway	freq	padj	stability	overlap
KEGG_SPLICEOSOME	1	4.089930705290183e-07	1.0	0.1984126984126984
KEGG_RNA_DEGRADATION	1	0.0001536292403514854	1.0	0.23636363636363636
KEGG_UBIQUITIN_MEDIATED_PROTEOLYSIS	1	0.0037571539141262903	1.0	0.13846153846153847
KEGG_ADHERENS_JUNCTION	1	0.01736177448687182	1.0	0.15714285714285714
KEGG_MISMATCH_REPAIR	1	0.01736177448687182	1.0	0.2727272727272727
KEGG_COLORECTAL_CANCER	1	0.05623235624442711	1.0	0.15
KEGG_PROSTATE_CANCER	1	0.05623235624442711	1.0	0.13095238095238096
