pathway	freq	mean_padj
KEGG_ADHERENS_JUNCTION	1.0	0.0389340637981422
KEGG_ENDOCYTOSIS	1.0	0.0389340637981422
KEGG_ENDOMETRIAL_CANCER	1.0	0.03722060280334067
KEGG_NOTCH_SIGNALING_PATHWAY	1.0	0.0389340637981422
KEGG_PARKINSONS_DISEASE	1.0	0.03722060280334067
KEGG_SPLICEOSOME	1.0	0.03722060280334067
