pathway	freq	padj	stability	overlap
KEGG_UBIQUITIN_MEDIATED_PROTEOLYSIS	1	0.0006430113836344276	1.0	0.23846153846153847
KEGG_APOPTOSIS	1	0.017113049185877142	1.0	0.23170731707317074
KEGG_RIG_I_LIKE_RECEPTOR_SIGNALING_PATHWAY	1	0.017113049185877142	1.0	0.27450980392156865
KEGG_SPLICEOSOME	1	0.017113049185877142	1.0	0.20634920634920634
KEGG_ENDOMETRIAL_CANCER	1	0.020487968336356913	1.0	0.2653061224489796
KEGG_PEROXISOME	1	0.020487968336356913	1.0	0.2328767123287671
KEGG_PROTEASOME	1	0.020487968336356913	1.0	0.2857142857142857
KEGG_CYTOSOLIC_DNA_SENSING_PATHWAY	1	0.03222389169658065	1.0	0.275
