pathway	freq	mean_padj	mean_NES
Tryptophan metabolism  sce00380	1.0	0.2407332680002306	1.829277007011549
Lysine degradation  sce00310	1.0	0.23796621894275669	1.7313115454899377
Valine, leucine and isoleucine degradation  sce00280	1.0	0.20977690666974116	1.7297973983180857
