pathway	freq	padj	stability	overlap
KEGG_RIBOSOME	1	2.9763960468683607e-05	1.0	0.20930232558139536
KEGG_PARKINSONS_DISEASE	1	0.001447360134044074	1.0	0.16037735849056603
KEGG_PROTEASOME	1	0.0015680670604728707	1.0	0.23809523809523808
KEGG_OXIDATIVE_PHOSPHORYLATION	1	0.00238794463923746	1.0	0.1523809523809524
KEGG_HUNTINGTONS_DISEASE	1	0.005619508618611779	1.0	0.125
KEGG_VALINE_LEUCINE_AND_ISOLEUCINE_DEGRADATION	1	0.005619508618611779	1.0	0.20930232558139536
KEGG_PROTEIN_EXPORT	1	0.020058177237536168	1.0	0.25
KEGG_ALZHEIMERS_DISEASE	1	0.0253796140349932	1.0	0.11678832116788321
KEGG_CITRATE_CYCLE_TCA_CYCLE	1	0.053265498200040735	1.0	0.2
