pathway	freq	padj	NES	stability	overlap
GOBP_ANTIBACTERIAL_HUMORAL_RESPONSE	1	0.20220257470150457	2.2743829371982414	1.0	23.76
GOBP_REGULATION_OF_HISTAMINE_SECRETION_BY_MAST_CELL	1	0.1121998849329961	2.384935947237155	1.0	14.95
GOBP_PEPTIDYL_METHIONINE_MODIFICATION	1	0.10011859902315777	2.4363783738947737	1.0	34.71
GOBP_PHAGOCYTOSIS_RECOGNITION	1	0.028786987478944905	2.6402550426625804	1.0	38.4
GOBP_POSITIVE_REGULATION_OF_B_CELL_ACTIVATION	1	0.0197693769433718	2.7727436645184933	1.0	44.74
