pathway	freq	padj	stability	overlap
KEGG_LYSOSOME	1	7.298557569109074e-07	1.0	0.20168067226890757
KEGG_OTHER_GLYCAN_DEGRADATION	1	0.00016278358027758244	1.0	0.5
KEGG_N_GLYCAN_BIOSYNTHESIS	1	0.08853159423932548	1.0	0.17777777777777778
