pathway	freq	padj	NES	stability	overlap
KEGG_AMINOACYL_TRNA_BIOSYNTHESIS	1	0.09129811498384578	1.9944066372025158	1.0	23.86
KEGG_SNARE_INTERACTIONS_IN_VESICULAR_TRANSPORT	1	0.026916575732289193	2.2773142319482798	1.0	18.47
