pathway	freq	padj	stability	overlap
KEGG_AMYOTROPHIC_LATERAL_SCLEROSIS_ALS	2	0.009302876709182492	0.2222222222222222	0.6111111111111112
KEGG_LONG_TERM_POTENTIATION	4	0.01277600740533625	0.4444444444444444	0.42857142857142855
KEGG_CELL_CYCLE	1	0.021737271356311143	0.1111111111111111	0.5
KEGG_CALCIUM_SIGNALING_PATHWAY	2	0.034721823328030386	0.2222222222222222	0.28378378378378377
KEGG_ALZHEIMERS_DISEASE	2	0.04916761454349587	0.2222222222222222	0.42307692307692313
KEGG_NEUROTROPHIN_SIGNALING_PATHWAY	1	0.07220011318350514	0.1111111111111111	0.35294117647058826
KEGG_LONG_TERM_DEPRESSION	1	0.09626681757800686	0.1111111111111111	0.35294117647058826
KEGG_GNRH_SIGNALING_PATHWAY	1	0.09749711902593812	0.1111111111111111	0.35714285714285715
