pathway	freq	padj	NES	stability	overlap
GOBP_METHYLATION	1	0.2315064151866548	2.1886141216989086	1.0	42.99
GOBP_HISTONE_MODIFICATION	1	0.22103497974037783	2.265202609004917	1.0	59.55
GOBP_REGULATION_OF_HISTONE_METHYLATION	1	0.20401244921194736	2.1814382780302117	1.0	42.99
GOBP_HISTONE_H3_K9_MODIFICATION	1	0.19672629031152064	2.240730289441272	1.0	41.19
GOBP_CHROMOSOME_ORGANIZATION	1	0.005803135407419488	2.7678408866156494	1.0	44.27
GOBP_CHROMATIN_ORGANIZATION	1	0.0007737513876559318	3.0651601607275567	1.0	49.47
