pathway	freq	mean_padj	mean_NES
KEGG_UBIQUITIN_MEDIATED_PROTEOLYSIS	0.8461538461538461	0.10828401136505428	-2.0960246470389414
KEGG_PURINE_METABOLISM	0.23076923076923078	0.17039911711854513	1.9574535294681574
KEGG_O_GLYCAN_BIOSYNTHESIS	0.07692307692307693	0.18339403112141134	-1.8548492192254322
