pathway	freq	mean_padj	mean_NES
GOBP_PROTEIN_MODIFICATION_BY_SMALL_PROTEIN_CONJUGATION_OR_REMOVAL	1.0	0.03606746773737322	-2.618909231812459
GOBP_ADULT_LOCOMOTORY_BEHAVIOR	1.0	0.14521441165707444	2.509248551388858
GOBP_PROTEIN_MODIFICATION_BY_SMALL_PROTEIN_CONJUGATION	1.0	0.08785665218078091	-2.446837606837607
GOBP_POSITIVE_REGULATION_OF_LEUKOCYTE_CHEMOTAXIS	1.0	0.1511305543542145	2.413504765901704
GOBP_CELLULAR_MACROMOLECULE_LOCALIZATION	1.0	0.1553675533302231	-2.3307726360783723
GOBP_BLASTOCYST_DEVELOPMENT	1.0	0.20079029759990538	2.319871930990549
GOBP_POSITIVE_REGULATION_OF_LEUKOCYTE_MIGRATION	1.0	0.1608115151313528	2.310949397521192
GOBP_REGULATION_OF_LEUKOCYTE_CHEMOTAXIS	1.0	0.15424997504907015	2.2897829819078255
GOBP_BLASTOCYST_FORMATION	1.0	0.164576333211351	2.2544101097776377
