pathway	freq	mean_padj
KEGG_VIRAL_MYOCARDITIS	0.16666666666666666	0.05033895938406665
KEGG_ADHERENS_JUNCTION	0.08333333333333333	0.07759116694210073
KEGG_CALCIUM_SIGNALING_PATHWAY	0.5	0.04759020410525824
KEGG_DILATED_CARDIOMYOPATHY	0.5833333333333334	0.059159810640758086
KEGG_HYPERTROPHIC_CARDIOMYOPATHY_HCM	0.16666666666666666	0.04885008117670768
KEGG_CELL_ADHESION_MOLECULES_CAMS	0.25	0.034555512343694965
KEGG_LONG_TERM_DEPRESSION	0.08333333333333333	0.03785671289828151
KEGG_OOCYTE_MEIOSIS	0.08333333333333333	0.0978234381243821
KEGG_CARDIAC_MUSCLE_CONTRACTION	0.25	0.05761474910526743
