pathway	freq	mean_padj
KEGG_VIRAL_MYOCARDITIS	0.2857142857142857	0.05033895938406665
KEGG_ADHERENS_JUNCTION	0.14285714285714285	0.07759116694210073
KEGG_CALCIUM_SIGNALING_PATHWAY	0.42857142857142855	0.05195972199912668
KEGG_DILATED_CARDIOMYOPATHY	0.5714285714285714	0.056274513148375144
KEGG_HYPERTROPHIC_CARDIOMYOPATHY_HCM	0.2857142857142857	0.04885008117670768
KEGG_CELL_ADHESION_MOLECULES_CAMS	0.14285714285714285	0.06265931851127599
KEGG_CARDIAC_MUSCLE_CONTRACTION	0.14285714285714285	0.05561075783204074
