pathway	freq	padj	NES	stability	overlap
KEGG_INTESTINAL_IMMUNE_NETWORK_FOR_IGA_PRODUCTION	1	0.07033084883907985	1.857897652927349	1.0	44.39
KEGG_ANTIGEN_PROCESSING_AND_PRESENTATION	1	0.0526998766689903	1.970144714670022	1.0	20.33
KEGG_PROTEIN_EXPORT	1	0.046544050619336155	1.9582474243296875	1.0	58.64
KEGG_ALLOGRAFT_REJECTION	1	0.011035444259745833	2.2541434715866173	1.0	44.05
KEGG_GRAFT_VERSUS_HOST_DISEASE	1	0.005705399753337981	2.373633476006813	1.0	44.05
KEGG_AUTOIMMUNE_THYROID_DISEASE	1	0.004279049815003486	2.457084476118501	1.0	44.05
KEGG_RIBOSOME	1	0.0	3.5667164190846385	1.0	47.22
