pathway	freq	padj	NES	stability	overlap
KEGG_PURINE_METABOLISM	3	0.18233647303519315	1.9458505694261625	0.1875	55.343333333333334
KEGG_UBIQUITIN_MEDIATED_PROTEOLYSIS	14	0.10311651135903666	-2.147011884965906	0.875	44.85928571428572
KEGG_O_GLYCAN_BIOSYNTHESIS	1	0.0531224262390388	-2.204076299973871	0.0625	22.08
