pathway	freq	padj	NES	stability	overlap
GOBP_REGULATION_OF_LEUKOCYTE_MIGRATION	1	0.18916646649051164	2.393412589390469	1.0	46.28
GOBP_PROTEIN_MODIFICATION_BY_SMALL_PROTEIN_CONJUGATION_OR_REMOVAL	1	0.16896141235626597	-2.466292398259101	1.0	59.34
GOBP_REGULATION_OF_LEUKOCYTE_CHEMOTAXIS	1	0.16034110016814795	2.367835549263486	1.0	32.7
GOBP_PROTEIN_MODIFICATION_BY_SMALL_PROTEIN_CONJUGATION	1	0.15120822047825253	-2.3387761652768297	1.0	59.34
GOBP_CELLULAR_MACROMOLECULE_LOCALIZATION	1	0.11937491090388358	-2.4263017812520378	1.0	69.32
GOBP_ADULT_LOCOMOTORY_BEHAVIOR	1	0.07890944030747057	2.584137850147856	1.0	34.5
