pathway	freq	padj	NES	stability	overlap
GOBP_URONIC_ACID_METABOLIC_PROCESS	1	0.042167742718597856	2.580834766375677	1.0	24.5
GOBP_HOMOPHILIC_CELL_ADHESION_VIA_PLASMA_MEMBRANE_ADHESION_MOLECULES	1	0.0032751644829978914	2.8973168744966737	1.0	23.06
GOBP_RNA_PROCESSING	1	0.0028657689226231553	3.012212043892248	1.0	70.17
