pathway	freq	padj	stability	overlap
KEGG_SPLICEOSOME	1	0.006765404117834966	1.0	0.14285714285714285
KEGG_UBIQUITIN_MEDIATED_PROTEOLYSIS	1	0.006765404117834966	1.0	0.13846153846153847
KEGG_RIG_I_LIKE_RECEPTOR_SIGNALING_PATHWAY	1	0.011258487593719266	1.0	0.19230769230769232
KEGG_APOPTOSIS	1	0.02605843413755429	1.0	0.14457831325301204
KEGG_CYTOSOLIC_DNA_SENSING_PATHWAY	1	0.02605843413755429	1.0	0.2
KEGG_ADHERENS_JUNCTION	1	0.053872519920473504	1.0	0.14492753623188406
KEGG_COLORECTAL_CANCER	1	0.053872519920473504	1.0	0.15
KEGG_ENDOMETRIAL_CANCER	1	0.053872519920473504	1.0	0.16326530612244897
KEGG_PROTEASOME	1	0.07541626932396024	1.0	0.16666666666666666
